## START Q10EvidenceDeepDive 2026-06-27T07:36:59.1013225+02:00
Bundling 6%
Bundling 16%
Bundling 63%
Bundling 69%
Bundling 74%
Bundling 80%
Bundling 85%
Bundling 90%
Bundling 95%
Bundling 100%
Copying public dir 10.9 MB
Copying public dir 14.5 MB
Copying public dir 23 MB
Copying public dir 31.3 MB
Copying public dir 40.1 MB
Copying public dir 48.8 MB
Copying public dir 59.8 MB
Copying public dir 62.2 MB
Copying public dir 72.7 MB
Copying public dir 73.9 MB
Copying public dir 85.4 MB
Copying public dir 96.3 MB
Copying public dir 97.4 MB
Copying public dir 113.6 MB
Copying public dir 127.8 MB
Copying public dir 143.2 MB
Copying public dir 160.8 MB
Copying public dir 171.8 MB
Copying public dir 180.6 MB
Copying public dir 192.5 MB
Copying public dir 204.5 MB
Copying public dir 207.6 MB
Copying public dir 212 MB
Copying public dir 218 MB
Copying public dir 224.8 MB
Copying public dir 232.2 MB
Copying public dir 237.4 MB
Copying public dir 245.9 MB
Copying public dir 251.7 MB
Copying public dir 253.8 MB
Copying public dir 262.5 MB
Copying public dir 263 MB
Getting composition
[90mComposition          Q10EvidenceDeepDive[39m
[90mCodec                h264[39m
[90mOutput               out\coenzym-q10-normalos-aoede-upload-fast.mp4[39m
[90mConcurrency          8x[39m
Rendered 0/5549
Rendered 1/5549, time remaining: 3h 6m 46s
Rendered 2/5549, time remaining: 1h 40m 4s
Rendered 3/5549, time remaining: 1h 6m 53s
Rendered 4/5549, time remaining: 51m 59s
Rendered 5/5549, time remaining: 42m 34s
Rendered 6/5549, time remaining: 36m 23s
Rendered 7/5549, time remaining: 31m 51s
Rendered 8/5549, time remaining: 32m 2s
Rendered 9/5549, time remaining: 32m 19s
Rendered 10/5549, time remaining: 29m 56s
Rendered 11/5549, time remaining: 27m 38s
Rendered 12/5549, time remaining: 25m 44s
Rendered 13/5549, time remaining: 24m 31s
Rendered 14/5549, time remaining: 23m 11s
Rendered 15/5549, time remaining: 22m 5s
Rendered 16/5549, time remaining: 21m 18s
Rendered 17/5549, time remaining: 22m 50s
Rendered 18/5549, time remaining: 22m 10s
Rendered 19/5549, time remaining: 21m 15s
Rendered 20/5549, time remaining: 20m 27s
Rendered 21/5549, time remaining: 19m 43s
Rendered 22/5549, time remaining: 19m 4s
Rendered 23/5549, time remaining: 18m 32s
Rendered 24/5549, time remaining: 18m 7s
Rendered 25/5549, time remaining: 19m 38s
Rendered 26/5549, time remaining: 19m 36s
Rendered 27/5549, time remaining: 19m 2s
Rendered 28/5549, time remaining: 18m 31s
Rendered 29/5549, time remaining: 18m 3s
Rendered 30/5549, time remaining: 17m 42s
Rendered 31/5549, time remaining: 17m 17s
Rendered 32/5549, time remaining: 16m 59s
Rendered 33/5549, time remaining: 17m 21s
Rendered 34/5549, time remaining: 18m 17s
Rendered 35/5549, time remaining: 18m 10s
Rendered 36/5549, time remaining: 17m 52s
Rendered 37/5549, time remaining: 17m 40s
Rendered 38/5549, time remaining: 17m 19s
Rendered 39/5549, time remaining: 17m 14s
Rendered 40/5549, time remaining: 17m 8s
Rendered 41/5549, time remaining: 18m 3s
Rendered 42/5549, time remaining: 19m 33s
Rendered 43/5549, time remaining: 19m 17s
Rendered 44/5549, time remaining: 18m 59s
Rendered 45/5549, time remaining: 18m 45s
Rendered 46/5549, time remaining: 18m 34s
Rendered 47/5549, time remaining: 18m 18s
Rendered 48/5549, time remaining: 18m 4s
Rendered 49/5549, time remaining: 17m 47s
Rendered 50/5549, time remaining: 19m 10s
Rendered 51/5549, time remaining: 19m 4s
Rendered 52/5549, time remaining: 18m 51s
Rendered 53/5549, time remaining: 18m 39s
Rendered 54/5549, time remaining: 18m 32s
Rendered 55/5549, time remaining: 18m 18s
Rendered 56/5549, time remaining: 18m 11s
Rendered 57/5549, time remaining: 18m 27s
Rendered 58/5549, time remaining: 19m 33s
Rendered 59/5549, time remaining: 19m 20s
Rendered 60/5549, time remaining: 19m 9s
Rendered 61/5549, time remaining: 19m 10s
Rendered 62/5549, time remaining: 19m 14s
Rendered 63/5549, time remaining: 19m 3s
Rendered 64/5549, time remaining: 18m 59s
Rendered 65/5549, time remaining: 18m 48s
Rendered 66/5549, time remaining: 19m 31s
Rendered 67/5549, time remaining: 20m 9s
Rendered 68/5549, time remaining: 20m 33s
Rendered 69/5549, time remaining: 20m 51s
Rendered 70/5549, time remaining: 21m 2s
Rendered 71/5549, time remaining: 21m 31s
Rendered 72/5549, time remaining: 22m 23s
Rendered 73/5549, time remaining: 22m 27s
Rendered 74/5549, time remaining: 22m 39s
Rendered 75/5549, time remaining: 22m 55s
Rendered 76/5549, time remaining: 23m 32s
Rendered 77/5549, time remaining: 23m 20s
Rendered 78/5549, time remaining: 23m 9s
Rendered 79/5549, time remaining: 22m 58s
Rendered 80/5549, time remaining: 22m 45s
Rendered 81/5549, time remaining: 22m 34s
Rendered 82/5549, time remaining: 22m 23s
Rendered 83/5549, time remaining: 22m 14s
Rendered 84/5549, time remaining: 22m 38s
Rendered 85/5549, time remaining: 22m 35s
Rendered 86/5549, time remaining: 22m 23s
Rendered 87/5549, time remaining: 22m 12s
Rendered 88/5549, time remaining: 22m 0s
Rendered 89/5549, time remaining: 21m 53s
Rendered 90/5549, time remaining: 21m 42s
Rendered 91/5549, time remaining: 21m 31s
Rendered 92/5549, time remaining: 21m 32s
Rendered 93/5549, time remaining: 21m 44s
Rendered 94/5549, time remaining: 21m 35s
Rendered 95/5549, time remaining: 21m 24s
Rendered 96/5549, time remaining: 21m 14s
Rendered 97/5549, time remaining: 21m 6s
Rendered 98/5549, time remaining: 20m 57s
Rendered 99/5549, time remaining: 20m 52s
Rendered 100/5549, time remaining: 20m 55s
Rendered 101/5549, time remaining: 20m 58s
Rendered 102/5549, time remaining: 20m 59s
Rendered 103/5549, time remaining: 20m 51s
Rendered 104/5549, time remaining: 20m 47s
Rendered 105/5549, time remaining: 20m 43s
Rendered 106/5549, time remaining: 20m 35s
Rendered 107/5549, time remaining: 20m 26s
Rendered 108/5549, time remaining: 20m 24s
Rendered 109/5549, time remaining: 20m 24s
Rendered 110/5549, time remaining: 20m 17s
Rendered 111/5549, time remaining: 20m 8s
Rendered 112/5549, time remaining: 20m 4s
Rendered 113/5549, time remaining: 20m 4s
Rendered 114/5549, time remaining: 19m 56s
Rendered 115/5549, time remaining: 19m 48s
Rendered 116/5549, time remaining: 19m 50s
Rendered 117/5549, time remaining: 19m 50s
Rendered 118/5549, time remaining: 19m 42s
Rendered 119/5549, time remaining: 19m 35s
Rendered 120/5549, time remaining: 19m 33s
Rendered 121/5549, time remaining: 19m 27s
Rendered 122/5549, time remaining: 19m 26s
Rendered 123/5549, time remaining: 19m 19s
Rendered 124/5549, time remaining: 19m 18s
Rendered 125/5549, time remaining: 19m 20s
Rendered 126/5549, time remaining: 19m 13s
Rendered 127/5549, time remaining: 19m 6s
Rendered 128/5549, time remaining: 19m 5s
Rendered 129/5549, time remaining: 18m 58s
Rendered 130/5549, time remaining: 18m 51s
Rendered 131/5549, time remaining: 18m 53s
Rendered 132/5549, time remaining: 18m 48s
Rendered 133/5549, time remaining: 18m 50s
Rendered 134/5549, time remaining: 18m 46s
Rendered 135/5549, time remaining: 18m 40s
Rendered 136/5549, time remaining: 18m 41s
Rendered 137/5549, time remaining: 18m 35s
Rendered 138/5549, time remaining: 18m 30s
Rendered 139/5549, time remaining: 18m 31s
Rendered 140/5549, time remaining: 18m 25s
Rendered 141/5549, time remaining: 18m 31s
Rendered 142/5549, time remaining: 18m 26s
Rendered 143/5549, time remaining: 18m 20s
Rendered 144/5549, time remaining: 18m 15s
Rendered 145/5549, time remaining: 18m 10s
Rendered 146/5549, time remaining: 18m 5s
Rendered 147/5549, time remaining: 18m 3s
Rendered 148/5549, time remaining: 18m 3s
Rendered 149/5549, time remaining: 18m 8s
Rendered 150/5549, time remaining: 18m 5s
Rendered 151/5549, time remaining: 16m 55s
Rendered 152/5549, time remaining: 16m 52s
Rendered 153/5549, time remaining: 16m 54s
Rendered 154/5549, time remaining: 16m 55s
Rendered 155/5549, time remaining: 16m 55s
Rendered 156/5549, time remaining: 16m 57s
Rendered 157/5549, time remaining: 17m 10s
Rendered 158/5549, time remaining: 17m 2s
Rendered 159/5549, time remaining: 16m 51s
Rendered 160/5549, time remaining: 16m 50s
Rendered 161/5549, time remaining: 16m 51s
Rendered 162/5549, time remaining: 16m 51s
Rendered 163/5549, time remaining: 16m 49s
Rendered 164/5549, time remaining: 16m 48s
Rendered 165/5549, time remaining: 17m 3s
Rendered 166/5549, time remaining: 17m 7s
Rendered 167/5549, time remaining: 16m 51s
Rendered 168/5549, time remaining: 16m 49s
Rendered 169/5549, time remaining: 16m 49s
Rendered 170/5549, time remaining: 16m 52s
Rendered 171/5549, time remaining: 16m 52s
Rendered 172/5549, time remaining: 16m 52s
Rendered 173/5549, time remaining: 16m 58s
Rendered 174/5549, time remaining: 16m 59s
Rendered 175/5549, time remaining: 16m 49s
Rendered 176/5549, time remaining: 16m 45s
Rendered 177/5549, time remaining: 16m 45s
Rendered 178/5549, time remaining: 16m 47s
Rendered 179/5549, time remaining: 16m 47s
Rendered 180/5549, time remaining: 16m 46s
Rendered 181/5549, time remaining: 16m 49s
Rendered 182/5549, time remaining: 16m 49s
Rendered 183/5549, time remaining: 16m 54s
Rendered 184/5549, time remaining: 16m 39s
Rendered 185/5549, time remaining: 16m 37s
Rendered 186/5549, time remaining: 16m 36s
Rendered 187/5549, time remaining: 16m 34s
Rendered 188/5549, time remaining: 16m 37s
Rendered 189/5549, time remaining: 16m 36s
Rendered 190/5549, time remaining: 16m 33s
Rendered 191/5549, time remaining: 16m 30s
Rendered 192/5549, time remaining: 17m 50s
Rendered 193/5549, time remaining: 17m 54s
Rendered 194/5549, time remaining: 17m 51s
Rendered 195/5549, time remaining: 17m 49s
Rendered 196/5549, time remaining: 17m 46s
Rendered 197/5549, time remaining: 17m 45s
Rendered 198/5549, time remaining: 17m 43s
Rendered 199/5549, time remaining: 17m 41s
Rendered 200/5549, time remaining: 18m 27s
Rendered 201/5549, time remaining: 19m 16s
Rendered 202/5549, time remaining: 19m 49s
Rendered 203/5549, time remaining: 19m 53s
Rendered 204/5549, time remaining: 19m 55s
Rendered 205/5549, time remaining: 20m 0s
Rendered 206/5549, time remaining: 20m 2s
Rendered 207/5549, time remaining: 19m 56s
Rendered 208/5549, time remaining: 19m 36s
Rendered 209/5549, time remaining: 19m 46s
Rendered 210/5549, time remaining: 19m 59s
Rendered 211/5549, time remaining: 19m 58s
Rendered 212/5549, time remaining: 19m 55s
Rendered 213/5549, time remaining: 19m 56s
Rendered 214/5549, time remaining: 19m 50s
Rendered 215/5549, time remaining: 19m 47s
Rendered 216/5549, time remaining: 19m 21s
Rendered 217/5549, time remaining: 18m 57s
Rendered 218/5549, time remaining: 19m 5s
Rendered 219/5549, time remaining: 18m 50s
Rendered 220/5549, time remaining: 18m 39s
Rendered 221/5549, time remaining: 18m 20s
Rendered 222/5549, time remaining: 17m 49s
Rendered 223/5549, time remaining: 17m 41s
Rendered 224/5549, time remaining: 17m 28s
Rendered 225/5549, time remaining: 17m 13s
Rendered 226/5549, time remaining: 17m 7s
Rendered 227/5549, time remaining: 17m 5s
Rendered 228/5549, time remaining: 17m 4s
Rendered 229/5549, time remaining: 17m 3s
Rendered 230/5549, time remaining: 17m 3s
Rendered 231/5549, time remaining: 17m 2s
Rendered 232/5549, time remaining: 17m 2s
Rendered 233/5549, time remaining: 17m 0s
Rendered 234/5549, time remaining: 16m 58s
Rendered 235/5549, time remaining: 16m 52s
Rendered 236/5549, time remaining: 16m 52s
Rendered 237/5549, time remaining: 16m 50s
Rendered 238/5549, time remaining: 16m 50s
Rendered 239/5549, time remaining: 16m 47s
Rendered 240/5549, time remaining: 16m 47s
Rendered 241/5549, time remaining: 16m 47s
Rendered 242/5549, time remaining: 16m 59s
Rendered 243/5549, time remaining: 16m 45s
Rendered 244/5549, time remaining: 16m 43s
Rendered 245/5549, time remaining: 16m 43s
Rendered 246/5549, time remaining: 16m 43s
Rendered 247/5549, time remaining: 16m 41s
Rendered 248/5549, time remaining: 16m 40s
Rendered 249/5549, time remaining: 16m 37s
Rendered 250/5549, time remaining: 16m 48s
Rendered 251/5549, time remaining: 16m 39s
Rendered 252/5549, time remaining: 16m 33s
Rendered 253/5549, time remaining: 16m 32s
Rendered 254/5549, time remaining: 16m 27s
Rendered 255/5549, time remaining: 16m 23s
Rendered 256/5549, time remaining: 16m 23s
Rendered 257/5549, time remaining: 16m 25s
Rendered 258/5549, time remaining: 16m 34s
Rendered 259/5549, time remaining: 16m 28s
Rendered 260/5549, time remaining: 16m 29s
Rendered 261/5549, time remaining: 16m 29s
Rendered 262/5549, time remaining: 16m 25s
Rendered 263/5549, time remaining: 16m 19s
Rendered 264/5549, time remaining: 16m 18s
Rendered 265/5549, time remaining: 16m 22s
Rendered 266/5549, time remaining: 16m 24s
Rendered 267/5549, time remaining: 16m 23s
Rendered 268/5549, time remaining: 16m 23s
Rendered 269/5549, time remaining: 16m 23s
Rendered 270/5549, time remaining: 16m 18s
Rendered 271/5549, time remaining: 16m 17s
Rendered 272/5549, time remaining: 16m 11s
Rendered 273/5549, time remaining: 16m 13s
Rendered 274/5549, time remaining: 16m 26s
Rendered 275/5549, time remaining: 16m 18s
Rendered 276/5549, time remaining: 16m 18s
Rendered 277/5549, time remaining: 16m 17s
Rendered 278/5549, time remaining: 16m 12s
Rendered 279/5549, time remaining: 16m 12s
Rendered 280/5549, time remaining: 16m 13s
Rendered 281/5549, time remaining: 16m 6s
Rendered 282/5549, time remaining: 16m 21s
Rendered 283/5549, time remaining: 16m 14s
Rendered 284/5549, time remaining: 16m 12s
Rendered 285/5549, time remaining: 16m 12s
Rendered 286/5549, time remaining: 16m 5s
Rendered 287/5549, time remaining: 16m 5s
Rendered 288/5549, time remaining: 16m 4s
Rendered 289/5549, time remaining: 15m 57s
Rendered 290/5549, time remaining: 16m 17s
Rendered 291/5549, time remaining: 16m 5s
Rendered 292/5549, time remaining: 16m 4s
Rendered 293/5549, time remaining: 16m 4s
Rendered 294/5549, time remaining: 16m 3s
Rendered 295/5549, time remaining: 16m 2s
Rendered 296/5549, time remaining: 16m 1s
Rendered 297/5549, time remaining: 15m 59s
Rendered 298/5549, time remaining: 16m 10s
Rendered 299/5549, time remaining: 16m 0s
Rendered 300/5549, time remaining: 15m 58s
Rendered 301/5549, time remaining: 15m 58s
Rendered 302/5549, time remaining: 15m 57s
Rendered 303/5549, time remaining: 15m 56s
Rendered 304/5549, time remaining: 15m 54s
Rendered 305/5549, time remaining: 15m 56s
Rendered 306/5549, time remaining: 16m 9s
Rendered 307/5549, time remaining: 15m 55s
Rendered 308/5549, time remaining: 15m 54s
Rendered 309/5549, time remaining: 15m 54s
Rendered 310/5549, time remaining: 15m 54s
Rendered 311/5549, time remaining: 15m 52s
Rendered 312/5549, time remaining: 15m 57s
Rendered 313/5549, time remaining: 15m 57s
Rendered 314/5549, time remaining: 16m 6s
Rendered 315/5549, time remaining: 15m 52s
Rendered 316/5549, time remaining: 15m 47s
Rendered 317/5549, time remaining: 15m 47s
Rendered 318/5549, time remaining: 15m 49s
Rendered 319/5549, time remaining: 15m 49s
Rendered 320/5549, time remaining: 15m 46s
Rendered 321/5549, time remaining: 15m 46s
Rendered 322/5549, time remaining: 15m 52s
Rendered 323/5549, time remaining: 15m 51s
Rendered 324/5549, time remaining: 15m 48s
Rendered 325/5549, time remaining: 15m 42s
Rendered 326/5549, time remaining: 15m 41s
Rendered 327/5549, time remaining: 15m 41s
Rendered 328/5549, time remaining: 15m 39s
Rendered 329/5549, time remaining: 15m 39s
Rendered 330/5549, time remaining: 15m 44s
Rendered 331/5549, time remaining: 15m 49s
Rendered 332/5549, time remaining: 15m 48s
Rendered 333/5549, time remaining: 15m 33s
Rendered 334/5549, time remaining: 15m 35s
Rendered 335/5549, time remaining: 15m 33s
Rendered 336/5549, time remaining: 15m 36s
Rendered 337/5549, time remaining: 15m 38s
Rendered 338/5549, time remaining: 15m 42s
Rendered 339/5549, time remaining: 15m 43s
Rendered 340/5549, time remaining: 15m 42s
Rendered 341/5549, time remaining: 15m 25s
Rendered 342/5549, time remaining: 13m 41s
Rendered 343/5549, time remaining: 13m 36s
Rendered 344/5549, time remaining: 13m 37s
Rendered 345/5549, time remaining: 13m 44s
Rendered 346/5549, time remaining: 13m 50s
Rendered 347/5549, time remaining: 13m 50s
Rendered 348/5549, time remaining: 13m 56s
Rendered 349/5549, time remaining: 13m 57s
Rendered 350/5549, time remaining: 12m 43s
Rendered 351/5549, time remaining: 11m 54s
Rendered 352/5549, time remaining: 11m 20s
Rendered 353/5549, time remaining: 11m 19s
Rendered 354/5549, time remaining: 11m 15s
Rendered 355/5549, time remaining: 11m 14s
Rendered 356/5549, time remaining: 11m 14s
Rendered 357/5549, time remaining: 11m 9s
Rendered 358/5549, time remaining: 11m 0s
Rendered 359/5549, time remaining: 10m 50s
Rendered 360/5549, time remaining: 10m 38s
Rendered 361/5549, time remaining: 10m 37s
Rendered 362/5549, time remaining: 10m 32s
Rendered 363/5549, time remaining: 10m 35s
Rendered 364/5549, time remaining: 10m 39s
Rendered 365/5549, time remaining: 10m 46s
Rendered 366/5549, time remaining: 10m 48s
Rendered 367/5549, time remaining: 10m 49s
Rendered 368/5549, time remaining: 10m 28s
Rendered 369/5549, time remaining: 10m 30s
Rendered 370/5549, time remaining: 10m 35s
Rendered 371/5549, time remaining: 10m 36s
Rendered 372/5549, time remaining: 10m 39s
Rendered 373/5549, time remaining: 10m 41s
Rendered 374/5549, time remaining: 10m 41s
Rendered 375/5549, time remaining: 10m 40s
Rendered 376/5549, time remaining: 10m 24s
Rendered 377/5549, time remaining: 10m 26s
Rendered 378/5549, time remaining: 10m 29s
Rendered 379/5549, time remaining: 10m 33s
Rendered 380/5549, time remaining: 10m 36s
Rendered 381/5549, time remaining: 10m 35s
Rendered 382/5549, time remaining: 10m 34s
Rendered 383/5549, time remaining: 10m 36s
Rendered 384/5549, time remaining: 10m 18s
Rendered 385/5549, time remaining: 10m 22s
Rendered 386/5549, time remaining: 10m 27s
Rendered 387/5549, time remaining: 10m 26s
Rendered 388/5549, time remaining: 10m 34s
Rendered 389/5549, time remaining: 10m 34s
Rendered 390/5549, time remaining: 10m 37s
Rendered 391/5549, time remaining: 10m 35s
Rendered 392/5549, time remaining: 10m 16s
Rendered 393/5549, time remaining: 10m 18s
Rendered 394/5549, time remaining: 10m 19s
Rendered 395/5549, time remaining: 10m 33s
Rendered 396/5549, time remaining: 10m 35s
Rendered 397/5549, time remaining: 10m 35s
Rendered 398/5549, time remaining: 10m 35s
Rendered 399/5549, time remaining: 10m 34s
Rendered 400/5549, time remaining: 10m 16s
Rendered 401/5549, time remaining: 10m 16s
Rendered 402/5549, time remaining: 10m 19s
Rendered 403/5549, time remaining: 10m 29s
Rendered 404/5549, time remaining: 10m 33s
Rendered 405/5549, time remaining: 10m 33s
Rendered 406/5549, time remaining: 10m 33s
Rendered 407/5549, time remaining: 10m 30s
Rendered 408/5549, time remaining: 10m 17s
Rendered 409/5549, time remaining: 10m 19s
Rendered 410/5549, time remaining: 10m 24s
Rendered 411/5549, time remaining: 10m 31s
Rendered 412/5549, time remaining: 10m 32s
Rendered 413/5549, time remaining: 10m 33s
Rendered 414/5549, time remaining: 10m 33s
Rendered 415/5549, time remaining: 10m 30s
Rendered 416/5549, time remaining: 10m 21s
Rendered 417/5549, time remaining: 10m 17s
Rendered 418/5549, time remaining: 10m 16s
Rendered 419/5549, time remaining: 10m 28s
Rendered 420/5549, time remaining: 10m 30s
Rendered 421/5549, time remaining: 10m 30s
Rendered 422/5549, time remaining: 10m 31s
Rendered 423/5549, time remaining: 10m 30s
Rendered 424/5549, time remaining: 10m 13s
Rendered 425/5549, time remaining: 10m 17s
Rendered 426/5549, time remaining: 10m 22s
Rendered 427/5549, time remaining: 10m 24s
Rendered 428/5549, time remaining: 10m 27s
Rendered 429/5549, time remaining: 10m 31s
Rendered 430/5549, time remaining: 10m 30s
Rendered 431/5549, time remaining: 10m 30s
Rendered 432/5549, time remaining: 10m 14s
Rendered 433/5549, time remaining: 10m 16s
Rendered 434/5549, time remaining: 10m 17s
Rendered 435/5549, time remaining: 10m 23s
Rendered 436/5549, time remaining: 10m 27s
Rendered 437/5549, time remaining: 10m 29s
Rendered 438/5549, time remaining: 10m 30s
Rendered 439/5549, time remaining: 10m 30s
Rendered 440/5549, time remaining: 10m 11s
Rendered 441/5549, time remaining: 10m 15s
Rendered 442/5549, time remaining: 10m 20s
Rendered 443/5549, time remaining: 10m 22s
Rendered 444/5549, time remaining: 10m 25s
Rendered 445/5549, time remaining: 10m 25s
Rendered 446/5549, time remaining: 10m 25s
Rendered 447/5549, time remaining: 10m 24s
Rendered 448/5549, time remaining: 10m 11s
Rendered 449/5549, time remaining: 10m 18s
Rendered 450/5549, time remaining: 10m 22s
Rendered 451/5549, time remaining: 10m 22s
Rendered 452/5549, time remaining: 10m 23s
Rendered 453/5549, time remaining: 10m 26s
Rendered 454/5549, time remaining: 10m 26s
Rendered 455/5549, time remaining: 10m 25s
Rendered 456/5549, time remaining: 10m 12s
Rendered 457/5549, time remaining: 10m 18s
Rendered 458/5549, time remaining: 10m 21s
Rendered 459/5549, time remaining: 10m 20s
Rendered 460/5549, time remaining: 10m 21s
Rendered 461/5549, time remaining: 10m 25s
Rendered 462/5549, time remaining: 10m 21s
Rendered 463/5549, time remaining: 10m 21s
Rendered 464/5549, time remaining: 10m 15s
Rendered 465/5549, time remaining: 10m 19s
Rendered 466/5549, time remaining: 10m 24s
Rendered 467/5549, time remaining: 10m 26s
Rendered 468/5549, time remaining: 10m 24s
Rendered 469/5549, time remaining: 10m 24s
Rendered 470/5549, time remaining: 10m 24s
Rendered 471/5549, time remaining: 10m 28s
Rendered 472/5549, time remaining: 10m 27s
Rendered 473/5549, time remaining: 10m 24s
Rendered 474/5549, time remaining: 10m 25s
Rendered 475/5549, time remaining: 10m 23s
Rendered 476/5549, time remaining: 10m 24s
Rendered 477/5549, time remaining: 10m 27s
Rendered 478/5549, time remaining: 10m 26s
Rendered 479/5549, time remaining: 10m 32s
Rendered 480/5549, time remaining: 10m 29s
Rendered 481/5549, time remaining: 10m 22s
Rendered 482/5549, time remaining: 10m 26s
Rendered 483/5549, time remaining: 10m 27s
Rendered 484/5549, time remaining: 10m 24s
Rendered 485/5549, time remaining: 10m 27s
Rendered 486/5549, time remaining: 10m 24s
Rendered 487/5549, time remaining: 10m 25s
Rendered 488/5549, time remaining: 10m 18s
Rendered 489/5549, time remaining: 10m 18s
Rendered 490/5549, time remaining: 10m 27s
Rendered 491/5549, time remaining: 10m 26s
Rendered 492/5549, time remaining: 10m 30s
Rendered 493/5549, time remaining: 10m 32s
Rendered 494/5549, time remaining: 10m 32s
Rendered 495/5549, time remaining: 10m 28s
Rendered 496/5549, time remaining: 10m 23s
Rendered 497/5549, time remaining: 10m 24s
Rendered 498/5549, time remaining: 10m 23s
Rendered 499/5549, time remaining: 10m 28s
Rendered 500/5549, time remaining: 10m 27s
Rendered 501/5549, time remaining: 10m 29s
Rendered 502/5549, time remaining: 10m 29s
Rendered 503/5549, time remaining: 10m 24s
Rendered 504/5549, time remaining: 10m 28s
Rendered 505/5549, time remaining: 10m 27s
Rendered 506/5549, time remaining: 10m 22s
Rendered 507/5549, time remaining: 10m 22s
Rendered 508/5549, time remaining: 10m 29s
Rendered 509/5549, time remaining: 10m 28s
Rendered 510/5549, time remaining: 10m 26s
Rendered 511/5549, time remaining: 10m 22s
Rendered 512/5549, time remaining: 10m 28s
Rendered 513/5549, time remaining: 10m 24s
Rendered 514/5549, time remaining: 10m 28s
Rendered 515/5549, time remaining: 10m 22s
Rendered 516/5549, time remaining: 10m 26s
Rendered 517/5549, time remaining: 10m 26s
Rendered 518/5549, time remaining: 10m 26s
Rendered 519/5549, time remaining: 10m 23s
Rendered 520/5549, time remaining: 10m 18s
Rendered 521/5549, time remaining: 10m 16s
Rendered 522/5549, time remaining: 10m 23s
Rendered 523/5549, time remaining: 10m 23s
Rendered 524/5549, time remaining: 10m 25s
Rendered 525/5549, time remaining: 10m 25s
Rendered 526/5549, time remaining: 10m 22s
Rendered 527/5549, time remaining: 10m 20s
Rendered 528/5549, time remaining: 10m 16s
Rendered 529/5549, time remaining: 10m 12s
Rendered 530/5549, time remaining: 10m 17s
Rendered 531/5549, time remaining: 10m 28s
Rendered 532/5549, time remaining: 10m 29s
Rendered 533/5549, time remaining: 10m 29s
Rendered 534/5549, time remaining: 10m 29s
Rendered 535/5549, time remaining: 10m 26s
Rendered 536/5549, time remaining: 10m 21s
Rendered 537/5549, time remaining: 10m 21s
Rendered 538/5549, time remaining: 10m 26s
Rendered 539/5549, time remaining: 10m 31s
Rendered 540/5549, time remaining: 10m 30s
Rendered 541/5549, time remaining: 10m 30s
Rendered 542/5549, time remaining: 10m 30s
Rendered 543/5549, time remaining: 10m 30s
Rendered 544/5549, time remaining: 10m 28s
Rendered 545/5549, time remaining: 10m 15s
Rendered 546/5549, time remaining: 10m 19s
Rendered 547/5549, time remaining: 10m 27s
Rendered 548/5549, time remaining: 10m 30s
Rendered 549/5549, time remaining: 10m 30s
Rendered 550/5549, time remaining: 10m 30s
Rendered 551/5549, time remaining: 10m 31s
Rendered 552/5549, time remaining: 10m 28s
Rendered 553/5549, time remaining: 10m 18s
Rendered 554/5549, time remaining: 10m 22s
Rendered 555/5549, time remaining: 10m 27s
Rendered 556/5549, time remaining: 10m 30s
Rendered 557/5549, time remaining: 10m 29s
Rendered 558/5549, time remaining: 10m 29s
Rendered 559/5549, time remaining: 10m 27s
Rendered 560/5549, time remaining: 10m 20s
Rendered 561/5549, time remaining: 10m 16s
Rendered 562/5549, time remaining: 10m 17s
Rendered 563/5549, time remaining: 10m 22s
Rendered 564/5549, time remaining: 10m 26s
Rendered 565/5549, time remaining: 10m 28s
Rendered 566/5549, time remaining: 10m 27s
Rendered 567/5549, time remaining: 10m 26s
Rendered 568/5549, time remaining: 10m 27s
Rendered 569/5549, time remaining: 10m 19s
Rendered 570/5549, time remaining: 10m 16s
Rendered 571/5549, time remaining: 10m 21s
Rendered 572/5549, time remaining: 10m 22s
Rendered 573/5549, time remaining: 10m 24s
Rendered 574/5549, time remaining: 10m 24s
Rendered 575/5549, time remaining: 10m 22s
Rendered 576/5549, time remaining: 10m 17s
Rendered 577/5549, time remaining: 10m 21s
Rendered 578/5549, time remaining: 10m 23s
Rendered 579/5549, time remaining: 10m 23s
Rendered 580/5549, time remaining: 10m 25s
Rendered 581/5549, time remaining: 10m 26s
Rendered 582/5549, time remaining: 10m 28s
Rendered 583/5549, time remaining: 10m 25s
Rendered 584/5549, time remaining: 10m 24s
Rendered 585/5549, time remaining: 10m 22s
Rendered 586/5549, time remaining: 10m 19s
Rendered 587/5549, time remaining: 10m 25s
Rendered 588/5549, time remaining: 10m 24s
Rendered 589/5549, time remaining: 10m 28s
Rendered 590/5549, time remaining: 10m 32s
Rendered 591/5549, time remaining: 10m 27s
Rendered 592/5549, time remaining: 10m 23s
Rendered 593/5549, time remaining: 10m 22s
Rendered 594/5549, time remaining: 10m 20s
Rendered 595/5549, time remaining: 10m 21s
Rendered 596/5549, time remaining: 10m 28s
Rendered 597/5549, time remaining: 10m 32s
Rendered 598/5549, time remaining: 10m 31s
Rendered 599/5549, time remaining: 10m 25s
Rendered 600/5549, time remaining: 10m 21s
Rendered 601/5549, time remaining: 10m 20s
Rendered 602/5549, time remaining: 10m 19s
Rendered 603/5549, time remaining: 10m 16s
Rendered 604/5549, time remaining: 10m 27s
Rendered 605/5549, time remaining: 10m 32s
Rendered 606/5549, time remaining: 10m 31s
Rendered 607/5549, time remaining: 10m 25s
Rendered 608/5549, time remaining: 10m 20s
Rendered 609/5549, time remaining: 10m 20s
Rendered 610/5549, time remaining: 10m 19s
Rendered 611/5549, time remaining: 10m 18s
Rendered 612/5549, time remaining: 10m 24s
Rendered 613/5549, time remaining: 10m 24s
Rendered 614/5549, time remaining: 10m 30s
Rendered 615/5549, time remaining: 10m 25s
Rendered 616/5549, time remaining: 10m 19s
Rendered 617/5549, time remaining: 10m 20s
Rendered 618/5549, time remaining: 10m 21s
Rendered 619/5549, time remaining: 10m 21s
Rendered 620/5549, time remaining: 10m 25s
Rendered 621/5549, time remaining: 10m 20s
Rendered 622/5549, time remaining: 10m 25s
Rendered 623/5549, time remaining: 10m 24s
Rendered 624/5549, time remaining: 10m 23s
Rendered 625/5549, time remaining: 10m 20s
Rendered 626/5549, time remaining: 10m 19s
Rendered 627/5549, time remaining: 10m 16s
Rendered 628/5549, time remaining: 10m 21s
Rendered 629/5549, time remaining: 10m 19s
Rendered 630/5549, time remaining: 10m 25s
Rendered 631/5549, time remaining: 10m 22s
Rendered 632/5549, time remaining: 10m 21s
Rendered 633/5549, time remaining: 10m 19s
Rendered 634/5549, time remaining: 10m 18s
Rendered 635/5549, time remaining: 10m 15s
Rendered 636/5549, time remaining: 10m 17s
Rendered 637/5549, time remaining: 10m 22s
Rendered 638/5549, time remaining: 10m 28s
Rendered 639/5549, time remaining: 10m 25s
Rendered 640/5549, time remaining: 10m 18s
Rendered 641/5549, time remaining: 10m 21s
Rendered 642/5549, time remaining: 10m 14s
Rendered 643/5549, time remaining: 10m 18s
Rendered 644/5549, time remaining: 10m 24s
Rendered 645/5549, time remaining: 10m 30s
Rendered 646/5549, time remaining: 10m 33s
Rendered 647/5549, time remaining: 10m 31s
Rendered 648/5549, time remaining: 10m 27s
Rendered 649/5549, time remaining: 10m 22s
Rendered 650/5549, time remaining: 10m 22s
Rendered 651/5549, time remaining: 10m 18s
Rendered 652/5549, time remaining: 10m 19s
Rendered 653/5549, time remaining: 10m 34s
Rendered 654/5549, time remaining: 10m 30s
Rendered 655/5549, time remaining: 10m 26s
Rendered 656/5549, time remaining: 10m 26s
Rendered 657/5549, time remaining: 10m 26s
Rendered 658/5549, time remaining: 10m 18s
Rendered 659/5549, time remaining: 10m 17s
Rendered 660/5549, time remaining: 10m 17s
Rendered 661/5549, time remaining: 10m 35s
Rendered 662/5549, time remaining: 10m 30s
Rendered 663/5549, time remaining: 10m 29s
Rendered 664/5549, time remaining: 10m 22s
Rendered 665/5549, time remaining: 10m 22s
Rendered 666/5549, time remaining: 10m 17s
Rendered 667/5549, time remaining: 10m 17s
Rendered 668/5549, time remaining: 10m 14s
Rendered 669/5549, time remaining: 10m 33s
Rendered 670/5549, time remaining: 10m 33s
Rendered 671/5549, time remaining: 10m 33s
Rendered 672/5549, time remaining: 10m 22s
Rendered 673/5549, time remaining: 10m 19s
Rendered 674/5549, time remaining: 10m 17s
Rendered 675/5549, time remaining: 10m 17s
Rendered 676/5549, time remaining: 10m 18s
Rendered 677/5549, time remaining: 10m 35s
Rendered 678/5549, time remaining: 10m 35s
Rendered 679/5549, time remaining: 10m 35s
Rendered 680/5549, time remaining: 10m 26s
Rendered 681/5549, time remaining: 10m 15s
Rendered 682/5549, time remaining: 10m 14s
Rendered 683/5549, time remaining: 10m 12s
Rendered 684/5549, time remaining: 10m 12s
Rendered 685/5549, time remaining: 10m 29s
Rendered 686/5549, time remaining: 10m 28s
Rendered 687/5549, time remaining: 10m 28s
Rendered 688/5549, time remaining: 10m 15s
Rendered 689/5549, time remaining: 10m 10s
Rendered 690/5549, time remaining: 10m 8s
Rendered 691/5549, time remaining: 10m 9s
Rendered 692/5549, time remaining: 10m 9s
Rendered 693/5549, time remaining: 10m 24s
Rendered 694/5549, time remaining: 10m 24s
Rendered 695/5549, time remaining: 10m 25s
Rendered 696/5549, time remaining: 10m 19s
Rendered 697/5549, time remaining: 10m 11s
Rendered 698/5549, time remaining: 10m 9s
Rendered 699/5549, time remaining: 10m 9s
Rendered 700/5549, time remaining: 10m 9s
Rendered 701/5549, time remaining: 10m 25s
Rendered 702/5549, time remaining: 10m 24s
Rendered 703/5549, time remaining: 10m 24s
Rendered 704/5549, time remaining: 10m 16s
Rendered 705/5549, time remaining: 10m 11s
Rendered 706/5549, time remaining: 10m 10s
Rendered 707/5549, time remaining: 10m 10s
Rendered 708/5549, time remaining: 10m 10s
Rendered 709/5549, time remaining: 10m 28s
Rendered 710/5549, time remaining: 10m 28s
Rendered 711/5549, time remaining: 10m 25s
Rendered 712/5549, time remaining: 10m 23s
Rendered 713/5549, time remaining: 10m 17s
Rendered 714/5549, time remaining: 10m 13s
Rendered 715/5549, time remaining: 10m 10s
Rendered 716/5549, time remaining: 10m 10s
Rendered 717/5549, time remaining: 10m 26s
Rendered 718/5549, time remaining: 10m 26s
Rendered 719/5549, time remaining: 10m 23s
Rendered 720/5549, time remaining: 10m 24s
Rendered 721/5549, time remaining: 10m 19s
Rendered 722/5549, time remaining: 10m 16s
Rendered 723/5549, time remaining: 10m 15s
Rendered 724/5549, time remaining: 10m 16s
Rendered 725/5549, time remaining: 10m 27s
Rendered 726/5549, time remaining: 10m 27s
Rendered 727/5549, time remaining: 10m 21s
Rendered 728/5549, time remaining: 10m 19s
Rendered 729/5549, time remaining: 10m 14s
Rendered 730/5549, time remaining: 10m 12s
Rendered 731/5549, time remaining: 10m 10s
Rendered 732/5549, time remaining: 10m 12s
Rendered 733/5549, time remaining: 10m 24s
Rendered 734/5549, time remaining: 10m 24s
Rendered 735/5549, time remaining: 10m 20s
Rendered 736/5549, time remaining: 10m 19s
Rendered 737/5549, time remaining: 10m 12s
Rendered 738/5549, time remaining: 10m 11s
Rendered 739/5549, time remaining: 10m 8s
Rendered 740/5549, time remaining: 10m 12s
Rendered 741/5549, time remaining: 10m 16s
Rendered 742/5549, time remaining: 10m 19s
Rendered 743/5549, time remaining: 10m 17s
Rendered 744/5549, time remaining: 10m 16s
Rendered 745/5549, time remaining: 10m 19s
Rendered 746/5549, time remaining: 10m 11s
Rendered 747/5549, time remaining: 10m 9s
Rendered 748/5549, time remaining: 10m 7s
Rendered 749/5549, time remaining: 10m 15s
Rendered 750/5549, time remaining: 10m 14s
Rendered 751/5549, time remaining: 10m 17s
Rendered 752/5549, time remaining: 10m 18s
Rendered 753/5549, time remaining: 10m 20s
Rendered 754/5549, time remaining: 10m 10s
Rendered 755/5549, time remaining: 10m 5s
Rendered 756/5549, time remaining: 10m 6s
Rendered 757/5549, time remaining: 10m 11s
Rendered 758/5549, time remaining: 10m 16s
Rendered 759/5549, time remaining: 10m 17s
Rendered 760/5549, time remaining: 10m 17s
Rendered 761/5549, time remaining: 10m 18s
Rendered 762/5549, time remaining: 10m 11s
Rendered 763/5549, time remaining: 10m 14s
Rendered 764/5549, time remaining: 10m 4s
Rendered 765/5549, time remaining: 10m 8s
Rendered 766/5549, time remaining: 10m 8s
Rendered 767/5549, time remaining: 10m 7s
Rendered 768/5549, time remaining: 10m 6s
Rendered 769/5549, time remaining: 10m 17s
Rendered 770/5549, time remaining: 10m 15s
Rendered 771/5549, time remaining: 10m 15s
Rendered 772/5549, time remaining: 10m 6s
Rendered 773/5549, time remaining: 10m 7s
Rendered 774/5549, time remaining: 10m 10s
Rendered 775/5549, time remaining: 10m 15s
Rendered 776/5549, time remaining: 10m 16s
Rendered 777/5549, time remaining: 10m 25s
Rendered 778/5549, time remaining: 10m 25s
Rendered 779/5549, time remaining: 10m 22s
Rendered 780/5549, time remaining: 10m 19s
Rendered 781/5549, time remaining: 10m 19s
Rendered 782/5549, time remaining: 10m 21s
Rendered 783/5549, time remaining: 10m 23s
Rendered 784/5549, time remaining: 10m 22s
Rendered 785/5549, time remaining: 10m 27s
Rendered 786/5549, time remaining: 10m 28s
Rendered 787/5549, time remaining: 10m 20s
Rendered 788/5549, time remaining: 10m 17s
Rendered 789/5549, time remaining: 10m 16s
Rendered 790/5549, time remaining: 10m 21s
Rendered 791/5549, time remaining: 10m 21s
Rendered 792/5549, time remaining: 10m 23s
Rendered 793/5549, time remaining: 10m 18s
Rendered 794/5549, time remaining: 10m 16s
Rendered 795/5549, time remaining: 10m 6s
Rendered 796/5549, time remaining: 10m 8s
Rendered 797/5549, time remaining: 10m 8s
Rendered 798/5549, time remaining: 10m 14s
Rendered 799/5549, time remaining: 10m 18s
Rendered 800/5549, time remaining: 10m 18s
Rendered 801/5549, time remaining: 10m 17s
Rendered 802/5549, time remaining: 10m 19s
Rendered 803/5549, time remaining: 10m 5s
Rendered 804/5549, time remaining: 10m 3s
Rendered 805/5549, time remaining: 10m 10s
Rendered 806/5549, time remaining: 10m 13s
Rendered 807/5549, time remaining: 10m 16s
Rendered 808/5549, time remaining: 10m 19s
Rendered 809/5549, time remaining: 10m 20s
Rendered 810/5549, time remaining: 10m 21s
Rendered 811/5549, time remaining: 10m 4s
Rendered 812/5549, time remaining: 10m 5s
Rendered 813/5549, time remaining: 10m 10s
Rendered 814/5549, time remaining: 10m 12s
Rendered 815/5549, time remaining: 10m 16s
Rendered 816/5549, time remaining: 10m 17s
Rendered 817/5549, time remaining: 10m 19s
Rendered 818/5549, time remaining: 10m 25s
Rendered 819/5549, time remaining: 10m 10s
Rendered 820/5549, time remaining: 10m 11s
Rendered 821/5549, time remaining: 10m 16s
Rendered 822/5549, time remaining: 10m 17s
Rendered 823/5549, time remaining: 10m 19s
Rendered 824/5549, time remaining: 10m 25s
Rendered 825/5549, time remaining: 10m 33s
Rendered 826/5549, time remaining: 10m 35s
Rendered 827/5549, time remaining: 10m 26s
Rendered 828/5549, time remaining: 10m 28s
Rendered 829/5549, time remaining: 10m 37s
Rendered 830/5549, time remaining: 10m 38s
Rendered 831/5549, time remaining: 10m 44s
Rendered 832/5549, time remaining: 10m 45s
Rendered 833/5549, time remaining: 10m 48s
Rendered 834/5549, time remaining: 10m 52s
Rendered 835/5549, time remaining: 10m 37s
Rendered 836/5549, time remaining: 10m 38s
Rendered 837/5549, time remaining: 10m 57s
Rendered 838/5549, time remaining: 10m 57s
Rendered 839/5549, time remaining: 11m 1s
Rendered 840/5549, time remaining: 11m 2s
Rendered 841/5549, time remaining: 11m 2s
Rendered 842/5549, time remaining: 11m 2s
Rendered 843/5549, time remaining: 10m 46s
Rendered 844/5549, time remaining: 10m 46s
Rendered 845/5549, time remaining: 11m 15s
Rendered 846/5549, time remaining: 11m 16s
Rendered 847/5549, time remaining: 11m 15s
Rendered 848/5549, time remaining: 11m 15s
Rendered 849/5549, time remaining: 11m 15s
Rendered 850/5549, time remaining: 11m 16s
Rendered 851/5549, time remaining: 11m 0s
Rendered 852/5549, time remaining: 11m 1s
Rendered 853/5549, time remaining: 11m 21s
Rendered 854/5549, time remaining: 11m 22s
Rendered 855/5549, time remaining: 11m 22s
Rendered 856/5549, time remaining: 11m 21s
Rendered 857/5549, time remaining: 11m 22s
Rendered 858/5549, time remaining: 11m 22s
Rendered 859/5549, time remaining: 11m 4s
Rendered 860/5549, time remaining: 11m 6s
Rendered 861/5549, time remaining: 11m 24s
Rendered 862/5549, time remaining: 11m 36s
Rendered 863/5549, time remaining: 11m 34s
Rendered 864/5549, time remaining: 11m 44s
Rendered 865/5549, time remaining: 11m 56s
Rendered 866/5549, time remaining: 12m 3s
Rendered 867/5549, time remaining: 11m 48s
Rendered 868/5549, time remaining: 11m 52s
Rendered 869/5549, time remaining: 12m 9s
Rendered 870/5549, time remaining: 12m 12s
Rendered 871/5549, time remaining: 12m 10s
Rendered 872/5549, time remaining: 12m 9s
Rendered 873/5549, time remaining: 12m 7s
Rendered 874/5549, time remaining: 12m 4s
Rendered 875/5549, time remaining: 11m 52s
Rendered 876/5549, time remaining: 11m 52s
Rendered 877/5549, time remaining: 12m 12s
Rendered 878/5549, time remaining: 12m 10s
Rendered 879/5549, time remaining: 12m 11s
Rendered 880/5549, time remaining: 12m 11s
Rendered 881/5549, time remaining: 12m 11s
Rendered 882/5549, time remaining: 12m 8s
Rendered 883/5549, time remaining: 11m 55s
Rendered 884/5549, time remaining: 11m 56s
Rendered 885/5549, time remaining: 12m 19s
Rendered 886/5549, time remaining: 12m 19s
Rendered 887/5549, time remaining: 12m 22s
Rendered 888/5549, time remaining: 12m 22s
Rendered 889/5549, time remaining: 12m 22s
Rendered 890/5549, time remaining: 12m 15s
Rendered 891/5549, time remaining: 12m 17s
Rendered 892/5549, time remaining: 12m 13s
Rendered 893/5549, time remaining: 12m 36s
Rendered 894/5549, time remaining: 12m 40s
Rendered 895/5549, time remaining: 12m 39s
Rendered 896/5549, time remaining: 12m 41s
Rendered 897/5549, time remaining: 12m 40s
Rendered 898/5549, time remaining: 12m 41s
Rendered 899/5549, time remaining: 12m 33s
Rendered 900/5549, time remaining: 12m 34s
Rendered 901/5549, time remaining: 13m 7s
Rendered 902/5549, time remaining: 13m 8s
Rendered 903/5549, time remaining: 13m 7s
Rendered 904/5549, time remaining: 13m 8s
Rendered 905/5549, time remaining: 13m 7s
Rendered 906/5549, time remaining: 13m 6s
Rendered 907/5549, time remaining: 13m 2s
Rendered 908/5549, time remaining: 12m 57s
Rendered 909/5549, time remaining: 13m 14s
Rendered 910/5549, time remaining: 13m 14s
Rendered 911/5549, time remaining: 13m 15s
Rendered 912/5549, time remaining: 13m 15s
Rendered 913/5549, time remaining: 13m 13s
Rendered 914/5549, time remaining: 13m 12s
Rendered 915/5549, time remaining: 13m 8s
Rendered 916/5549, time remaining: 13m 15s
Rendered 917/5549, time remaining: 13m 25s
Rendered 918/5549, time remaining: 13m 27s
Rendered 919/5549, time remaining: 13m 18s
Rendered 920/5549, time remaining: 13m 15s
Rendered 921/5549, time remaining: 13m 15s
Rendered 922/5549, time remaining: 13m 16s
Rendered 923/5549, time remaining: 13m 13s
Rendered 924/5549, time remaining: 13m 13s
Rendered 925/5549, time remaining: 13m 18s
Rendered 926/5549, time remaining: 13m 24s
Rendered 927/5549, time remaining: 13m 15s
Rendered 928/5549, time remaining: 13m 10s
Rendered 929/5549, time remaining: 13m 9s
Rendered 930/5549, time remaining: 13m 5s
Rendered 931/5549, time remaining: 13m 4s
Rendered 932/5549, time remaining: 13m 5s
Rendered 933/5549, time remaining: 13m 12s
Rendered 934/5549, time remaining: 13m 20s
Rendered 935/5549, time remaining: 13m 16s
Rendered 936/5549, time remaining: 13m 15s
Rendered 937/5549, time remaining: 13m 15s
Rendered 938/5549, time remaining: 13m 12s
Rendered 939/5549, time remaining: 13m 12s
Rendered 940/5549, time remaining: 13m 10s
Rendered 941/5549, time remaining: 13m 15s
Rendered 942/5549, time remaining: 13m 17s
Rendered 943/5549, time remaining: 13m 19s
Rendered 944/5549, time remaining: 13m 16s
Rendered 945/5549, time remaining: 13m 17s
Rendered 946/5549, time remaining: 13m 12s
Rendered 947/5549, time remaining: 13m 12s
Rendered 948/5549, time remaining: 13m 9s
Rendered 949/5549, time remaining: 13m 15s
Rendered 950/5549, time remaining: 13m 20s
Rendered 951/5549, time remaining: 13m 21s
Rendered 952/5549, time remaining: 13m 18s
Rendered 953/5549, time remaining: 13m 19s
Rendered 954/5549, time remaining: 13m 21s
Rendered 955/5549, time remaining: 13m 14s
Rendered 956/5549, time remaining: 13m 11s
Rendered 957/5549, time remaining: 13m 17s
Rendered 958/5549, time remaining: 13m 14s
Rendered 959/5549, time remaining: 13m 21s
Rendered 960/5549, time remaining: 13m 23s
Rendered 961/5549, time remaining: 13m 22s
Rendered 962/5549, time remaining: 13m 20s
Rendered 963/5549, time remaining: 13m 16s
Rendered 964/5549, time remaining: 13m 15s
Rendered 965/5549, time remaining: 13m 17s
Rendered 966/5549, time remaining: 13m 22s
Rendered 967/5549, time remaining: 13m 23s
Rendered 968/5549, time remaining: 13m 20s
Rendered 969/5549, time remaining: 13m 17s
Rendered 970/5549, time remaining: 13m 15s
Rendered 971/5549, time remaining: 13m 11s
Rendered 972/5549, time remaining: 13m 12s
Rendered 973/5549, time remaining: 13m 15s
Rendered 974/5549, time remaining: 13m 15s
Rendered 975/5549, time remaining: 13m 12s
Rendered 976/5549, time remaining: 13m 8s
Rendered 977/5549, time remaining: 13m 0s
Rendered 978/5549, time remaining: 13m 1s
Rendered 979/5549, time remaining: 12m 55s
Rendered 980/5549, time remaining: 12m 55s
Rendered 981/5549, time remaining: 12m 55s
Rendered 982/5549, time remaining: 12m 57s
Rendered 983/5549, time remaining: 12m 55s
Rendered 984/5549, time remaining: 12m 54s
Rendered 985/5549, time remaining: 12m 52s
Rendered 986/5549, time remaining: 12m 55s
Rendered 987/5549, time remaining: 12m 37s
Rendered 988/5549, time remaining: 12m 37s
Rendered 989/5549, time remaining: 12m 36s
Rendered 990/5549, time remaining: 12m 48s
Rendered 991/5549, time remaining: 12m 47s
Rendered 992/5549, time remaining: 12m 48s
Rendered 993/5549, time remaining: 12m 49s
Rendered 994/5549, time remaining: 12m 49s
Rendered 995/5549, time remaining: 12m 19s
Rendered 996/5549, time remaining: 12m 21s
Rendered 997/5549, time remaining: 12m 23s
Rendered 998/5549, time remaining: 12m 31s
Rendered 999/5549, time remaining: 12m 33s
Rendered 1000/5549, time remaining: 12m 34s
Rendered 1001/5549, time remaining: 12m 34s
Rendered 1002/5549, time remaining: 12m 34s
Rendered 1003/5549, time remaining: 12m 15s
Rendered 1004/5549, time remaining: 12m 14s
Rendered 1005/5549, time remaining: 12m 17s
Rendered 1006/5549, time remaining: 12m 26s
Rendered 1007/5549, time remaining: 12m 28s
Rendered 1008/5549, time remaining: 12m 33s
Rendered 1009/5549, time remaining: 12m 33s
Rendered 1010/5549, time remaining: 12m 32s
Rendered 1011/5549, time remaining: 12m 15s
Rendered 1012/5549, time remaining: 12m 9s
Rendered 1013/5549, time remaining: 12m 16s
Rendered 1014/5549, time remaining: 12m 15s
Rendered 1015/5549, time remaining: 12m 10s
Rendered 1016/5549, time remaining: 12m 5s
Rendered 1017/5549, time remaining: 12m 4s
Rendered 1018/5549, time remaining: 12m 2s
Rendered 1019/5549, time remaining: 11m 43s
Rendered 1020/5549, time remaining: 11m 40s
Rendered 1021/5549, time remaining: 11m 44s
Rendered 1022/5549, time remaining: 11m 52s
Rendered 1023/5549, time remaining: 11m 58s
Rendered 1024/5549, time remaining: 12m 0s
Rendered 1025/5549, time remaining: 12m 1s
Rendered 1026/5549, time remaining: 12m 0s
Rendered 1027/5549, time remaining: 11m 41s
Rendered 1028/5549, time remaining: 11m 44s
Rendered 1029/5549, time remaining: 11m 44s
Rendered 1030/5549, time remaining: 11m 56s
Rendered 1031/5549, time remaining: 12m 2s
Rendered 1032/5549, time remaining: 12m 7s
Rendered 1033/5549, time remaining: 12m 8s
Rendered 1034/5549, time remaining: 12m 9s
Rendered 1035/5549, time remaining: 11m 47s
Rendered 1036/5549, time remaining: 11m 53s
Rendered 1037/5549, time remaining: 11m 55s
Rendered 1038/5549, time remaining: 11m 56s
Rendered 1039/5549, time remaining: 12m 2s
Rendered 1040/5549, time remaining: 12m 1s
Rendered 1041/5549, time remaining: 11m 59s
Rendered 1042/5549, time remaining: 12m 1s
Rendered 1043/5549, time remaining: 11m 38s
Rendered 1044/5549, time remaining: 11m 36s
Rendered 1045/5549, time remaining: 11m 35s
Rendered 1046/5549, time remaining: 11m 35s
Rendered 1047/5549, time remaining: 11m 48s
Rendered 1048/5549, time remaining: 11m 47s
Rendered 1049/5549, time remaining: 11m 48s
Rendered 1050/5549, time remaining: 11m 46s
Rendered 1051/5549, time remaining: 11m 11s
Rendered 1052/5549, time remaining: 11m 9s
Rendered 1053/5549, time remaining: 11m 8s
Rendered 1054/5549, time remaining: 11m 7s
Rendered 1055/5549, time remaining: 11m 26s
Rendered 1056/5549, time remaining: 11m 25s
Rendered 1057/5549, time remaining: 11m 23s
Rendered 1058/5549, time remaining: 11m 23s
Rendered 1059/5549, time remaining: 11m 5s
Rendered 1060/5549, time remaining: 11m 5s
Rendered 1061/5549, time remaining: 11m 1s
Rendered 1062/5549, time remaining: 11m 1s
Rendered 1063/5549, time remaining: 11m 17s
Rendered 1064/5549, time remaining: 11m 17s
Rendered 1065/5549, time remaining: 11m 17s
Rendered 1066/5549, time remaining: 11m 10s
Rendered 1067/5549, time remaining: 10m 57s
Rendered 1068/5549, time remaining: 10m 55s
Rendered 1069/5549, time remaining: 10m 54s
Rendered 1070/5549, time remaining: 10m 54s
Rendered 1071/5549, time remaining: 11m 3s
Rendered 1072/5549, time remaining: 11m 12s
Rendered 1073/5549, time remaining: 11m 12s
Rendered 1074/5549, time remaining: 11m 9s
Rendered 1075/5549, time remaining: 10m 59s
Rendered 1076/5549, time remaining: 10m 57s
Rendered 1077/5549, time remaining: 10m 56s
Rendered 1078/5549, time remaining: 11m 5s
Rendered 1079/5549, time remaining: 11m 5s
Rendered 1080/5549, time remaining: 11m 21s
Rendered 1081/5549, time remaining: 11m 22s
Rendered 1082/5549, time remaining: 11m 19s
Rendered 1083/5549, time remaining: 11m 12s
Rendered 1084/5549, time remaining: 11m 9s
Rendered 1085/5549, time remaining: 11m 10s
Rendered 1086/5549, time remaining: 11m 17s
Rendered 1087/5549, time remaining: 11m 20s
Rendered 1088/5549, time remaining: 11m 39s
Rendered 1089/5549, time remaining: 11m 40s
Rendered 1090/5549, time remaining: 11m 39s
Rendered 1091/5549, time remaining: 11m 33s
Rendered 1092/5549, time remaining: 11m 30s
Rendered 1093/5549, time remaining: 11m 31s
Rendered 1094/5549, time remaining: 11m 38s
Rendered 1095/5549, time remaining: 11m 44s
Rendered 1096/5549, time remaining: 11m 53s
Rendered 1097/5549, time remaining: 11m 54s
Rendered 1098/5549, time remaining: 11m 53s
Rendered 1099/5549, time remaining: 11m 43s
Rendered 1100/5549, time remaining: 11m 41s
Rendered 1101/5549, time remaining: 11m 40s
Rendered 1102/5549, time remaining: 11m 40s
Rendered 1103/5549, time remaining: 11m 49s
Rendered 1104/5549, time remaining: 12m 0s
Rendered 1105/5549, time remaining: 12m 1s
Rendered 1106/5549, time remaining: 12m 1s
Rendered 1107/5549, time remaining: 11m 54s
Rendered 1108/5549, time remaining: 11m 55s
Rendered 1109/5549, time remaining: 11m 46s
Rendered 1110/5549, time remaining: 11m 46s
Rendered 1111/5549, time remaining: 12m 1s
Rendered 1112/5549, time remaining: 12m 4s
Rendered 1113/5549, time remaining: 12m 4s
Rendered 1114/5549, time remaining: 12m 5s
Rendered 1115/5549, time remaining: 11m 59s
Rendered 1116/5549, time remaining: 11m 54s
Rendered 1117/5549, time remaining: 11m 51s
Rendered 1118/5549, time remaining: 11m 49s
Rendered 1119/5549, time remaining: 11m 57s
Rendered 1120/5549, time remaining: 12m 4s
Rendered 1121/5549, time remaining: 12m 3s
Rendered 1122/5549, time remaining: 12m 2s
Rendered 1123/5549, time remaining: 11m 57s
Rendered 1124/5549, time remaining: 11m 53s
Rendered 1125/5549, time remaining: 11m 52s
Rendered 1126/5549, time remaining: 11m 52s
Rendered 1127/5549, time remaining: 11m 59s
Rendered 1128/5549, time remaining: 11m 57s
Rendered 1129/5549, time remaining: 11m 57s
Rendered 1130/5549, time remaining: 11m 56s
Rendered 1131/5549, time remaining: 11m 50s
Rendered 1132/5549, time remaining: 11m 53s
Rendered 1133/5549, time remaining: 11m 53s
Rendered 1134/5549, time remaining: 11m 50s
Rendered 1135/5549, time remaining: 11m 57s
Rendered 1136/5549, time remaining: 11m 54s
Rendered 1137/5549, time remaining: 11m 56s
Rendered 1138/5549, time remaining: 11m 55s
Rendered 1139/5549, time remaining: 11m 52s
Rendered 1140/5549, time remaining: 11m 41s
Rendered 1141/5549, time remaining: 11m 41s
Rendered 1142/5549, time remaining: 11m 43s
Rendered 1143/5549, time remaining: 11m 53s
Rendered 1144/5549, time remaining: 11m 54s
Rendered 1145/5549, time remaining: 11m 55s
Rendered 1146/5549, time remaining: 11m 52s
Rendered 1147/5549, time remaining: 11m 50s
Rendered 1148/5549, time remaining: 11m 41s
Rendered 1149/5549, time remaining: 11m 39s
Rendered 1150/5549, time remaining: 11m 40s
Rendered 1151/5549, time remaining: 11m 40s
Rendered 1152/5549, time remaining: 11m 51s
Rendered 1153/5549, time remaining: 11m 50s
Rendered 1154/5549, time remaining: 11m 50s
Rendered 1155/5549, time remaining: 11m 47s
Rendered 1156/5549, time remaining: 11m 36s
Rendered 1157/5549, time remaining: 11m 35s
Rendered 1158/5549, time remaining: 11m 31s
Rendered 1159/5549, time remaining: 11m 30s
Rendered 1160/5549, time remaining: 11m 46s
Rendered 1161/5549, time remaining: 11m 44s
Rendered 1162/5549, time remaining: 11m 39s
Rendered 1163/5549, time remaining: 11m 33s
Rendered 1164/5549, time remaining: 11m 24s
Rendered 1165/5549, time remaining: 11m 18s
Rendered 1166/5549, time remaining: 11m 15s
Rendered 1167/5549, time remaining: 11m 14s
Rendered 1168/5549, time remaining: 11m 27s
Rendered 1169/5549, time remaining: 11m 28s
Rendered 1170/5549, time remaining: 11m 28s
Rendered 1171/5549, time remaining: 11m 26s
Rendered 1172/5549, time remaining: 11m 19s
Rendered 1173/5549, time remaining: 11m 14s
Rendered 1174/5549, time remaining: 11m 12s
Rendered 1175/5549, time remaining: 11m 13s
Rendered 1176/5549, time remaining: 11m 28s
Rendered 1177/5549, time remaining: 11m 28s
Rendered 1178/5549, time remaining: 11m 24s
Rendered 1179/5549, time remaining: 11m 24s
Rendered 1180/5549, time remaining: 11m 12s
Rendered 1181/5549, time remaining: 11m 5s
Rendered 1182/5549, time remaining: 10m 59s
Rendered 1183/5549, time remaining: 10m 57s
Rendered 1184/5549, time remaining: 11m 12s
Rendered 1185/5549, time remaining: 11m 12s
Rendered 1186/5549, time remaining: 11m 5s
Rendered 1187/5549, time remaining: 11m 0s
Rendered 1188/5549, time remaining: 10m 58s
Rendered 1189/5549, time remaining: 10m 52s
Rendered 1190/5549, time remaining: 10m 52s
Rendered 1191/5549, time remaining: 10m 47s
Rendered 1192/5549, time remaining: 11m 2s
Rendered 1193/5549, time remaining: 11m 1s
Rendered 1194/5549, time remaining: 10m 58s
Rendered 1195/5549, time remaining: 10m 59s
Rendered 1196/5549, time remaining: 10m 57s
Rendered 1197/5549, time remaining: 10m 43s
Rendered 1198/5549, time remaining: 10m 42s
Rendered 1199/5549, time remaining: 10m 43s
Rendered 1200/5549, time remaining: 10m 56s
Rendered 1201/5549, time remaining: 10m 56s
Rendered 1202/5549, time remaining: 10m 57s
Rendered 1203/5549, time remaining: 10m 57s
Rendered 1204/5549, time remaining: 10m 56s
Rendered 1205/5549, time remaining: 10m 37s
Rendered 1206/5549, time remaining: 10m 38s
Rendered 1207/5549, time remaining: 10m 45s
Rendered 1208/5549, time remaining: 10m 52s
Rendered 1209/5549, time remaining: 10m 53s
Rendered 1210/5549, time remaining: 10m 52s
Rendered 1211/5549, time remaining: 10m 53s
Rendered 1212/5549, time remaining: 10m 52s
Rendered 1213/5549, time remaining: 10m 37s
Rendered 1214/5549, time remaining: 10m 37s
Rendered 1215/5549, time remaining: 10m 38s
Rendered 1216/5549, time remaining: 10m 53s
Rendered 1217/5549, time remaining: 10m 55s
Rendered 1218/5549, time remaining: 10m 53s
Rendered 1219/5549, time remaining: 10m 52s
Rendered 1220/5549, time remaining: 10m 52s
Rendered 1221/5549, time remaining: 10m 44s
Rendered 1222/5549, time remaining: 10m 32s
Rendered 1223/5549, time remaining: 10m 37s
Rendered 1224/5549, time remaining: 10m 47s
Rendered 1225/5549, time remaining: 10m 46s
Rendered 1226/5549, time remaining: 10m 42s
Rendered 1227/5549, time remaining: 10m 41s
Rendered 1228/5549, time remaining: 10m 34s
Rendered 1229/5549, time remaining: 10m 33s
Rendered 1230/5549, time remaining: 10m 18s
Rendered 1231/5549, time remaining: 10m 20s
Rendered 1232/5549, time remaining: 10m 33s
Rendered 1233/5549, time remaining: 10m 31s
Rendered 1234/5549, time remaining: 10m 26s
Rendered 1235/5549, time remaining: 10m 23s
Rendered 1236/5549, time remaining: 10m 14s
Rendered 1237/5549, time remaining: 10m 11s
Rendered 1238/5549, time remaining: 9m 52s
Rendered 1239/5549, time remaining: 9m 50s
Rendered 1240/5549, time remaining: 10m 4s
Rendered 1241/5549, time remaining: 10m 1s
Rendered 1242/5549, time remaining: 10m 0s
Rendered 1243/5549, time remaining: 9m 57s
Rendered 1244/5549, time remaining: 9m 49s
Rendered 1245/5549, time remaining: 9m 43s
Rendered 1246/5549, time remaining: 9m 35s
Rendered 1247/5549, time remaining: 9m 33s
Rendered 1248/5549, time remaining: 9m 46s
Rendered 1249/5549, time remaining: 9m 47s
Rendered 1250/5549, time remaining: 9m 45s
Rendered 1251/5549, time remaining: 9m 45s
Rendered 1252/5549, time remaining: 9m 45s
Rendered 1253/5549, time remaining: 9m 35s
Rendered 1254/5549, time remaining: 9m 24s
Rendered 1255/5549, time remaining: 9m 23s
Rendered 1256/5549, time remaining: 9m 37s
Rendered 1257/5549, time remaining: 9m 37s
Rendered 1258/5549, time remaining: 9m 35s
Rendered 1259/5549, time remaining: 9m 35s
Rendered 1260/5549, time remaining: 9m 34s
Rendered 1261/5549, time remaining: 9m 20s
Rendered 1262/5549, time remaining: 9m 18s
Rendered 1263/5549, time remaining: 9m 18s
Rendered 1264/5549, time remaining: 9m 31s
Rendered 1265/5549, time remaining: 9m 31s
Rendered 1266/5549, time remaining: 9m 32s
Rendered 1267/5549, time remaining: 9m 34s
Rendered 1268/5549, time remaining: 9m 33s
Rendered 1269/5549, time remaining: 9m 25s
Rendered 1270/5549, time remaining: 9m 19s
Rendered 1271/5549, time remaining: 9m 22s
Rendered 1272/5549, time remaining: 9m 29s
Rendered 1273/5549, time remaining: 9m 29s
Rendered 1274/5549, time remaining: 9m 31s
Rendered 1275/5549, time remaining: 9m 27s
Rendered 1276/5549, time remaining: 9m 27s
Rendered 1277/5549, time remaining: 9m 21s
Rendered 1278/5549, time remaining: 9m 24s
Rendered 1279/5549, time remaining: 9m 22s
Rendered 1280/5549, time remaining: 9m 29s
Rendered 1281/5549, time remaining: 9m 31s
Rendered 1282/5549, time remaining: 9m 25s
Rendered 1283/5549, time remaining: 9m 22s
Rendered 1284/5549, time remaining: 9m 25s
Rendered 1285/5549, time remaining: 9m 18s
Rendered 1286/5549, time remaining: 9m 17s
Rendered 1287/5549, time remaining: 9m 20s
Rendered 1288/5549, time remaining: 9m 29s
Rendered 1289/5549, time remaining: 9m 29s
Rendered 1290/5549, time remaining: 9m 26s
Rendered 1291/5549, time remaining: 9m 26s
Rendered 1292/5549, time remaining: 9m 31s
Rendered 1293/5549, time remaining: 9m 19s
Rendered 1294/5549, time remaining: 9m 18s
Rendered 1295/5549, time remaining: 9m 21s
Rendered 1296/5549, time remaining: 9m 27s
Rendered 1297/5549, time remaining: 9m 27s
Rendered 1298/5549, time remaining: 9m 29s
Rendered 1299/5549, time remaining: 9m 29s
Rendered 1300/5549, time remaining: 9m 29s
Rendered 1301/5549, time remaining: 9m 28s
Rendered 1302/5549, time remaining: 9m 22s
Rendered 1303/5549, time remaining: 9m 28s
Rendered 1304/5549, time remaining: 9m 32s
Rendered 1305/5549, time remaining: 9m 33s
Rendered 1306/5549, time remaining: 9m 33s
Rendered 1307/5549, time remaining: 9m 34s
Rendered 1308/5549, time remaining: 9m 35s
Rendered 1309/5549, time remaining: 9m 36s
Rendered 1310/5549, time remaining: 9m 24s
Rendered 1311/5549, time remaining: 9m 27s
Rendered 1312/5549, time remaining: 9m 29s
Rendered 1313/5549, time remaining: 9m 31s
Rendered 1314/5549, time remaining: 9m 30s
Rendered 1315/5549, time remaining: 9m 31s
Rendered 1316/5549, time remaining: 9m 34s
Rendered 1317/5549, time remaining: 9m 36s
Rendered 1318/5549, time remaining: 9m 32s
Rendered 1319/5549, time remaining: 9m 31s
Rendered 1320/5549, time remaining: 9m 30s
Rendered 1321/5549, time remaining: 9m 32s
Rendered 1322/5549, time remaining: 9m 32s
Rendered 1323/5549, time remaining: 9m 32s
Rendered 1324/5549, time remaining: 9m 35s
Rendered 1325/5549, time remaining: 9m 38s
Rendered 1326/5549, time remaining: 9m 29s
Rendered 1327/5549, time remaining: 9m 29s
Rendered 1328/5549, time remaining: 9m 29s
Rendered 1329/5549, time remaining: 9m 30s
Rendered 1330/5549, time remaining: 9m 31s
Rendered 1331/5549, time remaining: 9m 33s
Rendered 1332/5549, time remaining: 9m 33s
Rendered 1333/5549, time remaining: 9m 37s
Rendered 1334/5549, time remaining: 9m 31s
Rendered 1335/5549, time remaining: 9m 34s
Rendered 1336/5549, time remaining: 9m 35s
Rendered 1337/5549, time remaining: 9m 36s
Rendered 1338/5549, time remaining: 9m 36s
Rendered 1339/5549, time remaining: 9m 37s
Rendered 1340/5549, time remaining: 9m 37s
Rendered 1341/5549, time remaining: 9m 42s
Rendered 1342/5549, time remaining: 9m 28s
Rendered 1343/5549, time remaining: 9m 33s
Rendered 1344/5549, time remaining: 9m 37s
Rendered 1345/5549, time remaining: 9m 35s
Rendered 1346/5549, time remaining: 9m 35s
Rendered 1347/5549, time remaining: 9m 39s
Rendered 1348/5549, time remaining: 9m 40s
Rendered 1349/5549, time remaining: 9m 38s
Rendered 1350/5549, time remaining: 9m 36s
Rendered 1351/5549, time remaining: 9m 44s
Rendered 1352/5549, time remaining: 9m 45s
Rendered 1353/5549, time remaining: 9m 48s
Rendered 1354/5549, time remaining: 9m 49s
Rendered 1355/5549, time remaining: 9m 50s
Rendered 1356/5549, time remaining: 9m 52s
Rendered 1357/5549, time remaining: 9m 48s
Rendered 1358/5549, time remaining: 9m 47s
Rendered 1359/5549, time remaining: 9m 47s
Rendered 1360/5549, time remaining: 9m 48s
Rendered 1361/5549, time remaining: 9m 53s
Rendered 1362/5549, time remaining: 9m 52s
Rendered 1363/5549, time remaining: 9m 56s
Rendered 1364/5549, time remaining: 9m 56s
Rendered 1365/5549, time remaining: 10m 1s
Rendered 1366/5549, time remaining: 9m 47s
Rendered 1367/5549, time remaining: 9m 46s
Rendered 1368/5549, time remaining: 9m 51s
Rendered 1369/5549, time remaining: 9m 54s
Rendered 1370/5549, time remaining: 9m 54s
Rendered 1371/5549, time remaining: 10m 0s
Rendered 1372/5549, time remaining: 10m 1s
Rendered 1373/5549, time remaining: 10m 5s
Rendered 1374/5549, time remaining: 10m 1s
Rendered 1375/5549, time remaining: 10m 1s
Rendered 1376/5549, time remaining: 10m 2s
Rendered 1377/5549, time remaining: 10m 4s
Rendered 1378/5549, time remaining: 10m 8s
Rendered 1379/5549, time remaining: 10m 8s
Rendered 1380/5549, time remaining: 10m 8s
Rendered 1381/5549, time remaining: 10m 12s
Rendered 1382/5549, time remaining: 9m 58s
Rendered 1383/5549, time remaining: 9m 59s
Rendered 1384/5549, time remaining: 10m 1s
Rendered 1385/5549, time remaining: 10m 1s
Rendered 1386/5549, time remaining: 10m 1s
Rendered 1387/5549, time remaining: 10m 1s
Rendered 1388/5549, time remaining: 10m 1s
Rendered 1389/5549, time remaining: 10m 16s
Rendered 1390/5549, time remaining: 10m 1s
Rendered 1391/5549, time remaining: 10m 2s
Rendered 1392/5549, time remaining: 10m 2s
Rendered 1393/5549, time remaining: 10m 2s
Rendered 1394/5549, time remaining: 10m 2s
Rendered 1395/5549, time remaining: 10m 2s
Rendered 1396/5549, time remaining: 10m 1s
Rendered 1397/5549, time remaining: 10m 13s
Rendered 1398/5549, time remaining: 10m 4s
Rendered 1399/5549, time remaining: 10m 1s
Rendered 1400/5549, time remaining: 10m 2s
Rendered 1401/5549, time remaining: 10m 2s
Rendered 1402/5549, time remaining: 10m 3s
Rendered 1403/5549, time remaining: 10m 2s
Rendered 1404/5549, time remaining: 10m 1s
Rendered 1405/5549, time remaining: 10m 17s
Rendered 1406/5549, time remaining: 10m 3s
Rendered 1407/5549, time remaining: 10m 3s
Rendered 1408/5549, time remaining: 10m 9s
Rendered 1409/5549, time remaining: 10m 13s
Rendered 1410/5549, time remaining: 10m 16s
Rendered 1411/5549, time remaining: 10m 16s
Rendered 1412/5549, time remaining: 10m 14s
Rendered 1413/5549, time remaining: 10m 14s
Rendered 1414/5549, time remaining: 10m 0s
Rendered 1415/5549, time remaining: 10m 4s
Rendered 1416/5549, time remaining: 10m 8s
Rendered 1417/5549, time remaining: 10m 6s
Rendered 1418/5549, time remaining: 10m 7s
Rendered 1419/5549, time remaining: 10m 8s
Rendered 1420/5549, time remaining: 10m 8s
Rendered 1421/5549, time remaining: 10m 5s
Rendered 1422/5549, time remaining: 9m 58s
Rendered 1423/5549, time remaining: 10m 1s
Rendered 1424/5549, time remaining: 10m 1s
Rendered 1425/5549, time remaining: 10m 1s
Rendered 1426/5549, time remaining: 10m 10s
Rendered 1427/5549, time remaining: 10m 9s
Rendered 1428/5549, time remaining: 10m 7s
Rendered 1429/5549, time remaining: 10m 4s
Rendered 1430/5549, time remaining: 9m 56s
Rendered 1431/5549, time remaining: 9m 55s
Rendered 1432/5549, time remaining: 10m 0s
Rendered 1433/5549, time remaining: 10m 2s
Rendered 1434/5549, time remaining: 10m 7s
Rendered 1435/5549, time remaining: 10m 5s
Rendered 1436/5549, time remaining: 10m 4s
Rendered 1437/5549, time remaining: 10m 0s
Rendered 1438/5549, time remaining: 9m 58s
Rendered 1439/5549, time remaining: 9m 56s
Rendered 1440/5549, time remaining: 9m 55s
Rendered 1441/5549, time remaining: 9m 56s
Rendered 1442/5549, time remaining: 9m 52s
Rendered 1443/5549, time remaining: 9m 55s
Rendered 1444/5549, time remaining: 9m 56s
Rendered 1445/5549, time remaining: 9m 53s
Rendered 1446/5549, time remaining: 9m 53s
Rendered 1447/5549, time remaining: 9m 51s
Rendered 1448/5549, time remaining: 9m 48s
Rendered 1449/5549, time remaining: 9m 50s
Rendered 1450/5549, time remaining: 9m 51s
Rendered 1451/5549, time remaining: 9m 56s
Rendered 1452/5549, time remaining: 9m 53s
Rendered 1453/5549, time remaining: 9m 48s
Rendered 1454/5549, time remaining: 9m 48s
Rendered 1455/5549, time remaining: 9m 47s
Rendered 1456/5549, time remaining: 9m 48s
Rendered 1457/5549, time remaining: 9m 47s
Rendered 1458/5549, time remaining: 9m 46s
Rendered 1459/5549, time remaining: 9m 50s
Rendered 1460/5549, time remaining: 9m 47s
Rendered 1461/5549, time remaining: 9m 46s
Rendered 1462/5549, time remaining: 9m 44s
Rendered 1463/5549, time remaining: 9m 43s
Rendered 1464/5549, time remaining: 9m 43s
Rendered 1465/5549, time remaining: 9m 43s
Rendered 1466/5549, time remaining: 9m 44s
Rendered 1467/5549, time remaining: 9m 41s
Rendered 1468/5549, time remaining: 9m 38s
Rendered 1469/5549, time remaining: 9m 40s
Rendered 1470/5549, time remaining: 9m 41s
Rendered 1471/5549, time remaining: 9m 40s
Rendered 1472/5549, time remaining: 9m 39s
Rendered 1473/5549, time remaining: 9m 41s
Rendered 1474/5549, time remaining: 9m 38s
Rendered 1475/5549, time remaining: 9m 36s
Rendered 1476/5549, time remaining: 9m 36s
Rendered 1477/5549, time remaining: 9m 36s
Rendered 1478/5549, time remaining: 9m 38s
Rendered 1479/5549, time remaining: 9m 37s
Rendered 1480/5549, time remaining: 9m 36s
Rendered 1481/5549, time remaining: 9m 34s
Rendered 1482/5549, time remaining: 9m 36s
Rendered 1483/5549, time remaining: 9m 34s
Rendered 1484/5549, time remaining: 9m 28s
Rendered 1485/5549, time remaining: 9m 28s
Rendered 1486/5549, time remaining: 9m 27s
Rendered 1487/5549, time remaining: 9m 29s
Rendered 1488/5549, time remaining: 9m 28s
Rendered 1489/5549, time remaining: 9m 29s
Rendered 1490/5549, time remaining: 9m 28s
Rendered 1491/5549, time remaining: 9m 25s
Rendered 1492/5549, time remaining: 9m 24s
Rendered 1493/5549, time remaining: 9m 24s
Rendered 1494/5549, time remaining: 9m 21s
Rendered 1495/5549, time remaining: 9m 25s
Rendered 1496/5549, time remaining: 9m 27s
Rendered 1497/5549, time remaining: 9m 24s
Rendered 1498/5549, time remaining: 9m 22s
Rendered 1499/5549, time remaining: 9m 24s
Rendered 1500/5549, time remaining: 9m 14s
Rendered 1501/5549, time remaining: 9m 7s
Rendered 1502/5549, time remaining: 9m 5s
Rendered 1503/5549, time remaining: 9m 4s
Rendered 1504/5549, time remaining: 9m 7s
Rendered 1505/5549, time remaining: 9m 6s
Rendered 1506/5549, time remaining: 9m 5s
Rendered 1507/5549, time remaining: 9m 2s
Rendered 1508/5549, time remaining: 9m 2s
Rendered 1509/5549, time remaining: 9m 1s
Rendered 1510/5549, time remaining: 8m 59s
Rendered 1511/5549, time remaining: 8m 55s
Rendered 1512/5549, time remaining: 8m 55s
Rendered 1513/5549, time remaining: 8m 53s
Rendered 1514/5549, time remaining: 8m 56s
Rendered 1515/5549, time remaining: 8m 53s
Rendered 1516/5549, time remaining: 9m 0s
Rendered 1517/5549, time remaining: 9m 1s
Rendered 1518/5549, time remaining: 8m 57s
Rendered 1519/5549, time remaining: 8m 54s
Rendered 1520/5549, time remaining: 8m 54s
Rendered 1521/5549, time remaining: 8m 51s
Rendered 1522/5549, time remaining: 8m 50s
Rendered 1523/5549, time remaining: 8m 41s
Rendered 1524/5549, time remaining: 8m 45s
Rendered 1525/5549, time remaining: 8m 45s
Rendered 1526/5549, time remaining: 8m 45s
Rendered 1527/5549, time remaining: 8m 44s
Rendered 1528/5549, time remaining: 8m 38s
Rendered 1529/5549, time remaining: 8m 38s
Rendered 1530/5549, time remaining: 8m 39s
Rendered 1531/5549, time remaining: 8m 31s
Rendered 1532/5549, time remaining: 8m 39s
Rendered 1533/5549, time remaining: 8m 43s
Rendered 1534/5549, time remaining: 8m 41s
Rendered 1535/5549, time remaining: 8m 40s
Rendered 1536/5549, time remaining: 8m 41s
Rendered 1537/5549, time remaining: 8m 40s
Rendered 1538/5549, time remaining: 8m 40s
Rendered 1539/5549, time remaining: 8m 26s
Rendered 1540/5549, time remaining: 8m 32s
Rendered 1541/5549, time remaining: 8m 38s
Rendered 1542/5549, time remaining: 8m 38s
Rendered 1543/5549, time remaining: 8m 37s
Rendered 1544/5549, time remaining: 8m 37s
Rendered 1545/5549, time remaining: 8m 37s
Rendered 1546/5549, time remaining: 8m 37s
Rendered 1547/5549, time remaining: 8m 26s
Rendered 1548/5549, time remaining: 8m 26s
Rendered 1549/5549, time remaining: 8m 33s
Rendered 1550/5549, time remaining: 8m 34s
Rendered 1551/5549, time remaining: 8m 34s
Rendered 1552/5549, time remaining: 8m 33s
Rendered 1553/5549, time remaining: 8m 32s
Rendered 1554/5549, time remaining: 8m 33s
Rendered 1555/5549, time remaining: 8m 17s
Rendered 1556/5549, time remaining: 8m 17s
Rendered 1557/5549, time remaining: 8m 29s
Rendered 1558/5549, time remaining: 8m 22s
Rendered 1559/5549, time remaining: 8m 17s
Rendered 1560/5549, time remaining: 8m 14s
Rendered 1561/5549, time remaining: 8m 13s
Rendered 1562/5549, time remaining: 8m 13s
Rendered 1563/5549, time remaining: 8m 14s
Rendered 1564/5549, time remaining: 8m 14s
Rendered 1565/5549, time remaining: 8m 21s
Rendered 1566/5549, time remaining: 8m 15s
Rendered 1567/5549, time remaining: 8m 14s
Rendered 1568/5549, time remaining: 8m 12s
Rendered 1569/5549, time remaining: 8m 11s
Rendered 1570/5549, time remaining: 8m 13s
Rendered 1571/5549, time remaining: 8m 12s
Rendered 1572/5549, time remaining: 8m 13s
Rendered 1573/5549, time remaining: 8m 18s
Rendered 1574/5549, time remaining: 8m 15s
Rendered 1575/5549, time remaining: 8m 14s
Rendered 1576/5549, time remaining: 8m 6s
Rendered 1577/5549, time remaining: 8m 6s
Rendered 1578/5549, time remaining: 8m 5s
Rendered 1579/5549, time remaining: 8m 6s
Rendered 1580/5549, time remaining: 8m 7s
Rendered 1581/5549, time remaining: 8m 18s
Rendered 1582/5549, time remaining: 8m 14s
Rendered 1583/5549, time remaining: 8m 12s
Rendered 1584/5549, time remaining: 8m 3s
Rendered 1585/5549, time remaining: 8m 5s
Rendered 1586/5549, time remaining: 8m 5s
Rendered 1587/5549, time remaining: 8m 4s
Rendered 1588/5549, time remaining: 7m 58s
Rendered 1589/5549, time remaining: 8m 12s
Rendered 1590/5549, time remaining: 8m 15s
Rendered 1591/5549, time remaining: 8m 14s
Rendered 1592/5549, time remaining: 8m 10s
Rendered 1593/5549, time remaining: 8m 7s
Rendered 1594/5549, time remaining: 8m 5s
Rendered 1595/5549, time remaining: 8m 5s
Rendered 1596/5549, time remaining: 8m 0s
Rendered 1597/5549, time remaining: 8m 13s
Rendered 1598/5549, time remaining: 8m 13s
Rendered 1599/5549, time remaining: 8m 11s
Rendered 1600/5549, time remaining: 8m 7s
Rendered 1601/5549, time remaining: 8m 1s
Rendered 1602/5549, time remaining: 7m 59s
Rendered 1603/5549, time remaining: 7m 57s
Rendered 1604/5549, time remaining: 7m 56s
Rendered 1605/5549, time remaining: 8m 4s
Rendered 1606/5549, time remaining: 8m 3s
Rendered 1607/5549, time remaining: 8m 3s
Rendered 1608/5549, time remaining: 8m 3s
Rendered 1609/5549, time remaining: 7m 58s
Rendered 1610/5549, time remaining: 7m 57s
Rendered 1611/5549, time remaining: 7m 56s
Rendered 1612/5549, time remaining: 7m 55s
Rendered 1613/5549, time remaining: 8m 3s
Rendered 1614/5549, time remaining: 8m 4s
Rendered 1615/5549, time remaining: 8m 3s
Rendered 1616/5549, time remaining: 8m 0s
Rendered 1617/5549, time remaining: 8m 0s
Rendered 1618/5549, time remaining: 7m 54s
Rendered 1619/5549, time remaining: 7m 56s
Rendered 1620/5549, time remaining: 7m 55s
Rendered 1621/5549, time remaining: 8m 0s
Rendered 1622/5549, time remaining: 8m 3s
Rendered 1623/5549, time remaining: 8m 2s
Rendered 1624/5549, time remaining: 8m 1s
Rendered 1625/5549, time remaining: 7m 59s
Rendered 1626/5549, time remaining: 7m 53s
Rendered 1627/5549, time remaining: 7m 53s
Rendered 1628/5549, time remaining: 7m 52s
Rendered 1629/5549, time remaining: 7m 54s
Rendered 1630/5549, time remaining: 8m 5s
Rendered 1631/5549, time remaining: 8m 6s
Rendered 1632/5549, time remaining: 8m 3s
Rendered 1633/5549, time remaining: 8m 0s
Rendered 1634/5549, time remaining: 7m 57s
Rendered 1635/5549, time remaining: 7m 54s
Rendered 1636/5549, time remaining: 7m 54s
Rendered 1637/5549, time remaining: 7m 51s
Rendered 1638/5549, time remaining: 8m 6s
Rendered 1639/5549, time remaining: 8m 4s
Rendered 1640/5549, time remaining: 8m 4s
Rendered 1641/5549, time remaining: 8m 1s
Rendered 1642/5549, time remaining: 8m 1s
Rendered 1643/5549, time remaining: 7m 56s
Rendered 1644/5549, time remaining: 7m 55s
Rendered 1645/5549, time remaining: 7m 53s
Rendered 1646/5549, time remaining: 8m 3s
Rendered 1647/5549, time remaining: 8m 3s
Rendered 1648/5549, time remaining: 8m 3s
Rendered 1649/5549, time remaining: 7m 59s
Rendered 1650/5549, time remaining: 7m 58s
Rendered 1651/5549, time remaining: 7m 57s
Rendered 1652/5549, time remaining: 7m 57s
Rendered 1653/5549, time remaining: 7m 54s
Rendered 1654/5549, time remaining: 8m 5s
Rendered 1655/5549, time remaining: 8m 5s
Rendered 1656/5549, time remaining: 8m 2s
Rendered 1657/5549, time remaining: 8m 2s
Rendered 1658/5549, time remaining: 7m 56s
Rendered 1659/5549, time remaining: 7m 56s
Rendered 1660/5549, time remaining: 7m 56s
Rendered 1661/5549, time remaining: 7m 55s
Rendered 1662/5549, time remaining: 8m 7s
Rendered 1663/5549, time remaining: 8m 7s
Rendered 1664/5549, time remaining: 8m 4s
Rendered 1665/5549, time remaining: 8m 1s
Rendered 1666/5549, time remaining: 7m 53s
Rendered 1667/5549, time remaining: 7m 51s
Rendered 1668/5549, time remaining: 7m 51s
Rendered 1669/5549, time remaining: 7m 51s
Rendered 1670/5549, time remaining: 7m 52s
Rendered 1671/5549, time remaining: 7m 55s
Rendered 1672/5549, time remaining: 7m 56s
Rendered 1673/5549, time remaining: 7m 58s
Rendered 1674/5549, time remaining: 7m 49s
Rendered 1675/5549, time remaining: 7m 47s
Rendered 1676/5549, time remaining: 7m 48s
Rendered 1677/5549, time remaining: 7m 46s
Rendered 1678/5549, time remaining: 7m 48s
Rendered 1679/5549, time remaining: 8m 2s
Rendered 1680/5549, time remaining: 8m 3s
Rendered 1681/5549, time remaining: 8m 3s
Rendered 1682/5549, time remaining: 7m 55s
Rendered 1683/5549, time remaining: 7m 51s
Rendered 1684/5549, time remaining: 7m 50s
Rendered 1685/5549, time remaining: 7m 52s
Rendered 1686/5549, time remaining: 7m 52s
Rendered 1687/5549, time remaining: 8m 1s
Rendered 1688/5549, time remaining: 8m 4s
Rendered 1689/5549, time remaining: 8m 3s
Rendered 1690/5549, time remaining: 7m 58s
Rendered 1691/5549, time remaining: 7m 50s
Rendered 1692/5549, time remaining: 7m 51s
Rendered 1693/5549, time remaining: 7m 51s
Rendered 1694/5549, time remaining: 7m 51s
Rendered 1695/5549, time remaining: 8m 1s
Rendered 1696/5549, time remaining: 8m 3s
Rendered 1697/5549, time remaining: 8m 3s
Rendered 1698/5549, time remaining: 7m 58s
Rendered 1699/5549, time remaining: 7m 51s
Rendered 1700/5549, time remaining: 7m 49s
Rendered 1701/5549, time remaining: 7m 49s
Rendered 1702/5549, time remaining: 7m 49s
Rendered 1703/5549, time remaining: 7m 59s
Rendered 1704/5549, time remaining: 8m 1s
Rendered 1705/5549, time remaining: 8m 1s
Rendered 1706/5549, time remaining: 8m 0s
Rendered 1707/5549, time remaining: 7m 47s
Rendered 1708/5549, time remaining: 7m 48s
Rendered 1709/5549, time remaining: 7m 49s
Rendered 1710/5549, time remaining: 7m 48s
Rendered 1711/5549, time remaining: 7m 58s
Rendered 1712/5549, time remaining: 8m 0s
Rendered 1713/5549, time remaining: 7m 58s
Rendered 1714/5549, time remaining: 7m 59s
Rendered 1715/5549, time remaining: 7m 48s
Rendered 1716/5549, time remaining: 7m 50s
Rendered 1717/5549, time remaining: 7m 50s
Rendered 1718/5549, time remaining: 7m 54s
Rendered 1719/5549, time remaining: 8m 3s
Rendered 1720/5549, time remaining: 8m 2s
Rendered 1721/5549, time remaining: 8m 2s
Rendered 1722/5549, time remaining: 8m 1s
Rendered 1723/5549, time remaining: 7m 52s
Rendered 1724/5549, time remaining: 7m 52s
Rendered 1725/5549, time remaining: 7m 52s
Rendered 1726/5549, time remaining: 7m 52s
Rendered 1727/5549, time remaining: 8m 3s
Rendered 1728/5549, time remaining: 8m 5s
Rendered 1729/5549, time remaining: 8m 5s
Rendered 1730/5549, time remaining: 8m 4s
Rendered 1731/5549, time remaining: 7m 52s
Rendered 1732/5549, time remaining: 7m 51s
Rendered 1733/5549, time remaining: 7m 53s
Rendered 1734/5549, time remaining: 7m 52s
Rendered 1735/5549, time remaining: 8m 3s
Rendered 1736/5549, time remaining: 8m 3s
Rendered 1737/5549, time remaining: 8m 3s
Rendered 1738/5549, time remaining: 8m 3s
Rendered 1739/5549, time remaining: 7m 51s
Rendered 1740/5549, time remaining: 7m 49s
Rendered 1741/5549, time remaining: 7m 50s
Rendered 1742/5549, time remaining: 7m 50s
Rendered 1743/5549, time remaining: 8m 2s
Rendered 1744/5549, time remaining: 8m 2s
Rendered 1745/5549, time remaining: 8m 1s
Rendered 1746/5549, time remaining: 8m 1s
Rendered 1747/5549, time remaining: 7m 49s
Rendered 1748/5549, time remaining: 7m 50s
Rendered 1749/5549, time remaining: 7m 50s
Rendered 1750/5549, time remaining: 7m 49s
Rendered 1751/5549, time remaining: 8m 2s
Rendered 1752/5549, time remaining: 8m 3s
Rendered 1753/5549, time remaining: 8m 3s
Rendered 1754/5549, time remaining: 8m 0s
Rendered 1755/5549, time remaining: 7m 53s
Rendered 1756/5549, time remaining: 7m 52s
Rendered 1757/5549, time remaining: 7m 50s
Rendered 1758/5549, time remaining: 7m 50s
Rendered 1759/5549, time remaining: 8m 6s
Rendered 1760/5549, time remaining: 8m 6s
Rendered 1761/5549, time remaining: 8m 4s
Rendered 1762/5549, time remaining: 8m 4s
Rendered 1763/5549, time remaining: 7m 55s
Rendered 1764/5549, time remaining: 7m 54s
Rendered 1765/5549, time remaining: 7m 53s
Rendered 1766/5549, time remaining: 7m 53s
Rendered 1767/5549, time remaining: 8m 8s
Rendered 1768/5549, time remaining: 8m 7s
Rendered 1769/5549, time remaining: 8m 3s
Rendered 1770/5549, time remaining: 8m 3s
Rendered 1771/5549, time remaining: 7m 57s
Rendered 1772/5549, time remaining: 7m 54s
Rendered 1773/5549, time remaining: 7m 53s
Rendered 1774/5549, time remaining: 7m 54s
Rendered 1775/5549, time remaining: 8m 6s
Rendered 1776/5549, time remaining: 8m 6s
Rendered 1777/5549, time remaining: 8m 5s
Rendered 1778/5549, time remaining: 8m 4s
Rendered 1779/5549, time remaining: 8m 1s
Rendered 1780/5549, time remaining: 7m 51s
Rendered 1781/5549, time remaining: 7m 50s
Rendered 1782/5549, time remaining: 7m 51s
Rendered 1783/5549, time remaining: 8m 3s
Rendered 1784/5549, time remaining: 8m 2s
Rendered 1785/5549, time remaining: 8m 2s
Rendered 1786/5549, time remaining: 8m 2s
Rendered 1787/5549, time remaining: 8m 1s
Rendered 1788/5549, time remaining: 7m 47s
Rendered 1789/5549, time remaining: 7m 47s
Rendered 1790/5549, time remaining: 7m 47s
Rendered 1791/5549, time remaining: 7m 58s
Rendered 1792/5549, time remaining: 7m 59s
Rendered 1793/5549, time remaining: 7m 59s
Rendered 1794/5549, time remaining: 7m 59s
Rendered 1795/5549, time remaining: 7m 57s
Rendered 1796/5549, time remaining: 7m 44s
Rendered 1797/5549, time remaining: 7m 44s
Rendered 1798/5549, time remaining: 7m 47s
Rendered 1799/5549, time remaining: 7m 56s
Rendered 1800/5549, time remaining: 7m 58s
Rendered 1801/5549, time remaining: 7m 58s
Rendered 1802/5549, time remaining: 7m 58s
Rendered 1803/5549, time remaining: 7m 57s
Rendered 1804/5549, time remaining: 7m 44s
Rendered 1805/5549, time remaining: 7m 43s
Rendered 1806/5549, time remaining: 7m 45s
Rendered 1807/5549, time remaining: 7m 52s
Rendered 1808/5549, time remaining: 7m 56s
Rendered 1809/5549, time remaining: 7m 57s
Rendered 1810/5549, time remaining: 7m 57s
Rendered 1811/5549, time remaining: 7m 57s
Rendered 1812/5549, time remaining: 7m 45s
Rendered 1813/5549, time remaining: 7m 42s
Rendered 1814/5549, time remaining: 7m 43s
Rendered 1815/5549, time remaining: 7m 43s
Rendered 1816/5549, time remaining: 7m 49s
Rendered 1817/5549, time remaining: 7m 53s
Rendered 1818/5549, time remaining: 7m 53s
Rendered 1819/5549, time remaining: 7m 52s
Rendered 1820/5549, time remaining: 7m 52s
Rendered 1821/5549, time remaining: 7m 45s
Rendered 1822/5549, time remaining: 7m 46s
Rendered 1823/5549, time remaining: 7m 48s
Rendered 1824/5549, time remaining: 7m 50s
Rendered 1825/5549, time remaining: 7m 52s
Rendered 1826/5549, time remaining: 7m 56s
Rendered 1827/5549, time remaining: 7m 56s
Rendered 1828/5549, time remaining: 7m 54s
Rendered 1829/5549, time remaining: 7m 41s
Rendered 1830/5549, time remaining: 7m 40s
Rendered 1831/5549, time remaining: 7m 39s
Rendered 1832/5549, time remaining: 7m 43s
Rendered 1833/5549, time remaining: 7m 43s
Rendered 1834/5549, time remaining: 7m 50s
Rendered 1835/5549, time remaining: 7m 50s
Rendered 1836/5549, time remaining: 7m 49s
Rendered 1837/5549, time remaining: 7m 40s
Rendered 1838/5549, time remaining: 7m 39s
Rendered 1839/5549, time remaining: 7m 39s
Rendered 1840/5549, time remaining: 7m 43s
Rendered 1841/5549, time remaining: 7m 43s
Rendered 1842/5549, time remaining: 7m 48s
Rendered 1843/5549, time remaining: 7m 48s
Rendered 1844/5549, time remaining: 7m 47s
Rendered 1845/5549, time remaining: 7m 38s
Rendered 1846/5549, time remaining: 7m 39s
Rendered 1847/5549, time remaining: 7m 38s
Rendered 1848/5549, time remaining: 7m 40s
Rendered 1849/5549, time remaining: 7m 42s
Rendered 1850/5549, time remaining: 7m 47s
Rendered 1851/5549, time remaining: 7m 49s
Rendered 1852/5549, time remaining: 7m 50s
Rendered 1853/5549, time remaining: 7m 40s
Rendered 1854/5549, time remaining: 7m 37s
Rendered 1855/5549, time remaining: 7m 38s
Rendered 1856/5549, time remaining: 7m 38s
Rendered 1857/5549, time remaining: 7m 38s
Rendered 1858/5549, time remaining: 7m 42s
Rendered 1859/5549, time remaining: 7m 45s
Rendered 1860/5549, time remaining: 7m 49s
Rendered 1861/5549, time remaining: 7m 39s
Rendered 1862/5549, time remaining: 7m 36s
Rendered 1863/5549, time remaining: 7m 38s
Rendered 1864/5549, time remaining: 7m 37s
Rendered 1865/5549, time remaining: 7m 39s
Rendered 1866/5549, time remaining: 7m 43s
Rendered 1867/5549, time remaining: 7m 44s
Rendered 1868/5549, time remaining: 7m 42s
Rendered 1869/5549, time remaining: 7m 33s
Rendered 1870/5549, time remaining: 7m 31s
Rendered 1871/5549, time remaining: 7m 34s
Rendered 1872/5549, time remaining: 7m 35s
Rendered 1873/5549, time remaining: 7m 37s
Rendered 1874/5549, time remaining: 7m 39s
Rendered 1875/5549, time remaining: 7m 42s
Rendered 1876/5549, time remaining: 7m 42s
Rendered 1877/5549, time remaining: 7m 31s
Rendered 1878/5549, time remaining: 7m 29s
Rendered 1879/5549, time remaining: 7m 32s
Rendered 1880/5549, time remaining: 7m 33s
Rendered 1881/5549, time remaining: 7m 32s
Rendered 1882/5549, time remaining: 7m 36s
Rendered 1883/5549, time remaining: 7m 43s
Rendered 1884/5549, time remaining: 7m 43s
Rendered 1885/5549, time remaining: 7m 32s
Rendered 1886/5549, time remaining: 7m 32s
Rendered 1887/5549, time remaining: 7m 33s
Rendered 1888/5549, time remaining: 7m 33s
Rendered 1889/5549, time remaining: 7m 31s
Rendered 1890/5549, time remaining: 7m 34s
Rendered 1891/5549, time remaining: 7m 44s
Rendered 1892/5549, time remaining: 7m 43s
Rendered 1893/5549, time remaining: 7m 31s
Rendered 1894/5549, time remaining: 7m 31s
Rendered 1895/5549, time remaining: 7m 31s
Rendered 1896/5549, time remaining: 7m 33s
Rendered 1897/5549, time remaining: 7m 33s
Rendered 1898/5549, time remaining: 7m 34s
Rendered 1899/5549, time remaining: 7m 41s
Rendered 1900/5549, time remaining: 7m 41s
Rendered 1901/5549, time remaining: 7m 29s
Rendered 1902/5549, time remaining: 7m 29s
Rendered 1903/5549, time remaining: 7m 29s
Rendered 1904/5549, time remaining: 7m 28s
Rendered 1905/5549, time remaining: 7m 28s
Rendered 1906/5549, time remaining: 7m 31s
Rendered 1907/5549, time remaining: 7m 40s
Rendered 1908/5549, time remaining: 7m 39s
Rendered 1909/5549, time remaining: 7m 23s
Rendered 1910/5549, time remaining: 7m 24s
Rendered 1911/5549, time remaining: 7m 24s
Rendered 1912/5549, time remaining: 7m 23s
Rendered 1913/5549, time remaining: 7m 23s
Rendered 1914/5549, time remaining: 7m 27s
Rendered 1915/5549, time remaining: 7m 35s
Rendered 1916/5549, time remaining: 7m 34s
Rendered 1917/5549, time remaining: 7m 22s
Rendered 1918/5549, time remaining: 7m 22s
Rendered 1919/5549, time remaining: 7m 22s
Rendered 1920/5549, time remaining: 7m 22s
Rendered 1921/5549, time remaining: 7m 22s
Rendered 1922/5549, time remaining: 7m 24s
Rendered 1923/5549, time remaining: 7m 35s
Rendered 1924/5549, time remaining: 7m 33s
Rendered 1925/5549, time remaining: 7m 22s
Rendered 1926/5549, time remaining: 7m 23s
Rendered 1927/5549, time remaining: 7m 22s
Rendered 1928/5549, time remaining: 7m 22s
Rendered 1929/5549, time remaining: 7m 23s
Rendered 1930/5549, time remaining: 7m 24s
Rendered 1931/5549, time remaining: 7m 30s
Rendered 1932/5549, time remaining: 7m 30s
Rendered 1933/5549, time remaining: 7m 18s
Rendered 1934/5549, time remaining: 7m 20s
Rendered 1935/5549, time remaining: 7m 20s
Rendered 1936/5549, time remaining: 7m 21s
Rendered 1937/5549, time remaining: 7m 23s
Rendered 1938/5549, time remaining: 7m 25s
Rendered 1939/5549, time remaining: 7m 25s
Rendered 1940/5549, time remaining: 7m 27s
Rendered 1941/5549, time remaining: 7m 20s
Rendered 1942/5549, time remaining: 7m 24s
Rendered 1943/5549, time remaining: 7m 25s
Rendered 1944/5549, time remaining: 7m 26s
Rendered 1945/5549, time remaining: 7m 26s
Rendered 1946/5549, time remaining: 7m 26s
Rendered 1947/5549, time remaining: 7m 26s
Rendered 1948/5549, time remaining: 7m 25s
Rendered 1949/5549, time remaining: 7m 25s
Rendered 1950/5549, time remaining: 7m 27s
Rendered 1951/5549, time remaining: 7m 29s
Rendered 1952/5549, time remaining: 7m 29s
Rendered 1953/5549, time remaining: 7m 28s
Rendered 1954/5549, time remaining: 7m 29s
Rendered 1955/5549, time remaining: 7m 29s
Rendered 1956/5549, time remaining: 7m 29s
Rendered 1957/5549, time remaining: 7m 27s
Rendered 1958/5549, time remaining: 7m 28s
Rendered 1959/5549, time remaining: 7m 28s
Rendered 1960/5549, time remaining: 7m 28s
Rendered 1961/5549, time remaining: 7m 27s
Rendered 1962/5549, time remaining: 7m 27s
Rendered 1963/5549, time remaining: 7m 27s
Rendered 1964/5549, time remaining: 7m 27s
Rendered 1965/5549, time remaining: 7m 33s
Rendered 1966/5549, time remaining: 7m 32s
Rendered 1967/5549, time remaining: 7m 29s
Rendered 1968/5549, time remaining: 7m 29s
Rendered 1969/5549, time remaining: 7m 28s
Rendered 1970/5549, time remaining: 7m 26s
Rendered 1971/5549, time remaining: 7m 26s
Rendered 1972/5549, time remaining: 7m 25s
Rendered 1973/5549, time remaining: 7m 25s
Rendered 1974/5549, time remaining: 7m 27s
Rendered 1975/5549, time remaining: 7m 34s
Rendered 1976/5549, time remaining: 7m 29s
Rendered 1977/5549, time remaining: 7m 31s
Rendered 1978/5549, time remaining: 7m 32s
Rendered 1979/5549, time remaining: 7m 31s
Rendered 1980/5549, time remaining: 7m 30s
Rendered 1981/5549, time remaining: 7m 34s
Rendered 1982/5549, time remaining: 7m 32s
Rendered 1983/5549, time remaining: 7m 36s
Rendered 1984/5549, time remaining: 7m 31s
Rendered 1985/5549, time remaining: 7m 32s
Rendered 1986/5549, time remaining: 7m 32s
Rendered 1987/5549, time remaining: 7m 32s
Rendered 1988/5549, time remaining: 7m 29s
Rendered 1989/5549, time remaining: 7m 32s
Rendered 1990/5549, time remaining: 7m 27s
Rendered 1991/5549, time remaining: 7m 36s
Rendered 1992/5549, time remaining: 7m 30s
Rendered 1993/5549, time remaining: 7m 30s
Rendered 1994/5549, time remaining: 7m 31s
Rendered 1995/5549, time remaining: 7m 32s
Rendered 1996/5549, time remaining: 7m 29s
Rendered 1997/5549, time remaining: 7m 29s
Rendered 1998/5549, time remaining: 7m 27s
Rendered 1999/5549, time remaining: 7m 35s
Rendered 2000/5549, time remaining: 7m 30s
Rendered 2001/5549, time remaining: 7m 29s
Rendered 2002/5549, time remaining: 7m 28s
Rendered 2003/5549, time remaining: 7m 30s
Rendered 2004/5549, time remaining: 7m 29s
Rendered 2005/5549, time remaining: 7m 27s
Rendered 2006/5549, time remaining: 7m 29s
Rendered 2007/5549, time remaining: 7m 32s
Rendered 2008/5549, time remaining: 7m 31s
Rendered 2009/5549, time remaining: 7m 29s
Rendered 2010/5549, time remaining: 7m 25s
Rendered 2011/5549, time remaining: 7m 27s
Rendered 2012/5549, time remaining: 7m 26s
Rendered 2013/5549, time remaining: 7m 23s
Rendered 2014/5549, time remaining: 7m 23s
Rendered 2015/5549, time remaining: 7m 31s
Rendered 2016/5549, time remaining: 7m 28s
Rendered 2017/5549, time remaining: 7m 26s
Rendered 2018/5549, time remaining: 7m 25s
Rendered 2019/5549, time remaining: 7m 26s
Rendered 2020/5549, time remaining: 7m 25s
Rendered 2021/5549, time remaining: 7m 23s
Rendered 2022/5549, time remaining: 7m 20s
Rendered 2023/5549, time remaining: 7m 27s
Rendered 2024/5549, time remaining: 7m 26s
Rendered 2025/5549, time remaining: 7m 24s
Rendered 2026/5549, time remaining: 7m 24s
Rendered 2027/5549, time remaining: 7m 25s
Rendered 2028/5549, time remaining: 7m 24s
Rendered 2029/5549, time remaining: 7m 21s
Rendered 2030/5549, time remaining: 7m 20s
Rendered 2031/5549, time remaining: 7m 25s
Rendered 2032/5549, time remaining: 7m 27s
Rendered 2033/5549, time remaining: 7m 20s
Rendered 2034/5549, time remaining: 7m 20s
Rendered 2035/5549, time remaining: 7m 20s
Rendered 2036/5549, time remaining: 7m 20s
Rendered 2037/5549, time remaining: 7m 21s
Rendered 2038/5549, time remaining: 7m 22s
Rendered 2039/5549, time remaining: 7m 26s
Rendered 2040/5549, time remaining: 7m 25s
Rendered 2041/5549, time remaining: 7m 15s
Rendered 2042/5549, time remaining: 7m 16s
Rendered 2043/5549, time remaining: 7m 16s
Rendered 2044/5549, time remaining: 7m 19s
Rendered 2045/5549, time remaining: 7m 20s
Rendered 2046/5549, time remaining: 7m 20s
Rendered 2047/5549, time remaining: 7m 21s
Rendered 2048/5549, time remaining: 7m 21s
Rendered 2049/5549, time remaining: 7m 18s
Rendered 2050/5549, time remaining: 7m 20s
Rendered 2051/5549, time remaining: 7m 19s
Rendered 2052/5549, time remaining: 7m 19s
Rendered 2053/5549, time remaining: 7m 18s
Rendered 2054/5549, time remaining: 7m 19s
Rendered 2055/5549, time remaining: 7m 19s
Rendered 2056/5549, time remaining: 7m 16s
Rendered 2057/5549, time remaining: 7m 15s
Rendered 2058/5549, time remaining: 7m 19s
Rendered 2059/5549, time remaining: 7m 19s
Rendered 2060/5549, time remaining: 7m 19s
Rendered 2061/5549, time remaining: 7m 19s
Rendered 2062/5549, time remaining: 7m 19s
Rendered 2063/5549, time remaining: 7m 19s
Rendered 2064/5549, time remaining: 7m 15s
Rendered 2065/5549, time remaining: 7m 12s
Rendered 2066/5549, time remaining: 7m 18s
Rendered 2067/5549, time remaining: 7m 19s
Rendered 2068/5549, time remaining: 7m 18s
Rendered 2069/5549, time remaining: 7m 18s
Rendered 2070/5549, time remaining: 7m 17s
Rendered 2071/5549, time remaining: 7m 17s
Rendered 2072/5549, time remaining: 7m 15s
Rendered 2073/5549, time remaining: 7m 6s
Rendered 2074/5549, time remaining: 7m 18s
Rendered 2075/5549, time remaining: 7m 17s
Rendered 2076/5549, time remaining: 7m 16s
Rendered 2077/5549, time remaining: 7m 15s
Rendered 2078/5549, time remaining: 7m 15s
Rendered 2079/5549, time remaining: 7m 14s
Rendered 2080/5549, time remaining: 7m 13s
Rendered 2081/5549, time remaining: 7m 7s
Rendered 2082/5549, time remaining: 7m 19s
Rendered 2083/5549, time remaining: 7m 19s
Rendered 2084/5549, time remaining: 7m 17s
Rendered 2085/5549, time remaining: 7m 16s
Rendered 2086/5549, time remaining: 7m 16s
Rendered 2087/5549, time remaining: 7m 13s
Rendered 2088/5549, time remaining: 7m 10s
Rendered 2089/5549, time remaining: 7m 10s
Rendered 2090/5549, time remaining: 7m 19s
Rendered 2091/5549, time remaining: 7m 15s
Rendered 2092/5549, time remaining: 7m 11s
Rendered 2093/5549, time remaining: 7m 10s
Rendered 2094/5549, time remaining: 7m 8s
Rendered 2095/5549, time remaining: 7m 7s
Rendered 2096/5549, time remaining: 7m 7s
Rendered 2097/5549, time remaining: 7m 8s
Rendered 2098/5549, time remaining: 7m 20s
Rendered 2099/5549, time remaining: 7m 11s
Rendered 2100/5549, time remaining: 7m 7s
Rendered 2101/5549, time remaining: 7m 5s
Rendered 2102/5549, time remaining: 7m 5s
Rendered 2103/5549, time remaining: 7m 5s
Rendered 2104/5549, time remaining: 7m 5s
Rendered 2105/5549, time remaining: 7m 4s
Rendered 2106/5549, time remaining: 7m 13s
Rendered 2107/5549, time remaining: 7m 9s
Rendered 2108/5549, time remaining: 7m 4s
Rendered 2109/5549, time remaining: 7m 3s
Rendered 2110/5549, time remaining: 7m 3s
Rendered 2111/5549, time remaining: 7m 3s
Rendered 2112/5549, time remaining: 7m 3s
Rendered 2113/5549, time remaining: 7m 3s
Rendered 2114/5549, time remaining: 7m 11s
Rendered 2115/5549, time remaining: 7m 6s
Rendered 2116/5549, time remaining: 7m 2s
Rendered 2117/5549, time remaining: 7m 1s
Rendered 2118/5549, time remaining: 7m 2s
Rendered 2119/5549, time remaining: 7m 2s
Rendered 2120/5549, time remaining: 7m 2s
Rendered 2121/5549, time remaining: 7m 2s
Rendered 2122/5549, time remaining: 7m 12s
Rendered 2123/5549, time remaining: 7m 9s
Rendered 2124/5549, time remaining: 7m 3s
Rendered 2125/5549, time remaining: 6m 56s
Rendered 2126/5549, time remaining: 6m 55s
Rendered 2127/5549, time remaining: 6m 54s
Rendered 2128/5549, time remaining: 6m 53s
Rendered 2129/5549, time remaining: 6m 53s
Rendered 2130/5549, time remaining: 7m 2s
Rendered 2131/5549, time remaining: 7m 0s
Rendered 2132/5549, time remaining: 6m 59s
Rendered 2133/5549, time remaining: 6m 55s
Rendered 2134/5549, time remaining: 6m 53s
Rendered 2135/5549, time remaining: 6m 50s
Rendered 2136/5549, time remaining: 6m 52s
Rendered 2137/5549, time remaining: 6m 52s
Rendered 2138/5549, time remaining: 6m 58s
Rendered 2139/5549, time remaining: 6m 57s
Rendered 2140/5549, time remaining: 7m 0s
Rendered 2141/5549, time remaining: 6m 51s
Rendered 2142/5549, time remaining: 6m 50s
Rendered 2143/5549, time remaining: 6m 51s
Rendered 2144/5549, time remaining: 6m 50s
Rendered 2145/5549, time remaining: 6m 51s
Rendered 2146/5549, time remaining: 6m 56s
Rendered 2147/5549, time remaining: 6m 57s
Rendered 2148/5549, time remaining: 6m 57s
Rendered 2149/5549, time remaining: 6m 47s
Rendered 2150/5549, time remaining: 6m 46s
Rendered 2151/5549, time remaining: 6m 49s
Rendered 2152/5549, time remaining: 6m 49s
Rendered 2153/5549, time remaining: 6m 47s
Rendered 2154/5549, time remaining: 6m 55s
Rendered 2155/5549, time remaining: 6m 56s
Rendered 2156/5549, time remaining: 6m 56s
Rendered 2157/5549, time remaining: 6m 53s
Rendered 2158/5549, time remaining: 6m 49s
Rendered 2159/5549, time remaining: 6m 49s
Rendered 2160/5549, time remaining: 6m 50s
Rendered 2161/5549, time remaining: 6m 47s
Rendered 2162/5549, time remaining: 6m 51s
Rendered 2163/5549, time remaining: 6m 56s
Rendered 2164/5549, time remaining: 6m 59s
Rendered 2165/5549, time remaining: 6m 49s
Rendered 2166/5549, time remaining: 6m 47s
Rendered 2167/5549, time remaining: 6m 47s
Rendered 2168/5549, time remaining: 6m 47s
Rendered 2169/5549, time remaining: 6m 45s
Rendered 2170/5549, time remaining: 6m 57s
Rendered 2171/5549, time remaining: 6m 59s
Rendered 2172/5549, time remaining: 7m 0s
Rendered 2173/5549, time remaining: 6m 51s
Rendered 2174/5549, time remaining: 6m 49s
Rendered 2175/5549, time remaining: 6m 49s
Rendered 2176/5549, time remaining: 6m 49s
Rendered 2177/5549, time remaining: 6m 47s
Rendered 2178/5549, time remaining: 6m 56s
Rendered 2179/5549, time remaining: 6m 59s
Rendered 2180/5549, time remaining: 6m 59s
Rendered 2181/5549, time remaining: 6m 54s
Rendered 2182/5549, time remaining: 6m 51s
Rendered 2183/5549, time remaining: 6m 50s
Rendered 2184/5549, time remaining: 6m 49s
Rendered 2185/5549, time remaining: 6m 51s
Rendered 2186/5549, time remaining: 6m 52s
Rendered 2187/5549, time remaining: 6m 58s
Rendered 2188/5549, time remaining: 6m 57s
Rendered 2189/5549, time remaining: 6m 54s
Rendered 2190/5549, time remaining: 6m 52s
Rendered 2191/5549, time remaining: 6m 52s
Rendered 2192/5549, time remaining: 6m 51s
Rendered 2193/5549, time remaining: 6m 51s
Rendered 2194/5549, time remaining: 6m 48s
Rendered 2195/5549, time remaining: 6m 57s
Rendered 2196/5549, time remaining: 6m 55s
Rendered 2197/5549, time remaining: 6m 55s
Rendered 2198/5549, time remaining: 6m 53s
Rendered 2199/5549, time remaining: 6m 49s
Rendered 2200/5549, time remaining: 6m 47s
Rendered 2201/5549, time remaining: 6m 47s
Rendered 2202/5549, time remaining: 6m 46s
Rendered 2203/5549, time remaining: 6m 56s
Rendered 2204/5549, time remaining: 6m 55s
Rendered 2205/5549, time remaining: 6m 54s
Rendered 2206/5549, time remaining: 6m 54s
Rendered 2207/5549, time remaining: 6m 46s
Rendered 2208/5549, time remaining: 6m 42s
Rendered 2209/5549, time remaining: 6m 42s
Rendered 2210/5549, time remaining: 6m 41s
Rendered 2211/5549, time remaining: 6m 47s
Rendered 2212/5549, time remaining: 6m 55s
Rendered 2213/5549, time remaining: 6m 56s
Rendered 2214/5549, time remaining: 6m 56s
Rendered 2215/5549, time remaining: 6m 50s
Rendered 2216/5549, time remaining: 6m 44s
Rendered 2217/5549, time remaining: 6m 43s
Rendered 2218/5549, time remaining: 6m 43s
Rendered 2219/5549, time remaining: 6m 43s
Rendered 2220/5549, time remaining: 6m 55s
Rendered 2221/5549, time remaining: 6m 55s
Rendered 2222/5549, time remaining: 6m 55s
Rendered 2223/5549, time remaining: 6m 54s
Rendered 2224/5549, time remaining: 6m 42s
Rendered 2225/5549, time remaining: 6m 42s
Rendered 2226/5549, time remaining: 6m 42s
Rendered 2227/5549, time remaining: 6m 42s
Rendered 2228/5549, time remaining: 6m 54s
Rendered 2229/5549, time remaining: 6m 53s
Rendered 2230/5549, time remaining: 6m 53s
Rendered 2231/5549, time remaining: 6m 53s
Rendered 2232/5549, time remaining: 6m 41s
Rendered 2233/5549, time remaining: 6m 41s
Rendered 2234/5549, time remaining: 6m 40s
Rendered 2235/5549, time remaining: 6m 41s
Rendered 2236/5549, time remaining: 6m 50s
Rendered 2237/5549, time remaining: 6m 51s
Rendered 2238/5549, time remaining: 6m 51s
Rendered 2239/5549, time remaining: 6m 52s
Rendered 2240/5549, time remaining: 6m 41s
Rendered 2241/5549, time remaining: 6m 41s
Rendered 2242/5549, time remaining: 6m 41s
Rendered 2243/5549, time remaining: 6m 41s
Rendered 2244/5549, time remaining: 6m 52s
Rendered 2245/5549, time remaining: 6m 52s
Rendered 2246/5549, time remaining: 6m 52s
Rendered 2247/5549, time remaining: 6m 52s
Rendered 2248/5549, time remaining: 6m 39s
Rendered 2249/5549, time remaining: 6m 39s
Rendered 2250/5549, time remaining: 6m 40s
Rendered 2251/5549, time remaining: 6m 39s
Rendered 2252/5549, time remaining: 6m 52s
Rendered 2253/5549, time remaining: 6m 51s
Rendered 2254/5549, time remaining: 6m 51s
Rendered 2255/5549, time remaining: 6m 51s
Rendered 2256/5549, time remaining: 6m 41s
Rendered 2257/5549, time remaining: 6m 40s
Rendered 2258/5549, time remaining: 6m 40s
Rendered 2259/5549, time remaining: 6m 43s
Rendered 2260/5549, time remaining: 6m 51s
Rendered 2261/5549, time remaining: 6m 50s
Rendered 2262/5549, time remaining: 6m 50s
Rendered 2263/5549, time remaining: 6m 51s
Rendered 2264/5549, time remaining: 6m 42s
Rendered 2265/5549, time remaining: 6m 39s
Rendered 2266/5549, time remaining: 6m 39s
Rendered 2267/5549, time remaining: 6m 41s
Rendered 2268/5549, time remaining: 6m 48s
Rendered 2269/5549, time remaining: 6m 49s
Rendered 2270/5549, time remaining: 6m 49s
Rendered 2271/5549, time remaining: 6m 50s
Rendered 2272/5549, time remaining: 6m 39s
Rendered 2273/5549, time remaining: 6m 38s
Rendered 2274/5549, time remaining: 6m 38s
Rendered 2275/5549, time remaining: 6m 38s
Rendered 2276/5549, time remaining: 6m 46s
Rendered 2277/5549, time remaining: 6m 50s
Rendered 2278/5549, time remaining: 6m 49s
Rendered 2279/5549, time remaining: 6m 49s
Rendered 2280/5549, time remaining: 6m 39s
Rendered 2281/5549, time remaining: 6m 37s
Rendered 2282/5549, time remaining: 6m 38s
Rendered 2283/5549, time remaining: 6m 39s
Rendered 2284/5549, time remaining: 6m 40s
Rendered 2285/5549, time remaining: 6m 45s
Rendered 2286/5549, time remaining: 6m 46s
Rendered 2287/5549, time remaining: 6m 47s
Rendered 2288/5549, time remaining: 6m 41s
Rendered 2289/5549, time remaining: 6m 39s
Rendered 2290/5549, time remaining: 6m 37s
Rendered 2291/5549, time remaining: 6m 38s
Rendered 2292/5549, time remaining: 6m 37s
Rendered 2293/5549, time remaining: 6m 44s
Rendered 2294/5549, time remaining: 6m 45s
Rendered 2295/5549, time remaining: 6m 43s
Rendered 2296/5549, time remaining: 6m 39s
Rendered 2297/5549, time remaining: 6m 38s
Rendered 2298/5549, time remaining: 6m 37s
Rendered 2299/5549, time remaining: 6m 37s
Rendered 2300/5549, time remaining: 6m 37s
Rendered 2301/5549, time remaining: 6m 43s
Rendered 2302/5549, time remaining: 6m 43s
Rendered 2303/5549, time remaining: 6m 42s
Rendered 2304/5549, time remaining: 6m 35s
Rendered 2305/5549, time remaining: 6m 34s
Rendered 2306/5549, time remaining: 6m 32s
Rendered 2307/5549, time remaining: 6m 33s
Rendered 2308/5549, time remaining: 6m 35s
Rendered 2309/5549, time remaining: 6m 41s
Rendered 2310/5549, time remaining: 6m 41s
Rendered 2311/5549, time remaining: 6m 41s
Rendered 2312/5549, time remaining: 6m 38s
Rendered 2313/5549, time remaining: 6m 35s
Rendered 2314/5549, time remaining: 6m 33s
Rendered 2315/5549, time remaining: 6m 32s
Rendered 2316/5549, time remaining: 6m 36s
Rendered 2317/5549, time remaining: 6m 41s
Rendered 2318/5549, time remaining: 6m 41s
Rendered 2319/5549, time remaining: 6m 40s
Rendered 2320/5549, time remaining: 6m 30s
Rendered 2321/5549, time remaining: 6m 27s
Rendered 2322/5549, time remaining: 6m 27s
Rendered 2323/5549, time remaining: 6m 27s
Rendered 2324/5549, time remaining: 6m 32s
Rendered 2325/5549, time remaining: 6m 36s
Rendered 2326/5549, time remaining: 6m 36s
Rendered 2327/5549, time remaining: 6m 36s
Rendered 2328/5549, time remaining: 6m 29s
Rendered 2329/5549, time remaining: 6m 26s
Rendered 2330/5549, time remaining: 6m 26s
Rendered 2331/5549, time remaining: 6m 27s
Rendered 2332/5549, time remaining: 6m 28s
Rendered 2333/5549, time remaining: 6m 32s
Rendered 2334/5549, time remaining: 6m 34s
Rendered 2335/5549, time remaining: 6m 33s
Rendered 2336/5549, time remaining: 6m 31s
Rendered 2337/5549, time remaining: 6m 24s
Rendered 2338/5549, time remaining: 6m 24s
Rendered 2339/5549, time remaining: 6m 23s
Rendered 2340/5549, time remaining: 6m 24s
Rendered 2341/5549, time remaining: 6m 28s
Rendered 2342/5549, time remaining: 6m 33s
Rendered 2343/5549, time remaining: 6m 32s
Rendered 2344/5549, time remaining: 6m 32s
Rendered 2345/5549, time remaining: 6m 24s
Rendered 2346/5549, time remaining: 6m 23s
Rendered 2347/5549, time remaining: 6m 23s
Rendered 2348/5549, time remaining: 6m 26s
Rendered 2349/5549, time remaining: 6m 30s
Rendered 2350/5549, time remaining: 6m 31s
Rendered 2351/5549, time remaining: 6m 31s
Rendered 2352/5549, time remaining: 6m 31s
Rendered 2353/5549, time remaining: 6m 22s
Rendered 2354/5549, time remaining: 6m 23s
Rendered 2355/5549, time remaining: 6m 22s
Rendered 2356/5549, time remaining: 6m 24s
Rendered 2357/5549, time remaining: 6m 29s
Rendered 2358/5549, time remaining: 6m 33s
Rendered 2359/5549, time remaining: 6m 33s
Rendered 2360/5549, time remaining: 6m 34s
Rendered 2361/5549, time remaining: 6m 28s
Rendered 2362/5549, time remaining: 6m 20s
Rendered 2363/5549, time remaining: 6m 19s
Rendered 2364/5549, time remaining: 6m 20s
Rendered 2365/5549, time remaining: 6m 24s
Rendered 2366/5549, time remaining: 6m 24s
Rendered 2367/5549, time remaining: 6m 23s
Rendered 2368/5549, time remaining: 6m 30s
Rendered 2369/5549, time remaining: 6m 30s
Rendered 2370/5549, time remaining: 6m 20s
Rendered 2371/5549, time remaining: 6m 20s
Rendered 2372/5549, time remaining: 6m 21s
Rendered 2373/5549, time remaining: 6m 22s
Rendered 2374/5549, time remaining: 6m 25s
Rendered 2375/5549, time remaining: 6m 25s
Rendered 2376/5549, time remaining: 6m 25s
Rendered 2377/5549, time remaining: 6m 28s
Rendered 2378/5549, time remaining: 6m 19s
Rendered 2379/5549, time remaining: 6m 19s
Rendered 2380/5549, time remaining: 6m 19s
Rendered 2381/5549, time remaining: 6m 21s
Rendered 2382/5549, time remaining: 6m 21s
Rendered 2383/5549, time remaining: 6m 21s
Rendered 2384/5549, time remaining: 6m 21s
Rendered 2385/5549, time remaining: 6m 28s
Rendered 2386/5549, time remaining: 6m 21s
Rendered 2387/5549, time remaining: 6m 20s
Rendered 2388/5549, time remaining: 6m 20s
Rendered 2389/5549, time remaining: 6m 19s
Rendered 2390/5549, time remaining: 6m 20s
Rendered 2391/5549, time remaining: 6m 20s
Rendered 2392/5549, time remaining: 6m 20s
Rendered 2393/5549, time remaining: 6m 23s
Rendered 2394/5549, time remaining: 6m 22s
Rendered 2395/5549, time remaining: 6m 25s
Rendered 2396/5549, time remaining: 6m 25s
Rendered 2397/5549, time remaining: 6m 30s
Rendered 2398/5549, time remaining: 6m 30s
Rendered 2399/5549, time remaining: 6m 29s
Rendered 2400/5549, time remaining: 6m 28s
Rendered 2401/5549, time remaining: 6m 28s
Rendered 2402/5549, time remaining: 6m 17s
Rendered 2403/5549, time remaining: 6m 23s
Rendered 2404/5549, time remaining: 6m 23s
Rendered 2405/5549, time remaining: 6m 25s
Rendered 2406/5549, time remaining: 6m 24s
Rendered 2407/5549, time remaining: 6m 24s
Rendered 2408/5549, time remaining: 6m 24s
Rendered 2409/5549, time remaining: 6m 21s
Rendered 2410/5549, time remaining: 6m 14s
Rendered 2411/5549, time remaining: 6m 23s
Rendered 2412/5549, time remaining: 6m 22s
Rendered 2413/5549, time remaining: 6m 22s
Rendered 2414/5549, time remaining: 6m 22s
Rendered 2415/5549, time remaining: 6m 22s
Rendered 2416/5549, time remaining: 6m 22s
Rendered 2417/5549, time remaining: 6m 21s
Rendered 2418/5549, time remaining: 6m 16s
Rendered 2419/5549, time remaining: 6m 21s
Rendered 2420/5549, time remaining: 6m 21s
Rendered 2421/5549, time remaining: 6m 21s
Rendered 2422/5549, time remaining: 6m 20s
Rendered 2423/5549, time remaining: 6m 20s
Rendered 2424/5549, time remaining: 6m 22s
Rendered 2425/5549, time remaining: 6m 24s
Rendered 2426/5549, time remaining: 6m 18s
Rendered 2427/5549, time remaining: 6m 16s
Rendered 2428/5549, time remaining: 6m 16s
Rendered 2429/5549, time remaining: 6m 19s
Rendered 2430/5549, time remaining: 6m 19s
Rendered 2431/5549, time remaining: 6m 19s
Rendered 2432/5549, time remaining: 6m 22s
Rendered 2433/5549, time remaining: 6m 21s
Rendered 2434/5549, time remaining: 6m 22s
Rendered 2435/5549, time remaining: 6m 18s
Rendered 2436/5549, time remaining: 6m 14s
Rendered 2437/5549, time remaining: 6m 15s
Rendered 2438/5549, time remaining: 6m 18s
Rendered 2439/5549, time remaining: 6m 19s
Rendered 2440/5549, time remaining: 6m 23s
Rendered 2441/5549, time remaining: 6m 23s
Rendered 2442/5549, time remaining: 6m 23s
Rendered 2443/5549, time remaining: 6m 16s
Rendered 2444/5549, time remaining: 6m 14s
Rendered 2445/5549, time remaining: 6m 15s
Rendered 2446/5549, time remaining: 6m 16s
Rendered 2447/5549, time remaining: 6m 19s
Rendered 2448/5549, time remaining: 6m 24s
Rendered 2449/5549, time remaining: 6m 26s
Rendered 2450/5549, time remaining: 6m 27s
Rendered 2451/5549, time remaining: 6m 18s
Rendered 2452/5549, time remaining: 6m 18s
Rendered 2453/5549, time remaining: 6m 18s
Rendered 2454/5549, time remaining: 6m 18s
Rendered 2455/5549, time remaining: 6m 30s
Rendered 2456/5549, time remaining: 6m 32s
Rendered 2457/5549, time remaining: 6m 31s
Rendered 2458/5549, time remaining: 6m 28s
Rendered 2459/5549, time remaining: 6m 21s
Rendered 2460/5549, time remaining: 6m 21s
Rendered 2461/5549, time remaining: 6m 21s
Rendered 2462/5549, time remaining: 6m 22s
Rendered 2463/5549, time remaining: 6m 30s
Rendered 2464/5549, time remaining: 6m 30s
Rendered 2465/5549, time remaining: 6m 31s
Rendered 2466/5549, time remaining: 6m 28s
Rendered 2467/5549, time remaining: 6m 23s
Rendered 2468/5549, time remaining: 6m 23s
Rendered 2469/5549, time remaining: 6m 25s
Rendered 2470/5549, time remaining: 6m 25s
Rendered 2471/5549, time remaining: 6m 28s
Rendered 2472/5549, time remaining: 6m 31s
Rendered 2473/5549, time remaining: 6m 32s
Rendered 2474/5549, time remaining: 6m 28s
Rendered 2475/5549, time remaining: 6m 22s
Rendered 2476/5549, time remaining: 6m 22s
Rendered 2477/5549, time remaining: 6m 23s
Rendered 2478/5549, time remaining: 6m 24s
Rendered 2479/5549, time remaining: 6m 31s
Rendered 2480/5549, time remaining: 6m 32s
Rendered 2481/5549, time remaining: 6m 32s
Rendered 2482/5549, time remaining: 6m 29s
Rendered 2483/5549, time remaining: 6m 25s
Rendered 2484/5549, time remaining: 6m 24s
Rendered 2485/5549, time remaining: 6m 25s
Rendered 2486/5549, time remaining: 6m 27s
Rendered 2487/5549, time remaining: 6m 29s
Rendered 2488/5549, time remaining: 6m 31s
Rendered 2489/5549, time remaining: 6m 31s
Rendered 2490/5549, time remaining: 6m 30s
Rendered 2491/5549, time remaining: 6m 27s
Rendered 2492/5549, time remaining: 6m 23s
Rendered 2493/5549, time remaining: 6m 25s
Rendered 2494/5549, time remaining: 6m 26s
Rendered 2495/5549, time remaining: 6m 26s
Rendered 2496/5549, time remaining: 6m 30s
Rendered 2497/5549, time remaining: 6m 30s
Rendered 2498/5549, time remaining: 6m 27s
Rendered 2499/5549, time remaining: 6m 25s
Rendered 2500/5549, time remaining: 6m 24s
Rendered 2501/5549, time remaining: 6m 25s
Rendered 2502/5549, time remaining: 6m 24s
Rendered 2503/5549, time remaining: 6m 23s
Rendered 2504/5549, time remaining: 6m 25s
Rendered 2505/5549, time remaining: 6m 29s
Rendered 2506/5549, time remaining: 6m 26s
Rendered 2507/5549, time remaining: 6m 25s
Rendered 2508/5549, time remaining: 6m 23s
Rendered 2509/5549, time remaining: 6m 23s
Rendered 2510/5549, time remaining: 6m 23s
Rendered 2511/5549, time remaining: 6m 23s
Rendered 2512/5549, time remaining: 6m 25s
Rendered 2513/5549, time remaining: 6m 24s
Rendered 2514/5549, time remaining: 6m 28s
Rendered 2515/5549, time remaining: 6m 27s
Rendered 2516/5549, time remaining: 6m 26s
Rendered 2517/5549, time remaining: 6m 26s
Rendered 2518/5549, time remaining: 6m 22s
Rendered 2519/5549, time remaining: 6m 22s
Rendered 2520/5549, time remaining: 6m 19s
Rendered 2521/5549, time remaining: 6m 19s
Rendered 2522/5549, time remaining: 6m 22s
Rendered 2523/5549, time remaining: 6m 22s
Rendered 2524/5549, time remaining: 6m 22s
Rendered 2525/5549, time remaining: 6m 24s
Rendered 2526/5549, time remaining: 6m 25s
Rendered 2527/5549, time remaining: 6m 22s
Rendered 2528/5549, time remaining: 6m 20s
Rendered 2529/5549, time remaining: 6m 21s
Rendered 2530/5549, time remaining: 6m 23s
Rendered 2531/5549, time remaining: 6m 22s
Rendered 2532/5549, time remaining: 6m 26s
Rendered 2533/5549, time remaining: 6m 27s
Rendered 2534/5549, time remaining: 6m 28s
Rendered 2535/5549, time remaining: 6m 21s
Rendered 2536/5549, time remaining: 6m 19s
Rendered 2537/5549, time remaining: 6m 18s
Rendered 2538/5549, time remaining: 6m 20s
Rendered 2539/5549, time remaining: 6m 20s
Rendered 2540/5549, time remaining: 6m 23s
Rendered 2541/5549, time remaining: 6m 27s
Rendered 2542/5549, time remaining: 6m 26s
Rendered 2543/5549, time remaining: 6m 23s
Rendered 2544/5549, time remaining: 6m 14s
Rendered 2545/5549, time remaining: 6m 11s
Rendered 2546/5549, time remaining: 6m 10s
Rendered 2547/5549, time remaining: 6m 4s
Rendered 2548/5549, time remaining: 6m 9s
Rendered 2549/5549, time remaining: 6m 12s
Rendered 2550/5549, time remaining: 6m 13s
Rendered 2551/5549, time remaining: 6m 16s
Rendered 2552/5549, time remaining: 6m 16s
Rendered 2553/5549, time remaining: 6m 10s
Rendered 2554/5549, time remaining: 6m 9s
Rendered 2555/5549, time remaining: 6m 8s
Rendered 2556/5549, time remaining: 6m 10s
Rendered 2557/5549, time remaining: 6m 11s
Rendered 2558/5549, time remaining: 6m 14s
Rendered 2559/5549, time remaining: 6m 14s
Rendered 2560/5549, time remaining: 6m 17s
Rendered 2561/5549, time remaining: 6m 9s
Rendered 2562/5549, time remaining: 6m 9s
Rendered 2563/5549, time remaining: 6m 9s
Rendered 2564/5549, time remaining: 6m 8s
Rendered 2565/5549, time remaining: 6m 11s
Rendered 2566/5549, time remaining: 6m 14s
Rendered 2567/5549, time remaining: 6m 13s
Rendered 2568/5549, time remaining: 6m 13s
Rendered 2569/5549, time remaining: 6m 7s
Rendered 2570/5549, time remaining: 6m 8s
Rendered 2571/5549, time remaining: 6m 8s
Rendered 2572/5549, time remaining: 6m 8s
Rendered 2573/5549, time remaining: 6m 10s
Rendered 2574/5549, time remaining: 6m 13s
Rendered 2575/5549, time remaining: 6m 11s
Rendered 2576/5549, time remaining: 6m 10s
Rendered 2577/5549, time remaining: 6m 11s
Rendered 2578/5549, time remaining: 6m 10s
Rendered 2579/5549, time remaining: 6m 8s
Rendered 2580/5549, time remaining: 6m 7s
Rendered 2581/5549, time remaining: 6m 8s
Rendered 2582/5549, time remaining: 6m 8s
Rendered 2583/5549, time remaining: 6m 8s
Rendered 2584/5549, time remaining: 6m 9s
Rendered 2585/5549, time remaining: 6m 9s
Rendered 2586/5549, time remaining: 6m 10s
Rendered 2587/5549, time remaining: 6m 9s
Rendered 2588/5549, time remaining: 6m 6s
Rendered 2589/5549, time remaining: 6m 5s
Rendered 2590/5549, time remaining: 6m 5s
Rendered 2591/5549, time remaining: 6m 5s
Rendered 2592/5549, time remaining: 6m 7s
Rendered 2593/5549, time remaining: 6m 7s
Rendered 2594/5549, time remaining: 6m 9s
Rendered 2595/5549, time remaining: 6m 8s
Rendered 2596/5549, time remaining: 6m 7s
Rendered 2597/5549, time remaining: 6m 5s
Rendered 2598/5549, time remaining: 6m 1s
Rendered 2599/5549, time remaining: 6m 1s
Rendered 2600/5549, time remaining: 6m 3s
Rendered 2601/5549, time remaining: 6m 4s
Rendered 2602/5549, time remaining: 6m 5s
Rendered 2603/5549, time remaining: 6m 5s
Rendered 2604/5549, time remaining: 6m 4s
Rendered 2605/5549, time remaining: 5m 55s
Rendered 2606/5549, time remaining: 5m 54s
Rendered 2607/5549, time remaining: 5m 54s
Rendered 2608/5549, time remaining: 5m 55s
Rendered 2609/5549, time remaining: 5m 58s
Rendered 2610/5549, time remaining: 6m 0s
Rendered 2611/5549, time remaining: 6m 0s
Rendered 2612/5549, time remaining: 5m 59s
Rendered 2613/5549, time remaining: 5m 54s
Rendered 2614/5549, time remaining: 5m 53s
Rendered 2615/5549, time remaining: 5m 54s
Rendered 2616/5549, time remaining: 5m 54s
Rendered 2617/5549, time remaining: 5m 54s
Rendered 2618/5549, time remaining: 5m 53s
Rendered 2619/5549, time remaining: 5m 52s
Rendered 2620/5549, time remaining: 5m 51s
Rendered 2621/5549, time remaining: 5m 55s
Rendered 2622/5549, time remaining: 5m 55s
Rendered 2623/5549, time remaining: 5m 53s
Rendered 2624/5549, time remaining: 5m 53s
Rendered 2625/5549, time remaining: 5m 54s
Rendered 2626/5549, time remaining: 5m 54s
Rendered 2627/5549, time remaining: 5m 52s
Rendered 2628/5549, time remaining: 5m 51s
Rendered 2629/5549, time remaining: 5m 47s
Rendered 2630/5549, time remaining: 5m 53s
Rendered 2631/5549, time remaining: 5m 51s
Rendered 2632/5549, time remaining: 5m 51s
Rendered 2633/5549, time remaining: 5m 51s
Rendered 2634/5549, time remaining: 5m 50s
Rendered 2635/5549, time remaining: 5m 50s
Rendered 2636/5549, time remaining: 5m 48s
Rendered 2637/5549, time remaining: 5m 45s
Rendered 2638/5549, time remaining: 5m 49s
Rendered 2639/5549, time remaining: 5m 49s
Rendered 2640/5549, time remaining: 5m 50s
Rendered 2641/5549, time remaining: 5m 49s
Rendered 2642/5549, time remaining: 5m 51s
Rendered 2643/5549, time remaining: 5m 49s
Rendered 2644/5549, time remaining: 5m 48s
Rendered 2645/5549, time remaining: 5m 46s
Rendered 2646/5549, time remaining: 5m 48s
Rendered 2647/5549, time remaining: 5m 50s
Rendered 2648/5549, time remaining: 5m 49s
Rendered 2649/5549, time remaining: 5m 48s
Rendered 2650/5549, time remaining: 5m 48s
Rendered 2651/5549, time remaining: 5m 47s
Rendered 2652/5549, time remaining: 5m 48s
Rendered 2653/5549, time remaining: 5m 50s
Rendered 2654/5549, time remaining: 5m 51s
Rendered 2655/5549, time remaining: 5m 49s
Rendered 2656/5549, time remaining: 5m 51s
Rendered 2657/5549, time remaining: 5m 48s
Rendered 2658/5549, time remaining: 5m 47s
Rendered 2659/5549, time remaining: 5m 49s
Rendered 2660/5549, time remaining: 5m 48s
Rendered 2661/5549, time remaining: 5m 48s
Rendered 2662/5549, time remaining: 5m 47s
Rendered 2663/5549, time remaining: 5m 47s
Rendered 2664/5549, time remaining: 5m 45s
Rendered 2665/5549, time remaining: 5m 44s
Rendered 2666/5549, time remaining: 5m 46s
Rendered 2667/5549, time remaining: 5m 47s
Rendered 2668/5549, time remaining: 5m 45s
Rendered 2669/5549, time remaining: 5m 45s
Rendered 2670/5549, time remaining: 5m 46s
Rendered 2671/5549, time remaining: 5m 49s
Rendered 2672/5549, time remaining: 5m 47s
Rendered 2673/5549, time remaining: 5m 45s
Rendered 2674/5549, time remaining: 5m 47s
Rendered 2675/5549, time remaining: 5m 45s
Rendered 2676/5549, time remaining: 5m 43s
Rendered 2677/5549, time remaining: 5m 43s
Rendered 2678/5549, time remaining: 5m 43s
Rendered 2679/5549, time remaining: 5m 42s
Rendered 2680/5549, time remaining: 5m 45s
Rendered 2681/5549, time remaining: 5m 45s
Rendered 2682/5549, time remaining: 5m 44s
Rendered 2683/5549, time remaining: 5m 43s
Rendered 2684/5549, time remaining: 5m 42s
Rendered 2685/5549, time remaining: 5m 42s
Rendered 2686/5549, time remaining: 5m 42s
Rendered 2687/5549, time remaining: 5m 42s
Rendered 2688/5549, time remaining: 5m 40s
Rendered 2689/5549, time remaining: 5m 43s
Rendered 2690/5549, time remaining: 5m 45s
Rendered 2691/5549, time remaining: 5m 40s
Rendered 2692/5549, time remaining: 5m 41s
Rendered 2693/5549, time remaining: 5m 41s
Rendered 2694/5549, time remaining: 5m 40s
Rendered 2695/5549, time remaining: 5m 41s
Rendered 2696/5549, time remaining: 5m 41s
Rendered 2697/5549, time remaining: 5m 41s
Rendered 2698/5549, time remaining: 5m 47s
Rendered 2699/5549, time remaining: 5m 43s
Rendered 2700/5549, time remaining: 5m 43s
Rendered 2701/5549, time remaining: 5m 41s
Rendered 2702/5549, time remaining: 5m 39s
Rendered 2703/5549, time remaining: 5m 39s
Rendered 2704/5549, time remaining: 5m 39s
Rendered 2705/5549, time remaining: 5m 38s
Rendered 2706/5549, time remaining: 5m 46s
Rendered 2707/5549, time remaining: 5m 44s
Rendered 2708/5549, time remaining: 5m 42s
Rendered 2709/5549, time remaining: 5m 41s
Rendered 2710/5549, time remaining: 5m 38s
Rendered 2711/5549, time remaining: 5m 37s
Rendered 2712/5549, time remaining: 5m 38s
Rendered 2713/5549, time remaining: 5m 40s
Rendered 2714/5549, time remaining: 5m 45s
Rendered 2715/5549, time remaining: 5m 42s
Rendered 2716/5549, time remaining: 5m 39s
Rendered 2717/5549, time remaining: 5m 40s
Rendered 2718/5549, time remaining: 5m 37s
Rendered 2719/5549, time remaining: 5m 37s
Rendered 2720/5549, time remaining: 5m 36s
Rendered 2721/5549, time remaining: 5m 38s
Rendered 2722/5549, time remaining: 5m 45s
Rendered 2723/5549, time remaining: 5m 43s
Rendered 2724/5549, time remaining: 5m 38s
Rendered 2725/5549, time remaining: 5m 37s
Rendered 2726/5549, time remaining: 5m 36s
Rendered 2727/5549, time remaining: 5m 35s
Rendered 2728/5549, time remaining: 5m 36s
Rendered 2729/5549, time remaining: 5m 37s
Rendered 2730/5549, time remaining: 5m 43s
Rendered 2731/5549, time remaining: 5m 41s
Rendered 2732/5549, time remaining: 5m 37s
Rendered 2733/5549, time remaining: 5m 37s
Rendered 2734/5549, time remaining: 5m 34s
Rendered 2735/5549, time remaining: 5m 36s
Rendered 2736/5549, time remaining: 5m 38s
Rendered 2737/5549, time remaining: 5m 44s
Rendered 2738/5549, time remaining: 5m 45s
Rendered 2739/5549, time remaining: 5m 45s
Rendered 2740/5549, time remaining: 5m 41s
Rendered 2741/5549, time remaining: 5m 39s
Rendered 2742/5549, time remaining: 5m 37s
Rendered 2743/5549, time remaining: 5m 37s
Rendered 2744/5549, time remaining: 5m 37s
Rendered 2745/5549, time remaining: 5m 45s
Rendered 2746/5549, time remaining: 5m 45s
Rendered 2747/5549, time remaining: 5m 44s
Rendered 2748/5549, time remaining: 5m 43s
Rendered 2749/5549, time remaining: 5m 41s
Rendered 2750/5549, time remaining: 5m 37s
Rendered 2751/5549, time remaining: 5m 35s
Rendered 2752/5549, time remaining: 5m 34s
Rendered 2753/5549, time remaining: 5m 44s
Rendered 2754/5549, time remaining: 5m 44s
Rendered 2755/5549, time remaining: 5m 42s
Rendered 2756/5549, time remaining: 5m 41s
Rendered 2757/5549, time remaining: 5m 40s
Rendered 2758/5549, time remaining: 5m 39s
Rendered 2759/5549, time remaining: 5m 37s
Rendered 2760/5549, time remaining: 5m 34s
Rendered 2761/5549, time remaining: 5m 43s
Rendered 2762/5549, time remaining: 5m 42s
Rendered 2763/5549, time remaining: 5m 39s
Rendered 2764/5549, time remaining: 5m 39s
Rendered 2765/5549, time remaining: 5m 37s
Rendered 2766/5549, time remaining: 5m 36s
Rendered 2767/5549, time remaining: 5m 36s
Rendered 2768/5549, time remaining: 5m 37s
Rendered 2769/5549, time remaining: 5m 44s
Rendered 2770/5549, time remaining: 5m 44s
Rendered 2771/5549, time remaining: 5m 37s
Rendered 2772/5549, time remaining: 5m 34s
Rendered 2773/5549, time remaining: 5m 34s
Rendered 2774/5549, time remaining: 5m 34s
Rendered 2775/5549, time remaining: 5m 34s
Rendered 2776/5549, time remaining: 5m 34s
Rendered 2777/5549, time remaining: 5m 40s
Rendered 2778/5549, time remaining: 5m 42s
Rendered 2779/5549, time remaining: 5m 38s
Rendered 2780/5549, time remaining: 5m 34s
Rendered 2781/5549, time remaining: 5m 34s
Rendered 2782/5549, time remaining: 5m 35s
Rendered 2783/5549, time remaining: 5m 34s
Rendered 2784/5549, time remaining: 5m 33s
Rendered 2785/5549, time remaining: 5m 38s
Rendered 2786/5549, time remaining: 5m 42s
Rendered 2787/5549, time remaining: 5m 41s
Rendered 2788/5549, time remaining: 5m 35s
Rendered 2789/5549, time remaining: 5m 36s
Rendered 2790/5549, time remaining: 5m 36s
Rendered 2791/5549, time remaining: 5m 35s
Rendered 2792/5549, time remaining: 5m 33s
Rendered 2793/5549, time remaining: 5m 39s
Rendered 2794/5549, time remaining: 5m 43s
Rendered 2795/5549, time remaining: 5m 43s
Rendered 2796/5549, time remaining: 5m 37s
Rendered 2797/5549, time remaining: 5m 36s
Rendered 2798/5549, time remaining: 5m 36s
Rendered 2799/5549, time remaining: 5m 36s
Rendered 2800/5549, time remaining: 5m 36s
Rendered 2801/5549, time remaining: 5m 36s
Rendered 2802/5549, time remaining: 5m 42s
Rendered 2803/5549, time remaining: 5m 39s
Rendered 2804/5549, time remaining: 5m 36s
Rendered 2805/5549, time remaining: 5m 37s
Rendered 2806/5549, time remaining: 5m 35s
Rendered 2807/5549, time remaining: 5m 35s
Rendered 2808/5549, time remaining: 5m 35s
Rendered 2809/5549, time remaining: 5m 34s
Rendered 2810/5549, time remaining: 5m 41s
Rendered 2811/5549, time remaining: 5m 41s
Rendered 2812/5549, time remaining: 5m 39s
Rendered 2813/5549, time remaining: 5m 39s
Rendered 2814/5549, time remaining: 5m 37s
Rendered 2815/5549, time remaining: 5m 37s
Rendered 2816/5549, time remaining: 5m 34s
Rendered 2817/5549, time remaining: 5m 36s
Rendered 2818/5549, time remaining: 5m 41s
Rendered 2819/5549, time remaining: 5m 43s
Rendered 2820/5549, time remaining: 5m 43s
Rendered 2821/5549, time remaining: 5m 40s
Rendered 2822/5549, time remaining: 5m 38s
Rendered 2823/5549, time remaining: 5m 37s
Rendered 2824/5549, time remaining: 5m 34s
Rendered 2825/5549, time remaining: 5m 34s
Rendered 2826/5549, time remaining: 5m 43s
Rendered 2827/5549, time remaining: 5m 42s
Rendered 2828/5549, time remaining: 5m 42s
Rendered 2829/5549, time remaining: 5m 41s
Rendered 2830/5549, time remaining: 5m 36s
Rendered 2831/5549, time remaining: 5m 35s
Rendered 2832/5549, time remaining: 5m 32s
Rendered 2833/5549, time remaining: 5m 32s
Rendered 2834/5549, time remaining: 5m 36s
Rendered 2835/5549, time remaining: 5m 40s
Rendered 2836/5549, time remaining: 5m 39s
Rendered 2837/5549, time remaining: 5m 39s
Rendered 2838/5549, time remaining: 5m 39s
Rendered 2839/5549, time remaining: 5m 36s
Rendered 2840/5549, time remaining: 5m 31s
Rendered 2841/5549, time remaining: 5m 31s
Rendered 2842/5549, time remaining: 5m 32s
Rendered 2843/5549, time remaining: 5m 37s
Rendered 2844/5549, time remaining: 5m 38s
Rendered 2845/5549, time remaining: 5m 37s
Rendered 2846/5549, time remaining: 5m 36s
Rendered 2847/5549, time remaining: 5m 36s
Rendered 2848/5549, time remaining: 5m 27s
Rendered 2849/5549, time remaining: 5m 28s
Rendered 2850/5549, time remaining: 5m 28s
Rendered 2851/5549, time remaining: 5m 34s
Rendered 2852/5549, time remaining: 5m 35s
Rendered 2853/5549, time remaining: 5m 35s
Rendered 2854/5549, time remaining: 5m 34s
Rendered 2855/5549, time remaining: 5m 34s
Rendered 2856/5549, time remaining: 5m 24s
Rendered 2857/5549, time remaining: 5m 25s
Rendered 2858/5549, time remaining: 5m 24s
Rendered 2859/5549, time remaining: 5m 31s
Rendered 2860/5549, time remaining: 5m 31s
Rendered 2861/5549, time remaining: 5m 31s
Rendered 2862/5549, time remaining: 5m 30s
Rendered 2863/5549, time remaining: 5m 28s
Rendered 2864/5549, time remaining: 5m 23s
Rendered 2865/5549, time remaining: 5m 22s
Rendered 2866/5549, time remaining: 5m 24s
Rendered 2867/5549, time remaining: 5m 28s
Rendered 2868/5549, time remaining: 5m 30s
Rendered 2869/5549, time remaining: 5m 30s
Rendered 2870/5549, time remaining: 5m 30s
Rendered 2871/5549, time remaining: 5m 29s
Rendered 2872/5549, time remaining: 5m 22s
Rendered 2873/5549, time remaining: 5m 21s
Rendered 2874/5549, time remaining: 5m 21s
Rendered 2875/5549, time remaining: 5m 23s
Rendered 2876/5549, time remaining: 5m 28s
Rendered 2877/5549, time remaining: 5m 29s
Rendered 2878/5549, time remaining: 5m 28s
Rendered 2879/5549, time remaining: 5m 25s
Rendered 2880/5549, time remaining: 5m 20s
Rendered 2881/5549, time remaining: 5m 21s
Rendered 2882/5549, time remaining: 5m 20s
Rendered 2883/5549, time remaining: 5m 24s
Rendered 2884/5549, time remaining: 5m 26s
Rendered 2885/5549, time remaining: 5m 26s
Rendered 2886/5549, time remaining: 5m 23s
Rendered 2887/5549, time remaining: 5m 15s
Rendered 2888/5549, time remaining: 5m 14s
Rendered 2889/5549, time remaining: 5m 15s
Rendered 2890/5549, time remaining: 5m 14s
Rendered 2891/5549, time remaining: 5m 13s
Rendered 2892/5549, time remaining: 5m 22s
Rendered 2893/5549, time remaining: 5m 25s
Rendered 2894/5549, time remaining: 5m 22s
Rendered 2895/5549, time remaining: 5m 12s
Rendered 2896/5549, time remaining: 5m 12s
Rendered 2897/5549, time remaining: 5m 10s
Rendered 2898/5549, time remaining: 5m 12s
Rendered 2899/5549, time remaining: 5m 11s
Rendered 2900/5549, time remaining: 5m 17s
Rendered 2901/5549, time remaining: 5m 17s
Rendered 2902/5549, time remaining: 5m 18s
Rendered 2903/5549, time remaining: 5m 8s
Rendered 2904/5549, time remaining: 5m 8s
Rendered 2905/5549, time remaining: 5m 8s
Rendered 2906/5549, time remaining: 5m 12s
Rendered 2907/5549, time remaining: 5m 11s
Rendered 2908/5549, time remaining: 5m 13s
Rendered 2909/5549, time remaining: 5m 14s
Rendered 2910/5549, time remaining: 5m 14s
Rendered 2911/5549, time remaining: 5m 6s
Rendered 2912/5549, time remaining: 5m 6s
Rendered 2913/5549, time remaining: 5m 7s
Rendered 2914/5549, time remaining: 5m 9s
Rendered 2915/5549, time remaining: 5m 8s
Rendered 2916/5549, time remaining: 5m 10s
Rendered 2917/5549, time remaining: 5m 11s
Rendered 2918/5549, time remaining: 5m 10s
Rendered 2919/5549, time remaining: 5m 3s
Rendered 2920/5549, time remaining: 5m 3s
Rendered 2921/5549, time remaining: 5m 6s
Rendered 2922/5549, time remaining: 5m 7s
Rendered 2923/5549, time remaining: 5m 8s
Rendered 2924/5549, time remaining: 5m 9s
Rendered 2925/5549, time remaining: 5m 8s
Rendered 2926/5549, time remaining: 5m 8s
Rendered 2927/5549, time remaining: 5m 4s
Rendered 2928/5549, time remaining: 5m 1s
Rendered 2929/5549, time remaining: 5m 3s
Rendered 2930/5549, time remaining: 5m 2s
Rendered 2931/5549, time remaining: 5m 4s
Rendered 2932/5549, time remaining: 5m 5s
Rendered 2933/5549, time remaining: 5m 5s
Rendered 2934/5549, time remaining: 5m 5s
Rendered 2935/5549, time remaining: 4m 59s
Rendered 2936/5549, time remaining: 4m 56s
Rendered 2937/5549, time remaining: 4m 58s
Rendered 2938/5549, time remaining: 4m 58s
Rendered 2939/5549, time remaining: 5m 1s
Rendered 2940/5549, time remaining: 5m 1s
Rendered 2941/5549, time remaining: 5m 1s
Rendered 2942/5549, time remaining: 5m 1s
Rendered 2943/5549, time remaining: 4m 55s
Rendered 2944/5549, time remaining: 4m 52s
Rendered 2945/5549, time remaining: 4m 54s
Rendered 2946/5549, time remaining: 4m 55s
Rendered 2947/5549, time remaining: 4m 56s
Rendered 2948/5549, time remaining: 4m 57s
Rendered 2949/5549, time remaining: 4m 57s
Rendered 2950/5549, time remaining: 4m 55s
Rendered 2951/5549, time remaining: 4m 55s
Rendered 2952/5549, time remaining: 4m 49s
Rendered 2953/5549, time remaining: 4m 49s
Rendered 2954/5549, time remaining: 4m 49s
Rendered 2955/5549, time remaining: 4m 55s
Rendered 2956/5549, time remaining: 4m 54s
Rendered 2957/5549, time remaining: 4m 54s
Rendered 2958/5549, time remaining: 4m 53s
Rendered 2959/5549, time remaining: 4m 52s
Rendered 2960/5549, time remaining: 4m 45s
Rendered 2961/5549, time remaining: 4m 45s
Rendered 2962/5549, time remaining: 4m 47s
Rendered 2963/5549, time remaining: 4m 50s
Rendered 2964/5549, time remaining: 4m 51s
Rendered 2965/5549, time remaining: 4m 51s
Rendered 2966/5549, time remaining: 4m 51s
Rendered 2967/5549, time remaining: 4m 50s
Rendered 2968/5549, time remaining: 4m 44s
Rendered 2969/5549, time remaining: 4m 42s
Rendered 2970/5549, time remaining: 4m 43s
Rendered 2971/5549, time remaining: 4m 46s
Rendered 2972/5549, time remaining: 4m 46s
Rendered 2973/5549, time remaining: 4m 46s
Rendered 2974/5549, time remaining: 4m 47s
Rendered 2975/5549, time remaining: 4m 49s
Rendered 2976/5549, time remaining: 4m 41s
Rendered 2977/5549, time remaining: 4m 41s
Rendered 2978/5549, time remaining: 4m 43s
Rendered 2979/5549, time remaining: 4m 44s
Rendered 2980/5549, time remaining: 4m 44s
Rendered 2981/5549, time remaining: 4m 44s
Rendered 2982/5549, time remaining: 4m 44s
Rendered 2983/5549, time remaining: 4m 47s
Rendered 2984/5549, time remaining: 4m 43s
Rendered 2985/5549, time remaining: 4m 42s
Rendered 2986/5549, time remaining: 4m 42s
Rendered 2987/5549, time remaining: 4m 43s
Rendered 2988/5549, time remaining: 4m 45s
Rendered 2989/5549, time remaining: 4m 45s
Rendered 2990/5549, time remaining: 4m 44s
Rendered 2991/5549, time remaining: 4m 45s
Rendered 2992/5549, time remaining: 4m 44s
Rendered 2993/5549, time remaining: 4m 40s
Rendered 2994/5549, time remaining: 4m 40s
Rendered 2995/5549, time remaining: 4m 41s
Rendered 2996/5549, time remaining: 4m 42s
Rendered 2997/5549, time remaining: 4m 43s
Rendered 2998/5549, time remaining: 4m 44s
Rendered 2999/5549, time remaining: 4m 44s
Rendered 3000/5549, time remaining: 4m 45s
Rendered 3001/5549, time remaining: 4m 40s
Rendered 3002/5549, time remaining: 4m 39s
Rendered 3003/5549, time remaining: 4m 39s
Rendered 3004/5549, time remaining: 4m 40s
Rendered 3005/5549, time remaining: 4m 43s
Rendered 3006/5549, time remaining: 4m 43s
Rendered 3007/5549, time remaining: 4m 43s
Rendered 3008/5549, time remaining: 4m 46s
Rendered 3009/5549, time remaining: 4m 39s
Rendered 3010/5549, time remaining: 4m 40s
Rendered 3011/5549, time remaining: 4m 39s
Rendered 3012/5549, time remaining: 4m 39s
Rendered 3013/5549, time remaining: 4m 40s
Rendered 3014/5549, time remaining: 4m 40s
Rendered 3015/5549, time remaining: 4m 41s
Rendered 3016/5549, time remaining: 4m 43s
Rendered 3017/5549, time remaining: 4m 38s
Rendered 3018/5549, time remaining: 4m 39s
Rendered 3019/5549, time remaining: 4m 38s
Rendered 3020/5549, time remaining: 4m 38s
Rendered 3021/5549, time remaining: 4m 36s
Rendered 3022/5549, time remaining: 4m 38s
Rendered 3023/5549, time remaining: 4m 39s
Rendered 3024/5549, time remaining: 4m 43s
Rendered 3025/5549, time remaining: 4m 41s
Rendered 3026/5549, time remaining: 4m 38s
Rendered 3027/5549, time remaining: 4m 36s
Rendered 3028/5549, time remaining: 4m 37s
Rendered 3029/5549, time remaining: 4m 38s
Rendered 3030/5549, time remaining: 4m 38s
Rendered 3031/5549, time remaining: 4m 36s
Rendered 3032/5549, time remaining: 4m 39s
Rendered 3033/5549, time remaining: 4m 37s
Rendered 3034/5549, time remaining: 4m 38s
Rendered 3035/5549, time remaining: 4m 36s
Rendered 3036/5549, time remaining: 4m 36s
Rendered 3037/5549, time remaining: 4m 37s
Rendered 3038/5549, time remaining: 4m 37s
Rendered 3039/5549, time remaining: 4m 35s
Rendered 3040/5549, time remaining: 4m 38s
Rendered 3041/5549, time remaining: 4m 41s
Rendered 3042/5549, time remaining: 4m 33s
Rendered 3043/5549, time remaining: 4m 33s
Rendered 3044/5549, time remaining: 4m 35s
Rendered 3045/5549, time remaining: 4m 35s
Rendered 3046/5549, time remaining: 4m 36s
Rendered 3047/5549, time remaining: 4m 37s
Rendered 3048/5549, time remaining: 4m 35s
Rendered 3049/5549, time remaining: 4m 36s
Rendered 3050/5549, time remaining: 4m 34s
Rendered 3051/5549, time remaining: 4m 38s
Rendered 3052/5549, time remaining: 4m 36s
Rendered 3053/5549, time remaining: 4m 37s
Rendered 3054/5549, time remaining: 4m 37s
Rendered 3055/5549, time remaining: 4m 37s
Rendered 3056/5549, time remaining: 4m 32s
Rendered 3057/5549, time remaining: 4m 33s
Rendered 3058/5549, time remaining: 4m 31s
Rendered 3059/5549, time remaining: 4m 38s
Rendered 3060/5549, time remaining: 4m 37s
Rendered 3061/5549, time remaining: 4m 37s
Rendered 3062/5549, time remaining: 4m 37s
Rendered 3063/5549, time remaining: 4m 34s
Rendered 3064/5549, time remaining: 4m 32s
Rendered 3065/5549, time remaining: 4m 32s
Rendered 3066/5549, time remaining: 4m 30s
Rendered 3067/5549, time remaining: 4m 36s
Rendered 3068/5549, time remaining: 4m 37s
Rendered 3069/5549, time remaining: 4m 37s
Rendered 3070/5549, time remaining: 4m 37s
Rendered 3071/5549, time remaining: 4m 33s
Rendered 3072/5549, time remaining: 4m 32s
Rendered 3073/5549, time remaining: 4m 30s
Rendered 3074/5549, time remaining: 4m 29s
Rendered 3075/5549, time remaining: 4m 36s
Rendered 3076/5549, time remaining: 4m 36s
Rendered 3077/5549, time remaining: 4m 35s
Rendered 3078/5549, time remaining: 4m 35s
Rendered 3079/5549, time remaining: 4m 33s
Rendered 3080/5549, time remaining: 4m 32s
Rendered 3081/5549, time remaining: 4m 30s
Rendered 3082/5549, time remaining: 4m 27s
Rendered 3083/5549, time remaining: 4m 35s
Rendered 3084/5549, time remaining: 4m 36s
Rendered 3085/5549, time remaining: 4m 36s
Rendered 3086/5549, time remaining: 4m 34s
Rendered 3087/5549, time remaining: 4m 32s
Rendered 3088/5549, time remaining: 4m 32s
Rendered 3089/5549, time remaining: 4m 28s
Rendered 3090/5549, time remaining: 4m 27s
Rendered 3091/5549, time remaining: 4m 33s
Rendered 3092/5549, time remaining: 4m 35s
Rendered 3093/5549, time remaining: 4m 35s
Rendered 3094/5549, time remaining: 4m 33s
Rendered 3095/5549, time remaining: 4m 32s
Rendered 3096/5549, time remaining: 4m 31s
Rendered 3097/5549, time remaining: 4m 27s
Rendered 3098/5549, time remaining: 4m 29s
Rendered 3099/5549, time remaining: 4m 32s
Rendered 3100/5549, time remaining: 4m 33s
Rendered 3101/5549, time remaining: 4m 34s
Rendered 3102/5549, time remaining: 4m 33s
Rendered 3103/5549, time remaining: 4m 33s
Rendered 3104/5549, time remaining: 4m 33s
Rendered 3105/5549, time remaining: 4m 26s
Rendered 3106/5549, time remaining: 4m 27s
Rendered 3107/5549, time remaining: 4m 32s
Rendered 3108/5549, time remaining: 4m 33s
Rendered 3109/5549, time remaining: 4m 33s
Rendered 3110/5549, time remaining: 4m 33s
Rendered 3111/5549, time remaining: 4m 33s
Rendered 3112/5549, time remaining: 4m 31s
Rendered 3113/5549, time remaining: 4m 27s
Rendered 3114/5549, time remaining: 4m 25s
Rendered 3115/5549, time remaining: 4m 30s
Rendered 3116/5549, time remaining: 4m 31s
Rendered 3117/5549, time remaining: 4m 29s
Rendered 3118/5549, time remaining: 4m 30s
Rendered 3119/5549, time remaining: 4m 31s
Rendered 3120/5549, time remaining: 4m 29s
Rendered 3121/5549, time remaining: 4m 28s
Rendered 3122/5549, time remaining: 4m 27s
Rendered 3123/5549, time remaining: 4m 30s
Rendered 3124/5549, time remaining: 4m 28s
Rendered 3125/5549, time remaining: 4m 25s
Rendered 3126/5549, time remaining: 4m 28s
Rendered 3127/5549, time remaining: 4m 29s
Rendered 3128/5549, time remaining: 4m 27s
Rendered 3129/5549, time remaining: 4m 28s
Rendered 3130/5549, time remaining: 4m 28s
Rendered 3131/5549, time remaining: 4m 28s
Rendered 3132/5549, time remaining: 4m 28s
Rendered 3133/5549, time remaining: 4m 24s
Rendered 3134/5549, time remaining: 4m 26s
Rendered 3135/5549, time remaining: 4m 25s
Rendered 3136/5549, time remaining: 4m 25s
Rendered 3137/5549, time remaining: 4m 26s
Rendered 3138/5549, time remaining: 4m 26s
Rendered 3139/5549, time remaining: 4m 25s
Rendered 3140/5549, time remaining: 4m 25s
Rendered 3141/5549, time remaining: 4m 25s
Rendered 3142/5549, time remaining: 4m 25s
Rendered 3143/5549, time remaining: 4m 28s
Rendered 3144/5549, time remaining: 4m 28s
Rendered 3145/5549, time remaining: 4m 28s
Rendered 3146/5549, time remaining: 4m 27s
Rendered 3147/5549, time remaining: 4m 26s
Rendered 3148/5549, time remaining: 4m 27s
Rendered 3149/5549, time remaining: 4m 25s
Rendered 3150/5549, time remaining: 4m 24s
Rendered 3151/5549, time remaining: 4m 25s
Rendered 3152/5549, time remaining: 4m 27s
Rendered 3153/5549, time remaining: 4m 27s
Rendered 3154/5549, time remaining: 4m 28s
Rendered 3155/5549, time remaining: 4m 25s
Rendered 3156/5549, time remaining: 4m 26s
Rendered 3157/5549, time remaining: 4m 25s
Rendered 3158/5549, time remaining: 4m 23s
Rendered 3159/5549, time remaining: 4m 26s
Rendered 3160/5549, time remaining: 4m 25s
Rendered 3161/5549, time remaining: 4m 26s
Rendered 3162/5549, time remaining: 4m 26s
Rendered 3163/5549, time remaining: 4m 26s
Rendered 3164/5549, time remaining: 4m 26s
Rendered 3165/5549, time remaining: 4m 25s
Rendered 3166/5549, time remaining: 4m 23s
Rendered 3167/5549, time remaining: 4m 25s
Rendered 3168/5549, time remaining: 4m 24s
Rendered 3169/5549, time remaining: 4m 25s
Rendered 3170/5549, time remaining: 4m 26s
Rendered 3171/5549, time remaining: 4m 26s
Rendered 3172/5549, time remaining: 4m 25s
Rendered 3173/5549, time remaining: 4m 25s
Rendered 3174/5549, time remaining: 4m 21s
Rendered 3175/5549, time remaining: 4m 23s
Rendered 3176/5549, time remaining: 4m 21s
Rendered 3177/5549, time remaining: 4m 24s
Rendered 3178/5549, time remaining: 4m 23s
Rendered 3179/5549, time remaining: 4m 23s
Rendered 3180/5549, time remaining: 4m 23s
Rendered 3181/5549, time remaining: 4m 24s
Rendered 3182/5549, time remaining: 4m 23s
Rendered 3183/5549, time remaining: 4m 23s
Rendered 3184/5549, time remaining: 4m 21s
Rendered 3185/5549, time remaining: 4m 21s
Rendered 3186/5549, time remaining: 4m 21s
Rendered 3187/5549, time remaining: 4m 21s
Rendered 3188/5549, time remaining: 4m 23s
Rendered 3189/5549, time remaining: 4m 23s
Rendered 3190/5549, time remaining: 4m 23s
Rendered 3191/5549, time remaining: 4m 21s
Rendered 3192/5549, time remaining: 4m 21s
Rendered 3193/5549, time remaining: 4m 21s
Rendered 3194/5549, time remaining: 4m 20s
Rendered 3195/5549, time remaining: 4m 20s
Rendered 3196/5549, time remaining: 4m 21s
Rendered 3197/5549, time remaining: 4m 21s
Rendered 3198/5549, time remaining: 4m 21s
Rendered 3199/5549, time remaining: 4m 21s
Rendered 3200/5549, time remaining: 4m 18s
Rendered 3201/5549, time remaining: 4m 19s
Rendered 3202/5549, time remaining: 4m 19s
Rendered 3203/5549, time remaining: 4m 20s
Rendered 3204/5549, time remaining: 4m 20s
Rendered 3205/5549, time remaining: 4m 20s
Rendered 3206/5549, time remaining: 4m 20s
Rendered 3207/5549, time remaining: 4m 21s
Rendered 3208/5549, time remaining: 4m 21s
Rendered 3209/5549, time remaining: 4m 17s
Rendered 3210/5549, time remaining: 4m 18s
Rendered 3211/5549, time remaining: 4m 18s
Rendered 3212/5549, time remaining: 4m 19s
Rendered 3213/5549, time remaining: 4m 19s
Rendered 3214/5549, time remaining: 4m 20s
Rendered 3215/5549, time remaining: 4m 20s
Rendered 3216/5549, time remaining: 4m 21s
Rendered 3217/5549, time remaining: 4m 18s
Rendered 3218/5549, time remaining: 4m 16s
Rendered 3219/5549, time remaining: 4m 16s
Rendered 3220/5549, time remaining: 4m 17s
Rendered 3221/5549, time remaining: 4m 18s
Rendered 3222/5549, time remaining: 4m 18s
Rendered 3223/5549, time remaining: 4m 19s
Rendered 3224/5549, time remaining: 4m 21s
Rendered 3225/5549, time remaining: 4m 16s
Rendered 3226/5549, time remaining: 4m 15s
Rendered 3227/5549, time remaining: 4m 15s
Rendered 3228/5549, time remaining: 4m 15s
Rendered 3229/5549, time remaining: 4m 15s
Rendered 3230/5549, time remaining: 4m 17s
Rendered 3231/5549, time remaining: 4m 20s
Rendered 3232/5549, time remaining: 4m 24s
Rendered 3233/5549, time remaining: 4m 17s
Rendered 3234/5549, time remaining: 4m 16s
Rendered 3235/5549, time remaining: 4m 15s
Rendered 3236/5549, time remaining: 4m 17s
Rendered 3237/5549, time remaining: 4m 17s
Rendered 3238/5549, time remaining: 4m 17s
Rendered 3239/5549, time remaining: 4m 17s
Rendered 3240/5549, time remaining: 4m 21s
Rendered 3241/5549, time remaining: 4m 17s
Rendered 3242/5549, time remaining: 4m 15s
Rendered 3243/5549, time remaining: 4m 16s
Rendered 3244/5549, time remaining: 4m 16s
Rendered 3245/5549, time remaining: 4m 16s
Rendered 3246/5549, time remaining: 4m 16s
Rendered 3247/5549, time remaining: 4m 17s
Rendered 3248/5549, time remaining: 4m 16s
Rendered 3249/5549, time remaining: 4m 15s
Rendered 3250/5549, time remaining: 4m 15s
Rendered 3251/5549, time remaining: 4m 15s
Rendered 3252/5549, time remaining: 4m 15s
Rendered 3253/5549, time remaining: 4m 15s
Rendered 3254/5549, time remaining: 4m 16s
Rendered 3255/5549, time remaining: 4m 16s
Rendered 3256/5549, time remaining: 4m 15s
Rendered 3257/5549, time remaining: 4m 13s
Rendered 3258/5549, time remaining: 4m 11s
Rendered 3259/5549, time remaining: 4m 12s
Rendered 3260/5549, time remaining: 4m 13s
Rendered 3261/5549, time remaining: 4m 13s
Rendered 3262/5549, time remaining: 4m 13s
Rendered 3263/5549, time remaining: 4m 14s
Rendered 3264/5549, time remaining: 4m 17s
Rendered 3265/5549, time remaining: 4m 13s
Rendered 3266/5549, time remaining: 4m 12s
Rendered 3267/5549, time remaining: 4m 13s
Rendered 3268/5549, time remaining: 4m 13s
Rendered 3269/5549, time remaining: 4m 12s
Rendered 3270/5549, time remaining: 4m 12s
Rendered 3271/5549, time remaining: 4m 10s
Rendered 3272/5549, time remaining: 4m 15s
Rendered 3273/5549, time remaining: 4m 14s
Rendered 3274/5549, time remaining: 4m 14s
Rendered 3275/5549, time remaining: 4m 14s
Rendered 3276/5549, time remaining: 4m 12s
Rendered 3277/5549, time remaining: 4m 11s
Rendered 3278/5549, time remaining: 4m 11s
Rendered 3279/5549, time remaining: 4m 9s
Rendered 3280/5549, time remaining: 4m 14s
Rendered 3281/5549, time remaining: 4m 15s
Rendered 3282/5549, time remaining: 4m 15s
Rendered 3283/5549, time remaining: 4m 15s
Rendered 3284/5549, time remaining: 4m 12s
Rendered 3285/5549, time remaining: 4m 10s
Rendered 3286/5549, time remaining: 4m 11s
Rendered 3287/5549, time remaining: 4m 9s
Rendered 3288/5549, time remaining: 4m 10s
Rendered 3289/5549, time remaining: 4m 11s
Rendered 3290/5549, time remaining: 4m 12s
Rendered 3291/5549, time remaining: 4m 13s
Rendered 3292/5549, time remaining: 4m 12s
Rendered 3293/5549, time remaining: 4m 7s
Rendered 3294/5549, time remaining: 4m 8s
Rendered 3295/5549, time remaining: 4m 6s
Rendered 3296/5549, time remaining: 4m 6s
Rendered 3297/5549, time remaining: 4m 12s
Rendered 3298/5549, time remaining: 4m 10s
Rendered 3299/5549, time remaining: 4m 10s
Rendered 3300/5549, time remaining: 4m 10s
Rendered 3301/5549, time remaining: 4m 8s
Rendered 3302/5549, time remaining: 4m 5s
Rendered 3303/5549, time remaining: 4m 7s
Rendered 3304/5549, time remaining: 4m 5s
Rendered 3305/5549, time remaining: 4m 9s
Rendered 3306/5549, time remaining: 4m 10s
Rendered 3307/5549, time remaining: 4m 10s
Rendered 3308/5549, time remaining: 4m 10s
Rendered 3309/5549, time remaining: 4m 7s
Rendered 3310/5549, time remaining: 4m 7s
Rendered 3311/5549, time remaining: 4m 7s
Rendered 3312/5549, time remaining: 4m 7s
Rendered 3313/5549, time remaining: 4m 9s
Rendered 3314/5549, time remaining: 4m 11s
Rendered 3315/5549, time remaining: 4m 12s
Rendered 3316/5549, time remaining: 4m 10s
Rendered 3317/5549, time remaining: 4m 8s
Rendered 3318/5549, time remaining: 4m 6s
Rendered 3319/5549, time remaining: 4m 7s
Rendered 3320/5549, time remaining: 4m 5s
Rendered 3321/5549, time remaining: 4m 6s
Rendered 3322/5549, time remaining: 4m 10s
Rendered 3323/5549, time remaining: 4m 12s
Rendered 3324/5549, time remaining: 4m 10s
Rendered 3325/5549, time remaining: 4m 8s
Rendered 3326/5549, time remaining: 4m 7s
Rendered 3327/5549, time remaining: 4m 8s
Rendered 3328/5549, time remaining: 4m 9s
Rendered 3329/5549, time remaining: 4m 8s
Rendered 3330/5549, time remaining: 4m 8s
Rendered 3331/5549, time remaining: 4m 9s
Rendered 3332/5549, time remaining: 4m 7s
Rendered 3333/5549, time remaining: 4m 5s
Rendered 3334/5549, time remaining: 4m 4s
Rendered 3335/5549, time remaining: 4m 9s
Rendered 3336/5549, time remaining: 4m 9s
Rendered 3337/5549, time remaining: 4m 8s
Rendered 3338/5549, time remaining: 4m 8s
Rendered 3339/5549, time remaining: 4m 9s
Rendered 3340/5549, time remaining: 4m 6s
Rendered 3341/5549, time remaining: 4m 5s
Rendered 3342/5549, time remaining: 4m 6s
Rendered 3343/5549, time remaining: 4m 4s
Rendered 3344/5549, time remaining: 4m 5s
Rendered 3345/5549, time remaining: 4m 4s
Rendered 3346/5549, time remaining: 4m 5s
Rendered 3347/5549, time remaining: 4m 5s
Rendered 3348/5549, time remaining: 4m 5s
Rendered 3349/5549, time remaining: 4m 5s
Rendered 3350/5549, time remaining: 4m 11s
Rendered 3351/5549, time remaining: 4m 7s
Rendered 3352/5549, time remaining: 4m 7s
Rendered 3353/5549, time remaining: 4m 5s
Rendered 3354/5549, time remaining: 4m 7s
Rendered 3355/5549, time remaining: 4m 6s
Rendered 3356/5549, time remaining: 4m 5s
Rendered 3357/5549, time remaining: 4m 3s
Rendered 3358/5549, time remaining: 4m 8s
Rendered 3359/5549, time remaining: 4m 6s
Rendered 3360/5549, time remaining: 4m 5s
Rendered 3361/5549, time remaining: 4m 4s
Rendered 3362/5549, time remaining: 4m 4s
Rendered 3363/5549, time remaining: 4m 4s
Rendered 3364/5549, time remaining: 4m 2s
Rendered 3365/5549, time remaining: 4m 2s
Rendered 3366/5549, time remaining: 4m 7s
Rendered 3367/5549, time remaining: 4m 5s
Rendered 3368/5549, time remaining: 4m 6s
Rendered 3369/5549, time remaining: 4m 6s
Rendered 3370/5549, time remaining: 4m 5s
Rendered 3371/5549, time remaining: 4m 4s
Rendered 3372/5549, time remaining: 4m 4s
Rendered 3373/5549, time remaining: 4m 3s
Rendered 3374/5549, time remaining: 4m 3s
Rendered 3375/5549, time remaining: 4m 5s
Rendered 3376/5549, time remaining: 4m 5s
Rendered 3377/5549, time remaining: 4m 5s
Rendered 3378/5549, time remaining: 4m 5s
Rendered 3379/5549, time remaining: 4m 5s
Rendered 3380/5549, time remaining: 4m 3s
Rendered 3381/5549, time remaining: 4m 1s
Rendered 3382/5549, time remaining: 4m 3s
Rendered 3383/5549, time remaining: 4m 4s
Rendered 3384/5549, time remaining: 4m 3s
Rendered 3385/5549, time remaining: 4m 3s
Rendered 3386/5549, time remaining: 4m 2s
Rendered 3387/5549, time remaining: 4m 2s
Rendered 3388/5549, time remaining: 4m 2s
Rendered 3389/5549, time remaining: 4m 2s
Rendered 3390/5549, time remaining: 4m 5s
Rendered 3391/5549, time remaining: 4m 4s
Rendered 3392/5549, time remaining: 4m 4s
Rendered 3393/5549, time remaining: 4m 3s
Rendered 3394/5549, time remaining: 4m 3s
Rendered 3395/5549, time remaining: 4m 2s
Rendered 3396/5549, time remaining: 4m 3s
Rendered 3397/5549, time remaining: 4m 2s
Rendered 3398/5549, time remaining: 4m 3s
Rendered 3399/5549, time remaining: 4m 4s
Rendered 3400/5549, time remaining: 4m 3s
Rendered 3401/5549, time remaining: 4m 3s
Rendered 3402/5549, time remaining: 4m 2s
Rendered 3403/5549, time remaining: 4m 2s
Rendered 3404/5549, time remaining: 4m 1s
Rendered 3405/5549, time remaining: 4m 1s
Rendered 3406/5549, time remaining: 4m 4s
Rendered 3407/5549, time remaining: 4m 4s
Rendered 3408/5549, time remaining: 4m 4s
Rendered 3409/5549, time remaining: 4m 3s
Rendered 3410/5549, time remaining: 4m 1s
Rendered 3411/5549, time remaining: 4m 0s
Rendered 3412/5549, time remaining: 4m 1s
Rendered 3413/5549, time remaining: 4m 0s
Rendered 3414/5549, time remaining: 4m 1s
Rendered 3415/5549, time remaining: 4m 3s
Rendered 3416/5549, time remaining: 4m 3s
Rendered 3417/5549, time remaining: 4m 2s
Rendered 3418/5549, time remaining: 4m 1s
Rendered 3419/5549, time remaining: 4m 0s
Rendered 3420/5549, time remaining: 4m 0s
Rendered 3421/5549, time remaining: 4m 0s
Rendered 3422/5549, time remaining: 3m 59s
Rendered 3423/5549, time remaining: 4m 0s
Rendered 3424/5549, time remaining: 3m 59s
Rendered 3425/5549, time remaining: 4m 0s
Rendered 3426/5549, time remaining: 4m 1s
Rendered 3427/5549, time remaining: 4m 0s
Rendered 3428/5549, time remaining: 4m 1s
Rendered 3429/5549, time remaining: 4m 2s
Rendered 3430/5549, time remaining: 3m 58s
Rendered 3431/5549, time remaining: 3m 58s
Rendered 3432/5549, time remaining: 3m 57s
Rendered 3433/5549, time remaining: 3m 59s
Rendered 3434/5549, time remaining: 3m 59s
Rendered 3435/5549, time remaining: 3m 59s
Rendered 3436/5549, time remaining: 4m 0s
Rendered 3437/5549, time remaining: 3m 59s
Rendered 3438/5549, time remaining: 3m 59s
Rendered 3439/5549, time remaining: 3m 58s
Rendered 3440/5549, time remaining: 3m 57s
Rendered 3441/5549, time remaining: 3m 58s
Rendered 3442/5549, time remaining: 3m 59s
Rendered 3443/5549, time remaining: 3m 59s
Rendered 3444/5549, time remaining: 3m 59s
Rendered 3445/5549, time remaining: 3m 59s
Rendered 3446/5549, time remaining: 3m 58s
Rendered 3447/5549, time remaining: 3m 53s
Rendered 3448/5549, time remaining: 3m 52s
Rendered 3449/5549, time remaining: 3m 55s
Rendered 3450/5549, time remaining: 3m 56s
Rendered 3451/5549, time remaining: 3m 57s
Rendered 3452/5549, time remaining: 3m 59s
Rendered 3453/5549, time remaining: 3m 58s
Rendered 3454/5549, time remaining: 3m 59s
Rendered 3455/5549, time remaining: 3m 55s
Rendered 3456/5549, time remaining: 3m 53s
Rendered 3457/5549, time remaining: 3m 53s
Rendered 3458/5549, time remaining: 3m 52s
Rendered 3459/5549, time remaining: 3m 53s
Rendered 3460/5549, time remaining: 3m 57s
Rendered 3461/5549, time remaining: 3m 55s
Rendered 3462/5549, time remaining: 3m 55s
Rendered 3463/5549, time remaining: 3m 52s
Rendered 3464/5549, time remaining: 3m 51s
Rendered 3465/5549, time remaining: 3m 50s
Rendered 3466/5549, time remaining: 3m 50s
Rendered 3467/5549, time remaining: 3m 52s
Rendered 3468/5549, time remaining: 3m 55s
Rendered 3469/5549, time remaining: 3m 53s
Rendered 3470/5549, time remaining: 3m 53s
Rendered 3471/5549, time remaining: 3m 53s
Rendered 3472/5549, time remaining: 3m 53s
Rendered 3473/5549, time remaining: 3m 50s
Rendered 3474/5549, time remaining: 3m 50s
Rendered 3475/5549, time remaining: 3m 53s
Rendered 3476/5549, time remaining: 3m 54s
Rendered 3477/5549, time remaining: 3m 50s
Rendered 3478/5549, time remaining: 3m 49s
Rendered 3479/5549, time remaining: 3m 50s
Rendered 3480/5549, time remaining: 3m 51s
Rendered 3481/5549, time remaining: 3m 51s
Rendered 3482/5549, time remaining: 3m 51s
Rendered 3483/5549, time remaining: 3m 54s
Rendered 3484/5549, time remaining: 3m 54s
Rendered 3485/5549, time remaining: 3m 49s
Rendered 3486/5549, time remaining: 3m 49s
Rendered 3487/5549, time remaining: 3m 49s
Rendered 3488/5549, time remaining: 3m 51s
Rendered 3489/5549, time remaining: 3m 49s
Rendered 3490/5549, time remaining: 3m 50s
Rendered 3491/5549, time remaining: 3m 52s
Rendered 3492/5549, time remaining: 3m 52s
Rendered 3493/5549, time remaining: 3m 51s
Rendered 3494/5549, time remaining: 3m 50s
Rendered 3495/5549, time remaining: 3m 51s
Rendered 3496/5549, time remaining: 3m 49s
Rendered 3497/5549, time remaining: 3m 50s
Rendered 3498/5549, time remaining: 3m 51s
Rendered 3499/5549, time remaining: 3m 53s
Rendered 3500/5549, time remaining: 3m 47s
Rendered 3501/5549, time remaining: 3m 47s
Rendered 3502/5549, time remaining: 3m 47s
Rendered 3503/5549, time remaining: 3m 48s
Rendered 3504/5549, time remaining: 3m 46s
Rendered 3505/5549, time remaining: 3m 48s
Rendered 3506/5549, time remaining: 3m 48s
Rendered 3507/5549, time remaining: 3m 53s
Rendered 3508/5549, time remaining: 3m 48s
Rendered 3509/5549, time remaining: 3m 46s
Rendered 3510/5549, time remaining: 3m 46s
Rendered 3511/5549, time remaining: 3m 46s
Rendered 3512/5549, time remaining: 3m 46s
Rendered 3513/5549, time remaining: 3m 48s
Rendered 3514/5549, time remaining: 3m 48s
Rendered 3515/5549, time remaining: 3m 52s
Rendered 3516/5549, time remaining: 3m 47s
Rendered 3517/5549, time remaining: 3m 46s
Rendered 3518/5549, time remaining: 3m 45s
Rendered 3519/5549, time remaining: 3m 45s
Rendered 3520/5549, time remaining: 3m 44s
Rendered 3521/5549, time remaining: 3m 44s
Rendered 3522/5549, time remaining: 3m 45s
Rendered 3523/5549, time remaining: 3m 45s
Rendered 3524/5549, time remaining: 3m 47s
Rendered 3525/5549, time remaining: 3m 44s
Rendered 3526/5549, time remaining: 3m 45s
Rendered 3527/5549, time remaining: 3m 45s
Rendered 3528/5549, time remaining: 3m 44s
Rendered 3529/5549, time remaining: 3m 45s
Rendered 3530/5549, time remaining: 3m 44s
Rendered 3531/5549, time remaining: 3m 45s
Rendered 3532/5549, time remaining: 3m 43s
Rendered 3533/5549, time remaining: 3m 43s
Rendered 3534/5549, time remaining: 3m 43s
Rendered 3535/5549, time remaining: 3m 43s
Rendered 3536/5549, time remaining: 3m 42s
Rendered 3537/5549, time remaining: 3m 42s
Rendered 3538/5549, time remaining: 3m 43s
Rendered 3539/5549, time remaining: 3m 44s
Rendered 3540/5549, time remaining: 3m 41s
Rendered 3541/5549, time remaining: 3m 41s
Rendered 3542/5549, time remaining: 3m 41s
Rendered 3543/5549, time remaining: 3m 41s
Rendered 3544/5549, time remaining: 3m 40s
Rendered 3545/5549, time remaining: 3m 40s
Rendered 3546/5549, time remaining: 3m 40s
Rendered 3547/5549, time remaining: 3m 40s
Rendered 3548/5549, time remaining: 3m 42s
Rendered 3549/5549, time remaining: 3m 39s
Rendered 3550/5549, time remaining: 3m 39s
Rendered 3551/5549, time remaining: 3m 39s
Rendered 3552/5549, time remaining: 3m 39s
Rendered 3553/5549, time remaining: 3m 39s
Rendered 3554/5549, time remaining: 3m 40s
Rendered 3555/5549, time remaining: 3m 39s
Rendered 3556/5549, time remaining: 3m 40s
Rendered 3557/5549, time remaining: 3m 38s
Rendered 3558/5549, time remaining: 3m 39s
Rendered 3559/5549, time remaining: 3m 39s
Rendered 3560/5549, time remaining: 3m 39s
Rendered 3561/5549, time remaining: 3m 39s
Rendered 3562/5549, time remaining: 3m 38s
Rendered 3563/5549, time remaining: 3m 39s
Rendered 3564/5549, time remaining: 3m 37s
Rendered 3565/5549, time remaining: 3m 37s
Rendered 3566/5549, time remaining: 3m 36s
Rendered 3567/5549, time remaining: 3m 37s
Rendered 3568/5549, time remaining: 3m 37s
Rendered 3569/5549, time remaining: 3m 37s
Rendered 3570/5549, time remaining: 3m 37s
Rendered 3571/5549, time remaining: 3m 37s
Rendered 3572/5549, time remaining: 3m 37s
Rendered 3573/5549, time remaining: 3m 36s
Rendered 3574/5549, time remaining: 3m 36s
Rendered 3575/5549, time remaining: 3m 37s
Rendered 3576/5549, time remaining: 3m 37s
Rendered 3577/5549, time remaining: 3m 37s
Rendered 3578/5549, time remaining: 3m 37s
Rendered 3579/5549, time remaining: 3m 35s
Rendered 3580/5549, time remaining: 3m 36s
Rendered 3581/5549, time remaining: 3m 36s
Rendered 3582/5549, time remaining: 3m 37s
Rendered 3583/5549, time remaining: 3m 35s
Rendered 3584/5549, time remaining: 3m 36s
Rendered 3585/5549, time remaining: 3m 36s
Rendered 3586/5549, time remaining: 3m 34s
Rendered 3587/5549, time remaining: 3m 36s
Rendered 3588/5549, time remaining: 3m 36s
Rendered 3589/5549, time remaining: 3m 37s
Rendered 3590/5549, time remaining: 3m 37s
Rendered 3591/5549, time remaining: 3m 35s
Rendered 3592/5549, time remaining: 3m 34s
Rendered 3593/5549, time remaining: 3m 34s
Rendered 3594/5549, time remaining: 3m 33s
Rendered 3595/5549, time remaining: 3m 33s
Rendered 3596/5549, time remaining: 3m 35s
Rendered 3597/5549, time remaining: 3m 37s
Rendered 3598/5549, time remaining: 3m 38s
Rendered 3599/5549, time remaining: 3m 36s
Rendered 3600/5549, time remaining: 3m 34s
Rendered 3601/5549, time remaining: 3m 35s
Rendered 3602/5549, time remaining: 3m 32s
Rendered 3603/5549, time remaining: 3m 32s
Rendered 3604/5549, time remaining: 3m 34s
Rendered 3605/5549, time remaining: 3m 33s
Rendered 3606/5549, time remaining: 3m 35s
Rendered 3607/5549, time remaining: 3m 34s
Rendered 3608/5549, time remaining: 3m 35s
Rendered 3609/5549, time remaining: 3m 35s
Rendered 3610/5549, time remaining: 3m 32s
Rendered 3611/5549, time remaining: 3m 31s
Rendered 3612/5549, time remaining: 3m 31s
Rendered 3613/5549, time remaining: 3m 33s
Rendered 3614/5549, time remaining: 3m 35s
Rendered 3615/5549, time remaining: 3m 35s
Rendered 3616/5549, time remaining: 3m 36s
Rendered 3617/5549, time remaining: 3m 34s
Rendered 3618/5549, time remaining: 3m 31s
Rendered 3619/5549, time remaining: 3m 31s
Rendered 3620/5549, time remaining: 3m 31s
Rendered 3621/5549, time remaining: 3m 30s
Rendered 3622/5549, time remaining: 3m 32s
Rendered 3623/5549, time remaining: 3m 33s
Rendered 3624/5549, time remaining: 3m 33s
Rendered 3625/5549, time remaining: 3m 31s
Rendered 3626/5549, time remaining: 3m 30s
Rendered 3627/5549, time remaining: 3m 30s
Rendered 3628/5549, time remaining: 3m 29s
Rendered 3629/5549, time remaining: 3m 30s
Rendered 3630/5549, time remaining: 3m 33s
Rendered 3631/5549, time remaining: 3m 32s
Rendered 3632/5549, time remaining: 3m 32s
Rendered 3633/5549, time remaining: 3m 29s
Rendered 3634/5549, time remaining: 3m 29s
Rendered 3635/5549, time remaining: 3m 28s
Rendered 3636/5549, time remaining: 3m 28s
Rendered 3637/5549, time remaining: 3m 28s
Rendered 3638/5549, time remaining: 3m 31s
Rendered 3639/5549, time remaining: 3m 31s
Rendered 3640/5549, time remaining: 3m 30s
Rendered 3641/5549, time remaining: 3m 28s
Rendered 3642/5549, time remaining: 3m 28s
Rendered 3643/5549, time remaining: 3m 28s
Rendered 3644/5549, time remaining: 3m 28s
Rendered 3645/5549, time remaining: 3m 28s
Rendered 3646/5549, time remaining: 3m 32s
Rendered 3647/5549, time remaining: 3m 31s
Rendered 3648/5549, time remaining: 3m 30s
Rendered 3649/5549, time remaining: 3m 26s
Rendered 3650/5549, time remaining: 3m 26s
Rendered 3651/5549, time remaining: 3m 26s
Rendered 3652/5549, time remaining: 3m 26s
Rendered 3653/5549, time remaining: 3m 27s
Rendered 3654/5549, time remaining: 3m 32s
Rendered 3655/5549, time remaining: 3m 30s
Rendered 3656/5549, time remaining: 3m 30s
Rendered 3657/5549, time remaining: 3m 26s
Rendered 3658/5549, time remaining: 3m 26s
Rendered 3659/5549, time remaining: 3m 26s
Rendered 3660/5549, time remaining: 3m 26s
Rendered 3661/5549, time remaining: 3m 25s
Rendered 3662/5549, time remaining: 3m 29s
Rendered 3663/5549, time remaining: 3m 29s
Rendered 3664/5549, time remaining: 3m 28s
Rendered 3665/5549, time remaining: 3m 25s
Rendered 3666/5549, time remaining: 3m 24s
Rendered 3667/5549, time remaining: 3m 24s
Rendered 3668/5549, time remaining: 3m 24s
Rendered 3669/5549, time remaining: 3m 25s
Rendered 3670/5549, time remaining: 3m 28s
Rendered 3671/5549, time remaining: 3m 29s
Rendered 3672/5549, time remaining: 3m 28s
Rendered 3673/5549, time remaining: 3m 28s
Rendered 3674/5549, time remaining: 3m 24s
Rendered 3675/5549, time remaining: 3m 25s
Rendered 3676/5549, time remaining: 3m 23s
Rendered 3677/5549, time remaining: 3m 24s
Rendered 3678/5549, time remaining: 3m 25s
Rendered 3679/5549, time remaining: 3m 27s
Rendered 3680/5549, time remaining: 3m 29s
Rendered 3681/5549, time remaining: 3m 28s
Rendered 3682/5549, time remaining: 3m 24s
Rendered 3683/5549, time remaining: 3m 23s
Rendered 3684/5549, time remaining: 3m 23s
Rendered 3685/5549, time remaining: 3m 23s
Rendered 3686/5549, time remaining: 3m 25s
Rendered 3687/5549, time remaining: 3m 25s
Rendered 3688/5549, time remaining: 3m 28s
Rendered 3689/5549, time remaining: 3m 26s
Rendered 3690/5549, time remaining: 3m 22s
Rendered 3691/5549, time remaining: 3m 22s
Rendered 3692/5549, time remaining: 3m 23s
Rendered 3693/5549, time remaining: 3m 23s
Rendered 3694/5549, time remaining: 3m 24s
Rendered 3695/5549, time remaining: 3m 23s
Rendered 3696/5549, time remaining: 3m 27s
Rendered 3697/5549, time remaining: 3m 27s
Rendered 3698/5549, time remaining: 3m 23s
Rendered 3699/5549, time remaining: 3m 21s
Rendered 3700/5549, time remaining: 3m 22s
Rendered 3701/5549, time remaining: 3m 22s
Rendered 3702/5549, time remaining: 3m 23s
Rendered 3703/5549, time remaining: 3m 24s
Rendered 3704/5549, time remaining: 3m 26s
Rendered 3705/5549, time remaining: 3m 25s
Rendered 3706/5549, time remaining: 3m 22s
Rendered 3707/5549, time remaining: 3m 21s
Rendered 3708/5549, time remaining: 3m 21s
Rendered 3709/5549, time remaining: 3m 21s
Rendered 3710/5549, time remaining: 3m 20s
Rendered 3711/5549, time remaining: 3m 20s
Rendered 3712/5549, time remaining: 3m 25s
Rendered 3713/5549, time remaining: 3m 25s
Rendered 3714/5549, time remaining: 3m 22s
Rendered 3715/5549, time remaining: 3m 21s
Rendered 3716/5549, time remaining: 3m 21s
Rendered 3717/5549, time remaining: 3m 20s
Rendered 3718/5549, time remaining: 3m 19s
Rendered 3719/5549, time remaining: 3m 19s
Rendered 3720/5549, time remaining: 3m 24s
Rendered 3721/5549, time remaining: 3m 24s
Rendered 3722/5549, time remaining: 3m 22s
Rendered 3723/5549, time remaining: 3m 20s
Rendered 3724/5549, time remaining: 3m 20s
Rendered 3725/5549, time remaining: 3m 19s
Rendered 3726/5549, time remaining: 3m 19s
Rendered 3727/5549, time remaining: 3m 19s
Rendered 3728/5549, time remaining: 3m 22s
Rendered 3729/5549, time remaining: 3m 22s
Rendered 3730/5549, time remaining: 3m 20s
Rendered 3731/5549, time remaining: 3m 19s
Rendered 3732/5549, time remaining: 3m 18s
Rendered 3733/5549, time remaining: 3m 18s
Rendered 3734/5549, time remaining: 3m 17s
Rendered 3735/5549, time remaining: 3m 17s
Rendered 3736/5549, time remaining: 3m 22s
Rendered 3737/5549, time remaining: 3m 21s
Rendered 3738/5549, time remaining: 3m 19s
Rendered 3739/5549, time remaining: 3m 17s
Rendered 3740/5549, time remaining: 3m 17s
Rendered 3741/5549, time remaining: 3m 17s
Rendered 3742/5549, time remaining: 3m 16s
Rendered 3743/5549, time remaining: 3m 16s
Rendered 3744/5549, time remaining: 3m 21s
Rendered 3745/5549, time remaining: 3m 21s
Rendered 3746/5549, time remaining: 3m 19s
Rendered 3747/5549, time remaining: 3m 17s
Rendered 3748/5549, time remaining: 3m 17s
Rendered 3749/5549, time remaining: 3m 16s
Rendered 3750/5549, time remaining: 3m 16s
Rendered 3751/5549, time remaining: 3m 15s
Rendered 3752/5549, time remaining: 3m 17s
Rendered 3753/5549, time remaining: 3m 19s
Rendered 3754/5549, time remaining: 3m 16s
Rendered 3755/5549, time remaining: 3m 17s
Rendered 3756/5549, time remaining: 3m 16s
Rendered 3757/5549, time remaining: 3m 16s
Rendered 3758/5549, time remaining: 3m 16s
Rendered 3759/5549, time remaining: 3m 14s
Rendered 3760/5549, time remaining: 3m 15s
Rendered 3761/5549, time remaining: 3m 17s
Rendered 3762/5549, time remaining: 3m 17s
Rendered 3763/5549, time remaining: 3m 16s
Rendered 3764/5549, time remaining: 3m 15s
Rendered 3765/5549, time remaining: 3m 14s
Rendered 3766/5549, time remaining: 3m 13s
Rendered 3767/5549, time remaining: 3m 13s
Rendered 3768/5549, time remaining: 3m 15s
Rendered 3769/5549, time remaining: 3m 16s
Rendered 3770/5549, time remaining: 3m 16s
Rendered 3771/5549, time remaining: 3m 16s
Rendered 3772/5549, time remaining: 3m 15s
Rendered 3773/5549, time remaining: 3m 14s
Rendered 3774/5549, time remaining: 3m 14s
Rendered 3775/5549, time remaining: 3m 13s
Rendered 3776/5549, time remaining: 3m 14s
Rendered 3777/5549, time remaining: 3m 15s
Rendered 3778/5549, time remaining: 3m 15s
Rendered 3779/5549, time remaining: 3m 15s
Rendered 3780/5549, time remaining: 3m 13s
Rendered 3781/5549, time remaining: 3m 13s
Rendered 3782/5549, time remaining: 3m 13s
Rendered 3783/5549, time remaining: 3m 13s
Rendered 3784/5549, time remaining: 3m 13s
Rendered 3785/5549, time remaining: 3m 14s
Rendered 3786/5549, time remaining: 3m 13s
Rendered 3787/5549, time remaining: 3m 13s
Rendered 3788/5549, time remaining: 3m 12s
Rendered 3789/5549, time remaining: 3m 13s
Rendered 3790/5549, time remaining: 3m 13s
Rendered 3791/5549, time remaining: 3m 13s
Rendered 3792/5549, time remaining: 3m 12s
Rendered 3793/5549, time remaining: 3m 12s
Rendered 3794/5549, time remaining: 3m 12s
Rendered 3795/5549, time remaining: 3m 10s
Rendered 3796/5549, time remaining: 3m 11s
Rendered 3797/5549, time remaining: 3m 12s
Rendered 3798/5549, time remaining: 3m 12s
Rendered 3799/5549, time remaining: 3m 12s
Rendered 3800/5549, time remaining: 3m 11s
Rendered 3801/5549, time remaining: 3m 11s
Rendered 3802/5549, time remaining: 3m 10s
Rendered 3803/5549, time remaining: 3m 10s
Rendered 3804/5549, time remaining: 3m 11s
Rendered 3805/5549, time remaining: 3m 11s
Rendered 3806/5549, time remaining: 3m 11s
Rendered 3807/5549, time remaining: 3m 11s
Rendered 3808/5549, time remaining: 3m 10s
Rendered 3809/5549, time remaining: 3m 10s
Rendered 3810/5549, time remaining: 3m 10s
Rendered 3811/5549, time remaining: 3m 10s
Rendered 3812/5549, time remaining: 3m 12s
Rendered 3813/5549, time remaining: 3m 10s
Rendered 3814/5549, time remaining: 3m 10s
Rendered 3815/5549, time remaining: 3m 10s
Rendered 3816/5549, time remaining: 3m 10s
Rendered 3817/5549, time remaining: 3m 10s
Rendered 3818/5549, time remaining: 3m 9s
Rendered 3819/5549, time remaining: 3m 8s
Rendered 3820/5549, time remaining: 3m 11s
Rendered 3821/5549, time remaining: 3m 10s
Rendered 3822/5549, time remaining: 3m 10s
Rendered 3823/5549, time remaining: 3m 9s
Rendered 3824/5549, time remaining: 3m 9s
Rendered 3825/5549, time remaining: 3m 8s
Rendered 3826/5549, time remaining: 3m 8s
Rendered 3827/5549, time remaining: 3m 7s
Rendered 3828/5549, time remaining: 3m 12s
Rendered 3829/5549, time remaining: 3m 9s
Rendered 3830/5549, time remaining: 3m 8s
Rendered 3831/5549, time remaining: 3m 7s
Rendered 3832/5549, time remaining: 3m 8s
Rendered 3833/5549, time remaining: 3m 7s
Rendered 3834/5549, time remaining: 3m 7s
Rendered 3835/5549, time remaining: 3m 7s
Rendered 3836/5549, time remaining: 3m 11s
Rendered 3837/5549, time remaining: 3m 12s
Rendered 3838/5549, time remaining: 3m 9s
Rendered 3839/5549, time remaining: 3m 8s
Rendered 3840/5549, time remaining: 3m 9s
Rendered 3841/5549, time remaining: 3m 9s
Rendered 3842/5549, time remaining: 3m 9s
Rendered 3843/5549, time remaining: 3m 9s
Rendered 3844/5549, time remaining: 3m 11s
Rendered 3845/5549, time remaining: 3m 14s
Rendered 3846/5549, time remaining: 3m 10s
Rendered 3847/5549, time remaining: 3m 10s
Rendered 3848/5549, time remaining: 3m 10s
Rendered 3849/5549, time remaining: 3m 9s
Rendered 3850/5549, time remaining: 3m 10s
Rendered 3851/5549, time remaining: 3m 10s
Rendered 3852/5549, time remaining: 3m 12s
Rendered 3853/5549, time remaining: 3m 13s
Rendered 3854/5549, time remaining: 3m 11s
Rendered 3855/5549, time remaining: 3m 11s
Rendered 3856/5549, time remaining: 3m 12s
Rendered 3857/5549, time remaining: 3m 12s
Rendered 3858/5549, time remaining: 3m 12s
Rendered 3859/5549, time remaining: 3m 12s
Rendered 3860/5549, time remaining: 3m 16s
Rendered 3861/5549, time remaining: 3m 17s
Rendered 3862/5549, time remaining: 3m 13s
Rendered 3863/5549, time remaining: 3m 13s
Rendered 3864/5549, time remaining: 3m 13s
Rendered 3865/5549, time remaining: 3m 13s
Rendered 3866/5549, time remaining: 3m 13s
Rendered 3867/5549, time remaining: 3m 13s
Rendered 3868/5549, time remaining: 3m 16s
Rendered 3869/5549, time remaining: 3m 18s
Rendered 3870/5549, time remaining: 3m 14s
Rendered 3871/5549, time remaining: 3m 16s
Rendered 3872/5549, time remaining: 3m 17s
Rendered 3873/5549, time remaining: 3m 16s
Rendered 3874/5549, time remaining: 3m 16s
Rendered 3875/5549, time remaining: 3m 17s
Rendered 3876/5549, time remaining: 3m 16s
Rendered 3877/5549, time remaining: 3m 19s
Rendered 3878/5549, time remaining: 3m 17s
Rendered 3879/5549, time remaining: 3m 18s
Rendered 3880/5549, time remaining: 3m 18s
Rendered 3881/5549, time remaining: 3m 18s
Rendered 3882/5549, time remaining: 3m 18s
Rendered 3883/5549, time remaining: 3m 18s
Rendered 3884/5549, time remaining: 3m 18s
Rendered 3885/5549, time remaining: 3m 19s
Rendered 3886/5549, time remaining: 3m 16s
Rendered 3887/5549, time remaining: 3m 17s
Rendered 3888/5549, time remaining: 3m 17s
Rendered 3889/5549, time remaining: 3m 17s
Rendered 3890/5549, time remaining: 3m 17s
Rendered 3891/5549, time remaining: 3m 17s
Rendered 3892/5549, time remaining: 3m 17s
Rendered 3893/5549, time remaining: 3m 18s
Rendered 3894/5549, time remaining: 3m 18s
Rendered 3895/5549, time remaining: 3m 18s
Rendered 3896/5549, time remaining: 3m 19s
Rendered 3897/5549, time remaining: 3m 19s
Rendered 3898/5549, time remaining: 3m 19s
Rendered 3899/5549, time remaining: 3m 19s
Rendered 3900/5549, time remaining: 3m 19s
Rendered 3901/5549, time remaining: 3m 20s
Rendered 3902/5549, time remaining: 3m 22s
Rendered 3903/5549, time remaining: 3m 21s
Rendered 3904/5549, time remaining: 3m 21s
Rendered 3905/5549, time remaining: 3m 21s
Rendered 3906/5549, time remaining: 3m 21s
Rendered 3907/5549, time remaining: 3m 21s
Rendered 3908/5549, time remaining: 3m 21s
Rendered 3909/5549, time remaining: 3m 21s
Rendered 3910/5549, time remaining: 3m 23s
Rendered 3911/5549, time remaining: 3m 22s
Rendered 3912/5549, time remaining: 3m 23s
Rendered 3913/5549, time remaining: 3m 23s
Rendered 3914/5549, time remaining: 3m 22s
Rendered 3915/5549, time remaining: 3m 22s
Rendered 3916/5549, time remaining: 3m 22s
Rendered 3917/5549, time remaining: 3m 23s
Rendered 3918/5549, time remaining: 3m 25s
Rendered 3919/5549, time remaining: 3m 25s
Rendered 3920/5549, time remaining: 3m 25s
Rendered 3921/5549, time remaining: 3m 25s
Rendered 3922/5549, time remaining: 3m 21s
Rendered 3923/5549, time remaining: 3m 21s
Rendered 3924/5549, time remaining: 3m 21s
Rendered 3925/5549, time remaining: 3m 23s
Rendered 3926/5549, time remaining: 3m 25s
Rendered 3927/5549, time remaining: 3m 26s
Rendered 3928/5549, time remaining: 3m 26s
Rendered 3929/5549, time remaining: 3m 26s
Rendered 3930/5549, time remaining: 3m 23s
Rendered 3931/5549, time remaining: 3m 22s
Rendered 3932/5549, time remaining: 3m 22s
Rendered 3933/5549, time remaining: 3m 23s
Rendered 3934/5549, time remaining: 3m 26s
Rendered 3935/5549, time remaining: 3m 29s
Rendered 3936/5549, time remaining: 3m 29s
Rendered 3937/5549, time remaining: 3m 29s
Rendered 3938/5549, time remaining: 3m 27s
Rendered 3939/5549, time remaining: 3m 25s
Rendered 3940/5549, time remaining: 3m 25s
Rendered 3941/5549, time remaining: 3m 27s
Rendered 3942/5549, time remaining: 3m 31s
Rendered 3943/5549, time remaining: 3m 32s
Rendered 3944/5549, time remaining: 3m 32s
Rendered 3945/5549, time remaining: 3m 33s
Rendered 3946/5549, time remaining: 3m 29s
Rendered 3947/5549, time remaining: 3m 28s
Rendered 3948/5549, time remaining: 3m 28s
Rendered 3949/5549, time remaining: 3m 28s
Rendered 3950/5549, time remaining: 3m 35s
Rendered 3951/5549, time remaining: 3m 36s
Rendered 3952/5549, time remaining: 3m 37s
Rendered 3953/5549, time remaining: 3m 37s
Rendered 3954/5549, time remaining: 3m 33s
Rendered 3955/5549, time remaining: 3m 35s
Rendered 3956/5549, time remaining: 3m 39s
Rendered 3957/5549, time remaining: 3m 41s
Rendered 3958/5549, time remaining: 3m 43s
Rendered 3959/5549, time remaining: 3m 45s
Rendered 3960/5549, time remaining: 3m 47s
Rendered 3961/5549, time remaining: 3m 49s
Rendered 3962/5549, time remaining: 3m 47s
Rendered 3963/5549, time remaining: 3m 48s
Rendered 3964/5549, time remaining: 3m 50s
Rendered 3965/5549, time remaining: 3m 54s
Rendered 3966/5549, time remaining: 3m 57s
Rendered 3967/5549, time remaining: 3m 59s
Rendered 3968/5549, time remaining: 4m 2s
Rendered 3969/5549, time remaining: 4m 13s
Rendered 3970/5549, time remaining: 4m 9s
Rendered 3971/5549, time remaining: 4m 8s
Rendered 3972/5549, time remaining: 4m 8s
Rendered 3973/5549, time remaining: 4m 7s
Rendered 3974/5549, time remaining: 4m 7s
Rendered 3975/5549, time remaining: 4m 7s
Rendered 3976/5549, time remaining: 4m 8s
Rendered 3977/5549, time remaining: 4m 15s
Rendered 3978/5549, time remaining: 4m 10s
Rendered 3979/5549, time remaining: 4m 10s
Rendered 3980/5549, time remaining: 4m 10s
Rendered 3981/5549, time remaining: 4m 10s
Rendered 3982/5549, time remaining: 4m 9s
Rendered 3983/5549, time remaining: 4m 9s
Rendered 3984/5549, time remaining: 4m 10s
Rendered 3985/5549, time remaining: 4m 15s
Rendered 3986/5549, time remaining: 4m 10s
Rendered 3987/5549, time remaining: 4m 10s
Rendered 3988/5549, time remaining: 4m 9s
Rendered 3989/5549, time remaining: 4m 9s
Rendered 3990/5549, time remaining: 4m 9s
Rendered 3991/5549, time remaining: 4m 9s
Rendered 3992/5549, time remaining: 4m 10s
Rendered 3993/5549, time remaining: 4m 14s
Rendered 3994/5549, time remaining: 4m 12s
Rendered 3995/5549, time remaining: 4m 10s
Rendered 3996/5549, time remaining: 4m 10s
Rendered 3997/5549, time remaining: 4m 10s
Rendered 3998/5549, time remaining: 4m 10s
Rendered 3999/5549, time remaining: 4m 10s
Rendered 4000/5549, time remaining: 4m 10s
Rendered 4001/5549, time remaining: 5m 24s
Rendered 4002/5549, time remaining: 5m 20s
Rendered 4003/5549, time remaining: 5m 17s
Rendered 4004/5549, time remaining: 5m 17s
Rendered 4005/5549, time remaining: 5m 16s
Rendered 4006/5549, time remaining: 5m 41s
Rendered 4007/5549, time remaining: 5m 41s
Rendered 4008/5549, time remaining: 5m 40s
Rendered 4009/5549, time remaining: 5m 49s
Rendered 4010/5549, time remaining: 5m 46s
Rendered 4011/5549, time remaining: 5m 45s
Rendered 4012/5549, time remaining: 5m 45s
Rendered 4013/5549, time remaining: 5m 45s
Rendered 4014/5549, time remaining: 5m 45s
Rendered 4015/5549, time remaining: 5m 44s
Rendered 4016/5549, time remaining: 5m 44s
Rendered 4017/5549, time remaining: 5m 50s
Rendered 4018/5549, time remaining: 5m 47s
Rendered 4019/5549, time remaining: 5m 45s
Rendered 4020/5549, time remaining: 5m 45s
Rendered 4021/5549, time remaining: 5m 42s
Rendered 4022/5549, time remaining: 5m 41s
Rendered 4023/5549, time remaining: 5m 41s
Rendered 4024/5549, time remaining: 5m 41s
Rendered 4025/5549, time remaining: 5m 46s
Rendered 4026/5549, time remaining: 5m 46s
Rendered 4027/5549, time remaining: 5m 42s
Rendered 4028/5549, time remaining: 5m 40s
Rendered 4029/5549, time remaining: 5m 39s
Rendered 4030/5549, time remaining: 5m 39s
Rendered 4031/5549, time remaining: 5m 39s
Rendered 4032/5549, time remaining: 5m 39s
Rendered 4033/5549, time remaining: 5m 43s
Rendered 4034/5549, time remaining: 5m 44s
Rendered 4035/5549, time remaining: 5m 43s
Rendered 4036/5549, time remaining: 5m 40s
Rendered 4037/5549, time remaining: 5m 40s
Rendered 4038/5549, time remaining: 5m 40s
Rendered 4039/5549, time remaining: 5m 40s
Rendered 4040/5549, time remaining: 5m 40s
Rendered 4041/5549, time remaining: 5m 46s
Rendered 4042/5549, time remaining: 5m 45s
Rendered 4043/5549, time remaining: 5m 44s
Rendered 4044/5549, time remaining: 5m 40s
Rendered 4045/5549, time remaining: 5m 39s
Rendered 4046/5549, time remaining: 5m 38s
Rendered 4047/5549, time remaining: 5m 38s
Rendered 4048/5549, time remaining: 5m 38s
Rendered 4049/5549, time remaining: 5m 42s
Rendered 4050/5549, time remaining: 5m 43s
Rendered 4051/5549, time remaining: 5m 42s
Rendered 4052/5549, time remaining: 5m 40s
Rendered 4053/5549, time remaining: 5m 39s
Rendered 4054/5549, time remaining: 5m 38s
Rendered 4055/5549, time remaining: 5m 36s
Rendered 4056/5549, time remaining: 5m 36s
Rendered 4057/5549, time remaining: 5m 40s
Rendered 4058/5549, time remaining: 5m 39s
Rendered 4059/5549, time remaining: 5m 39s
Rendered 4060/5549, time remaining: 5m 36s
Rendered 4061/5549, time remaining: 5m 35s
Rendered 4062/5549, time remaining: 5m 34s
Rendered 4063/5549, time remaining: 5m 33s
Rendered 4064/5549, time remaining: 5m 34s
Rendered 4065/5549, time remaining: 5m 38s
Rendered 4066/5549, time remaining: 5m 37s
Rendered 4067/5549, time remaining: 5m 37s
Rendered 4068/5549, time remaining: 5m 32s
Rendered 4069/5549, time remaining: 5m 31s
Rendered 4070/5549, time remaining: 5m 31s
Rendered 4071/5549, time remaining: 5m 30s
Rendered 4072/5549, time remaining: 5m 31s
Rendered 4073/5549, time remaining: 5m 35s
Rendered 4074/5549, time remaining: 5m 35s
Rendered 4075/5549, time remaining: 5m 33s
Rendered 4076/5549, time remaining: 5m 30s
Rendered 4077/5549, time remaining: 5m 28s
Rendered 4078/5549, time remaining: 5m 27s
Rendered 4079/5549, time remaining: 5m 27s
Rendered 4080/5549, time remaining: 5m 30s
Rendered 4081/5549, time remaining: 5m 32s
Rendered 4082/5549, time remaining: 5m 31s
Rendered 4083/5549, time remaining: 5m 30s
Rendered 4084/5549, time remaining: 5m 27s
Rendered 4085/5549, time remaining: 5m 24s
Rendered 4086/5549, time remaining: 5m 23s
Rendered 4087/5549, time remaining: 5m 23s
Rendered 4088/5549, time remaining: 5m 24s
Rendered 4089/5549, time remaining: 5m 27s
Rendered 4090/5549, time remaining: 5m 27s
Rendered 4091/5549, time remaining: 5m 25s
Rendered 4092/5549, time remaining: 5m 21s
Rendered 4093/5549, time remaining: 5m 20s
Rendered 4094/5549, time remaining: 5m 19s
Rendered 4095/5549, time remaining: 5m 19s
Rendered 4096/5549, time remaining: 5m 20s
Rendered 4097/5549, time remaining: 5m 23s
Rendered 4098/5549, time remaining: 5m 22s
Rendered 4099/5549, time remaining: 5m 22s
Rendered 4100/5549, time remaining: 5m 15s
Rendered 4101/5549, time remaining: 5m 14s
Rendered 4102/5549, time remaining: 5m 13s
Rendered 4103/5549, time remaining: 5m 13s
Rendered 4104/5549, time remaining: 5m 11s
Rendered 4105/5549, time remaining: 5m 13s
Rendered 4106/5549, time remaining: 5m 9s
Rendered 4107/5549, time remaining: 5m 7s
Rendered 4108/5549, time remaining: 5m 5s
Rendered 4109/5549, time remaining: 5m 3s
Rendered 4110/5549, time remaining: 5m 1s
Rendered 4111/5549, time remaining: 4m 58s
Rendered 4112/5549, time remaining: 4m 56s
Rendered 4113/5549, time remaining: 4m 59s
Rendered 4114/5549, time remaining: 4m 56s
Rendered 4115/5549, time remaining: 4m 53s
Rendered 4116/5549, time remaining: 4m 50s
Rendered 4117/5549, time remaining: 4m 47s
Rendered 4118/5549, time remaining: 4m 45s
Rendered 4119/5549, time remaining: 4m 35s
Rendered 4120/5549, time remaining: 4m 33s
Rendered 4121/5549, time remaining: 4m 37s
Rendered 4122/5549, time remaining: 4m 37s
Rendered 4123/5549, time remaining: 4m 38s
Rendered 4124/5549, time remaining: 4m 38s
Rendered 4125/5549, time remaining: 4m 37s
Rendered 4126/5549, time remaining: 4m 36s
Rendered 4127/5549, time remaining: 4m 30s
Rendered 4128/5549, time remaining: 4m 30s
Rendered 4129/5549, time remaining: 4m 33s
Rendered 4130/5549, time remaining: 4m 33s
Rendered 4131/5549, time remaining: 4m 33s
Rendered 4132/5549, time remaining: 4m 33s
Rendered 4133/5549, time remaining: 4m 32s
Rendered 4134/5549, time remaining: 4m 32s
Rendered 4135/5549, time remaining: 4m 26s
Rendered 4136/5549, time remaining: 4m 27s
Rendered 4137/5549, time remaining: 4m 30s
Rendered 4138/5549, time remaining: 4m 30s
Rendered 4139/5549, time remaining: 4m 29s
Rendered 4140/5549, time remaining: 4m 28s
Rendered 4141/5549, time remaining: 4m 28s
Rendered 4142/5549, time remaining: 4m 27s
Rendered 4143/5549, time remaining: 4m 22s
Rendered 4144/5549, time remaining: 4m 22s
Rendered 4145/5549, time remaining: 4m 25s
Rendered 4146/5549, time remaining: 4m 25s
Rendered 4147/5549, time remaining: 4m 24s
Rendered 4148/5549, time remaining: 4m 25s
Rendered 4149/5549, time remaining: 4m 24s
Rendered 4150/5549, time remaining: 4m 23s
Rendered 4151/5549, time remaining: 3m 17s
Rendered 4152/5549, time remaining: 3m 16s
Rendered 4153/5549, time remaining: 3m 17s
Rendered 4154/5549, time remaining: 3m 19s
Rendered 4155/5549, time remaining: 3m 20s
Rendered 4156/5549, time remaining: 2m 57s
Rendered 4157/5549, time remaining: 2m 58s
Rendered 4158/5549, time remaining: 2m 58s
Rendered 4159/5549, time remaining: 2m 47s
Rendered 4160/5549, time remaining: 2m 47s
Rendered 4161/5549, time remaining: 2m 48s
Rendered 4162/5549, time remaining: 2m 47s
Rendered 4163/5549, time remaining: 2m 49s
Rendered 4164/5549, time remaining: 2m 50s
Rendered 4165/5549, time remaining: 2m 49s
Rendered 4166/5549, time remaining: 2m 48s
Rendered 4167/5549, time remaining: 2m 42s
Rendered 4168/5549, time remaining: 2m 44s
Rendered 4169/5549, time remaining: 2m 44s
Rendered 4170/5549, time remaining: 2m 45s
Rendered 4171/5549, time remaining: 2m 47s
Rendered 4172/5549, time remaining: 2m 48s
Rendered 4173/5549, time remaining: 2m 47s
Rendered 4174/5549, time remaining: 2m 46s
Rendered 4175/5549, time remaining: 2m 41s
Rendered 4176/5549, time remaining: 2m 40s
Rendered 4177/5549, time remaining: 2m 40s
Rendered 4178/5549, time remaining: 2m 44s
Rendered 4179/5549, time remaining: 2m 44s
Rendered 4180/5549, time remaining: 2m 44s
Rendered 4181/5549, time remaining: 2m 44s
Rendered 4182/5549, time remaining: 2m 43s
Rendered 4183/5549, time remaining: 2m 40s
Rendered 4184/5549, time remaining: 2m 39s
Rendered 4185/5549, time remaining: 2m 39s
Rendered 4186/5549, time remaining: 2m 40s
Rendered 4187/5549, time remaining: 2m 40s
Rendered 4188/5549, time remaining: 2m 40s
Rendered 4189/5549, time remaining: 2m 41s
Rendered 4190/5549, time remaining: 2m 42s
Rendered 4191/5549, time remaining: 2m 38s
Rendered 4192/5549, time remaining: 2m 37s
Rendered 4193/5549, time remaining: 2m 36s
Rendered 4194/5549, time remaining: 2m 36s
Rendered 4195/5549, time remaining: 2m 35s
Rendered 4196/5549, time remaining: 2m 37s
Rendered 4197/5549, time remaining: 2m 38s
Rendered 4198/5549, time remaining: 2m 38s
Rendered 4199/5549, time remaining: 2m 34s
Rendered 4200/5549, time remaining: 2m 32s
Rendered 4201/5549, time remaining: 2m 32s
Rendered 4202/5549, time remaining: 2m 31s
Rendered 4203/5549, time remaining: 2m 32s
Rendered 4204/5549, time remaining: 2m 33s
Rendered 4205/5549, time remaining: 2m 35s
Rendered 4206/5549, time remaining: 2m 34s
Rendered 4207/5549, time remaining: 2m 31s
Rendered 4208/5549, time remaining: 2m 31s
Rendered 4209/5549, time remaining: 2m 32s
Rendered 4210/5549, time remaining: 2m 32s
Rendered 4211/5549, time remaining: 2m 32s
Rendered 4212/5549, time remaining: 2m 32s
Rendered 4213/5549, time remaining: 2m 32s
Rendered 4214/5549, time remaining: 2m 32s
Rendered 4215/5549, time remaining: 2m 29s
Rendered 4216/5549, time remaining: 2m 30s
Rendered 4217/5549, time remaining: 2m 30s
Rendered 4218/5549, time remaining: 2m 31s
Rendered 4219/5549, time remaining: 2m 31s
Rendered 4220/5549, time remaining: 2m 31s
Rendered 4221/5549, time remaining: 2m 31s
Rendered 4222/5549, time remaining: 2m 31s
Rendered 4223/5549, time remaining: 2m 28s
Rendered 4224/5549, time remaining: 2m 28s
Rendered 4225/5549, time remaining: 2m 29s
Rendered 4226/5549, time remaining: 2m 30s
Rendered 4227/5549, time remaining: 2m 30s
Rendered 4228/5549, time remaining: 2m 30s
Rendered 4229/5549, time remaining: 2m 30s
Rendered 4230/5549, time remaining: 2m 27s
Rendered 4231/5549, time remaining: 2m 26s
Rendered 4232/5549, time remaining: 2m 27s
Rendered 4233/5549, time remaining: 2m 28s
Rendered 4234/5549, time remaining: 2m 28s
Rendered 4235/5549, time remaining: 2m 28s
Rendered 4236/5549, time remaining: 2m 28s
Rendered 4237/5549, time remaining: 2m 28s
Rendered 4238/5549, time remaining: 2m 27s
Rendered 4239/5549, time remaining: 2m 24s
Rendered 4240/5549, time remaining: 2m 25s
Rendered 4241/5549, time remaining: 2m 25s
Rendered 4242/5549, time remaining: 2m 25s
Rendered 4243/5549, time remaining: 2m 26s
Rendered 4244/5549, time remaining: 2m 26s
Rendered 4245/5549, time remaining: 2m 26s
Rendered 4246/5549, time remaining: 2m 26s
Rendered 4247/5549, time remaining: 2m 23s
Rendered 4248/5549, time remaining: 2m 23s
Rendered 4249/5549, time remaining: 2m 25s
Rendered 4250/5549, time remaining: 2m 24s
Rendered 4251/5549, time remaining: 2m 24s
Rendered 4252/5549, time remaining: 2m 25s
Rendered 4253/5549, time remaining: 2m 24s
Rendered 4254/5549, time remaining: 2m 24s
Rendered 4255/5549, time remaining: 2m 21s
Rendered 4256/5549, time remaining: 2m 22s
Rendered 4257/5549, time remaining: 2m 24s
Rendered 4258/5549, time remaining: 2m 24s
Rendered 4259/5549, time remaining: 2m 24s
Rendered 4260/5549, time remaining: 2m 24s
Rendered 4261/5549, time remaining: 2m 24s
Rendered 4262/5549, time remaining: 2m 24s
Rendered 4263/5549, time remaining: 2m 21s
Rendered 4264/5549, time remaining: 2m 21s
Rendered 4265/5549, time remaining: 2m 23s
Rendered 4266/5549, time remaining: 2m 23s
Rendered 4267/5549, time remaining: 2m 24s
Rendered 4268/5549, time remaining: 2m 23s
Rendered 4269/5549, time remaining: 2m 23s
Rendered 4270/5549, time remaining: 2m 23s
Rendered 4271/5549, time remaining: 2m 19s
Rendered 4272/5549, time remaining: 2m 19s
Rendered 4273/5549, time remaining: 2m 23s
Rendered 4274/5549, time remaining: 2m 23s
Rendered 4275/5549, time remaining: 2m 23s
Rendered 4276/5549, time remaining: 2m 23s
Rendered 4277/5549, time remaining: 2m 22s
Rendered 4278/5549, time remaining: 2m 22s
Rendered 4279/5549, time remaining: 2m 18s
Rendered 4280/5549, time remaining: 2m 18s
Rendered 4281/5549, time remaining: 2m 22s
Rendered 4282/5549, time remaining: 2m 22s
Rendered 4283/5549, time remaining: 2m 22s
Rendered 4284/5549, time remaining: 2m 22s
Rendered 4285/5549, time remaining: 2m 22s
Rendered 4286/5549, time remaining: 2m 21s
Rendered 4287/5549, time remaining: 2m 17s
Rendered 4288/5549, time remaining: 2m 17s
Rendered 4289/5549, time remaining: 2m 21s
Rendered 4290/5549, time remaining: 2m 22s
Rendered 4291/5549, time remaining: 2m 21s
Rendered 4292/5549, time remaining: 2m 21s
Rendered 4293/5549, time remaining: 2m 21s
Rendered 4294/5549, time remaining: 2m 21s
Rendered 4295/5549, time remaining: 2m 17s
Rendered 4296/5549, time remaining: 2m 16s
Rendered 4297/5549, time remaining: 2m 20s
Rendered 4298/5549, time remaining: 2m 20s
Rendered 4299/5549, time remaining: 2m 20s
Rendered 4300/5549, time remaining: 2m 21s
Rendered 4301/5549, time remaining: 2m 20s
Rendered 4302/5549, time remaining: 2m 20s
Rendered 4303/5549, time remaining: 2m 20s
Rendered 4304/5549, time remaining: 2m 18s
Rendered 4305/5549, time remaining: 2m 19s
Rendered 4306/5549, time remaining: 2m 19s
Rendered 4307/5549, time remaining: 2m 19s
Rendered 4308/5549, time remaining: 2m 19s
Rendered 4309/5549, time remaining: 2m 20s
Rendered 4310/5549, time remaining: 2m 19s
Rendered 4311/5549, time remaining: 2m 19s
Rendered 4312/5549, time remaining: 2m 19s
Rendered 4313/5549, time remaining: 2m 20s
Rendered 4314/5549, time remaining: 2m 19s
Rendered 4315/5549, time remaining: 2m 20s
Rendered 4316/5549, time remaining: 2m 21s
Rendered 4317/5549, time remaining: 2m 21s
Rendered 4318/5549, time remaining: 2m 19s
Rendered 4319/5549, time remaining: 2m 19s
Rendered 4320/5549, time remaining: 2m 17s
Rendered 4321/5549, time remaining: 2m 20s
Rendered 4322/5549, time remaining: 2m 21s
Rendered 4323/5549, time remaining: 2m 22s
Rendered 4324/5549, time remaining: 2m 25s
Rendered 4325/5549, time remaining: 2m 27s
Rendered 4326/5549, time remaining: 2m 27s
Rendered 4327/5549, time remaining: 2m 26s
Rendered 4328/5549, time remaining: 2m 23s
Rendered 4329/5549, time remaining: 2m 25s
Rendered 4330/5549, time remaining: 2m 29s
Rendered 4331/5549, time remaining: 2m 29s
Rendered 4332/5549, time remaining: 2m 31s
Rendered 4333/5549, time remaining: 2m 30s
Rendered 4334/5549, time remaining: 2m 30s
Rendered 4335/5549, time remaining: 2m 30s
Rendered 4336/5549, time remaining: 2m 30s
Rendered 4337/5549, time remaining: 2m 34s
Rendered 4338/5549, time remaining: 2m 33s
Rendered 4339/5549, time remaining: 2m 31s
Rendered 4340/5549, time remaining: 2m 31s
Rendered 4341/5549, time remaining: 2m 30s
Rendered 4342/5549, time remaining: 2m 30s
Rendered 4343/5549, time remaining: 2m 32s
Rendered 4344/5549, time remaining: 2m 32s
Rendered 4345/5549, time remaining: 2m 38s
Rendered 4346/5549, time remaining: 2m 36s
Rendered 4347/5549, time remaining: 2m 35s
Rendered 4348/5549, time remaining: 2m 35s
Rendered 4349/5549, time remaining: 2m 35s
Rendered 4350/5549, time remaining: 2m 35s
Rendered 4351/5549, time remaining: 2m 36s
Rendered 4352/5549, time remaining: 2m 40s
Rendered 4353/5549, time remaining: 2m 41s
Rendered 4354/5549, time remaining: 2m 40s
Rendered 4355/5549, time remaining: 2m 39s
Rendered 4356/5549, time remaining: 2m 39s
Rendered 4357/5549, time remaining: 2m 39s
Rendered 4358/5549, time remaining: 2m 39s
Rendered 4359/5549, time remaining: 2m 37s
Rendered 4360/5549, time remaining: 2m 41s
Rendered 4361/5549, time remaining: 2m 41s
Rendered 4362/5549, time remaining: 2m 41s
Rendered 4363/5549, time remaining: 2m 41s
Rendered 4364/5549, time remaining: 2m 40s
Rendered 4365/5549, time remaining: 2m 40s
Rendered 4366/5549, time remaining: 2m 39s
Rendered 4367/5549, time remaining: 2m 39s
Rendered 4368/5549, time remaining: 2m 39s
Rendered 4369/5549, time remaining: 2m 42s
Rendered 4370/5549, time remaining: 2m 42s
Rendered 4371/5549, time remaining: 2m 41s
Rendered 4372/5549, time remaining: 2m 41s
Rendered 4373/5549, time remaining: 2m 40s
Rendered 4374/5549, time remaining: 2m 40s
Rendered 4375/5549, time remaining: 2m 39s
Rendered 4376/5549, time remaining: 2m 39s
Rendered 4377/5549, time remaining: 2m 42s
Rendered 4378/5549, time remaining: 2m 42s
Rendered 4379/5549, time remaining: 2m 41s
Rendered 4380/5549, time remaining: 2m 41s
Rendered 4381/5549, time remaining: 2m 41s
Rendered 4382/5549, time remaining: 2m 40s
Rendered 4383/5549, time remaining: 2m 40s
Rendered 4384/5549, time remaining: 2m 39s
Rendered 4385/5549, time remaining: 2m 42s
Rendered 4386/5549, time remaining: 2m 42s
Rendered 4387/5549, time remaining: 2m 42s
Rendered 4388/5549, time remaining: 2m 42s
Rendered 4389/5549, time remaining: 2m 41s
Rendered 4390/5549, time remaining: 2m 40s
Rendered 4391/5549, time remaining: 2m 39s
Rendered 4392/5549, time remaining: 2m 40s
Rendered 4393/5549, time remaining: 2m 43s
Rendered 4394/5549, time remaining: 2m 43s
Rendered 4395/5549, time remaining: 2m 43s
Rendered 4396/5549, time remaining: 2m 42s
Rendered 4397/5549, time remaining: 2m 42s
Rendered 4398/5549, time remaining: 2m 41s
Rendered 4399/5549, time remaining: 2m 40s
Rendered 4400/5549, time remaining: 2m 41s
Rendered 4401/5549, time remaining: 2m 44s
Rendered 4402/5549, time remaining: 2m 44s
Rendered 4403/5549, time remaining: 2m 44s
Rendered 4404/5549, time remaining: 2m 43s
Rendered 4405/5549, time remaining: 2m 44s
Rendered 4406/5549, time remaining: 2m 42s
Rendered 4407/5549, time remaining: 2m 40s
Rendered 4408/5549, time remaining: 2m 41s
Rendered 4409/5549, time remaining: 2m 43s
Rendered 4410/5549, time remaining: 2m 43s
Rendered 4411/5549, time remaining: 2m 43s
Rendered 4412/5549, time remaining: 2m 43s
Rendered 4413/5549, time remaining: 2m 42s
Rendered 4414/5549, time remaining: 2m 42s
Rendered 4415/5549, time remaining: 2m 40s
Rendered 4416/5549, time remaining: 2m 40s
Rendered 4417/5549, time remaining: 2m 42s
Rendered 4418/5549, time remaining: 2m 42s
Rendered 4419/5549, time remaining: 2m 42s
Rendered 4420/5549, time remaining: 2m 43s
Rendered 4421/5549, time remaining: 2m 43s
Rendered 4422/5549, time remaining: 2m 44s
Rendered 4423/5549, time remaining: 2m 40s
Rendered 4424/5549, time remaining: 2m 40s
Rendered 4425/5549, time remaining: 2m 41s
Rendered 4426/5549, time remaining: 2m 42s
Rendered 4427/5549, time remaining: 2m 42s
Rendered 4428/5549, time remaining: 2m 43s
Rendered 4429/5549, time remaining: 2m 43s
Rendered 4430/5549, time remaining: 2m 44s
Rendered 4431/5549, time remaining: 2m 40s
Rendered 4432/5549, time remaining: 2m 40s
Rendered 4433/5549, time remaining: 2m 42s
Rendered 4434/5549, time remaining: 2m 42s
Rendered 4435/5549, time remaining: 2m 41s
Rendered 4436/5549, time remaining: 2m 43s
Rendered 4437/5549, time remaining: 2m 43s
Rendered 4438/5549, time remaining: 2m 43s
Rendered 4439/5549, time remaining: 2m 40s
Rendered 4440/5549, time remaining: 2m 40s
Rendered 4441/5549, time remaining: 2m 41s
Rendered 4442/5549, time remaining: 2m 43s
Rendered 4443/5549, time remaining: 2m 43s
Rendered 4444/5549, time remaining: 2m 43s
Rendered 4445/5549, time remaining: 2m 43s
Rendered 4446/5549, time remaining: 2m 43s
Rendered 4447/5549, time remaining: 2m 39s
Rendered 4448/5549, time remaining: 2m 39s
Rendered 4449/5549, time remaining: 2m 40s
Rendered 4450/5549, time remaining: 2m 42s
Rendered 4451/5549, time remaining: 2m 42s
Rendered 4452/5549, time remaining: 2m 42s
Rendered 4453/5549, time remaining: 2m 42s
Rendered 4454/5549, time remaining: 2m 41s
Rendered 4455/5549, time remaining: 2m 40s
Rendered 4456/5549, time remaining: 2m 39s
Rendered 4457/5549, time remaining: 2m 41s
Rendered 4458/5549, time remaining: 2m 41s
Rendered 4459/5549, time remaining: 2m 41s
Rendered 4460/5549, time remaining: 2m 41s
Rendered 4461/5549, time remaining: 2m 40s
Rendered 4462/5549, time remaining: 2m 40s
Rendered 4463/5549, time remaining: 2m 37s
Rendered 4464/5549, time remaining: 2m 37s
Rendered 4465/5549, time remaining: 2m 37s
Rendered 4466/5549, time remaining: 2m 39s
Rendered 4467/5549, time remaining: 2m 38s
Rendered 4468/5549, time remaining: 2m 40s
Rendered 4469/5549, time remaining: 2m 40s
Rendered 4470/5549, time remaining: 2m 40s
Rendered 4471/5549, time remaining: 2m 36s
Rendered 4472/5549, time remaining: 2m 35s
Rendered 4473/5549, time remaining: 2m 34s
Rendered 4474/5549, time remaining: 2m 33s
Rendered 4475/5549, time remaining: 2m 33s
Rendered 4476/5549, time remaining: 2m 34s
Rendered 4477/5549, time remaining: 2m 34s
Rendered 4478/5549, time remaining: 2m 34s
Rendered 4479/5549, time remaining: 2m 32s
Rendered 4480/5549, time remaining: 2m 29s
Rendered 4481/5549, time remaining: 2m 28s
Rendered 4482/5549, time remaining: 2m 27s
Rendered 4483/5549, time remaining: 2m 27s
Rendered 4484/5549, time remaining: 2m 27s
Rendered 4485/5549, time remaining: 2m 27s
Rendered 4486/5549, time remaining: 2m 29s
Rendered 4487/5549, time remaining: 2m 25s
Rendered 4488/5549, time remaining: 2m 25s
Rendered 4489/5549, time remaining: 2m 25s
Rendered 4490/5549, time remaining: 2m 24s
Rendered 4491/5549, time remaining: 2m 24s
Rendered 4492/5549, time remaining: 2m 25s
Rendered 4493/5549, time remaining: 2m 24s
Rendered 4494/5549, time remaining: 2m 25s
Rendered 4495/5549, time remaining: 2m 20s
Rendered 4496/5549, time remaining: 2m 21s
Rendered 4497/5549, time remaining: 2m 20s
Rendered 4498/5549, time remaining: 2m 20s
Rendered 4499/5549, time remaining: 2m 20s
Rendered 4500/5549, time remaining: 2m 20s
Rendered 4501/5549, time remaining: 2m 19s
Rendered 4502/5549, time remaining: 2m 17s
Rendered 4503/5549, time remaining: 2m 15s
Rendered 4504/5549, time remaining: 2m 16s
Rendered 4505/5549, time remaining: 2m 16s
Rendered 4506/5549, time remaining: 2m 16s
Rendered 4507/5549, time remaining: 2m 17s
Rendered 4508/5549, time remaining: 2m 17s
Rendered 4509/5549, time remaining: 2m 17s
Rendered 4510/5549, time remaining: 2m 14s
Rendered 4511/5549, time remaining: 2m 14s
Rendered 4512/5549, time remaining: 2m 14s
Rendered 4513/5549, time remaining: 2m 14s
Rendered 4514/5549, time remaining: 2m 15s
Rendered 4515/5549, time remaining: 2m 14s
Rendered 4516/5549, time remaining: 2m 14s
Rendered 4517/5549, time remaining: 2m 15s
Rendered 4518/5549, time remaining: 2m 14s
Rendered 4519/5549, time remaining: 2m 12s
Rendered 4520/5549, time remaining: 2m 13s
Rendered 4521/5549, time remaining: 2m 13s
Rendered 4522/5549, time remaining: 2m 13s
Rendered 4523/5549, time remaining: 2m 13s
Rendered 4524/5549, time remaining: 2m 13s
Rendered 4525/5549, time remaining: 2m 14s
Rendered 4526/5549, time remaining: 2m 13s
Rendered 4527/5549, time remaining: 2m 11s
Rendered 4528/5549, time remaining: 2m 11s
Rendered 4529/5549, time remaining: 2m 11s
Rendered 4530/5549, time remaining: 2m 13s
Rendered 4531/5549, time remaining: 2m 12s
Rendered 4532/5549, time remaining: 2m 12s
Rendered 4533/5549, time remaining: 2m 12s
Rendered 4534/5549, time remaining: 2m 12s
Rendered 4535/5549, time remaining: 2m 8s
Rendered 4536/5549, time remaining: 2m 8s
Rendered 4537/5549, time remaining: 2m 8s
Rendered 4538/5549, time remaining: 2m 11s
Rendered 4539/5549, time remaining: 2m 11s
Rendered 4540/5549, time remaining: 2m 11s
Rendered 4541/5549, time remaining: 2m 11s
Rendered 4542/5549, time remaining: 2m 10s
Rendered 4543/5549, time remaining: 2m 6s
Rendered 4544/5549, time remaining: 2m 6s
Rendered 4545/5549, time remaining: 2m 6s
Rendered 4546/5549, time remaining: 2m 9s
Rendered 4547/5549, time remaining: 2m 8s
Rendered 4548/5549, time remaining: 2m 9s
Rendered 4549/5549, time remaining: 2m 8s
Rendered 4550/5549, time remaining: 2m 8s
Rendered 4551/5549, time remaining: 2m 5s
Rendered 4552/5549, time remaining: 2m 5s
Rendered 4553/5549, time remaining: 2m 5s
Rendered 4554/5549, time remaining: 2m 7s
Rendered 4555/5549, time remaining: 2m 6s
Rendered 4556/5549, time remaining: 2m 6s
Rendered 4557/5549, time remaining: 2m 7s
Rendered 4558/5549, time remaining: 2m 6s
Rendered 4559/5549, time remaining: 2m 4s
Rendered 4560/5549, time remaining: 2m 4s
Rendered 4561/5549, time remaining: 2m 4s
Rendered 4562/5549, time remaining: 2m 5s
Rendered 4563/5549, time remaining: 2m 6s
Rendered 4564/5549, time remaining: 2m 6s
Rendered 4565/5549, time remaining: 2m 6s
Rendered 4566/5549, time remaining: 2m 5s
Rendered 4567/5549, time remaining: 2m 3s
Rendered 4568/5549, time remaining: 2m 3s
Rendered 4569/5549, time remaining: 2m 3s
Rendered 4570/5549, time remaining: 2m 2s
Rendered 4571/5549, time remaining: 2m 3s
Rendered 4572/5549, time remaining: 2m 3s
Rendered 4573/5549, time remaining: 2m 3s
Rendered 4574/5549, time remaining: 2m 3s
Rendered 4575/5549, time remaining: 2m 2s
Rendered 4576/5549, time remaining: 2m 2s
Rendered 4577/5549, time remaining: 2m 2s
Rendered 4578/5549, time remaining: 2m 1s
Rendered 4579/5549, time remaining: 2m 2s
Rendered 4580/5549, time remaining: 2m 1s
Rendered 4581/5549, time remaining: 2m 1s
Rendered 4582/5549, time remaining: 2m 0s
Rendered 4583/5549, time remaining: 1m 59s
Rendered 4584/5549, time remaining: 1m 59s
Rendered 4585/5549, time remaining: 2m 1s
Rendered 4586/5549, time remaining: 2m 0s
Rendered 4587/5549, time remaining: 2m 0s
Rendered 4588/5549, time remaining: 1m 59s
Rendered 4589/5549, time remaining: 2m 0s
Rendered 4590/5549, time remaining: 1m 59s
Rendered 4591/5549, time remaining: 1m 58s
Rendered 4592/5549, time remaining: 1m 58s
Rendered 4593/5549, time remaining: 1m 58s
Rendered 4594/5549, time remaining: 1m 58s
Rendered 4595/5549, time remaining: 1m 58s
Rendered 4596/5549, time remaining: 1m 58s
Rendered 4597/5549, time remaining: 1m 58s
Rendered 4598/5549, time remaining: 1m 58s
Rendered 4599/5549, time remaining: 1m 57s
Rendered 4600/5549, time remaining: 1m 57s
Rendered 4601/5549, time remaining: 1m 57s
Rendered 4602/5549, time remaining: 1m 57s
Rendered 4603/5549, time remaining: 1m 57s
Rendered 4604/5549, time remaining: 1m 56s
Rendered 4605/5549, time remaining: 1m 56s
Rendered 4606/5549, time remaining: 1m 56s
Rendered 4607/5549, time remaining: 1m 54s
Rendered 4608/5549, time remaining: 1m 55s
Rendered 4609/5549, time remaining: 1m 56s
Rendered 4610/5549, time remaining: 1m 56s
Rendered 4611/5549, time remaining: 1m 56s
Rendered 4612/5549, time remaining: 1m 56s
Rendered 4613/5549, time remaining: 1m 56s
Rendered 4614/5549, time remaining: 1m 56s
Rendered 4615/5549, time remaining: 1m 56s
Rendered 4616/5549, time remaining: 1m 54s
Rendered 4617/5549, time remaining: 1m 55s
Rendered 4618/5549, time remaining: 1m 54s
Rendered 4619/5549, time remaining: 1m 54s
Rendered 4620/5549, time remaining: 1m 55s
Rendered 4621/5549, time remaining: 1m 54s
Rendered 4622/5549, time remaining: 1m 54s
Rendered 4623/5549, time remaining: 1m 54s
Rendered 4624/5549, time remaining: 1m 52s
Rendered 4625/5549, time remaining: 1m 52s
Rendered 4626/5549, time remaining: 1m 51s
Rendered 4627/5549, time remaining: 1m 51s
Rendered 4628/5549, time remaining: 1m 52s
Rendered 4629/5549, time remaining: 1m 53s
Rendered 4630/5549, time remaining: 1m 53s
Rendered 4631/5549, time remaining: 1m 53s
Rendered 4632/5549, time remaining: 1m 53s
Rendered 4633/5549, time remaining: 1m 53s
Rendered 4634/5549, time remaining: 1m 53s
Rendered 4635/5549, time remaining: 1m 52s
Rendered 4636/5549, time remaining: 1m 50s
Rendered 4637/5549, time remaining: 1m 50s
Rendered 4638/5549, time remaining: 1m 49s
Rendered 4639/5549, time remaining: 1m 52s
Rendered 4640/5549, time remaining: 1m 52s
Rendered 4641/5549, time remaining: 1m 52s
Rendered 4642/5549, time remaining: 1m 52s
Rendered 4643/5549, time remaining: 1m 51s
Rendered 4644/5549, time remaining: 1m 50s
Rendered 4645/5549, time remaining: 1m 50s
Rendered 4646/5549, time remaining: 1m 49s
Rendered 4647/5549, time remaining: 1m 51s
Rendered 4648/5549, time remaining: 1m 51s
Rendered 4649/5549, time remaining: 1m 51s
Rendered 4650/5549, time remaining: 1m 51s
Rendered 4651/5549, time remaining: 1m 51s
Rendered 4652/5549, time remaining: 1m 49s
Rendered 4653/5549, time remaining: 1m 49s
Rendered 4654/5549, time remaining: 1m 48s
Rendered 4655/5549, time remaining: 1m 49s
Rendered 4656/5549, time remaining: 1m 51s
Rendered 4657/5549, time remaining: 1m 49s
Rendered 4658/5549, time remaining: 1m 48s
Rendered 4659/5549, time remaining: 1m 49s
Rendered 4660/5549, time remaining: 1m 48s
Rendered 4661/5549, time remaining: 1m 48s
Rendered 4662/5549, time remaining: 1m 47s
Rendered 4663/5549, time remaining: 1m 46s
Rendered 4664/5549, time remaining: 1m 48s
Rendered 4665/5549, time remaining: 1m 48s
Rendered 4666/5549, time remaining: 1m 48s
Rendered 4667/5549, time remaining: 1m 47s
Rendered 4668/5549, time remaining: 1m 47s
Rendered 4669/5549, time remaining: 1m 46s
Rendered 4670/5549, time remaining: 1m 45s
Rendered 4671/5549, time remaining: 1m 45s
Rendered 4672/5549, time remaining: 1m 47s
Rendered 4673/5549, time remaining: 1m 47s
Rendered 4674/5549, time remaining: 1m 47s
Rendered 4675/5549, time remaining: 1m 46s
Rendered 4676/5549, time remaining: 1m 46s
Rendered 4677/5549, time remaining: 1m 44s
Rendered 4678/5549, time remaining: 1m 44s
Rendered 4679/5549, time remaining: 1m 44s
Rendered 4680/5549, time remaining: 1m 44s
Rendered 4681/5549, time remaining: 1m 45s
Rendered 4682/5549, time remaining: 1m 45s
Rendered 4683/5549, time remaining: 1m 44s
Rendered 4684/5549, time remaining: 1m 45s
Rendered 4685/5549, time remaining: 1m 44s
Rendered 4686/5549, time remaining: 1m 44s
Rendered 4687/5549, time remaining: 1m 44s
Rendered 4688/5549, time remaining: 1m 43s
Rendered 4689/5549, time remaining: 1m 44s
Rendered 4690/5549, time remaining: 1m 44s
Rendered 4691/5549, time remaining: 1m 43s
Rendered 4692/5549, time remaining: 1m 44s
Rendered 4693/5549, time remaining: 1m 44s
Rendered 4694/5549, time remaining: 1m 43s
Rendered 4695/5549, time remaining: 1m 43s
Rendered 4696/5549, time remaining: 1m 42s
Rendered 4697/5549, time remaining: 1m 43s
Rendered 4698/5549, time remaining: 1m 42s
Rendered 4699/5549, time remaining: 1m 42s
Rendered 4700/5549, time remaining: 1m 43s
Rendered 4701/5549, time remaining: 1m 42s
Rendered 4702/5549, time remaining: 1m 42s
Rendered 4703/5549, time remaining: 1m 42s
Rendered 4704/5549, time remaining: 1m 41s
Rendered 4705/5549, time remaining: 1m 41s
Rendered 4706/5549, time remaining: 1m 41s
Rendered 4707/5549, time remaining: 1m 41s
Rendered 4708/5549, time remaining: 1m 41s
Rendered 4709/5549, time remaining: 1m 41s
Rendered 4710/5549, time remaining: 1m 41s
Rendered 4711/5549, time remaining: 1m 41s
Rendered 4712/5549, time remaining: 1m 40s
Rendered 4713/5549, time remaining: 1m 40s
Rendered 4714/5549, time remaining: 1m 41s
Rendered 4715/5549, time remaining: 1m 40s
Rendered 4716/5549, time remaining: 1m 40s
Rendered 4717/5549, time remaining: 1m 40s
Rendered 4718/5549, time remaining: 1m 40s
Rendered 4719/5549, time remaining: 1m 40s
Rendered 4720/5549, time remaining: 1m 40s
Rendered 4721/5549, time remaining: 1m 39s
Rendered 4722/5549, time remaining: 1m 40s
Rendered 4723/5549, time remaining: 1m 40s
Rendered 4724/5549, time remaining: 1m 40s
Rendered 4725/5549, time remaining: 1m 40s
Rendered 4726/5549, time remaining: 1m 39s
Rendered 4727/5549, time remaining: 1m 38s
Rendered 4728/5549, time remaining: 1m 38s
Rendered 4729/5549, time remaining: 1m 38s
Rendered 4730/5549, time remaining: 1m 40s
Rendered 4731/5549, time remaining: 1m 40s
Rendered 4732/5549, time remaining: 1m 40s
Rendered 4733/5549, time remaining: 1m 39s
Rendered 4734/5549, time remaining: 1m 39s
Rendered 4735/5549, time remaining: 1m 37s
Rendered 4736/5549, time remaining: 1m 37s
Rendered 4737/5549, time remaining: 1m 37s
Rendered 4738/5549, time remaining: 1m 39s
Rendered 4739/5549, time remaining: 1m 38s
Rendered 4740/5549, time remaining: 1m 38s
Rendered 4741/5549, time remaining: 1m 38s
Rendered 4742/5549, time remaining: 1m 37s
Rendered 4743/5549, time remaining: 1m 36s
Rendered 4744/5549, time remaining: 1m 36s
Rendered 4745/5549, time remaining: 1m 35s
Rendered 4746/5549, time remaining: 1m 38s
Rendered 4747/5549, time remaining: 1m 38s
Rendered 4748/5549, time remaining: 1m 38s
Rendered 4749/5549, time remaining: 1m 37s
Rendered 4750/5549, time remaining: 1m 35s
Rendered 4751/5549, time remaining: 1m 35s
Rendered 4752/5549, time remaining: 1m 35s
Rendered 4753/5549, time remaining: 1m 34s
Rendered 4754/5549, time remaining: 1m 37s
Rendered 4755/5549, time remaining: 1m 37s
Rendered 4756/5549, time remaining: 1m 37s
Rendered 4757/5549, time remaining: 1m 36s
Rendered 4758/5549, time remaining: 1m 35s
Rendered 4759/5549, time remaining: 1m 34s
Rendered 4760/5549, time remaining: 1m 34s
Rendered 4761/5549, time remaining: 1m 34s
Rendered 4762/5549, time remaining: 1m 36s
Rendered 4763/5549, time remaining: 1m 36s
Rendered 4764/5549, time remaining: 1m 36s
Rendered 4765/5549, time remaining: 1m 35s
Rendered 4766/5549, time remaining: 1m 35s
Rendered 4767/5549, time remaining: 1m 34s
Rendered 4768/5549, time remaining: 1m 33s
Rendered 4769/5549, time remaining: 1m 33s
Rendered 4770/5549, time remaining: 1m 34s
Rendered 4771/5549, time remaining: 1m 34s
Rendered 4772/5549, time remaining: 1m 34s
Rendered 4773/5549, time remaining: 1m 34s
Rendered 4774/5549, time remaining: 1m 33s
Rendered 4775/5549, time remaining: 1m 33s
Rendered 4776/5549, time remaining: 1m 33s
Rendered 4777/5549, time remaining: 1m 33s
Rendered 4778/5549, time remaining: 1m 34s
Rendered 4779/5549, time remaining: 1m 33s
Rendered 4780/5549, time remaining: 1m 33s
Rendered 4781/5549, time remaining: 1m 32s
Rendered 4782/5549, time remaining: 1m 31s
Rendered 4783/5549, time remaining: 1m 31s
Rendered 4784/5549, time remaining: 1m 31s
Rendered 4785/5549, time remaining: 1m 31s
Rendered 4786/5549, time remaining: 1m 33s
Rendered 4787/5549, time remaining: 1m 33s
Rendered 4788/5549, time remaining: 1m 33s
Rendered 4789/5549, time remaining: 1m 30s
Rendered 4790/5549, time remaining: 1m 30s
Rendered 4791/5549, time remaining: 1m 30s
Rendered 4792/5549, time remaining: 1m 29s
Rendered 4793/5549, time remaining: 1m 29s
Rendered 4794/5549, time remaining: 1m 33s
Rendered 4795/5549, time remaining: 1m 32s
Rendered 4796/5549, time remaining: 1m 32s
Rendered 4797/5549, time remaining: 1m 30s
Rendered 4798/5549, time remaining: 1m 29s
Rendered 4799/5549, time remaining: 1m 30s
Rendered 4800/5549, time remaining: 1m 29s
Rendered 4801/5549, time remaining: 1m 29s
Rendered 4802/5549, time remaining: 1m 31s
Rendered 4803/5549, time remaining: 1m 31s
Rendered 4804/5549, time remaining: 1m 31s
Rendered 4805/5549, time remaining: 1m 30s
Rendered 4806/5549, time remaining: 1m 28s
Rendered 4807/5549, time remaining: 1m 29s
Rendered 4808/5549, time remaining: 1m 28s
Rendered 4809/5549, time remaining: 1m 28s
Rendered 4810/5549, time remaining: 1m 29s
Rendered 4811/5549, time remaining: 1m 30s
Rendered 4812/5549, time remaining: 1m 30s
Rendered 4813/5549, time remaining: 1m 30s
Rendered 4814/5549, time remaining: 1m 28s
Rendered 4815/5549, time remaining: 1m 27s
Rendered 4816/5549, time remaining: 1m 27s
Rendered 4817/5549, time remaining: 1m 28s
Rendered 4818/5549, time remaining: 1m 28s
Rendered 4819/5549, time remaining: 1m 29s
Rendered 4820/5549, time remaining: 1m 29s
Rendered 4821/5549, time remaining: 1m 29s
Rendered 4822/5549, time remaining: 1m 26s
Rendered 4823/5549, time remaining: 1m 26s
Rendered 4824/5549, time remaining: 1m 26s
Rendered 4825/5549, time remaining: 1m 25s
Rendered 4826/5549, time remaining: 1m 28s
Rendered 4827/5549, time remaining: 1m 29s
Rendered 4828/5549, time remaining: 1m 29s
Rendered 4829/5549, time remaining: 1m 28s
Rendered 4830/5549, time remaining: 1m 26s
Rendered 4831/5549, time remaining: 1m 26s
Rendered 4832/5549, time remaining: 1m 26s
Rendered 4833/5549, time remaining: 1m 26s
Rendered 4834/5549, time remaining: 1m 27s
Rendered 4835/5549, time remaining: 1m 27s
Rendered 4836/5549, time remaining: 1m 28s
Rendered 4837/5549, time remaining: 1m 28s
Rendered 4838/5549, time remaining: 1m 26s
Rendered 4839/5549, time remaining: 1m 26s
Rendered 4840/5549, time remaining: 1m 25s
Rendered 4841/5549, time remaining: 1m 25s
Rendered 4842/5549, time remaining: 1m 25s
Rendered 4843/5549, time remaining: 1m 26s
Rendered 4844/5549, time remaining: 1m 26s
Rendered 4845/5549, time remaining: 1m 27s
Rendered 4846/5549, time remaining: 1m 26s
Rendered 4847/5549, time remaining: 1m 25s
Rendered 4848/5549, time remaining: 1m 25s
Rendered 4849/5549, time remaining: 1m 25s
Rendered 4850/5549, time remaining: 1m 24s
Rendered 4851/5549, time remaining: 1m 25s
Rendered 4852/5549, time remaining: 1m 24s
Rendered 4853/5549, time remaining: 1m 24s
Rendered 4854/5549, time remaining: 1m 25s
Rendered 4855/5549, time remaining: 1m 25s
Rendered 4856/5549, time remaining: 1m 24s
Rendered 4857/5549, time remaining: 1m 24s
Rendered 4858/5549, time remaining: 1m 24s
Rendered 4859/5549, time remaining: 1m 24s
Rendered 4860/5549, time remaining: 1m 24s
Rendered 4861/5549, time remaining: 1m 24s
Rendered 4862/5549, time remaining: 1m 25s
Rendered 4863/5549, time remaining: 1m 25s
Rendered 4864/5549, time remaining: 1m 23s
Rendered 4865/5549, time remaining: 1m 23s
Rendered 4866/5549, time remaining: 1m 24s
Rendered 4867/5549, time remaining: 1m 23s
Rendered 4868/5549, time remaining: 1m 24s
Rendered 4869/5549, time remaining: 1m 24s
Rendered 4870/5549, time remaining: 1m 24s
Rendered 4871/5549, time remaining: 1m 24s
Rendered 4872/5549, time remaining: 1m 23s
Rendered 4873/5549, time remaining: 1m 23s
Rendered 4874/5549, time remaining: 1m 23s
Rendered 4875/5549, time remaining: 1m 23s
Rendered 4876/5549, time remaining: 1m 22s
Rendered 4877/5549, time remaining: 1m 22s
Rendered 4878/5549, time remaining: 1m 24s
Rendered 4879/5549, time remaining: 1m 24s
Rendered 4880/5549, time remaining: 1m 22s
Rendered 4881/5549, time remaining: 1m 22s
Rendered 4882/5549, time remaining: 1m 22s
Rendered 4883/5549, time remaining: 1m 22s
Rendered 4884/5549, time remaining: 1m 22s
Rendered 4885/5549, time remaining: 1m 22s
Rendered 4886/5549, time remaining: 1m 23s
Rendered 4887/5549, time remaining: 1m 24s
Rendered 4888/5549, time remaining: 1m 21s
Rendered 4889/5549, time remaining: 1m 21s
Rendered 4890/5549, time remaining: 1m 21s
Rendered 4891/5549, time remaining: 1m 21s
Rendered 4892/5549, time remaining: 1m 21s
Rendered 4893/5549, time remaining: 1m 21s
Rendered 4894/5549, time remaining: 1m 23s
Rendered 4895/5549, time remaining: 1m 23s
Rendered 4896/5549, time remaining: 1m 20s
Rendered 4897/5549, time remaining: 1m 20s
Rendered 4898/5549, time remaining: 1m 20s
Rendered 4899/5549, time remaining: 1m 20s
Rendered 4900/5549, time remaining: 1m 20s
Rendered 4901/5549, time remaining: 1m 20s
Rendered 4902/5549, time remaining: 1m 22s
Rendered 4903/5549, time remaining: 1m 22s
Rendered 4904/5549, time remaining: 1m 20s
Rendered 4905/5549, time remaining: 1m 19s
Rendered 4906/5549, time remaining: 1m 19s
Rendered 4907/5549, time remaining: 1m 19s
Rendered 4908/5549, time remaining: 1m 19s
Rendered 4909/5549, time remaining: 1m 19s
Rendered 4910/5549, time remaining: 1m 21s
Rendered 4911/5549, time remaining: 1m 21s
Rendered 4912/5549, time remaining: 1m 19s
Rendered 4913/5549, time remaining: 1m 18s
Rendered 4914/5549, time remaining: 1m 18s
Rendered 4915/5549, time remaining: 1m 18s
Rendered 4916/5549, time remaining: 1m 18s
Rendered 4917/5549, time remaining: 1m 18s
Rendered 4918/5549, time remaining: 1m 20s
Rendered 4919/5549, time remaining: 1m 20s
Rendered 4920/5549, time remaining: 1m 18s
Rendered 4921/5549, time remaining: 1m 17s
Rendered 4922/5549, time remaining: 1m 17s
Rendered 4923/5549, time remaining: 1m 17s
Rendered 4924/5549, time remaining: 1m 17s
Rendered 4925/5549, time remaining: 1m 17s
Rendered 4926/5549, time remaining: 1m 19s
Rendered 4927/5549, time remaining: 1m 19s
Rendered 4928/5549, time remaining: 1m 17s
Rendered 4929/5549, time remaining: 1m 16s
Rendered 4930/5549, time remaining: 1m 16s
Rendered 4931/5549, time remaining: 1m 16s
Rendered 4932/5549, time remaining: 1m 16s
Rendered 4933/5549, time remaining: 1m 16s
Rendered 4934/5549, time remaining: 1m 18s
Rendered 4935/5549, time remaining: 1m 18s
Rendered 4936/5549, time remaining: 1m 16s
Rendered 4937/5549, time remaining: 1m 16s
Rendered 4938/5549, time remaining: 1m 15s
Rendered 4939/5549, time remaining: 1m 15s
Rendered 4940/5549, time remaining: 1m 15s
Rendered 4941/5549, time remaining: 1m 15s
Rendered 4942/5549, time remaining: 1m 17s
Rendered 4943/5549, time remaining: 1m 17s
Rendered 4944/5549, time remaining: 1m 14s
Rendered 4945/5549, time remaining: 1m 14s
Rendered 4946/5549, time remaining: 1m 14s
Rendered 4947/5549, time remaining: 1m 14s
Rendered 4948/5549, time remaining: 1m 13s
Rendered 4949/5549, time remaining: 1m 13s
Rendered 4950/5549, time remaining: 1m 16s
Rendered 4951/5549, time remaining: 1m 15s
Rendered 4952/5549, time remaining: 1m 13s
Rendered 4953/5549, time remaining: 1m 13s
Rendered 4954/5549, time remaining: 1m 13s
Rendered 4955/5549, time remaining: 1m 13s
Rendered 4956/5549, time remaining: 1m 13s
Rendered 4957/5549, time remaining: 1m 12s
Rendered 4958/5549, time remaining: 1m 15s
Rendered 4959/5549, time remaining: 1m 15s
Rendered 4960/5549, time remaining: 1m 14s
Rendered 4961/5549, time remaining: 1m 13s
Rendered 4962/5549, time remaining: 1m 13s
Rendered 4963/5549, time remaining: 1m 12s
Rendered 4964/5549, time remaining: 1m 12s
Rendered 4965/5549, time remaining: 1m 12s
Rendered 4966/5549, time remaining: 1m 14s
Rendered 4967/5549, time remaining: 1m 13s
Rendered 4968/5549, time remaining: 1m 12s
Rendered 4969/5549, time remaining: 1m 12s
Rendered 4970/5549, time remaining: 1m 12s
Rendered 4971/5549, time remaining: 1m 11s
Rendered 4972/5549, time remaining: 1m 11s
Rendered 4973/5549, time remaining: 1m 11s
Rendered 4974/5549, time remaining: 1m 13s
Rendered 4975/5549, time remaining: 1m 13s
Rendered 4976/5549, time remaining: 1m 11s
Rendered 4977/5549, time remaining: 1m 11s
Rendered 4978/5549, time remaining: 1m 10s
Rendered 4979/5549, time remaining: 1m 10s
Rendered 4980/5549, time remaining: 1m 10s
Rendered 4981/5549, time remaining: 1m 10s
Rendered 4982/5549, time remaining: 1m 11s
Rendered 4983/5549, time remaining: 1m 11s
Rendered 4984/5549, time remaining: 1m 10s
Rendered 4985/5549, time remaining: 1m 10s
Rendered 4986/5549, time remaining: 1m 9s
Rendered 4987/5549, time remaining: 1m 9s
Rendered 4988/5549, time remaining: 1m 9s
Rendered 4989/5549, time remaining: 1m 8s
Rendered 4990/5549, time remaining: 1m 10s
Rendered 4991/5549, time remaining: 1m 10s
Rendered 4992/5549, time remaining: 1m 9s
Rendered 4993/5549, time remaining: 1m 9s
Rendered 4994/5549, time remaining: 1m 8s
Rendered 4995/5549, time remaining: 1m 8s
Rendered 4996/5549, time remaining: 1m 7s
Rendered 4997/5549, time remaining: 1m 7s
Rendered 4998/5549, time remaining: 1m 8s
Rendered 4999/5549, time remaining: 1m 9s
Rendered 5000/5549, time remaining: 1m 8s
Rendered 5001/5549, time remaining: 1m 8s
Rendered 5002/5549, time remaining: 1m 8s
Rendered 5003/5549, time remaining: 1m 8s
Rendered 5004/5549, time remaining: 1m 6s
Rendered 5005/5549, time remaining: 1m 7s
Rendered 5006/5549, time remaining: 1m 7s
Rendered 5007/5549, time remaining: 1m 7s
Rendered 5008/5549, time remaining: 1m 8s
Rendered 5009/5549, time remaining: 1m 7s
Rendered 5010/5549, time remaining: 1m 7s
Rendered 5011/5549, time remaining: 1m 6s
Rendered 5012/5549, time remaining: 1m 5s
Rendered 5013/5549, time remaining: 1m 5s
Rendered 5014/5549, time remaining: 1m 6s
Rendered 5015/5549, time remaining: 1m 6s
Rendered 5016/5549, time remaining: 1m 6s
Rendered 5017/5549, time remaining: 1m 6s
Rendered 5018/5549, time remaining: 1m 5s
Rendered 5019/5549, time remaining: 1m 5s
Rendered 5020/5549, time remaining: 1m 5s
Rendered 5021/5549, time remaining: 1m 5s
Rendered 5022/5549, time remaining: 1m 5s
Rendered 5023/5549, time remaining: 1m 5s
Rendered 5024/5549, time remaining: 1m 5s
Rendered 5025/5549, time remaining: 1m 5s
Rendered 5026/5549, time remaining: 1m 5s
Rendered 5027/5549, time remaining: 1m 5s
Rendered 5028/5549, time remaining: 1m 4s
Rendered 5029/5549, time remaining: 1m 3s
Rendered 5030/5549, time remaining: 1m 3s
Rendered 5031/5549, time remaining: 1m 3s
Rendered 5032/5549, time remaining: 1m 3s
Rendered 5033/5549, time remaining: 1m 3s
Rendered 5034/5549, time remaining: 1m 3s
Rendered 5035/5549, time remaining: 1m 4s
Rendered 5036/5549, time remaining: 1m 3s
Rendered 5037/5549, time remaining: 1m 2s
Rendered 5038/5549, time remaining: 1m 2s
Rendered 5039/5549, time remaining: 1m 2s
Rendered 5040/5549, time remaining: 1m 2s
Rendered 5041/5549, time remaining: 1m 2s
Rendered 5042/5549, time remaining: 1m 3s
Rendered 5043/5549, time remaining: 1m 3s
Rendered 5044/5549, time remaining: 1m 2s
Rendered 5045/5549, time remaining: 1m 2s
Rendered 5046/5549, time remaining: 1m 2s
Rendered 5047/5549, time remaining: 1m 2s
Rendered 5048/5549, time remaining: 1m 2s
Rendered 5049/5549, time remaining: 1m 2s
Rendered 5050/5549, time remaining: 1m 2s
Rendered 5051/5549, time remaining: 1m 2s
Rendered 5052/5549, time remaining: 1m 1s
Rendered 5053/5549, time remaining: 1m 1s
Rendered 5054/5549, time remaining: 1m 1s
Rendered 5055/5549, time remaining: 1m 0s
Rendered 5056/5549, time remaining: 1m 1s
Rendered 5057/5549, time remaining: 1m 0s
Rendered 5058/5549, time remaining: 1m 1s
Rendered 5059/5549, time remaining: 1m 1s
Rendered 5060/5549, time remaining: 59s
Rendered 5061/5549, time remaining: 1m 0s
Rendered 5062/5549, time remaining: 1m 0s
Rendered 5063/5549, time remaining: 1m 0s
Rendered 5064/5549, time remaining: 1m 0s
Rendered 5065/5549, time remaining: 1m 0s
Rendered 5066/5549, time remaining: 1m 0s
Rendered 5067/5549, time remaining: 59s
Rendered 5068/5549, time remaining: 58s
Rendered 5069/5549, time remaining: 58s
Rendered 5070/5549, time remaining: 59s
Rendered 5071/5549, time remaining: 59s
Rendered 5072/5549, time remaining: 59s
Rendered 5073/5549, time remaining: 58s
Rendered 5074/5549, time remaining: 58s
Rendered 5075/5549, time remaining: 58s
Rendered 5076/5549, time remaining: 57s
Rendered 5077/5549, time remaining: 57s
Rendered 5078/5549, time remaining: 58s
Rendered 5079/5549, time remaining: 58s
Rendered 5080/5549, time remaining: 58s
Rendered 5081/5549, time remaining: 57s
Rendered 5082/5549, time remaining: 57s
Rendered 5083/5549, time remaining: 57s
Rendered 5084/5549, time remaining: 56s
Rendered 5085/5549, time remaining: 56s
Rendered 5086/5549, time remaining: 56s
Rendered 5087/5549, time remaining: 56s
Rendered 5088/5549, time remaining: 56s
Rendered 5089/5549, time remaining: 56s
Rendered 5090/5549, time remaining: 56s
Rendered 5091/5549, time remaining: 56s
Rendered 5092/5549, time remaining: 54s
Rendered 5093/5549, time remaining: 55s
Rendered 5094/5549, time remaining: 55s
Rendered 5095/5549, time remaining: 55s
Rendered 5096/5549, time remaining: 55s
Rendered 5097/5549, time remaining: 55s
Rendered 5098/5549, time remaining: 55s
Rendered 5099/5549, time remaining: 55s
Rendered 5100/5549, time remaining: 53s
Rendered 5101/5549, time remaining: 54s
Rendered 5102/5549, time remaining: 54s
Rendered 5103/5549, time remaining: 54s
Rendered 5104/5549, time remaining: 54s
Rendered 5105/5549, time remaining: 54s
Rendered 5106/5549, time remaining: 54s
Rendered 5107/5549, time remaining: 54s
Rendered 5108/5549, time remaining: 52s
Rendered 5109/5549, time remaining: 52s
Rendered 5110/5549, time remaining: 53s
Rendered 5111/5549, time remaining: 53s
Rendered 5112/5549, time remaining: 53s
Rendered 5113/5549, time remaining: 52s
Rendered 5114/5549, time remaining: 52s
Rendered 5115/5549, time remaining: 52s
Rendered 5116/5549, time remaining: 51s
Rendered 5117/5549, time remaining: 51s
Rendered 5118/5549, time remaining: 51s
Rendered 5119/5549, time remaining: 52s
Rendered 5120/5549, time remaining: 52s
Rendered 5121/5549, time remaining: 52s
Rendered 5122/5549, time remaining: 51s
Rendered 5123/5549, time remaining: 51s
Rendered 5124/5549, time remaining: 50s
Rendered 5125/5549, time remaining: 50s
Rendered 5126/5549, time remaining: 50s
Rendered 5127/5549, time remaining: 51s
Rendered 5128/5549, time remaining: 51s
Rendered 5129/5549, time remaining: 51s
Rendered 5130/5549, time remaining: 51s
Rendered 5131/5549, time remaining: 50s
Rendered 5132/5549, time remaining: 49s
Rendered 5133/5549, time remaining: 49s
Rendered 5134/5549, time remaining: 49s
Rendered 5135/5549, time remaining: 50s
Rendered 5136/5549, time remaining: 50s
Rendered 5137/5549, time remaining: 49s
Rendered 5138/5549, time remaining: 49s
Rendered 5139/5549, time remaining: 49s
Rendered 5140/5549, time remaining: 49s
Rendered 5141/5549, time remaining: 48s
Rendered 5142/5549, time remaining: 49s
Rendered 5143/5549, time remaining: 49s
Rendered 5144/5549, time remaining: 49s
Rendered 5145/5549, time remaining: 49s
Rendered 5146/5549, time remaining: 48s
Rendered 5147/5549, time remaining: 48s
Rendered 5148/5549, time remaining: 48s
Rendered 5149/5549, time remaining: 47s
Rendered 5150/5549, time remaining: 47s
Rendered 5151/5549, time remaining: 48s
Rendered 5152/5549, time remaining: 48s
Rendered 5153/5549, time remaining: 48s
Rendered 5154/5549, time remaining: 47s
Rendered 5155/5549, time remaining: 47s
Rendered 5156/5549, time remaining: 46s
Rendered 5157/5549, time remaining: 46s
Rendered 5158/5549, time remaining: 46s
Rendered 5159/5549, time remaining: 46s
Rendered 5160/5549, time remaining: 47s
Rendered 5161/5549, time remaining: 46s
Rendered 5162/5549, time remaining: 46s
Rendered 5163/5549, time remaining: 46s
Rendered 5164/5549, time remaining: 45s
Rendered 5165/5549, time remaining: 45s
Rendered 5166/5549, time remaining: 45s
Rendered 5167/5549, time remaining: 45s
Rendered 5168/5549, time remaining: 45s
Rendered 5169/5549, time remaining: 45s
Rendered 5170/5549, time remaining: 45s
Rendered 5171/5549, time remaining: 44s
Rendered 5172/5549, time remaining: 44s
Rendered 5173/5549, time remaining: 44s
Rendered 5174/5549, time remaining: 43s
Rendered 5175/5549, time remaining: 43s
Rendered 5176/5549, time remaining: 44s
Rendered 5177/5549, time remaining: 44s
Rendered 5178/5549, time remaining: 44s
Rendered 5179/5549, time remaining: 43s
Rendered 5180/5549, time remaining: 43s
Rendered 5181/5549, time remaining: 43s
Rendered 5182/5549, time remaining: 43s
Rendered 5183/5549, time remaining: 42s
Rendered 5184/5549, time remaining: 43s
Rendered 5185/5549, time remaining: 43s
Rendered 5186/5549, time remaining: 42s
Rendered 5187/5549, time remaining: 42s
Rendered 5188/5549, time remaining: 42s
Rendered 5189/5549, time remaining: 42s
Rendered 5190/5549, time remaining: 41s
Rendered 5191/5549, time remaining: 41s
Rendered 5192/5549, time remaining: 42s
Rendered 5193/5549, time remaining: 41s
Rendered 5194/5549, time remaining: 41s
Rendered 5195/5549, time remaining: 41s
Rendered 5196/5549, time remaining: 41s
Rendered 5197/5549, time remaining: 40s
Rendered 5198/5549, time remaining: 40s
Rendered 5199/5549, time remaining: 40s
Rendered 5200/5549, time remaining: 40s
Rendered 5201/5549, time remaining: 40s
Rendered 5202/5549, time remaining: 40s
Rendered 5203/5549, time remaining: 40s
Rendered 5204/5549, time remaining: 40s
Rendered 5205/5549, time remaining: 40s
Rendered 5206/5549, time remaining: 39s
Rendered 5207/5549, time remaining: 39s
Rendered 5208/5549, time remaining: 39s
Rendered 5209/5549, time remaining: 39s
Rendered 5210/5549, time remaining: 39s
Rendered 5211/5549, time remaining: 39s
Rendered 5212/5549, time remaining: 39s
Rendered 5213/5549, time remaining: 39s
Rendered 5214/5549, time remaining: 38s
Rendered 5215/5549, time remaining: 38s
Rendered 5216/5549, time remaining: 38s
Rendered 5217/5549, time remaining: 38s
Rendered 5218/5549, time remaining: 38s
Rendered 5219/5549, time remaining: 38s
Rendered 5220/5549, time remaining: 38s
Rendered 5221/5549, time remaining: 38s
Rendered 5222/5549, time remaining: 38s
Rendered 5223/5549, time remaining: 38s
Rendered 5224/5549, time remaining: 38s
Rendered 5225/5549, time remaining: 38s
Rendered 5226/5549, time remaining: 37s
Rendered 5227/5549, time remaining: 37s
Rendered 5228/5549, time remaining: 37s
Rendered 5229/5549, time remaining: 37s
Rendered 5230/5549, time remaining: 37s
Rendered 5231/5549, time remaining: 37s
Rendered 5232/5549, time remaining: 37s
Rendered 5233/5549, time remaining: 37s
Rendered 5234/5549, time remaining: 36s
Rendered 5235/5549, time remaining: 36s
Rendered 5236/5549, time remaining: 35s
Rendered 5237/5549, time remaining: 35s
Rendered 5238/5549, time remaining: 36s
Rendered 5239/5549, time remaining: 36s
Rendered 5240/5549, time remaining: 36s
Rendered 5241/5549, time remaining: 36s
Rendered 5242/5549, time remaining: 36s
Rendered 5243/5549, time remaining: 35s
Rendered 5244/5549, time remaining: 34s
Rendered 5245/5549, time remaining: 34s
Rendered 5246/5549, time remaining: 34s
Rendered 5247/5549, time remaining: 35s
Rendered 5248/5549, time remaining: 35s
Rendered 5249/5549, time remaining: 35s
Rendered 5250/5549, time remaining: 35s
Rendered 5251/5549, time remaining: 34s
Rendered 5252/5549, time remaining: 34s
Rendered 5253/5549, time remaining: 33s
Rendered 5254/5549, time remaining: 33s
Rendered 5255/5549, time remaining: 34s
Rendered 5256/5549, time remaining: 34s
Rendered 5257/5549, time remaining: 34s
Rendered 5258/5549, time remaining: 34s
Rendered 5259/5549, time remaining: 33s
Rendered 5260/5549, time remaining: 33s
Rendered 5261/5549, time remaining: 32s
Rendered 5262/5549, time remaining: 32s
Rendered 5263/5549, time remaining: 33s
Rendered 5264/5549, time remaining: 33s
Rendered 5265/5549, time remaining: 33s
Rendered 5266/5549, time remaining: 33s
Rendered 5267/5549, time remaining: 32s
Rendered 5268/5549, time remaining: 32s
Rendered 5269/5549, time remaining: 31s
Rendered 5270/5549, time remaining: 31s
Rendered 5271/5549, time remaining: 32s
Rendered 5272/5549, time remaining: 32s
Rendered 5273/5549, time remaining: 32s
Rendered 5274/5549, time remaining: 32s
Rendered 5275/5549, time remaining: 31s
Rendered 5276/5549, time remaining: 31s
Rendered 5277/5549, time remaining: 30s
Rendered 5278/5549, time remaining: 30s
Rendered 5279/5549, time remaining: 31s
Rendered 5280/5549, time remaining: 31s
Rendered 5281/5549, time remaining: 31s
Rendered 5282/5549, time remaining: 31s
Rendered 5283/5549, time remaining: 30s
Rendered 5284/5549, time remaining: 30s
Rendered 5285/5549, time remaining: 29s
Rendered 5286/5549, time remaining: 29s
Rendered 5287/5549, time remaining: 30s
Rendered 5288/5549, time remaining: 30s
Rendered 5289/5549, time remaining: 30s
Rendered 5290/5549, time remaining: 29s
Rendered 5291/5549, time remaining: 29s
Rendered 5292/5549, time remaining: 29s
Rendered 5293/5549, time remaining: 29s
Rendered 5294/5549, time remaining: 28s
Rendered 5295/5549, time remaining: 29s
Rendered 5296/5549, time remaining: 29s
Rendered 5297/5549, time remaining: 29s
Rendered 5298/5549, time remaining: 29s
Rendered 5299/5549, time remaining: 29s
Rendered 5300/5549, time remaining: 29s
Rendered 5301/5549, time remaining: 28s
Rendered 5302/5549, time remaining: 27s
Rendered 5303/5549, time remaining: 28s
Rendered 5304/5549, time remaining: 28s
Rendered 5305/5549, time remaining: 28s
Rendered 5306/5549, time remaining: 28s
Rendered 5307/5549, time remaining: 28s
Rendered 5308/5549, time remaining: 28s
Rendered 5309/5549, time remaining: 27s
Rendered 5310/5549, time remaining: 27s
Rendered 5311/5549, time remaining: 27s
Rendered 5312/5549, time remaining: 27s
Rendered 5313/5549, time remaining: 27s
Rendered 5314/5549, time remaining: 27s
Rendered 5315/5549, time remaining: 27s
Rendered 5316/5549, time remaining: 26s
Rendered 5317/5549, time remaining: 26s
Rendered 5318/5549, time remaining: 26s
Rendered 5319/5549, time remaining: 26s
Rendered 5320/5549, time remaining: 26s
Rendered 5321/5549, time remaining: 26s
Rendered 5322/5549, time remaining: 26s
Rendered 5323/5549, time remaining: 26s
Rendered 5324/5549, time remaining: 26s
Rendered 5325/5549, time remaining: 25s
Rendered 5326/5549, time remaining: 25s
Rendered 5327/5549, time remaining: 25s
Rendered 5328/5549, time remaining: 25s
Rendered 5329/5549, time remaining: 25s
Rendered 5330/5549, time remaining: 25s
Rendered 5331/5549, time remaining: 25s
Rendered 5332/5549, time remaining: 25s
Rendered 5333/5549, time remaining: 25s
Rendered 5334/5549, time remaining: 24s
Rendered 5335/5549, time remaining: 24s
Rendered 5336/5549, time remaining: 24s
Rendered 5337/5549, time remaining: 24s
Rendered 5338/5549, time remaining: 24s
Rendered 5339/5549, time remaining: 24s
Rendered 5340/5549, time remaining: 24s
Rendered 5341/5549, time remaining: 24s
Rendered 5342/5549, time remaining: 23s
Rendered 5343/5549, time remaining: 23s
Rendered 5344/5549, time remaining: 23s
Rendered 5345/5549, time remaining: 23s
Rendered 5346/5549, time remaining: 23s
Rendered 5347/5549, time remaining: 23s
Rendered 5348/5549, time remaining: 23s
Rendered 5349/5549, time remaining: 23s
Rendered 5350/5549, time remaining: 22s
Rendered 5351/5549, time remaining: 22s
Rendered 5352/5549, time remaining: 22s
Rendered 5353/5549, time remaining: 22s
Rendered 5354/5549, time remaining: 22s
Rendered 5355/5549, time remaining: 22s
Rendered 5356/5549, time remaining: 22s
Rendered 5357/5549, time remaining: 22s
Rendered 5358/5549, time remaining: 21s
Rendered 5359/5549, time remaining: 21s
Rendered 5360/5549, time remaining: 21s
Rendered 5361/5549, time remaining: 21s
Rendered 5362/5549, time remaining: 21s
Rendered 5363/5549, time remaining: 21s
Rendered 5364/5549, time remaining: 21s
Rendered 5365/5549, time remaining: 21s
Rendered 5366/5549, time remaining: 21s
Rendered 5367/5549, time remaining: 20s
Rendered 5368/5549, time remaining: 20s
Rendered 5369/5549, time remaining: 20s
Rendered 5370/5549, time remaining: 20s
Rendered 5371/5549, time remaining: 20s
Rendered 5372/5549, time remaining: 20s
Rendered 5373/5549, time remaining: 20s
Rendered 5374/5549, time remaining: 20s
Rendered 5375/5549, time remaining: 19s
Rendered 5376/5549, time remaining: 19s
Rendered 5377/5549, time remaining: 19s
Rendered 5378/5549, time remaining: 19s
Rendered 5379/5549, time remaining: 19s
Rendered 5380/5549, time remaining: 19s
Rendered 5381/5549, time remaining: 19s
Rendered 5382/5549, time remaining: 19s
Rendered 5383/5549, time remaining: 19s
Rendered 5384/5549, time remaining: 18s
Rendered 5385/5549, time remaining: 18s
Rendered 5386/5549, time remaining: 19s
Rendered 5387/5549, time remaining: 19s
Rendered 5388/5549, time remaining: 18s
Rendered 5389/5549, time remaining: 18s
Rendered 5390/5549, time remaining: 18s
Rendered 5391/5549, time remaining: 18s
Rendered 5392/5549, time remaining: 18s
Rendered 5393/5549, time remaining: 18s
Rendered 5394/5549, time remaining: 18s
Rendered 5395/5549, time remaining: 18s
Rendered 5396/5549, time remaining: 18s
Rendered 5397/5549, time remaining: 17s
Rendered 5398/5549, time remaining: 17s
Rendered 5399/5549, time remaining: 17s
Rendered 5400/5549, time remaining: 17s
Rendered 5401/5549, time remaining: 17s
Rendered 5402/5549, time remaining: 17s
Rendered 5403/5549, time remaining: 17s
Rendered 5404/5549, time remaining: 16s
Rendered 5405/5549, time remaining: 16s
Rendered 5406/5549, time remaining: 16s
Rendered 5407/5549, time remaining: 16s
Rendered 5408/5549, time remaining: 16s
Rendered 5409/5549, time remaining: 16s
Rendered 5410/5549, time remaining: 16s
Rendered 5411/5549, time remaining: 16s
Rendered 5412/5549, time remaining: 16s
Rendered 5413/5549, time remaining: 15s
Rendered 5414/5549, time remaining: 15s
Rendered 5415/5549, time remaining: 15s
Rendered 5416/5549, time remaining: 15s
Rendered 5417/5549, time remaining: 15s
Rendered 5418/5549, time remaining: 15s
Rendered 5419/5549, time remaining: 15s
Rendered 5420/5549, time remaining: 15s
Rendered 5421/5549, time remaining: 14s
Rendered 5422/5549, time remaining: 14s
Rendered 5423/5549, time remaining: 14s
Rendered 5424/5549, time remaining: 14s
Rendered 5425/5549, time remaining: 14s
Rendered 5426/5549, time remaining: 14s
Rendered 5427/5549, time remaining: 14s
Rendered 5428/5549, time remaining: 14s
Rendered 5429/5549, time remaining: 13s
Rendered 5430/5549, time remaining: 13s
Rendered 5431/5549, time remaining: 13s
Rendered 5432/5549, time remaining: 13s
Rendered 5433/5549, time remaining: 13s
Rendered 5434/5549, time remaining: 13s
Rendered 5435/5549, time remaining: 13s
Rendered 5436/5549, time remaining: 13s
Rendered 5437/5549, time remaining: 12s
Rendered 5438/5549, time remaining: 12s
Rendered 5439/5549, time remaining: 12s
Rendered 5440/5549, time remaining: 12s
Rendered 5441/5549, time remaining: 12s
Rendered 5442/5549, time remaining: 12s
Rendered 5443/5549, time remaining: 12s
Rendered 5444/5549, time remaining: 12s
Rendered 5445/5549, time remaining: 11s
Rendered 5446/5549, time remaining: 11s
Rendered 5447/5549, time remaining: 11s
Rendered 5448/5549, time remaining: 11s
Rendered 5449/5549, time remaining: 11s
Rendered 5450/5549, time remaining: 11s
Rendered 5451/5549, time remaining: 11s
Rendered 5452/5549, time remaining: 11s
Rendered 5453/5549, time remaining: 11s
Rendered 5454/5549, time remaining: 10s
Rendered 5455/5549, time remaining: 10s
Rendered 5456/5549, time remaining: 10s
Rendered 5457/5549, time remaining: 10s
Rendered 5458/5549, time remaining: 10s
Rendered 5459/5549, time remaining: 10s
Rendered 5460/5549, time remaining: 10s
Rendered 5461/5549, time remaining: 10s
Rendered 5462/5549, time remaining: 9s
Rendered 5463/5549, time remaining: 9s
Rendered 5464/5549, time remaining: 9s
Rendered 5465/5549, time remaining: 9s
Rendered 5466/5549, time remaining: 9s
Rendered 5467/5549, time remaining: 9s
Rendered 5468/5549, time remaining: 9s
Rendered 5469/5549, time remaining: 9s
Rendered 5470/5549, time remaining: 9s
Rendered 5471/5549, time remaining: 8s
Rendered 5472/5549, time remaining: 8s
Rendered 5473/5549, time remaining: 8s
Rendered 5474/5549, time remaining: 8s
Rendered 5475/5549, time remaining: 8s
Rendered 5476/5549, time remaining: 8s
Rendered 5477/5549, time remaining: 8s
Rendered 5478/5549, time remaining: 8s
Rendered 5479/5549, time remaining: 8s
Rendered 5480/5549, time remaining: 7s
Rendered 5481/5549, time remaining: 7s
Rendered 5482/5549, time remaining: 7s
Rendered 5483/5549, time remaining: 7s
Rendered 5484/5549, time remaining: 7s
Rendered 5485/5549, time remaining: 7s
Rendered 5486/5549, time remaining: 7s
Rendered 5487/5549, time remaining: 7s
Rendered 5488/5549, time remaining: 7s
Rendered 5489/5549, time remaining: 6s
Rendered 5490/5549, time remaining: 6s
Rendered 5491/5549, time remaining: 6s
Rendered 5492/5549, time remaining: 6s
Rendered 5493/5549, time remaining: 6s
Rendered 5494/5549, time remaining: 6s
Rendered 5495/5549, time remaining: 6s
Rendered 5496/5549, time remaining: 6s
Rendered 5497/5549, time remaining: 5s
Rendered 5498/5549, time remaining: 5s
Rendered 5499/5549, time remaining: 5s
Rendered 5500/5549, time remaining: 5s
Rendered 5501/5549, time remaining: 5s
Rendered 5502/5549, time remaining: 5s
Rendered 5503/5549, time remaining: 5s
Rendered 5504/5549, time remaining: 5s
Rendered 5505/5549, time remaining: 5s
Rendered 5506/5549, time remaining: 4s
Rendered 5507/5549, time remaining: 4s
Rendered 5508/5549, time remaining: 4s
Rendered 5509/5549, time remaining: 4s
Rendered 5510/5549, time remaining: 4s
Rendered 5511/5549, time remaining: 4s
Rendered 5512/5549, time remaining: 4s
Rendered 5513/5549, time remaining: 4s
Rendered 5514/5549, time remaining: 4s
Rendered 5515/5549, time remaining: 3s
Rendered 5516/5549, time remaining: 3s
Rendered 5517/5549, time remaining: 3s
Rendered 5518/5549, time remaining: 3s
Rendered 5519/5549, time remaining: 3s
Rendered 5520/5549, time remaining: 3s
Rendered 5521/5549, time remaining: 3s
Rendered 5522/5549, time remaining: 3s
Rendered 5523/5549, time remaining: 3s
Rendered 5524/5549, time remaining: 2s
Rendered 5525/5549, time remaining: 2s
Rendered 5526/5549, time remaining: 2s
Rendered 5527/5549, time remaining: 2s
Rendered 5528/5549, time remaining: 2s
Rendered 5529/5549, time remaining: 2s
Rendered 5530/5549, time remaining: 2s
Rendered 5531/5549, time remaining: 2s
Rendered 5532/5549, time remaining: 1s
Rendered 5533/5549, time remaining: 1s
Rendered 5534/5549, time remaining: 1s
Rendered 5535/5549, time remaining: 1s
Rendered 5536/5549, time remaining: 1s
Rendered 5537/5549, time remaining: 1s
Rendered 5538/5549, time remaining: 1s
Rendered 5539/5549, time remaining: 1s
Rendered 5540/5549, time remaining: 1s
Rendered 5541/5549, time remaining: 0s
Rendered 5542/5549, time remaining: 0s
Rendered 5543/5549, time remaining: 0s
Rendered 5544/5549, time remaining: 0s
Rendered 5545/5549, time remaining: 0s
Rendered 5546/5549, time remaining: 0s
Rendered 5547/5549, time remaining: 0s
Rendered 5548/5549, time remaining: 0s
Rendered 5549/5549
Encoded 49/5549
Encoded 114/5549
Encoded 144/5549
Encoded 186/5549
Encoded 227/5549
Encoded 273/5549
Encoded 317/5549
Encoded 365/5549
Encoded 406/5549
Encoded 446/5549
Encoded 480/5549
Encoded 531/5549
Encoded 574/5549
Encoded 616/5549
Encoded 659/5549
Encoded 704/5549
Encoded 751/5549
Encoded 799/5549
Encoded 847/5549
Encoded 894/5549
Encoded 942/5549
Encoded 991/5549
Encoded 1042/5549
Encoded 1089/5549
Encoded 1139/5549
Encoded 1190/5549
Encoded 1241/5549
Encoded 1291/5549
Encoded 1343/5549
Encoded 1394/5549
Encoded 1445/5549
Encoded 1496/5549
Encoded 1547/5549
Encoded 1599/5549
Encoded 1654/5549
Encoded 1699/5549
Encoded 1749/5549
Encoded 1800/5549
Encoded 1850/5549
Encoded 1900/5549
Encoded 1952/5549
Encoded 2003/5549
Encoded 2053/5549
Encoded 2105/5549
Encoded 2162/5549
Encoded 2208/5549
Encoded 2254/5549
Encoded 2304/5549
Encoded 2355/5549
Encoded 2403/5549
Encoded 2454/5549
Encoded 2504/5549
Encoded 2556/5549
Encoded 2607/5549
Encoded 2658/5549
Encoded 2707/5549
Encoded 2760/5549
Encoded 2807/5549
Encoded 2857/5549
Encoded 2909/5549
Encoded 2961/5549
Encoded 3012/5549
Encoded 3063/5549
Encoded 3112/5549
Encoded 3162/5549
Encoded 3215/5549
Encoded 3261/5549
Encoded 3308/5549
Encoded 3349/5549
Encoded 3394/5549
Encoded 3442/5549
Encoded 3492/5549
Encoded 3543/5549
Encoded 3594/5549
Encoded 3643/5549
Encoded 3695/5549
Encoded 3746/5549
Encoded 3797/5549
Encoded 3851/5549
Encoded 3898/5549
Encoded 3947/5549
Encoded 4000/5549
Encoded 4055/5549
Encoded 4108/5549
Encoded 4162/5549
Encoded 4218/5549
Encoded 4271/5549
Encoded 4326/5549
Encoded 4379/5549
Encoded 4435/5549
Encoded 4481/5549
Encoded 4532/5549
Encoded 4584/5549
Encoded 4636/5549
Encoded 4689/5549
Encoded 4743/5549
Encoded 4796/5549
Encoded 4849/5549
Encoded 4898/5549
Encoded 4954/5549
Encoded 5001/5549
Encoded 5050/5549
Encoded 5103/5549
Encoded 5155/5549
Encoded 5207/5549
Encoded 5261/5549
Encoded 5315/5549
Encoded 5368/5549
Encoded 5422/5549
Encoded 5474/5549
Encoded 5549/5549
[34m+                    out\coenzym-q10-normalos-aoede-upload-fast.mp4[39m [90m17.2 MB[39m
## DONE Q10EvidenceDeepDive 2026-06-27T07:50:41.3633147+02:00
## START NMNEvidenceDeepDive 2026-06-27T07:50:41.3673142+02:00
Bundling 6%
Bundling 17%
Bundling 64%
Bundling 69%
Bundling 74%
Bundling 80%
Bundling 85%
Bundling 90%
Bundling 95%
Bundling 100%
Copying public dir 10.9 MB
Copying public dir 14.5 MB
Copying public dir 23 MB
Copying public dir 31.3 MB
Copying public dir 40.1 MB
Copying public dir 48.8 MB
Copying public dir 59.8 MB
Copying public dir 62.2 MB
Copying public dir 72.7 MB
Copying public dir 73.9 MB
Copying public dir 85.4 MB
Copying public dir 96.3 MB
Copying public dir 97.4 MB
Copying public dir 113.6 MB
Copying public dir 127.8 MB
Copying public dir 143.2 MB
Copying public dir 160.8 MB
Copying public dir 171.8 MB
Copying public dir 180.6 MB
Copying public dir 192.5 MB
Copying public dir 204.5 MB
Copying public dir 207.6 MB
Copying public dir 212 MB
Copying public dir 218 MB
Copying public dir 224.8 MB
Copying public dir 232.2 MB
Copying public dir 237.4 MB
Copying public dir 245.9 MB
Copying public dir 251.7 MB
Copying public dir 253.8 MB
Copying public dir 262.5 MB
Copying public dir 263 MB
Getting composition
[90mComposition          NMNEvidenceDeepDive[39m
[90mCodec                h264[39m
[90mOutput               out\nmn-normalos-aoede-upload-fast.mp4[39m
[90mConcurrency          8x[39m
Rendered 0/5387
Rendered 1/5387, time remaining: 1h 47m 43s
Rendered 2/5387, time remaining: 1h 2s
Rendered 3/5387, time remaining: 46m 10s
Rendered 4/5387, time remaining: 39m 1s
Rendered 5/5387, time remaining: 37m 40s
Rendered 6/5387, time remaining: 33m 18s
Rendered 7/5387, time remaining: 30m 58s
Rendered 8/5387, time remaining: 27m 6s
Rendered 9/5387, time remaining: 25m 16s
Rendered 10/5387, time remaining: 24m 16s
Rendered 11/5387, time remaining: 22m 46s
Rendered 12/5387, time remaining: 21m 39s
Rendered 13/5387, time remaining: 20m 41s
Rendered 14/5387, time remaining: 21m 16s
Rendered 15/5387, time remaining: 20m 33s
Rendered 16/5387, time remaining: 19m 45s
Rendered 17/5387, time remaining: 19m 4s
Rendered 18/5387, time remaining: 18m 57s
Rendered 19/5387, time remaining: 18m 24s
Rendered 20/5387, time remaining: 17m 29s
Rendered 21/5387, time remaining: 16m 43s
Rendered 22/5387, time remaining: 16m 59s
Rendered 23/5387, time remaining: 17m 13s
Rendered 24/5387, time remaining: 16m 42s
Rendered 25/5387, time remaining: 16m 20s
Rendered 26/5387, time remaining: 16m 6s
Rendered 27/5387, time remaining: 16m 19s
Rendered 28/5387, time remaining: 16m 24s
Rendered 29/5387, time remaining: 16m 45s
Rendered 30/5387, time remaining: 16m 45s
Rendered 31/5387, time remaining: 16m 30s
Rendered 32/5387, time remaining: 16m 1s
Rendered 33/5387, time remaining: 15m 34s
Rendered 34/5387, time remaining: 16m 58s
Rendered 35/5387, time remaining: 16m 37s
Rendered 36/5387, time remaining: 16m 18s
Rendered 37/5387, time remaining: 15m 57s
Rendered 38/5387, time remaining: 15m 38s
Rendered 39/5387, time remaining: 15m 23s
Rendered 40/5387, time remaining: 15m 9s
Rendered 41/5387, time remaining: 14m 59s
Rendered 42/5387, time remaining: 15m 46s
Rendered 43/5387, time remaining: 15m 41s
Rendered 44/5387, time remaining: 15m 25s
Rendered 45/5387, time remaining: 15m 11s
Rendered 46/5387, time remaining: 15m 1s
Rendered 47/5387, time remaining: 14m 45s
Rendered 48/5387, time remaining: 14m 30s
Rendered 49/5387, time remaining: 14m 17s
Rendered 50/5387, time remaining: 14m 37s
Rendered 51/5387, time remaining: 14m 39s
Rendered 52/5387, time remaining: 14m 42s
Rendered 53/5387, time remaining: 14m 30s
Rendered 54/5387, time remaining: 14m 22s
Rendered 55/5387, time remaining: 14m 10s
Rendered 56/5387, time remaining: 14m 0s
Rendered 57/5387, time remaining: 13m 50s
Rendered 58/5387, time remaining: 13m 59s
Rendered 59/5387, time remaining: 14m 14s
Rendered 60/5387, time remaining: 14m 9s
Rendered 61/5387, time remaining: 14m 0s
Rendered 62/5387, time remaining: 13m 51s
Rendered 63/5387, time remaining: 13m 41s
Rendered 64/5387, time remaining: 13m 36s
Rendered 65/5387, time remaining: 13m 27s
Rendered 66/5387, time remaining: 13m 30s
Rendered 67/5387, time remaining: 13m 47s
Rendered 68/5387, time remaining: 13m 39s
Rendered 69/5387, time remaining: 13m 30s
Rendered 70/5387, time remaining: 13m 22s
Rendered 71/5387, time remaining: 13m 17s
Rendered 72/5387, time remaining: 13m 19s
Rendered 73/5387, time remaining: 13m 23s
Rendered 74/5387, time remaining: 13m 16s
Rendered 75/5387, time remaining: 13m 17s
Rendered 76/5387, time remaining: 13m 12s
Rendered 77/5387, time remaining: 13m 4s
Rendered 78/5387, time remaining: 12m 58s
Rendered 79/5387, time remaining: 12m 51s
Rendered 80/5387, time remaining: 12m 49s
Rendered 81/5387, time remaining: 13m 6s
Rendered 82/5387, time remaining: 13m 0s
Rendered 83/5387, time remaining: 13m 0s
Rendered 84/5387, time remaining: 12m 53s
Rendered 85/5387, time remaining: 12m 47s
Rendered 86/5387, time remaining: 12m 41s
Rendered 87/5387, time remaining: 12m 35s
Rendered 88/5387, time remaining: 12m 34s
Rendered 89/5387, time remaining: 12m 29s
Rendered 90/5387, time remaining: 12m 38s
Rendered 91/5387, time remaining: 12m 41s
Rendered 92/5387, time remaining: 12m 39s
Rendered 93/5387, time remaining: 12m 35s
Rendered 94/5387, time remaining: 12m 30s
Rendered 95/5387, time remaining: 12m 25s
Rendered 96/5387, time remaining: 12m 22s
Rendered 97/5387, time remaining: 12m 17s
Rendered 98/5387, time remaining: 12m 12s
Rendered 99/5387, time remaining: 12m 27s
Rendered 100/5387, time remaining: 12m 22s
Rendered 101/5387, time remaining: 12m 17s
Rendered 102/5387, time remaining: 12m 15s
Rendered 103/5387, time remaining: 12m 11s
Rendered 104/5387, time remaining: 12m 6s
Rendered 105/5387, time remaining: 12m 10s
Rendered 106/5387, time remaining: 12m 6s
Rendered 107/5387, time remaining: 12m 13s
Rendered 108/5387, time remaining: 12m 8s
Rendered 109/5387, time remaining: 12m 4s
Rendered 110/5387, time remaining: 12m 2s
Rendered 111/5387, time remaining: 11m 58s
Rendered 112/5387, time remaining: 11m 55s
Rendered 113/5387, time remaining: 11m 57s
Rendered 114/5387, time remaining: 11m 55s
Rendered 115/5387, time remaining: 12m 3s
Rendered 116/5387, time remaining: 12m 0s
Rendered 117/5387, time remaining: 11m 56s
Rendered 118/5387, time remaining: 11m 52s
Rendered 119/5387, time remaining: 11m 48s
Rendered 120/5387, time remaining: 11m 45s
Rendered 121/5387, time remaining: 11m 41s
Rendered 122/5387, time remaining: 11m 39s
Rendered 123/5387, time remaining: 11m 56s
Rendered 124/5387, time remaining: 11m 52s
Rendered 125/5387, time remaining: 11m 48s
Rendered 126/5387, time remaining: 11m 44s
Rendered 127/5387, time remaining: 11m 41s
Rendered 128/5387, time remaining: 11m 37s
Rendered 129/5387, time remaining: 11m 34s
Rendered 130/5387, time remaining: 11m 30s
Rendered 131/5387, time remaining: 11m 47s
Rendered 132/5387, time remaining: 11m 43s
Rendered 133/5387, time remaining: 11m 40s
Rendered 134/5387, time remaining: 11m 36s
Rendered 135/5387, time remaining: 11m 33s
Rendered 136/5387, time remaining: 11m 29s
Rendered 137/5387, time remaining: 11m 27s
Rendered 138/5387, time remaining: 11m 23s
Rendered 139/5387, time remaining: 11m 39s
Rendered 140/5387, time remaining: 11m 36s
Rendered 141/5387, time remaining: 11m 33s
Rendered 142/5387, time remaining: 11m 30s
Rendered 143/5387, time remaining: 11m 26s
Rendered 144/5387, time remaining: 11m 23s
Rendered 145/5387, time remaining: 11m 20s
Rendered 146/5387, time remaining: 11m 17s
Rendered 147/5387, time remaining: 11m 26s
Rendered 148/5387, time remaining: 11m 30s
Rendered 149/5387, time remaining: 11m 28s
Rendered 150/5387, time remaining: 11m 25s
Rendered 151/5387, time remaining: 10m 46s
Rendered 152/5387, time remaining: 10m 42s
Rendered 153/5387, time remaining: 10m 37s
Rendered 154/5387, time remaining: 10m 31s
Rendered 155/5387, time remaining: 10m 21s
Rendered 156/5387, time remaining: 10m 35s
Rendered 157/5387, time remaining: 10m 32s
Rendered 158/5387, time remaining: 10m 34s
Rendered 159/5387, time remaining: 10m 31s
Rendered 160/5387, time remaining: 10m 28s
Rendered 161/5387, time remaining: 10m 27s
Rendered 162/5387, time remaining: 10m 25s
Rendered 163/5387, time remaining: 10m 24s
Rendered 164/5387, time remaining: 10m 24s
Rendered 165/5387, time remaining: 10m 28s
Rendered 166/5387, time remaining: 10m 28s
Rendered 167/5387, time remaining: 10m 32s
Rendered 168/5387, time remaining: 10m 30s
Rendered 169/5387, time remaining: 10m 32s
Rendered 170/5387, time remaining: 10m 34s
Rendered 171/5387, time remaining: 10m 38s
Rendered 172/5387, time remaining: 10m 33s
Rendered 173/5387, time remaining: 10m 34s
Rendered 174/5387, time remaining: 10m 34s
Rendered 175/5387, time remaining: 10m 33s
Rendered 176/5387, time remaining: 10m 38s
Rendered 177/5387, time remaining: 10m 31s
Rendered 178/5387, time remaining: 10m 25s
Rendered 179/5387, time remaining: 10m 17s
Rendered 180/5387, time remaining: 10m 15s
Rendered 181/5387, time remaining: 10m 24s
Rendered 182/5387, time remaining: 10m 25s
Rendered 183/5387, time remaining: 10m 26s
Rendered 184/5387, time remaining: 10m 7s
Rendered 185/5387, time remaining: 10m 7s
Rendered 186/5387, time remaining: 10m 6s
Rendered 187/5387, time remaining: 10m 9s
Rendered 188/5387, time remaining: 10m 9s
Rendered 189/5387, time remaining: 10m 15s
Rendered 190/5387, time remaining: 10m 14s
Rendered 191/5387, time remaining: 10m 13s
Rendered 192/5387, time remaining: 10m 8s
Rendered 193/5387, time remaining: 10m 5s
Rendered 194/5387, time remaining: 10m 5s
Rendered 195/5387, time remaining: 10m 8s
Rendered 196/5387, time remaining: 10m 6s
Rendered 197/5387, time remaining: 10m 8s
Rendered 198/5387, time remaining: 10m 10s
Rendered 199/5387, time remaining: 10m 10s
Rendered 200/5387, time remaining: 10m 11s
Rendered 201/5387, time remaining: 10m 6s
Rendered 202/5387, time remaining: 10m 2s
Rendered 203/5387, time remaining: 10m 2s
Rendered 204/5387, time remaining: 10m 4s
Rendered 205/5387, time remaining: 10m 5s
Rendered 206/5387, time remaining: 10m 6s
Rendered 207/5387, time remaining: 10m 9s
Rendered 208/5387, time remaining: 10m 4s
Rendered 209/5387, time remaining: 9m 59s
Rendered 210/5387, time remaining: 9m 57s
Rendered 211/5387, time remaining: 9m 57s
Rendered 212/5387, time remaining: 10m 0s
Rendered 213/5387, time remaining: 10m 1s
Rendered 214/5387, time remaining: 10m 8s
Rendered 215/5387, time remaining: 10m 8s
Rendered 216/5387, time remaining: 10m 6s
Rendered 217/5387, time remaining: 9m 55s
Rendered 218/5387, time remaining: 9m 58s
Rendered 219/5387, time remaining: 9m 58s
Rendered 220/5387, time remaining: 9m 59s
Rendered 221/5387, time remaining: 10m 1s
Rendered 222/5387, time remaining: 10m 2s
Rendered 223/5387, time remaining: 9m 56s
Rendered 224/5387, time remaining: 10m 1s
Rendered 225/5387, time remaining: 9m 56s
Rendered 226/5387, time remaining: 9m 56s
Rendered 227/5387, time remaining: 9m 58s
Rendered 228/5387, time remaining: 10m 0s
Rendered 229/5387, time remaining: 10m 2s
Rendered 230/5387, time remaining: 10m 10s
Rendered 231/5387, time remaining: 9m 57s
Rendered 232/5387, time remaining: 9m 57s
Rendered 233/5387, time remaining: 9m 56s
Rendered 234/5387, time remaining: 9m 57s
Rendered 235/5387, time remaining: 9m 58s
Rendered 236/5387, time remaining: 9m 58s
Rendered 237/5387, time remaining: 10m 1s
Rendered 238/5387, time remaining: 10m 8s
Rendered 239/5387, time remaining: 10m 7s
Rendered 240/5387, time remaining: 10m 3s
Rendered 241/5387, time remaining: 9m 58s
Rendered 242/5387, time remaining: 9m 56s
Rendered 243/5387, time remaining: 9m 55s
Rendered 244/5387, time remaining: 9m 56s
Rendered 245/5387, time remaining: 9m 57s
Rendered 246/5387, time remaining: 9m 57s
Rendered 247/5387, time remaining: 10m 4s
Rendered 248/5387, time remaining: 10m 10s
Rendered 249/5387, time remaining: 9m 56s
Rendered 250/5387, time remaining: 9m 56s
Rendered 251/5387, time remaining: 9m 56s
Rendered 252/5387, time remaining: 9m 59s
Rendered 253/5387, time remaining: 9m 58s
Rendered 254/5387, time remaining: 10m 5s
Rendered 255/5387, time remaining: 10m 2s
Rendered 256/5387, time remaining: 10m 5s
Rendered 257/5387, time remaining: 9m 57s
Rendered 258/5387, time remaining: 9m 57s
Rendered 259/5387, time remaining: 9m 59s
Rendered 260/5387, time remaining: 9m 57s
Rendered 261/5387, time remaining: 9m 57s
Rendered 262/5387, time remaining: 10m 1s
Rendered 263/5387, time remaining: 10m 1s
Rendered 264/5387, time remaining: 10m 4s
Rendered 265/5387, time remaining: 9m 55s
Rendered 266/5387, time remaining: 9m 56s
Rendered 267/5387, time remaining: 9m 57s
Rendered 268/5387, time remaining: 9m 58s
Rendered 269/5387, time remaining: 9m 58s
Rendered 270/5387, time remaining: 10m 3s
Rendered 271/5387, time remaining: 10m 8s
Rendered 272/5387, time remaining: 10m 9s
Rendered 273/5387, time remaining: 9m 54s
Rendered 274/5387, time remaining: 9m 55s
Rendered 275/5387, time remaining: 9m 56s
Rendered 276/5387, time remaining: 9m 56s
Rendered 277/5387, time remaining: 9m 58s
Rendered 278/5387, time remaining: 10m 9s
Rendered 279/5387, time remaining: 10m 9s
Rendered 280/5387, time remaining: 10m 13s
Rendered 281/5387, time remaining: 9m 55s
Rendered 282/5387, time remaining: 9m 55s
Rendered 283/5387, time remaining: 9m 56s
Rendered 284/5387, time remaining: 9m 57s
Rendered 285/5387, time remaining: 9m 59s
Rendered 286/5387, time remaining: 10m 3s
Rendered 287/5387, time remaining: 10m 2s
Rendered 288/5387, time remaining: 10m 11s
Rendered 289/5387, time remaining: 9m 54s
Rendered 290/5387, time remaining: 9m 53s
Rendered 291/5387, time remaining: 9m 54s
Rendered 292/5387, time remaining: 9m 55s
Rendered 293/5387, time remaining: 9m 58s
Rendered 294/5387, time remaining: 10m 7s
Rendered 295/5387, time remaining: 10m 7s
Rendered 296/5387, time remaining: 10m 10s
Rendered 297/5387, time remaining: 10m 2s
Rendered 298/5387, time remaining: 9m 56s
Rendered 299/5387, time remaining: 9m 57s
Rendered 300/5387, time remaining: 10m 5s
Rendered 301/5387, time remaining: 10m 11s
Rendered 302/5387, time remaining: 10m 15s
Rendered 303/5387, time remaining: 10m 17s
Rendered 304/5387, time remaining: 10m 17s
Rendered 305/5387, time remaining: 10m 17s
Rendered 306/5387, time remaining: 10m 1s
Rendered 307/5387, time remaining: 10m 3s
Rendered 308/5387, time remaining: 10m 8s
Rendered 309/5387, time remaining: 10m 10s
Rendered 310/5387, time remaining: 10m 12s
Rendered 311/5387, time remaining: 10m 12s
Rendered 312/5387, time remaining: 10m 14s
Rendered 313/5387, time remaining: 10m 13s
Rendered 314/5387, time remaining: 10m 3s
Rendered 315/5387, time remaining: 10m 7s
Rendered 316/5387, time remaining: 10m 8s
Rendered 317/5387, time remaining: 10m 4s
Rendered 318/5387, time remaining: 10m 2s
Rendered 319/5387, time remaining: 9m 58s
Rendered 320/5387, time remaining: 9m 57s
Rendered 321/5387, time remaining: 9m 57s
Rendered 322/5387, time remaining: 9m 56s
Rendered 323/5387, time remaining: 9m 51s
Rendered 324/5387, time remaining: 10m 0s
Rendered 325/5387, time remaining: 10m 0s
Rendered 326/5387, time remaining: 9m 54s
Rendered 327/5387, time remaining: 9m 54s
Rendered 328/5387, time remaining: 9m 54s
Rendered 329/5387, time remaining: 9m 54s
Rendered 330/5387, time remaining: 9m 53s
Rendered 331/5387, time remaining: 9m 42s
Rendered 332/5387, time remaining: 9m 51s
Rendered 333/5387, time remaining: 9m 52s
Rendered 334/5387, time remaining: 9m 53s
Rendered 335/5387, time remaining: 9m 53s
Rendered 336/5387, time remaining: 9m 52s
Rendered 337/5387, time remaining: 9m 51s
Rendered 338/5387, time remaining: 9m 53s
Rendered 339/5387, time remaining: 9m 49s
Rendered 340/5387, time remaining: 10m 3s
Rendered 341/5387, time remaining: 10m 8s
Rendered 342/5387, time remaining: 10m 2s
Rendered 343/5387, time remaining: 10m 3s
Rendered 344/5387, time remaining: 10m 6s
Rendered 345/5387, time remaining: 10m 3s
Rendered 346/5387, time remaining: 10m 9s
Rendered 347/5387, time remaining: 10m 8s
Rendered 348/5387, time remaining: 10m 15s
Rendered 349/5387, time remaining: 10m 21s
Rendered 350/5387, time remaining: 10m 14s
Rendered 351/5387, time remaining: 10m 16s
Rendered 352/5387, time remaining: 10m 15s
Rendered 353/5387, time remaining: 10m 21s
Rendered 354/5387, time remaining: 10m 27s
Rendered 355/5387, time remaining: 10m 27s
Rendered 356/5387, time remaining: 10m 31s
Rendered 357/5387, time remaining: 10m 30s
Rendered 358/5387, time remaining: 10m 28s
Rendered 359/5387, time remaining: 10m 28s
Rendered 360/5387, time remaining: 10m 29s
Rendered 361/5387, time remaining: 10m 33s
Rendered 362/5387, time remaining: 10m 30s
Rendered 363/5387, time remaining: 10m 36s
Rendered 364/5387, time remaining: 10m 29s
Rendered 365/5387, time remaining: 10m 35s
Rendered 366/5387, time remaining: 10m 32s
Rendered 367/5387, time remaining: 10m 32s
Rendered 368/5387, time remaining: 10m 32s
Rendered 369/5387, time remaining: 10m 41s
Rendered 370/5387, time remaining: 10m 40s
Rendered 371/5387, time remaining: 10m 41s
Rendered 372/5387, time remaining: 10m 36s
Rendered 373/5387, time remaining: 10m 37s
Rendered 374/5387, time remaining: 10m 33s
Rendered 375/5387, time remaining: 10m 33s
Rendered 376/5387, time remaining: 10m 34s
Rendered 377/5387, time remaining: 10m 42s
Rendered 378/5387, time remaining: 10m 43s
Rendered 379/5387, time remaining: 10m 41s
Rendered 380/5387, time remaining: 10m 34s
Rendered 381/5387, time remaining: 10m 34s
Rendered 382/5387, time remaining: 10m 34s
Rendered 383/5387, time remaining: 10m 38s
Rendered 384/5387, time remaining: 10m 39s
Rendered 385/5387, time remaining: 10m 56s
Rendered 386/5387, time remaining: 10m 59s
Rendered 387/5387, time remaining: 10m 57s
Rendered 388/5387, time remaining: 10m 50s
Rendered 389/5387, time remaining: 10m 51s
Rendered 390/5387, time remaining: 10m 49s
Rendered 391/5387, time remaining: 10m 50s
Rendered 392/5387, time remaining: 10m 52s
Rendered 393/5387, time remaining: 11m 3s
Rendered 394/5387, time remaining: 11m 3s
Rendered 395/5387, time remaining: 11m 4s
Rendered 396/5387, time remaining: 11m 7s
Rendered 397/5387, time remaining: 11m 0s
Rendered 398/5387, time remaining: 10m 55s
Rendered 399/5387, time remaining: 10m 56s
Rendered 400/5387, time remaining: 10m 59s
Rendered 401/5387, time remaining: 11m 4s
Rendered 402/5387, time remaining: 11m 4s
Rendered 403/5387, time remaining: 11m 9s
Rendered 404/5387, time remaining: 11m 3s
Rendered 405/5387, time remaining: 11m 0s
Rendered 406/5387, time remaining: 10m 58s
Rendered 407/5387, time remaining: 10m 59s
Rendered 408/5387, time remaining: 11m 3s
Rendered 409/5387, time remaining: 11m 9s
Rendered 410/5387, time remaining: 11m 17s
Rendered 411/5387, time remaining: 11m 20s
Rendered 412/5387, time remaining: 11m 16s
Rendered 413/5387, time remaining: 11m 11s
Rendered 414/5387, time remaining: 11m 7s
Rendered 415/5387, time remaining: 11m 6s
Rendered 416/5387, time remaining: 11m 8s
Rendered 417/5387, time remaining: 11m 11s
Rendered 418/5387, time remaining: 11m 20s
Rendered 419/5387, time remaining: 11m 27s
Rendered 420/5387, time remaining: 11m 22s
Rendered 421/5387, time remaining: 11m 17s
Rendered 422/5387, time remaining: 11m 16s
Rendered 423/5387, time remaining: 11m 15s
Rendered 424/5387, time remaining: 11m 14s
Rendered 425/5387, time remaining: 11m 15s
Rendered 426/5387, time remaining: 11m 25s
Rendered 427/5387, time remaining: 11m 29s
Rendered 428/5387, time remaining: 11m 19s
Rendered 429/5387, time remaining: 11m 18s
Rendered 430/5387, time remaining: 11m 14s
Rendered 431/5387, time remaining: 11m 14s
Rendered 432/5387, time remaining: 11m 15s
Rendered 433/5387, time remaining: 11m 14s
Rendered 434/5387, time remaining: 11m 19s
Rendered 435/5387, time remaining: 11m 27s
Rendered 436/5387, time remaining: 11m 25s
Rendered 437/5387, time remaining: 11m 27s
Rendered 438/5387, time remaining: 11m 18s
Rendered 439/5387, time remaining: 11m 18s
Rendered 440/5387, time remaining: 11m 19s
Rendered 441/5387, time remaining: 11m 18s
Rendered 442/5387, time remaining: 11m 17s
Rendered 443/5387, time remaining: 11m 30s
Rendered 444/5387, time remaining: 11m 24s
Rendered 445/5387, time remaining: 11m 23s
Rendered 446/5387, time remaining: 11m 21s
Rendered 447/5387, time remaining: 11m 17s
Rendered 448/5387, time remaining: 11m 16s
Rendered 449/5387, time remaining: 11m 14s
Rendered 450/5387, time remaining: 11m 8s
Rendered 451/5387, time remaining: 11m 12s
Rendered 452/5387, time remaining: 11m 10s
Rendered 453/5387, time remaining: 11m 9s
Rendered 454/5387, time remaining: 11m 11s
Rendered 455/5387, time remaining: 11m 10s
Rendered 456/5387, time remaining: 11m 10s
Rendered 457/5387, time remaining: 11m 8s
Rendered 458/5387, time remaining: 11m 7s
Rendered 459/5387, time remaining: 11m 9s
Rendered 460/5387, time remaining: 11m 15s
Rendered 461/5387, time remaining: 11m 15s
Rendered 462/5387, time remaining: 11m 12s
Rendered 463/5387, time remaining: 11m 13s
Rendered 464/5387, time remaining: 11m 12s
Rendered 465/5387, time remaining: 11m 3s
Rendered 466/5387, time remaining: 11m 4s
Rendered 467/5387, time remaining: 11m 9s
Rendered 468/5387, time remaining: 11m 15s
Rendered 469/5387, time remaining: 11m 15s
Rendered 470/5387, time remaining: 11m 15s
Rendered 471/5387, time remaining: 11m 15s
Rendered 472/5387, time remaining: 11m 13s
Rendered 473/5387, time remaining: 11m 10s
Rendered 474/5387, time remaining: 11m 1s
Rendered 475/5387, time remaining: 11m 5s
Rendered 476/5387, time remaining: 11m 17s
Rendered 477/5387, time remaining: 11m 18s
Rendered 478/5387, time remaining: 11m 18s
Rendered 479/5387, time remaining: 11m 18s
Rendered 480/5387, time remaining: 11m 15s
Rendered 481/5387, time remaining: 11m 15s
Rendered 482/5387, time remaining: 11m 6s
Rendered 483/5387, time remaining: 11m 5s
Rendered 484/5387, time remaining: 11m 11s
Rendered 485/5387, time remaining: 11m 20s
Rendered 486/5387, time remaining: 11m 21s
Rendered 487/5387, time remaining: 11m 19s
Rendered 488/5387, time remaining: 11m 17s
Rendered 489/5387, time remaining: 11m 16s
Rendered 490/5387, time remaining: 11m 3s
Rendered 491/5387, time remaining: 10m 57s
Rendered 492/5387, time remaining: 10m 59s
Rendered 493/5387, time remaining: 11m 8s
Rendered 494/5387, time remaining: 11m 4s
Rendered 495/5387, time remaining: 11m 4s
Rendered 496/5387, time remaining: 10m 58s
Rendered 497/5387, time remaining: 10m 58s
Rendered 498/5387, time remaining: 10m 51s
Rendered 499/5387, time remaining: 10m 46s
Rendered 500/5387, time remaining: 10m 43s
Rendered 501/5387, time remaining: 10m 50s
Rendered 502/5387, time remaining: 10m 56s
Rendered 503/5387, time remaining: 10m 50s
Rendered 504/5387, time remaining: 10m 42s
Rendered 505/5387, time remaining: 10m 40s
Rendered 506/5387, time remaining: 10m 35s
Rendered 507/5387, time remaining: 10m 34s
Rendered 508/5387, time remaining: 10m 36s
Rendered 509/5387, time remaining: 10m 42s
Rendered 510/5387, time remaining: 10m 46s
Rendered 511/5387, time remaining: 10m 41s
Rendered 512/5387, time remaining: 10m 42s
Rendered 513/5387, time remaining: 10m 35s
Rendered 514/5387, time remaining: 10m 34s
Rendered 515/5387, time remaining: 10m 30s
Rendered 516/5387, time remaining: 10m 35s
Rendered 517/5387, time remaining: 10m 46s
Rendered 518/5387, time remaining: 10m 44s
Rendered 519/5387, time remaining: 10m 34s
Rendered 520/5387, time remaining: 10m 35s
Rendered 521/5387, time remaining: 10m 31s
Rendered 522/5387, time remaining: 10m 30s
Rendered 523/5387, time remaining: 10m 32s
Rendered 524/5387, time remaining: 10m 37s
Rendered 525/5387, time remaining: 10m 42s
Rendered 526/5387, time remaining: 10m 41s
Rendered 527/5387, time remaining: 10m 31s
Rendered 528/5387, time remaining: 10m 31s
Rendered 529/5387, time remaining: 10m 34s
Rendered 530/5387, time remaining: 10m 39s
Rendered 531/5387, time remaining: 10m 39s
Rendered 532/5387, time remaining: 10m 39s
Rendered 533/5387, time remaining: 10m 36s
Rendered 534/5387, time remaining: 10m 34s
Rendered 535/5387, time remaining: 10m 18s
Rendered 536/5387, time remaining: 10m 15s
Rendered 537/5387, time remaining: 10m 20s
Rendered 538/5387, time remaining: 10m 21s
Rendered 539/5387, time remaining: 10m 22s
Rendered 540/5387, time remaining: 10m 19s
Rendered 541/5387, time remaining: 10m 19s
Rendered 542/5387, time remaining: 10m 17s
Rendered 543/5387, time remaining: 10m 6s
Rendered 544/5387, time remaining: 10m 8s
Rendered 545/5387, time remaining: 10m 19s
Rendered 546/5387, time remaining: 10m 15s
Rendered 547/5387, time remaining: 10m 16s
Rendered 548/5387, time remaining: 10m 16s
Rendered 549/5387, time remaining: 10m 14s
Rendered 550/5387, time remaining: 10m 12s
Rendered 551/5387, time remaining: 10m 6s
Rendered 552/5387, time remaining: 10m 3s
Rendered 553/5387, time remaining: 10m 16s
Rendered 554/5387, time remaining: 10m 16s
Rendered 555/5387, time remaining: 10m 20s
Rendered 556/5387, time remaining: 10m 19s
Rendered 557/5387, time remaining: 10m 18s
Rendered 558/5387, time remaining: 10m 14s
Rendered 559/5387, time remaining: 10m 8s
Rendered 560/5387, time remaining: 10m 1s
Rendered 561/5387, time remaining: 10m 12s
Rendered 562/5387, time remaining: 10m 13s
Rendered 563/5387, time remaining: 10m 13s
Rendered 564/5387, time remaining: 10m 13s
Rendered 565/5387, time remaining: 10m 14s
Rendered 566/5387, time remaining: 10m 11s
Rendered 567/5387, time remaining: 10m 6s
Rendered 568/5387, time remaining: 9m 56s
Rendered 569/5387, time remaining: 10m 3s
Rendered 570/5387, time remaining: 10m 6s
Rendered 571/5387, time remaining: 10m 5s
Rendered 572/5387, time remaining: 10m 3s
Rendered 573/5387, time remaining: 10m 4s
Rendered 574/5387, time remaining: 10m 4s
Rendered 575/5387, time remaining: 10m 2s
Rendered 576/5387, time remaining: 9m 53s
Rendered 577/5387, time remaining: 9m 56s
Rendered 578/5387, time remaining: 10m 2s
Rendered 579/5387, time remaining: 10m 3s
Rendered 580/5387, time remaining: 10m 4s
Rendered 581/5387, time remaining: 10m 4s
Rendered 582/5387, time remaining: 10m 6s
Rendered 583/5387, time remaining: 10m 6s
Rendered 584/5387, time remaining: 10m 1s
Rendered 585/5387, time remaining: 9m 57s
Rendered 586/5387, time remaining: 10m 1s
Rendered 587/5387, time remaining: 9m 58s
Rendered 588/5387, time remaining: 9m 59s
Rendered 589/5387, time remaining: 10m 0s
Rendered 590/5387, time remaining: 10m 1s
Rendered 591/5387, time remaining: 9m 59s
Rendered 592/5387, time remaining: 9m 59s
Rendered 593/5387, time remaining: 9m 47s
Rendered 594/5387, time remaining: 9m 54s
Rendered 595/5387, time remaining: 9m 55s
Rendered 596/5387, time remaining: 9m 58s
Rendered 597/5387, time remaining: 9m 58s
Rendered 598/5387, time remaining: 10m 2s
Rendered 599/5387, time remaining: 10m 2s
Rendered 600/5387, time remaining: 10m 2s
Rendered 601/5387, time remaining: 9m 51s
Rendered 602/5387, time remaining: 10m 1s
Rendered 603/5387, time remaining: 10m 3s
Rendered 604/5387, time remaining: 10m 1s
Rendered 605/5387, time remaining: 10m 3s
Rendered 606/5387, time remaining: 10m 2s
Rendered 607/5387, time remaining: 10m 1s
Rendered 608/5387, time remaining: 9m 57s
Rendered 609/5387, time remaining: 9m 57s
Rendered 610/5387, time remaining: 10m 4s
Rendered 611/5387, time remaining: 10m 4s
Rendered 612/5387, time remaining: 10m 4s
Rendered 613/5387, time remaining: 10m 4s
Rendered 614/5387, time remaining: 10m 4s
Rendered 615/5387, time remaining: 10m 4s
Rendered 616/5387, time remaining: 10m 0s
Rendered 617/5387, time remaining: 9m 54s
Rendered 618/5387, time remaining: 10m 2s
Rendered 619/5387, time remaining: 10m 4s
Rendered 620/5387, time remaining: 10m 4s
Rendered 621/5387, time remaining: 10m 3s
Rendered 622/5387, time remaining: 10m 3s
Rendered 623/5387, time remaining: 10m 3s
Rendered 624/5387, time remaining: 10m 5s
Rendered 625/5387, time remaining: 10m 1s
Rendered 626/5387, time remaining: 9m 55s
Rendered 627/5387, time remaining: 9m 59s
Rendered 628/5387, time remaining: 10m 0s
Rendered 629/5387, time remaining: 10m 0s
Rendered 630/5387, time remaining: 10m 0s
Rendered 631/5387, time remaining: 10m 0s
Rendered 632/5387, time remaining: 10m 0s
Rendered 633/5387, time remaining: 10m 0s
Rendered 634/5387, time remaining: 10m 5s
Rendered 635/5387, time remaining: 9m 59s
Rendered 636/5387, time remaining: 9m 59s
Rendered 637/5387, time remaining: 9m 59s
Rendered 638/5387, time remaining: 9m 59s
Rendered 639/5387, time remaining: 9m 58s
Rendered 640/5387, time remaining: 9m 59s
Rendered 641/5387, time remaining: 9m 59s
Rendered 642/5387, time remaining: 9m 58s
Rendered 643/5387, time remaining: 10m 2s
Rendered 644/5387, time remaining: 10m 2s
Rendered 645/5387, time remaining: 10m 2s
Rendered 646/5387, time remaining: 10m 3s
Rendered 647/5387, time remaining: 10m 2s
Rendered 648/5387, time remaining: 10m 1s
Rendered 649/5387, time remaining: 10m 1s
Rendered 650/5387, time remaining: 10m 0s
Rendered 651/5387, time remaining: 10m 8s
Rendered 652/5387, time remaining: 10m 2s
Rendered 653/5387, time remaining: 10m 2s
Rendered 654/5387, time remaining: 10m 1s
Rendered 655/5387, time remaining: 10m 2s
Rendered 656/5387, time remaining: 10m 1s
Rendered 657/5387, time remaining: 10m 0s
Rendered 658/5387, time remaining: 9m 58s
Rendered 659/5387, time remaining: 10m 0s
Rendered 660/5387, time remaining: 9m 59s
Rendered 661/5387, time remaining: 9m 59s
Rendered 662/5387, time remaining: 9m 57s
Rendered 663/5387, time remaining: 9m 57s
Rendered 664/5387, time remaining: 9m 57s
Rendered 665/5387, time remaining: 9m 56s
Rendered 666/5387, time remaining: 9m 51s
Rendered 667/5387, time remaining: 9m 52s
Rendered 668/5387, time remaining: 9m 54s
Rendered 669/5387, time remaining: 9m 54s
Rendered 670/5387, time remaining: 9m 52s
Rendered 671/5387, time remaining: 9m 52s
Rendered 672/5387, time remaining: 9m 53s
Rendered 673/5387, time remaining: 9m 51s
Rendered 674/5387, time remaining: 9m 47s
Rendered 675/5387, time remaining: 9m 49s
Rendered 676/5387, time remaining: 9m 53s
Rendered 677/5387, time remaining: 9m 54s
Rendered 678/5387, time remaining: 9m 52s
Rendered 679/5387, time remaining: 9m 49s
Rendered 680/5387, time remaining: 9m 40s
Rendered 681/5387, time remaining: 9m 40s
Rendered 682/5387, time remaining: 9m 41s
Rendered 683/5387, time remaining: 9m 49s
Rendered 684/5387, time remaining: 9m 52s
Rendered 685/5387, time remaining: 9m 52s
Rendered 686/5387, time remaining: 9m 51s
Rendered 687/5387, time remaining: 9m 46s
Rendered 688/5387, time remaining: 9m 44s
Rendered 689/5387, time remaining: 9m 44s
Rendered 690/5387, time remaining: 9m 42s
Rendered 691/5387, time remaining: 9m 46s
Rendered 692/5387, time remaining: 9m 54s
Rendered 693/5387, time remaining: 9m 54s
Rendered 694/5387, time remaining: 9m 51s
Rendered 695/5387, time remaining: 9m 40s
Rendered 696/5387, time remaining: 9m 38s
Rendered 697/5387, time remaining: 9m 37s
Rendered 698/5387, time remaining: 9m 39s
Rendered 699/5387, time remaining: 9m 39s
Rendered 700/5387, time remaining: 9m 51s
Rendered 701/5387, time remaining: 9m 51s
Rendered 702/5387, time remaining: 9m 51s
Rendered 703/5387, time remaining: 9m 34s
Rendered 704/5387, time remaining: 9m 34s
Rendered 705/5387, time remaining: 9m 29s
Rendered 706/5387, time remaining: 9m 28s
Rendered 707/5387, time remaining: 9m 31s
Rendered 708/5387, time remaining: 9m 41s
Rendered 709/5387, time remaining: 9m 38s
Rendered 710/5387, time remaining: 9m 39s
Rendered 711/5387, time remaining: 9m 30s
Rendered 712/5387, time remaining: 9m 29s
Rendered 713/5387, time remaining: 9m 33s
Rendered 714/5387, time remaining: 9m 32s
Rendered 715/5387, time remaining: 9m 31s
Rendered 716/5387, time remaining: 9m 31s
Rendered 717/5387, time remaining: 9m 33s
Rendered 718/5387, time remaining: 9m 37s
Rendered 719/5387, time remaining: 9m 32s
Rendered 720/5387, time remaining: 9m 27s
Rendered 721/5387, time remaining: 9m 28s
Rendered 722/5387, time remaining: 9m 28s
Rendered 723/5387, time remaining: 9m 27s
Rendered 724/5387, time remaining: 9m 27s
Rendered 725/5387, time remaining: 9m 29s
Rendered 726/5387, time remaining: 9m 28s
Rendered 727/5387, time remaining: 9m 34s
Rendered 728/5387, time remaining: 9m 28s
Rendered 729/5387, time remaining: 9m 27s
Rendered 730/5387, time remaining: 9m 26s
Rendered 731/5387, time remaining: 9m 26s
Rendered 732/5387, time remaining: 9m 24s
Rendered 733/5387, time remaining: 9m 23s
Rendered 734/5387, time remaining: 9m 23s
Rendered 735/5387, time remaining: 9m 30s
Rendered 736/5387, time remaining: 9m 26s
Rendered 737/5387, time remaining: 9m 26s
Rendered 738/5387, time remaining: 9m 25s
Rendered 739/5387, time remaining: 9m 24s
Rendered 740/5387, time remaining: 9m 23s
Rendered 741/5387, time remaining: 9m 23s
Rendered 742/5387, time remaining: 9m 23s
Rendered 743/5387, time remaining: 9m 36s
Rendered 744/5387, time remaining: 9m 27s
Rendered 745/5387, time remaining: 9m 25s
Rendered 746/5387, time remaining: 9m 23s
Rendered 747/5387, time remaining: 9m 22s
Rendered 748/5387, time remaining: 9m 17s
Rendered 749/5387, time remaining: 9m 16s
Rendered 750/5387, time remaining: 9m 16s
Rendered 751/5387, time remaining: 9m 32s
Rendered 752/5387, time remaining: 9m 20s
Rendered 753/5387, time remaining: 9m 17s
Rendered 754/5387, time remaining: 9m 16s
Rendered 755/5387, time remaining: 9m 14s
Rendered 756/5387, time remaining: 9m 14s
Rendered 757/5387, time remaining: 9m 13s
Rendered 758/5387, time remaining: 9m 14s
Rendered 759/5387, time remaining: 9m 23s
Rendered 760/5387, time remaining: 9m 10s
Rendered 761/5387, time remaining: 9m 9s
Rendered 762/5387, time remaining: 9m 9s
Rendered 763/5387, time remaining: 9m 8s
Rendered 764/5387, time remaining: 9m 8s
Rendered 765/5387, time remaining: 9m 7s
Rendered 766/5387, time remaining: 9m 7s
Rendered 767/5387, time remaining: 9m 23s
Rendered 768/5387, time remaining: 9m 9s
Rendered 769/5387, time remaining: 9m 6s
Rendered 770/5387, time remaining: 9m 6s
Rendered 771/5387, time remaining: 9m 5s
Rendered 772/5387, time remaining: 9m 5s
Rendered 773/5387, time remaining: 9m 5s
Rendered 774/5387, time remaining: 9m 2s
Rendered 775/5387, time remaining: 9m 18s
Rendered 776/5387, time remaining: 9m 11s
Rendered 777/5387, time remaining: 9m 5s
Rendered 778/5387, time remaining: 9m 3s
Rendered 779/5387, time remaining: 9m 3s
Rendered 780/5387, time remaining: 9m 3s
Rendered 781/5387, time remaining: 9m 3s
Rendered 782/5387, time remaining: 9m 3s
Rendered 783/5387, time remaining: 9m 15s
Rendered 784/5387, time remaining: 9m 1s
Rendered 785/5387, time remaining: 8m 58s
Rendered 786/5387, time remaining: 8m 59s
Rendered 787/5387, time remaining: 8m 59s
Rendered 788/5387, time remaining: 8m 59s
Rendered 789/5387, time remaining: 8m 58s
Rendered 790/5387, time remaining: 8m 57s
Rendered 791/5387, time remaining: 9m 11s
Rendered 792/5387, time remaining: 9m 6s
Rendered 793/5387, time remaining: 8m 52s
Rendered 794/5387, time remaining: 8m 52s
Rendered 795/5387, time remaining: 8m 52s
Rendered 796/5387, time remaining: 8m 51s
Rendered 797/5387, time remaining: 8m 51s
Rendered 798/5387, time remaining: 8m 50s
Rendered 799/5387, time remaining: 9m 2s
Rendered 800/5387, time remaining: 9m 5s
Rendered 801/5387, time remaining: 8m 48s
Rendered 802/5387, time remaining: 8m 49s
Rendered 803/5387, time remaining: 8m 48s
Rendered 804/5387, time remaining: 8m 51s
Rendered 805/5387, time remaining: 8m 50s
Rendered 806/5387, time remaining: 8m 50s
Rendered 807/5387, time remaining: 8m 57s
Rendered 808/5387, time remaining: 9m 1s
Rendered 809/5387, time remaining: 8m 50s
Rendered 810/5387, time remaining: 8m 46s
Rendered 811/5387, time remaining: 8m 47s
Rendered 812/5387, time remaining: 8m 46s
Rendered 813/5387, time remaining: 8m 46s
Rendered 814/5387, time remaining: 8m 46s
Rendered 815/5387, time remaining: 8m 55s
Rendered 816/5387, time remaining: 9m 0s
Rendered 817/5387, time remaining: 8m 48s
Rendered 818/5387, time remaining: 8m 46s
Rendered 819/5387, time remaining: 8m 46s
Rendered 820/5387, time remaining: 8m 45s
Rendered 821/5387, time remaining: 8m 45s
Rendered 822/5387, time remaining: 8m 45s
Rendered 823/5387, time remaining: 8m 55s
Rendered 824/5387, time remaining: 8m 55s
Rendered 825/5387, time remaining: 8m 50s
Rendered 826/5387, time remaining: 8m 44s
Rendered 827/5387, time remaining: 8m 43s
Rendered 828/5387, time remaining: 8m 42s
Rendered 829/5387, time remaining: 8m 42s
Rendered 830/5387, time remaining: 8m 44s
Rendered 831/5387, time remaining: 8m 54s
Rendered 832/5387, time remaining: 8m 55s
Rendered 833/5387, time remaining: 8m 44s
Rendered 834/5387, time remaining: 8m 40s
Rendered 835/5387, time remaining: 8m 40s
Rendered 836/5387, time remaining: 8m 40s
Rendered 837/5387, time remaining: 8m 40s
Rendered 838/5387, time remaining: 8m 45s
Rendered 839/5387, time remaining: 8m 49s
Rendered 840/5387, time remaining: 8m 50s
Rendered 841/5387, time remaining: 8m 45s
Rendered 842/5387, time remaining: 8m 37s
Rendered 843/5387, time remaining: 8m 39s
Rendered 844/5387, time remaining: 8m 37s
Rendered 845/5387, time remaining: 8m 37s
Rendered 846/5387, time remaining: 8m 45s
Rendered 847/5387, time remaining: 8m 52s
Rendered 848/5387, time remaining: 8m 49s
Rendered 849/5387, time remaining: 8m 49s
Rendered 850/5387, time remaining: 8m 37s
Rendered 851/5387, time remaining: 8m 37s
Rendered 852/5387, time remaining: 8m 36s
Rendered 853/5387, time remaining: 8m 35s
Rendered 854/5387, time remaining: 8m 35s
Rendered 855/5387, time remaining: 8m 51s
Rendered 856/5387, time remaining: 8m 51s
Rendered 857/5387, time remaining: 8m 47s
Rendered 858/5387, time remaining: 8m 38s
Rendered 859/5387, time remaining: 8m 38s
Rendered 860/5387, time remaining: 8m 38s
Rendered 861/5387, time remaining: 8m 31s
Rendered 862/5387, time remaining: 8m 32s
Rendered 863/5387, time remaining: 8m 38s
Rendered 864/5387, time remaining: 8m 38s
Rendered 865/5387, time remaining: 8m 42s
Rendered 866/5387, time remaining: 8m 42s
Rendered 867/5387, time remaining: 8m 41s
Rendered 868/5387, time remaining: 8m 38s
Rendered 869/5387, time remaining: 8m 31s
Rendered 870/5387, time remaining: 8m 31s
Rendered 871/5387, time remaining: 8m 35s
Rendered 872/5387, time remaining: 8m 35s
Rendered 873/5387, time remaining: 8m 40s
Rendered 874/5387, time remaining: 8m 39s
Rendered 875/5387, time remaining: 8m 39s
Rendered 876/5387, time remaining: 8m 45s
Rendered 877/5387, time remaining: 8m 30s
Rendered 878/5387, time remaining: 8m 30s
Rendered 879/5387, time remaining: 8m 33s
Rendered 880/5387, time remaining: 8m 33s
Rendered 881/5387, time remaining: 8m 37s
Rendered 882/5387, time remaining: 8m 37s
Rendered 883/5387, time remaining: 8m 37s
Rendered 884/5387, time remaining: 8m 44s
Rendered 885/5387, time remaining: 8m 31s
Rendered 886/5387, time remaining: 8m 31s
Rendered 887/5387, time remaining: 8m 33s
Rendered 888/5387, time remaining: 8m 34s
Rendered 889/5387, time remaining: 8m 35s
Rendered 890/5387, time remaining: 8m 37s
Rendered 891/5387, time remaining: 8m 37s
Rendered 892/5387, time remaining: 8m 41s
Rendered 893/5387, time remaining: 8m 29s
Rendered 894/5387, time remaining: 8m 31s
Rendered 895/5387, time remaining: 8m 32s
Rendered 896/5387, time remaining: 8m 33s
Rendered 897/5387, time remaining: 8m 36s
Rendered 898/5387, time remaining: 8m 37s
Rendered 899/5387, time remaining: 8m 37s
Rendered 900/5387, time remaining: 8m 40s
Rendered 901/5387, time remaining: 8m 30s
Rendered 902/5387, time remaining: 8m 31s
Rendered 903/5387, time remaining: 8m 34s
Rendered 904/5387, time remaining: 8m 34s
Rendered 905/5387, time remaining: 8m 39s
Rendered 906/5387, time remaining: 8m 40s
Rendered 907/5387, time remaining: 8m 40s
Rendered 908/5387, time remaining: 8m 45s
Rendered 909/5387, time remaining: 8m 36s
Rendered 910/5387, time remaining: 8m 34s
Rendered 911/5387, time remaining: 8m 35s
Rendered 912/5387, time remaining: 8m 35s
Rendered 913/5387, time remaining: 8m 37s
Rendered 914/5387, time remaining: 8m 37s
Rendered 915/5387, time remaining: 8m 38s
Rendered 916/5387, time remaining: 8m 43s
Rendered 917/5387, time remaining: 8m 35s
Rendered 918/5387, time remaining: 8m 35s
Rendered 919/5387, time remaining: 8m 35s
Rendered 920/5387, time remaining: 8m 35s
Rendered 921/5387, time remaining: 8m 37s
Rendered 922/5387, time remaining: 8m 36s
Rendered 923/5387, time remaining: 8m 37s
Rendered 924/5387, time remaining: 8m 47s
Rendered 925/5387, time remaining: 8m 35s
Rendered 926/5387, time remaining: 8m 35s
Rendered 927/5387, time remaining: 8m 36s
Rendered 928/5387, time remaining: 8m 36s
Rendered 929/5387, time remaining: 8m 37s
Rendered 930/5387, time remaining: 8m 38s
Rendered 931/5387, time remaining: 8m 37s
Rendered 932/5387, time remaining: 8m 42s
Rendered 933/5387, time remaining: 8m 33s
Rendered 934/5387, time remaining: 8m 38s
Rendered 935/5387, time remaining: 8m 37s
Rendered 936/5387, time remaining: 8m 36s
Rendered 937/5387, time remaining: 8m 37s
Rendered 938/5387, time remaining: 8m 37s
Rendered 939/5387, time remaining: 8m 36s
Rendered 940/5387, time remaining: 8m 36s
Rendered 941/5387, time remaining: 8m 35s
Rendered 942/5387, time remaining: 8m 35s
Rendered 943/5387, time remaining: 8m 35s
Rendered 944/5387, time remaining: 8m 34s
Rendered 945/5387, time remaining: 8m 34s
Rendered 946/5387, time remaining: 8m 34s
Rendered 947/5387, time remaining: 8m 34s
Rendered 948/5387, time remaining: 8m 35s
Rendered 949/5387, time remaining: 8m 33s
Rendered 950/5387, time remaining: 8m 34s
Rendered 951/5387, time remaining: 8m 34s
Rendered 952/5387, time remaining: 8m 33s
Rendered 953/5387, time remaining: 8m 34s
Rendered 954/5387, time remaining: 8m 31s
Rendered 955/5387, time remaining: 8m 31s
Rendered 956/5387, time remaining: 8m 31s
Rendered 957/5387, time remaining: 8m 30s
Rendered 958/5387, time remaining: 8m 35s
Rendered 959/5387, time remaining: 8m 35s
Rendered 960/5387, time remaining: 8m 36s
Rendered 961/5387, time remaining: 8m 34s
Rendered 962/5387, time remaining: 8m 34s
Rendered 963/5387, time remaining: 8m 34s
Rendered 964/5387, time remaining: 8m 33s
Rendered 965/5387, time remaining: 8m 25s
Rendered 966/5387, time remaining: 8m 34s
Rendered 967/5387, time remaining: 8m 34s
Rendered 968/5387, time remaining: 8m 33s
Rendered 969/5387, time remaining: 8m 32s
Rendered 970/5387, time remaining: 8m 33s
Rendered 971/5387, time remaining: 8m 33s
Rendered 972/5387, time remaining: 8m 33s
Rendered 973/5387, time remaining: 8m 23s
Rendered 974/5387, time remaining: 8m 37s
Rendered 975/5387, time remaining: 8m 34s
Rendered 976/5387, time remaining: 8m 34s
Rendered 977/5387, time remaining: 8m 34s
Rendered 978/5387, time remaining: 8m 34s
Rendered 979/5387, time remaining: 8m 33s
Rendered 980/5387, time remaining: 8m 31s
Rendered 981/5387, time remaining: 8m 21s
Rendered 982/5387, time remaining: 8m 32s
Rendered 983/5387, time remaining: 8m 34s
Rendered 984/5387, time remaining: 8m 34s
Rendered 985/5387, time remaining: 8m 33s
Rendered 986/5387, time remaining: 8m 33s
Rendered 987/5387, time remaining: 8m 31s
Rendered 988/5387, time remaining: 8m 25s
Rendered 989/5387, time remaining: 8m 21s
Rendered 990/5387, time remaining: 8m 34s
Rendered 991/5387, time remaining: 8m 34s
Rendered 992/5387, time remaining: 8m 34s
Rendered 993/5387, time remaining: 8m 33s
Rendered 994/5387, time remaining: 8m 33s
Rendered 995/5387, time remaining: 8m 32s
Rendered 996/5387, time remaining: 8m 24s
Rendered 997/5387, time remaining: 8m 17s
Rendered 998/5387, time remaining: 8m 32s
Rendered 999/5387, time remaining: 8m 32s
Rendered 1000/5387, time remaining: 8m 32s
Rendered 1001/5387, time remaining: 8m 31s
Rendered 1002/5387, time remaining: 8m 31s
Rendered 1003/5387, time remaining: 8m 31s
Rendered 1004/5387, time remaining: 8m 31s
Rendered 1005/5387, time remaining: 8m 16s
Rendered 1006/5387, time remaining: 8m 27s
Rendered 1007/5387, time remaining: 8m 27s
Rendered 1008/5387, time remaining: 8m 33s
Rendered 1009/5387, time remaining: 8m 33s
Rendered 1010/5387, time remaining: 8m 33s
Rendered 1011/5387, time remaining: 8m 38s
Rendered 1012/5387, time remaining: 8m 37s
Rendered 1013/5387, time remaining: 8m 27s
Rendered 1014/5387, time remaining: 8m 32s
Rendered 1015/5387, time remaining: 8m 28s
Rendered 1016/5387, time remaining: 8m 34s
Rendered 1017/5387, time remaining: 8m 33s
Rendered 1018/5387, time remaining: 8m 35s
Rendered 1019/5387, time remaining: 8m 36s
Rendered 1020/5387, time remaining: 8m 39s
Rendered 1021/5387, time remaining: 8m 35s
Rendered 1022/5387, time remaining: 8m 38s
Rendered 1023/5387, time remaining: 8m 34s
Rendered 1024/5387, time remaining: 8m 34s
Rendered 1025/5387, time remaining: 8m 35s
Rendered 1026/5387, time remaining: 8m 30s
Rendered 1027/5387, time remaining: 8m 31s
Rendered 1028/5387, time remaining: 8m 33s
Rendered 1029/5387, time remaining: 8m 30s
Rendered 1030/5387, time remaining: 8m 40s
Rendered 1031/5387, time remaining: 8m 36s
Rendered 1032/5387, time remaining: 8m 35s
Rendered 1033/5387, time remaining: 8m 36s
Rendered 1034/5387, time remaining: 8m 29s
Rendered 1035/5387, time remaining: 8m 28s
Rendered 1036/5387, time remaining: 8m 30s
Rendered 1037/5387, time remaining: 8m 28s
Rendered 1038/5387, time remaining: 8m 36s
Rendered 1039/5387, time remaining: 8m 35s
Rendered 1040/5387, time remaining: 8m 33s
Rendered 1041/5387, time remaining: 8m 36s
Rendered 1042/5387, time remaining: 8m 31s
Rendered 1043/5387, time remaining: 8m 28s
Rendered 1044/5387, time remaining: 8m 31s
Rendered 1045/5387, time remaining: 8m 32s
Rendered 1046/5387, time remaining: 8m 34s
Rendered 1047/5387, time remaining: 8m 30s
Rendered 1048/5387, time remaining: 8m 29s
Rendered 1049/5387, time remaining: 8m 31s
Rendered 1050/5387, time remaining: 8m 27s
Rendered 1051/5387, time remaining: 8m 24s
Rendered 1052/5387, time remaining: 8m 22s
Rendered 1053/5387, time remaining: 8m 20s
Rendered 1054/5387, time remaining: 8m 26s
Rendered 1055/5387, time remaining: 8m 24s
Rendered 1056/5387, time remaining: 8m 23s
Rendered 1057/5387, time remaining: 8m 25s
Rendered 1058/5387, time remaining: 8m 24s
Rendered 1059/5387, time remaining: 8m 21s
Rendered 1060/5387, time remaining: 8m 21s
Rendered 1061/5387, time remaining: 8m 23s
Rendered 1062/5387, time remaining: 8m 31s
Rendered 1063/5387, time remaining: 8m 29s
Rendered 1064/5387, time remaining: 8m 30s
Rendered 1065/5387, time remaining: 8m 31s
Rendered 1066/5387, time remaining: 8m 26s
Rendered 1067/5387, time remaining: 8m 18s
Rendered 1068/5387, time remaining: 8m 18s
Rendered 1069/5387, time remaining: 8m 20s
Rendered 1070/5387, time remaining: 8m 33s
Rendered 1071/5387, time remaining: 8m 32s
Rendered 1072/5387, time remaining: 8m 32s
Rendered 1073/5387, time remaining: 8m 32s
Rendered 1074/5387, time remaining: 8m 22s
Rendered 1075/5387, time remaining: 8m 19s
Rendered 1076/5387, time remaining: 8m 19s
Rendered 1077/5387, time remaining: 8m 18s
Rendered 1078/5387, time remaining: 8m 33s
Rendered 1079/5387, time remaining: 8m 33s
Rendered 1080/5387, time remaining: 8m 32s
Rendered 1081/5387, time remaining: 8m 32s
Rendered 1082/5387, time remaining: 8m 28s
Rendered 1083/5387, time remaining: 8m 24s
Rendered 1084/5387, time remaining: 8m 19s
Rendered 1085/5387, time remaining: 8m 18s
Rendered 1086/5387, time remaining: 8m 28s
Rendered 1087/5387, time remaining: 8m 31s
Rendered 1088/5387, time remaining: 8m 31s
Rendered 1089/5387, time remaining: 8m 31s
Rendered 1090/5387, time remaining: 8m 31s
Rendered 1091/5387, time remaining: 8m 18s
Rendered 1092/5387, time remaining: 8m 17s
Rendered 1093/5387, time remaining: 8m 19s
Rendered 1094/5387, time remaining: 8m 28s
Rendered 1095/5387, time remaining: 8m 33s
Rendered 1096/5387, time remaining: 8m 34s
Rendered 1097/5387, time remaining: 8m 34s
Rendered 1098/5387, time remaining: 8m 32s
Rendered 1099/5387, time remaining: 8m 23s
Rendered 1100/5387, time remaining: 8m 20s
Rendered 1101/5387, time remaining: 8m 22s
Rendered 1102/5387, time remaining: 8m 27s
Rendered 1103/5387, time remaining: 8m 31s
Rendered 1104/5387, time remaining: 8m 32s
Rendered 1105/5387, time remaining: 8m 33s
Rendered 1106/5387, time remaining: 8m 33s
Rendered 1107/5387, time remaining: 8m 26s
Rendered 1108/5387, time remaining: 8m 19s
Rendered 1109/5387, time remaining: 8m 20s
Rendered 1110/5387, time remaining: 8m 24s
Rendered 1111/5387, time remaining: 8m 28s
Rendered 1112/5387, time remaining: 8m 28s
Rendered 1113/5387, time remaining: 8m 28s
Rendered 1114/5387, time remaining: 8m 29s
Rendered 1115/5387, time remaining: 8m 32s
Rendered 1116/5387, time remaining: 8m 19s
Rendered 1117/5387, time remaining: 8m 20s
Rendered 1118/5387, time remaining: 8m 27s
Rendered 1119/5387, time remaining: 8m 27s
Rendered 1120/5387, time remaining: 8m 28s
Rendered 1121/5387, time remaining: 8m 27s
Rendered 1122/5387, time remaining: 8m 29s
Rendered 1123/5387, time remaining: 8m 30s
Rendered 1124/5387, time remaining: 8m 16s
Rendered 1125/5387, time remaining: 8m 18s
Rendered 1126/5387, time remaining: 8m 22s
Rendered 1127/5387, time remaining: 8m 25s
Rendered 1128/5387, time remaining: 8m 25s
Rendered 1129/5387, time remaining: 8m 25s
Rendered 1130/5387, time remaining: 8m 26s
Rendered 1131/5387, time remaining: 8m 27s
Rendered 1132/5387, time remaining: 8m 16s
Rendered 1133/5387, time remaining: 8m 15s
Rendered 1134/5387, time remaining: 8m 21s
Rendered 1135/5387, time remaining: 8m 24s
Rendered 1136/5387, time remaining: 8m 24s
Rendered 1137/5387, time remaining: 8m 24s
Rendered 1138/5387, time remaining: 8m 24s
Rendered 1139/5387, time remaining: 8m 25s
Rendered 1140/5387, time remaining: 8m 12s
Rendered 1141/5387, time remaining: 8m 13s
Rendered 1142/5387, time remaining: 8m 16s
Rendered 1143/5387, time remaining: 8m 25s
Rendered 1144/5387, time remaining: 8m 24s
Rendered 1145/5387, time remaining: 8m 24s
Rendered 1146/5387, time remaining: 8m 24s
Rendered 1147/5387, time remaining: 8m 26s
Rendered 1148/5387, time remaining: 8m 12s
Rendered 1149/5387, time remaining: 8m 13s
Rendered 1150/5387, time remaining: 8m 16s
Rendered 1151/5387, time remaining: 8m 23s
Rendered 1152/5387, time remaining: 8m 26s
Rendered 1153/5387, time remaining: 8m 26s
Rendered 1154/5387, time remaining: 8m 27s
Rendered 1155/5387, time remaining: 8m 27s
Rendered 1156/5387, time remaining: 8m 16s
Rendered 1157/5387, time remaining: 8m 16s
Rendered 1158/5387, time remaining: 8m 11s
Rendered 1159/5387, time remaining: 8m 27s
Rendered 1160/5387, time remaining: 8m 26s
Rendered 1161/5387, time remaining: 8m 22s
Rendered 1162/5387, time remaining: 8m 22s
Rendered 1163/5387, time remaining: 8m 22s
Rendered 1164/5387, time remaining: 8m 17s
Rendered 1165/5387, time remaining: 8m 16s
Rendered 1166/5387, time remaining: 8m 13s
Rendered 1167/5387, time remaining: 8m 20s
Rendered 1168/5387, time remaining: 8m 20s
Rendered 1169/5387, time remaining: 8m 20s
Rendered 1170/5387, time remaining: 8m 17s
Rendered 1171/5387, time remaining: 8m 18s
Rendered 1172/5387, time remaining: 8m 14s
Rendered 1173/5387, time remaining: 8m 14s
Rendered 1174/5387, time remaining: 8m 14s
Rendered 1175/5387, time remaining: 8m 20s
Rendered 1176/5387, time remaining: 8m 19s
Rendered 1177/5387, time remaining: 8m 22s
Rendered 1178/5387, time remaining: 8m 19s
Rendered 1179/5387, time remaining: 8m 19s
Rendered 1180/5387, time remaining: 8m 9s
Rendered 1181/5387, time remaining: 8m 9s
Rendered 1182/5387, time remaining: 8m 9s
Rendered 1183/5387, time remaining: 8m 10s
Rendered 1184/5387, time remaining: 8m 9s
Rendered 1185/5387, time remaining: 8m 21s
Rendered 1186/5387, time remaining: 8m 18s
Rendered 1187/5387, time remaining: 8m 18s
Rendered 1188/5387, time remaining: 8m 9s
Rendered 1189/5387, time remaining: 8m 8s
Rendered 1190/5387, time remaining: 8m 8s
Rendered 1191/5387, time remaining: 8m 7s
Rendered 1192/5387, time remaining: 8m 7s
Rendered 1193/5387, time remaining: 8m 18s
Rendered 1194/5387, time remaining: 8m 15s
Rendered 1195/5387, time remaining: 8m 17s
Rendered 1196/5387, time remaining: 8m 14s
Rendered 1197/5387, time remaining: 8m 13s
Rendered 1198/5387, time remaining: 8m 11s
Rendered 1199/5387, time remaining: 8m 8s
Rendered 1200/5387, time remaining: 8m 8s
Rendered 1201/5387, time remaining: 8m 8s
Rendered 1202/5387, time remaining: 8m 21s
Rendered 1203/5387, time remaining: 8m 20s
Rendered 1204/5387, time remaining: 8m 14s
Rendered 1205/5387, time remaining: 8m 11s
Rendered 1206/5387, time remaining: 8m 10s
Rendered 1207/5387, time remaining: 8m 7s
Rendered 1208/5387, time remaining: 8m 3s
Rendered 1209/5387, time remaining: 8m 2s
Rendered 1210/5387, time remaining: 8m 15s
Rendered 1211/5387, time remaining: 8m 13s
Rendered 1212/5387, time remaining: 8m 4s
Rendered 1213/5387, time remaining: 8m 4s
Rendered 1214/5387, time remaining: 8m 2s
Rendered 1215/5387, time remaining: 8m 1s
Rendered 1216/5387, time remaining: 8m 2s
Rendered 1217/5387, time remaining: 8m 1s
Rendered 1218/5387, time remaining: 8m 10s
Rendered 1219/5387, time remaining: 8m 11s
Rendered 1220/5387, time remaining: 7m 57s
Rendered 1221/5387, time remaining: 7m 58s
Rendered 1222/5387, time remaining: 7m 58s
Rendered 1223/5387, time remaining: 7m 59s
Rendered 1224/5387, time remaining: 8m 0s
Rendered 1225/5387, time remaining: 8m 0s
Rendered 1226/5387, time remaining: 8m 0s
Rendered 1227/5387, time remaining: 8m 10s
Rendered 1228/5387, time remaining: 7m 56s
Rendered 1229/5387, time remaining: 7m 56s
Rendered 1230/5387, time remaining: 7m 55s
Rendered 1231/5387, time remaining: 7m 55s
Rendered 1232/5387, time remaining: 7m 55s
Rendered 1233/5387, time remaining: 7m 55s
Rendered 1234/5387, time remaining: 7m 56s
Rendered 1235/5387, time remaining: 8m 0s
Rendered 1236/5387, time remaining: 7m 58s
Rendered 1237/5387, time remaining: 7m 53s
Rendered 1238/5387, time remaining: 7m 53s
Rendered 1239/5387, time remaining: 7m 53s
Rendered 1240/5387, time remaining: 7m 52s
Rendered 1241/5387, time remaining: 7m 54s
Rendered 1242/5387, time remaining: 8m 0s
Rendered 1243/5387, time remaining: 8m 3s
Rendered 1244/5387, time remaining: 7m 56s
Rendered 1245/5387, time remaining: 7m 51s
Rendered 1246/5387, time remaining: 7m 51s
Rendered 1247/5387, time remaining: 7m 50s
Rendered 1248/5387, time remaining: 7m 50s
Rendered 1249/5387, time remaining: 7m 50s
Rendered 1250/5387, time remaining: 7m 49s
Rendered 1251/5387, time remaining: 8m 0s
Rendered 1252/5387, time remaining: 7m 54s
Rendered 1253/5387, time remaining: 7m 49s
Rendered 1254/5387, time remaining: 7m 48s
Rendered 1255/5387, time remaining: 7m 47s
Rendered 1256/5387, time remaining: 7m 47s
Rendered 1257/5387, time remaining: 7m 47s
Rendered 1258/5387, time remaining: 7m 45s
Rendered 1259/5387, time remaining: 7m 57s
Rendered 1260/5387, time remaining: 7m 52s
Rendered 1261/5387, time remaining: 7m 48s
Rendered 1262/5387, time remaining: 7m 48s
Rendered 1263/5387, time remaining: 7m 47s
Rendered 1264/5387, time remaining: 7m 47s
Rendered 1265/5387, time remaining: 7m 44s
Rendered 1266/5387, time remaining: 7m 43s
Rendered 1267/5387, time remaining: 7m 55s
Rendered 1268/5387, time remaining: 7m 49s
Rendered 1269/5387, time remaining: 7m 49s
Rendered 1270/5387, time remaining: 7m 47s
Rendered 1271/5387, time remaining: 7m 47s
Rendered 1272/5387, time remaining: 7m 45s
Rendered 1273/5387, time remaining: 7m 43s
Rendered 1274/5387, time remaining: 7m 44s
Rendered 1275/5387, time remaining: 7m 53s
Rendered 1276/5387, time remaining: 7m 49s
Rendered 1277/5387, time remaining: 7m 46s
Rendered 1278/5387, time remaining: 7m 46s
Rendered 1279/5387, time remaining: 7m 46s
Rendered 1280/5387, time remaining: 7m 45s
Rendered 1281/5387, time remaining: 7m 44s
Rendered 1282/5387, time remaining: 7m 48s
Rendered 1283/5387, time remaining: 7m 54s
Rendered 1284/5387, time remaining: 7m 48s
Rendered 1285/5387, time remaining: 7m 45s
Rendered 1286/5387, time remaining: 7m 45s
Rendered 1287/5387, time remaining: 7m 44s
Rendered 1288/5387, time remaining: 7m 44s
Rendered 1289/5387, time remaining: 7m 48s
Rendered 1290/5387, time remaining: 7m 52s
Rendered 1291/5387, time remaining: 7m 52s
Rendered 1292/5387, time remaining: 7m 48s
Rendered 1293/5387, time remaining: 7m 40s
Rendered 1294/5387, time remaining: 7m 40s
Rendered 1295/5387, time remaining: 7m 40s
Rendered 1296/5387, time remaining: 7m 39s
Rendered 1297/5387, time remaining: 7m 44s
Rendered 1298/5387, time remaining: 7m 47s
Rendered 1299/5387, time remaining: 7m 49s
Rendered 1300/5387, time remaining: 7m 45s
Rendered 1301/5387, time remaining: 7m 38s
Rendered 1302/5387, time remaining: 7m 35s
Rendered 1303/5387, time remaining: 7m 35s
Rendered 1304/5387, time remaining: 7m 36s
Rendered 1305/5387, time remaining: 7m 47s
Rendered 1306/5387, time remaining: 7m 47s
Rendered 1307/5387, time remaining: 7m 46s
Rendered 1308/5387, time remaining: 7m 46s
Rendered 1309/5387, time remaining: 7m 32s
Rendered 1310/5387, time remaining: 7m 31s
Rendered 1311/5387, time remaining: 7m 30s
Rendered 1312/5387, time remaining: 7m 30s
Rendered 1313/5387, time remaining: 7m 39s
Rendered 1314/5387, time remaining: 7m 40s
Rendered 1315/5387, time remaining: 7m 42s
Rendered 1316/5387, time remaining: 7m 40s
Rendered 1317/5387, time remaining: 7m 33s
Rendered 1318/5387, time remaining: 7m 29s
Rendered 1319/5387, time remaining: 7m 27s
Rendered 1320/5387, time remaining: 7m 27s
Rendered 1321/5387, time remaining: 7m 38s
Rendered 1322/5387, time remaining: 7m 38s
Rendered 1323/5387, time remaining: 7m 38s
Rendered 1324/5387, time remaining: 7m 38s
Rendered 1325/5387, time remaining: 7m 29s
Rendered 1326/5387, time remaining: 7m 29s
Rendered 1327/5387, time remaining: 7m 25s
Rendered 1328/5387, time remaining: 7m 25s
Rendered 1329/5387, time remaining: 7m 35s
Rendered 1330/5387, time remaining: 7m 38s
Rendered 1331/5387, time remaining: 7m 38s
Rendered 1332/5387, time remaining: 7m 38s
Rendered 1333/5387, time remaining: 7m 36s
Rendered 1334/5387, time remaining: 7m 38s
Rendered 1335/5387, time remaining: 7m 26s
Rendered 1336/5387, time remaining: 7m 26s
Rendered 1337/5387, time remaining: 7m 35s
Rendered 1338/5387, time remaining: 7m 37s
Rendered 1339/5387, time remaining: 7m 38s
Rendered 1340/5387, time remaining: 7m 38s
Rendered 1341/5387, time remaining: 7m 36s
Rendered 1342/5387, time remaining: 7m 36s
Rendered 1343/5387, time remaining: 7m 24s
Rendered 1344/5387, time remaining: 7m 23s
Rendered 1345/5387, time remaining: 7m 31s
Rendered 1346/5387, time remaining: 7m 30s
Rendered 1347/5387, time remaining: 7m 32s
Rendered 1348/5387, time remaining: 7m 33s
Rendered 1349/5387, time remaining: 7m 36s
Rendered 1350/5387, time remaining: 7m 36s
Rendered 1351/5387, time remaining: 7m 35s
Rendered 1352/5387, time remaining: 7m 22s
Rendered 1353/5387, time remaining: 7m 30s
Rendered 1354/5387, time remaining: 7m 33s
Rendered 1355/5387, time remaining: 7m 34s
Rendered 1356/5387, time remaining: 7m 33s
Rendered 1357/5387, time remaining: 7m 34s
Rendered 1358/5387, time remaining: 7m 34s
Rendered 1359/5387, time remaining: 7m 34s
Rendered 1360/5387, time remaining: 7m 24s
Rendered 1361/5387, time remaining: 7m 30s
Rendered 1362/5387, time remaining: 7m 30s
Rendered 1363/5387, time remaining: 7m 32s
Rendered 1364/5387, time remaining: 7m 33s
Rendered 1365/5387, time remaining: 7m 33s
Rendered 1366/5387, time remaining: 7m 32s
Rendered 1367/5387, time remaining: 7m 34s
Rendered 1368/5387, time remaining: 7m 26s
Rendered 1369/5387, time remaining: 7m 29s
Rendered 1370/5387, time remaining: 7m 31s
Rendered 1371/5387, time remaining: 7m 30s
Rendered 1372/5387, time remaining: 7m 32s
Rendered 1373/5387, time remaining: 7m 30s
Rendered 1374/5387, time remaining: 7m 29s
Rendered 1375/5387, time remaining: 7m 30s
Rendered 1376/5387, time remaining: 7m 31s
Rendered 1377/5387, time remaining: 7m 29s
Rendered 1378/5387, time remaining: 7m 27s
Rendered 1379/5387, time remaining: 7m 28s
Rendered 1380/5387, time remaining: 7m 30s
Rendered 1381/5387, time remaining: 7m 30s
Rendered 1382/5387, time remaining: 7m 31s
Rendered 1383/5387, time remaining: 7m 32s
Rendered 1384/5387, time remaining: 7m 34s
Rendered 1385/5387, time remaining: 7m 32s
Rendered 1386/5387, time remaining: 7m 27s
Rendered 1387/5387, time remaining: 7m 27s
Rendered 1388/5387, time remaining: 7m 28s
Rendered 1389/5387, time remaining: 7m 28s
Rendered 1390/5387, time remaining: 7m 29s
Rendered 1391/5387, time remaining: 7m 34s
Rendered 1392/5387, time remaining: 7m 29s
Rendered 1393/5387, time remaining: 7m 24s
Rendered 1394/5387, time remaining: 7m 25s
Rendered 1395/5387, time remaining: 7m 24s
Rendered 1396/5387, time remaining: 7m 24s
Rendered 1397/5387, time remaining: 7m 24s
Rendered 1398/5387, time remaining: 7m 24s
Rendered 1399/5387, time remaining: 7m 35s
Rendered 1400/5387, time remaining: 7m 35s
Rendered 1401/5387, time remaining: 7m 23s
Rendered 1402/5387, time remaining: 7m 23s
Rendered 1403/5387, time remaining: 7m 23s
Rendered 1404/5387, time remaining: 7m 23s
Rendered 1405/5387, time remaining: 7m 23s
Rendered 1406/5387, time remaining: 7m 23s
Rendered 1407/5387, time remaining: 7m 34s
Rendered 1408/5387, time remaining: 7m 36s
Rendered 1409/5387, time remaining: 7m 23s
Rendered 1410/5387, time remaining: 7m 23s
Rendered 1411/5387, time remaining: 7m 24s
Rendered 1412/5387, time remaining: 7m 24s
Rendered 1413/5387, time remaining: 7m 24s
Rendered 1414/5387, time remaining: 7m 24s
Rendered 1415/5387, time remaining: 7m 26s
Rendered 1416/5387, time remaining: 7m 35s
Rendered 1417/5387, time remaining: 7m 23s
Rendered 1418/5387, time remaining: 7m 22s
Rendered 1419/5387, time remaining: 7m 23s
Rendered 1420/5387, time remaining: 7m 23s
Rendered 1421/5387, time remaining: 7m 23s
Rendered 1422/5387, time remaining: 7m 23s
Rendered 1423/5387, time remaining: 7m 29s
Rendered 1424/5387, time remaining: 7m 38s
Rendered 1425/5387, time remaining: 7m 27s
Rendered 1426/5387, time remaining: 7m 27s
Rendered 1427/5387, time remaining: 7m 27s
Rendered 1428/5387, time remaining: 7m 27s
Rendered 1429/5387, time remaining: 7m 27s
Rendered 1430/5387, time remaining: 7m 27s
Rendered 1431/5387, time remaining: 7m 27s
Rendered 1432/5387, time remaining: 7m 36s
Rendered 1433/5387, time remaining: 7m 28s
Rendered 1434/5387, time remaining: 7m 28s
Rendered 1435/5387, time remaining: 7m 28s
Rendered 1436/5387, time remaining: 7m 28s
Rendered 1437/5387, time remaining: 7m 28s
Rendered 1438/5387, time remaining: 7m 27s
Rendered 1439/5387, time remaining: 7m 22s
Rendered 1440/5387, time remaining: 7m 30s
Rendered 1441/5387, time remaining: 7m 29s
Rendered 1442/5387, time remaining: 7m 29s
Rendered 1443/5387, time remaining: 7m 29s
Rendered 1444/5387, time remaining: 7m 29s
Rendered 1445/5387, time remaining: 7m 29s
Rendered 1446/5387, time remaining: 7m 29s
Rendered 1447/5387, time remaining: 7m 24s
Rendered 1448/5387, time remaining: 7m 31s
Rendered 1449/5387, time remaining: 7m 28s
Rendered 1450/5387, time remaining: 7m 29s
Rendered 1451/5387, time remaining: 7m 29s
Rendered 1452/5387, time remaining: 7m 29s
Rendered 1453/5387, time remaining: 7m 30s
Rendered 1454/5387, time remaining: 7m 27s
Rendered 1455/5387, time remaining: 7m 18s
Rendered 1456/5387, time remaining: 7m 27s
Rendered 1457/5387, time remaining: 7m 28s
Rendered 1458/5387, time remaining: 7m 27s
Rendered 1459/5387, time remaining: 7m 27s
Rendered 1460/5387, time remaining: 7m 27s
Rendered 1461/5387, time remaining: 7m 28s
Rendered 1462/5387, time remaining: 7m 28s
Rendered 1463/5387, time remaining: 7m 20s
Rendered 1464/5387, time remaining: 7m 21s
Rendered 1465/5387, time remaining: 7m 22s
Rendered 1466/5387, time remaining: 7m 21s
Rendered 1467/5387, time remaining: 7m 29s
Rendered 1468/5387, time remaining: 7m 28s
Rendered 1469/5387, time remaining: 7m 30s
Rendered 1470/5387, time remaining: 7m 30s
Rendered 1471/5387, time remaining: 7m 17s
Rendered 1472/5387, time remaining: 7m 18s
Rendered 1473/5387, time remaining: 7m 19s
Rendered 1474/5387, time remaining: 7m 20s
Rendered 1475/5387, time remaining: 7m 29s
Rendered 1476/5387, time remaining: 7m 29s
Rendered 1477/5387, time remaining: 7m 29s
Rendered 1478/5387, time remaining: 7m 29s
Rendered 1479/5387, time remaining: 7m 20s
Rendered 1480/5387, time remaining: 7m 17s
Rendered 1481/5387, time remaining: 7m 19s
Rendered 1482/5387, time remaining: 7m 19s
Rendered 1483/5387, time remaining: 7m 27s
Rendered 1484/5387, time remaining: 7m 27s
Rendered 1485/5387, time remaining: 7m 27s
Rendered 1486/5387, time remaining: 7m 27s
Rendered 1487/5387, time remaining: 7m 18s
Rendered 1488/5387, time remaining: 7m 17s
Rendered 1489/5387, time remaining: 7m 17s
Rendered 1490/5387, time remaining: 7m 19s
Rendered 1491/5387, time remaining: 7m 24s
Rendered 1492/5387, time remaining: 7m 28s
Rendered 1493/5387, time remaining: 7m 28s
Rendered 1494/5387, time remaining: 7m 32s
Rendered 1495/5387, time remaining: 7m 20s
Rendered 1496/5387, time remaining: 7m 20s
Rendered 1497/5387, time remaining: 7m 22s
Rendered 1498/5387, time remaining: 7m 24s
Rendered 1499/5387, time remaining: 7m 24s
Rendered 1500/5387, time remaining: 7m 28s
Rendered 1501/5387, time remaining: 7m 28s
Rendered 1502/5387, time remaining: 7m 28s
Rendered 1503/5387, time remaining: 7m 22s
Rendered 1504/5387, time remaining: 7m 21s
Rendered 1505/5387, time remaining: 7m 24s
Rendered 1506/5387, time remaining: 7m 23s
Rendered 1507/5387, time remaining: 7m 23s
Rendered 1508/5387, time remaining: 7m 27s
Rendered 1509/5387, time remaining: 7m 27s
Rendered 1510/5387, time remaining: 7m 28s
Rendered 1511/5387, time remaining: 7m 20s
Rendered 1512/5387, time remaining: 7m 24s
Rendered 1513/5387, time remaining: 7m 24s
Rendered 1514/5387, time remaining: 7m 22s
Rendered 1515/5387, time remaining: 7m 23s
Rendered 1516/5387, time remaining: 7m 23s
Rendered 1517/5387, time remaining: 7m 22s
Rendered 1518/5387, time remaining: 7m 24s
Rendered 1519/5387, time remaining: 7m 18s
Rendered 1520/5387, time remaining: 7m 23s
Rendered 1521/5387, time remaining: 7m 25s
Rendered 1522/5387, time remaining: 7m 23s
Rendered 1523/5387, time remaining: 7m 23s
Rendered 1524/5387, time remaining: 7m 24s
Rendered 1525/5387, time remaining: 7m 24s
Rendered 1526/5387, time remaining: 7m 22s
Rendered 1527/5387, time remaining: 7m 15s
Rendered 1528/5387, time remaining: 7m 21s
Rendered 1529/5387, time remaining: 7m 19s
Rendered 1530/5387, time remaining: 7m 17s
Rendered 1531/5387, time remaining: 7m 20s
Rendered 1532/5387, time remaining: 7m 19s
Rendered 1533/5387, time remaining: 7m 18s
Rendered 1534/5387, time remaining: 7m 13s
Rendered 1535/5387, time remaining: 7m 16s
Rendered 1536/5387, time remaining: 7m 22s
Rendered 1537/5387, time remaining: 7m 24s
Rendered 1538/5387, time remaining: 7m 23s
Rendered 1539/5387, time remaining: 7m 25s
Rendered 1540/5387, time remaining: 7m 24s
Rendered 1541/5387, time remaining: 7m 17s
Rendered 1542/5387, time remaining: 7m 17s
Rendered 1543/5387, time remaining: 7m 19s
Rendered 1544/5387, time remaining: 7m 25s
Rendered 1545/5387, time remaining: 7m 26s
Rendered 1546/5387, time remaining: 7m 26s
Rendered 1547/5387, time remaining: 7m 26s
Rendered 1548/5387, time remaining: 7m 28s
Rendered 1549/5387, time remaining: 7m 16s
Rendered 1550/5387, time remaining: 7m 16s
Rendered 1551/5387, time remaining: 7m 17s
Rendered 1552/5387, time remaining: 7m 24s
Rendered 1553/5387, time remaining: 7m 25s
Rendered 1554/5387, time remaining: 7m 25s
Rendered 1555/5387, time remaining: 7m 27s
Rendered 1556/5387, time remaining: 7m 28s
Rendered 1557/5387, time remaining: 7m 18s
Rendered 1558/5387, time remaining: 7m 17s
Rendered 1559/5387, time remaining: 7m 17s
Rendered 1560/5387, time remaining: 7m 25s
Rendered 1561/5387, time remaining: 7m 26s
Rendered 1562/5387, time remaining: 7m 26s
Rendered 1563/5387, time remaining: 7m 27s
Rendered 1564/5387, time remaining: 7m 28s
Rendered 1565/5387, time remaining: 7m 26s
Rendered 1566/5387, time remaining: 7m 18s
Rendered 1567/5387, time remaining: 7m 18s
Rendered 1568/5387, time remaining: 7m 20s
Rendered 1569/5387, time remaining: 7m 23s
Rendered 1570/5387, time remaining: 7m 25s
Rendered 1571/5387, time remaining: 7m 28s
Rendered 1572/5387, time remaining: 7m 28s
Rendered 1573/5387, time remaining: 7m 22s
Rendered 1574/5387, time remaining: 7m 12s
Rendered 1575/5387, time remaining: 7m 12s
Rendered 1576/5387, time remaining: 7m 17s
Rendered 1577/5387, time remaining: 7m 24s
Rendered 1578/5387, time remaining: 7m 26s
Rendered 1579/5387, time remaining: 7m 28s
Rendered 1580/5387, time remaining: 7m 27s
Rendered 1581/5387, time remaining: 7m 27s
Rendered 1582/5387, time remaining: 7m 15s
Rendered 1583/5387, time remaining: 7m 17s
Rendered 1584/5387, time remaining: 7m 17s
Rendered 1585/5387, time remaining: 7m 19s
Rendered 1586/5387, time remaining: 7m 24s
Rendered 1587/5387, time remaining: 7m 24s
Rendered 1588/5387, time remaining: 7m 26s
Rendered 1589/5387, time remaining: 7m 26s
Rendered 1590/5387, time remaining: 7m 17s
Rendered 1591/5387, time remaining: 7m 18s
Rendered 1592/5387, time remaining: 7m 20s
Rendered 1593/5387, time remaining: 7m 20s
Rendered 1594/5387, time remaining: 7m 21s
Rendered 1595/5387, time remaining: 7m 24s
Rendered 1596/5387, time remaining: 7m 25s
Rendered 1597/5387, time remaining: 7m 23s
Rendered 1598/5387, time remaining: 7m 17s
Rendered 1599/5387, time remaining: 7m 17s
Rendered 1600/5387, time remaining: 7m 16s
Rendered 1601/5387, time remaining: 7m 17s
Rendered 1602/5387, time remaining: 7m 21s
Rendered 1603/5387, time remaining: 7m 24s
Rendered 1604/5387, time remaining: 7m 24s
Rendered 1605/5387, time remaining: 7m 21s
Rendered 1606/5387, time remaining: 7m 15s
Rendered 1607/5387, time remaining: 7m 19s
Rendered 1608/5387, time remaining: 7m 19s
Rendered 1609/5387, time remaining: 7m 18s
Rendered 1610/5387, time remaining: 7m 19s
Rendered 1611/5387, time remaining: 7m 21s
Rendered 1612/5387, time remaining: 7m 21s
Rendered 1613/5387, time remaining: 7m 20s
Rendered 1614/5387, time remaining: 7m 21s
Rendered 1615/5387, time remaining: 7m 22s
Rendered 1616/5387, time remaining: 7m 22s
Rendered 1617/5387, time remaining: 7m 18s
Rendered 1618/5387, time remaining: 7m 18s
Rendered 1619/5387, time remaining: 7m 18s
Rendered 1620/5387, time remaining: 7m 20s
Rendered 1621/5387, time remaining: 7m 20s
Rendered 1622/5387, time remaining: 7m 22s
Rendered 1623/5387, time remaining: 7m 20s
Rendered 1624/5387, time remaining: 7m 22s
Rendered 1625/5387, time remaining: 7m 16s
Rendered 1626/5387, time remaining: 7m 16s
Rendered 1627/5387, time remaining: 7m 20s
Rendered 1628/5387, time remaining: 7m 20s
Rendered 1629/5387, time remaining: 7m 20s
Rendered 1630/5387, time remaining: 7m 21s
Rendered 1631/5387, time remaining: 7m 19s
Rendered 1632/5387, time remaining: 7m 19s
Rendered 1633/5387, time remaining: 7m 13s
Rendered 1634/5387, time remaining: 7m 12s
Rendered 1635/5387, time remaining: 7m 19s
Rendered 1636/5387, time remaining: 7m 19s
Rendered 1637/5387, time remaining: 7m 18s
Rendered 1638/5387, time remaining: 7m 17s
Rendered 1639/5387, time remaining: 7m 19s
Rendered 1640/5387, time remaining: 7m 20s
Rendered 1641/5387, time remaining: 7m 16s
Rendered 1642/5387, time remaining: 7m 12s
Rendered 1643/5387, time remaining: 7m 16s
Rendered 1644/5387, time remaining: 7m 12s
Rendered 1645/5387, time remaining: 7m 14s
Rendered 1646/5387, time remaining: 7m 14s
Rendered 1647/5387, time remaining: 7m 12s
Rendered 1648/5387, time remaining: 7m 12s
Rendered 1649/5387, time remaining: 7m 14s
Rendered 1650/5387, time remaining: 7m 11s
Rendered 1651/5387, time remaining: 7m 14s
Rendered 1652/5387, time remaining: 7m 14s
Rendered 1653/5387, time remaining: 7m 13s
Rendered 1654/5387, time remaining: 7m 12s
Rendered 1655/5387, time remaining: 7m 11s
Rendered 1656/5387, time remaining: 7m 13s
Rendered 1657/5387, time remaining: 7m 13s
Rendered 1658/5387, time remaining: 7m 13s
Rendered 1659/5387, time remaining: 7m 14s
Rendered 1660/5387, time remaining: 7m 12s
Rendered 1661/5387, time remaining: 7m 13s
Rendered 1662/5387, time remaining: 7m 10s
Rendered 1663/5387, time remaining: 7m 10s
Rendered 1664/5387, time remaining: 7m 14s
Rendered 1665/5387, time remaining: 7m 13s
Rendered 1666/5387, time remaining: 7m 19s
Rendered 1667/5387, time remaining: 7m 18s
Rendered 1668/5387, time remaining: 7m 16s
Rendered 1669/5387, time remaining: 7m 18s
Rendered 1670/5387, time remaining: 7m 12s
Rendered 1671/5387, time remaining: 7m 10s
Rendered 1672/5387, time remaining: 7m 12s
Rendered 1673/5387, time remaining: 7m 13s
Rendered 1674/5387, time remaining: 7m 16s
Rendered 1675/5387, time remaining: 7m 17s
Rendered 1676/5387, time remaining: 7m 17s
Rendered 1677/5387, time remaining: 7m 22s
Rendered 1678/5387, time remaining: 7m 16s
Rendered 1679/5387, time remaining: 7m 18s
Rendered 1680/5387, time remaining: 7m 18s
Rendered 1681/5387, time remaining: 7m 18s
Rendered 1682/5387, time remaining: 7m 22s
Rendered 1683/5387, time remaining: 7m 23s
Rendered 1684/5387, time remaining: 7m 26s
Rendered 1685/5387, time remaining: 7m 23s
Rendered 1686/5387, time remaining: 7m 15s
Rendered 1687/5387, time remaining: 7m 14s
Rendered 1688/5387, time remaining: 7m 15s
Rendered 1689/5387, time remaining: 7m 16s
Rendered 1690/5387, time remaining: 7m 20s
Rendered 1691/5387, time remaining: 7m 20s
Rendered 1692/5387, time remaining: 7m 22s
Rendered 1693/5387, time remaining: 7m 21s
Rendered 1694/5387, time remaining: 7m 13s
Rendered 1695/5387, time remaining: 7m 13s
Rendered 1696/5387, time remaining: 7m 14s
Rendered 1697/5387, time remaining: 7m 16s
Rendered 1698/5387, time remaining: 7m 17s
Rendered 1699/5387, time remaining: 7m 17s
Rendered 1700/5387, time remaining: 7m 19s
Rendered 1701/5387, time remaining: 7m 18s
Rendered 1702/5387, time remaining: 7m 12s
Rendered 1703/5387, time remaining: 7m 11s
Rendered 1704/5387, time remaining: 7m 11s
Rendered 1705/5387, time remaining: 7m 12s
Rendered 1706/5387, time remaining: 7m 15s
Rendered 1707/5387, time remaining: 7m 16s
Rendered 1708/5387, time remaining: 7m 17s
Rendered 1709/5387, time remaining: 7m 17s
Rendered 1710/5387, time remaining: 7m 10s
Rendered 1711/5387, time remaining: 7m 8s
Rendered 1712/5387, time remaining: 7m 9s
Rendered 1713/5387, time remaining: 7m 10s
Rendered 1714/5387, time remaining: 7m 12s
Rendered 1715/5387, time remaining: 7m 16s
Rendered 1716/5387, time remaining: 7m 14s
Rendered 1717/5387, time remaining: 7m 16s
Rendered 1718/5387, time remaining: 7m 15s
Rendered 1719/5387, time remaining: 7m 10s
Rendered 1720/5387, time remaining: 7m 8s
Rendered 1721/5387, time remaining: 7m 6s
Rendered 1722/5387, time remaining: 7m 10s
Rendered 1723/5387, time remaining: 7m 13s
Rendered 1724/5387, time remaining: 7m 12s
Rendered 1725/5387, time remaining: 7m 17s
Rendered 1726/5387, time remaining: 7m 12s
Rendered 1727/5387, time remaining: 7m 5s
Rendered 1728/5387, time remaining: 7m 5s
Rendered 1729/5387, time remaining: 7m 3s
Rendered 1730/5387, time remaining: 7m 3s
Rendered 1731/5387, time remaining: 7m 3s
Rendered 1732/5387, time remaining: 7m 3s
Rendered 1733/5387, time remaining: 7m 11s
Rendered 1734/5387, time remaining: 7m 11s
Rendered 1735/5387, time remaining: 7m 8s
Rendered 1736/5387, time remaining: 7m 4s
Rendered 1737/5387, time remaining: 7m 4s
Rendered 1738/5387, time remaining: 7m 2s
Rendered 1739/5387, time remaining: 7m 1s
Rendered 1740/5387, time remaining: 7m 1s
Rendered 1741/5387, time remaining: 7m 7s
Rendered 1742/5387, time remaining: 7m 6s
Rendered 1743/5387, time remaining: 7m 6s
Rendered 1744/5387, time remaining: 7m 4s
Rendered 1745/5387, time remaining: 7m 2s
Rendered 1746/5387, time remaining: 7m 1s
Rendered 1747/5387, time remaining: 7m 2s
Rendered 1748/5387, time remaining: 7m 4s
Rendered 1749/5387, time remaining: 7m 5s
Rendered 1750/5387, time remaining: 7m 8s
Rendered 1751/5387, time remaining: 7m 8s
Rendered 1752/5387, time remaining: 7m 5s
Rendered 1753/5387, time remaining: 7m 1s
Rendered 1754/5387, time remaining: 7m 1s
Rendered 1755/5387, time remaining: 7m 1s
Rendered 1756/5387, time remaining: 6m 59s
Rendered 1757/5387, time remaining: 7m 1s
Rendered 1758/5387, time remaining: 7m 3s
Rendered 1759/5387, time remaining: 7m 3s
Rendered 1760/5387, time remaining: 7m 2s
Rendered 1761/5387, time remaining: 7m 1s
Rendered 1762/5387, time remaining: 7m 2s
Rendered 1763/5387, time remaining: 7m 4s
Rendered 1764/5387, time remaining: 7m 0s
Rendered 1765/5387, time remaining: 7m 0s
Rendered 1766/5387, time remaining: 7m 1s
Rendered 1767/5387, time remaining: 6m 58s
Rendered 1768/5387, time remaining: 7m 0s
Rendered 1769/5387, time remaining: 7m 3s
Rendered 1770/5387, time remaining: 7m 2s
Rendered 1771/5387, time remaining: 7m 2s
Rendered 1772/5387, time remaining: 7m 0s
Rendered 1773/5387, time remaining: 7m 1s
Rendered 1774/5387, time remaining: 6m 58s
Rendered 1775/5387, time remaining: 6m 56s
Rendered 1776/5387, time remaining: 6m 55s
Rendered 1777/5387, time remaining: 7m 0s
Rendered 1778/5387, time remaining: 6m 59s
Rendered 1779/5387, time remaining: 7m 1s
Rendered 1780/5387, time remaining: 7m 1s
Rendered 1781/5387, time remaining: 7m 0s
Rendered 1782/5387, time remaining: 7m 1s
Rendered 1783/5387, time remaining: 6m 58s
Rendered 1784/5387, time remaining: 6m 59s
Rendered 1785/5387, time remaining: 6m 58s
Rendered 1786/5387, time remaining: 6m 59s
Rendered 1787/5387, time remaining: 7m 0s
Rendered 1788/5387, time remaining: 7m 1s
Rendered 1789/5387, time remaining: 6m 59s
Rendered 1790/5387, time remaining: 7m 0s
Rendered 1791/5387, time remaining: 6m 57s
Rendered 1792/5387, time remaining: 6m 57s
Rendered 1793/5387, time remaining: 6m 55s
Rendered 1794/5387, time remaining: 6m 59s
Rendered 1795/5387, time remaining: 6m 57s
Rendered 1796/5387, time remaining: 6m 58s
Rendered 1797/5387, time remaining: 7m 0s
Rendered 1798/5387, time remaining: 6m 57s
Rendered 1799/5387, time remaining: 6m 57s
Rendered 1800/5387, time remaining: 6m 56s
Rendered 1801/5387, time remaining: 6m 53s
Rendered 1802/5387, time remaining: 6m 56s
Rendered 1803/5387, time remaining: 6m 56s
Rendered 1804/5387, time remaining: 6m 54s
Rendered 1805/5387, time remaining: 6m 56s
Rendered 1806/5387, time remaining: 6m 57s
Rendered 1807/5387, time remaining: 6m 56s
Rendered 1808/5387, time remaining: 6m 52s
Rendered 1809/5387, time remaining: 6m 51s
Rendered 1810/5387, time remaining: 6m 58s
Rendered 1811/5387, time remaining: 6m 57s
Rendered 1812/5387, time remaining: 6m 55s
Rendered 1813/5387, time remaining: 6m 56s
Rendered 1814/5387, time remaining: 6m 52s
Rendered 1815/5387, time remaining: 6m 53s
Rendered 1816/5387, time remaining: 6m 47s
Rendered 1817/5387, time remaining: 6m 47s
Rendered 1818/5387, time remaining: 6m 52s
Rendered 1819/5387, time remaining: 6m 52s
Rendered 1820/5387, time remaining: 6m 53s
Rendered 1821/5387, time remaining: 6m 53s
Rendered 1822/5387, time remaining: 6m 51s
Rendered 1823/5387, time remaining: 6m 52s
Rendered 1824/5387, time remaining: 6m 49s
Rendered 1825/5387, time remaining: 6m 46s
Rendered 1826/5387, time remaining: 6m 50s
Rendered 1827/5387, time remaining: 6m 45s
Rendered 1828/5387, time remaining: 6m 48s
Rendered 1829/5387, time remaining: 6m 46s
Rendered 1830/5387, time remaining: 6m 49s
Rendered 1831/5387, time remaining: 6m 48s
Rendered 1832/5387, time remaining: 6m 44s
Rendered 1833/5387, time remaining: 6m 43s
Rendered 1834/5387, time remaining: 6m 43s
Rendered 1835/5387, time remaining: 6m 45s
Rendered 1836/5387, time remaining: 6m 46s
Rendered 1837/5387, time remaining: 6m 46s
Rendered 1838/5387, time remaining: 6m 45s
Rendered 1839/5387, time remaining: 6m 44s
Rendered 1840/5387, time remaining: 6m 39s
Rendered 1841/5387, time remaining: 6m 40s
Rendered 1842/5387, time remaining: 6m 42s
Rendered 1843/5387, time remaining: 6m 43s
Rendered 1844/5387, time remaining: 6m 45s
Rendered 1845/5387, time remaining: 6m 45s
Rendered 1846/5387, time remaining: 6m 45s
Rendered 1847/5387, time remaining: 6m 41s
Rendered 1848/5387, time remaining: 6m 39s
Rendered 1849/5387, time remaining: 6m 41s
Rendered 1850/5387, time remaining: 6m 39s
Rendered 1851/5387, time remaining: 6m 42s
Rendered 1852/5387, time remaining: 6m 45s
Rendered 1853/5387, time remaining: 6m 45s
Rendered 1854/5387, time remaining: 6m 47s
Rendered 1855/5387, time remaining: 6m 43s
Rendered 1856/5387, time remaining: 6m 39s
Rendered 1857/5387, time remaining: 6m 39s
Rendered 1858/5387, time remaining: 6m 37s
Rendered 1859/5387, time remaining: 6m 41s
Rendered 1860/5387, time remaining: 6m 45s
Rendered 1861/5387, time remaining: 6m 45s
Rendered 1862/5387, time remaining: 6m 44s
Rendered 1863/5387, time remaining: 6m 41s
Rendered 1864/5387, time remaining: 6m 38s
Rendered 1865/5387, time remaining: 6m 34s
Rendered 1866/5387, time remaining: 6m 34s
Rendered 1867/5387, time remaining: 6m 39s
Rendered 1868/5387, time remaining: 6m 43s
Rendered 1869/5387, time remaining: 6m 43s
Rendered 1870/5387, time remaining: 6m 42s
Rendered 1871/5387, time remaining: 6m 41s
Rendered 1872/5387, time remaining: 6m 37s
Rendered 1873/5387, time remaining: 6m 34s
Rendered 1874/5387, time remaining: 6m 35s
Rendered 1875/5387, time remaining: 6m 30s
Rendered 1876/5387, time remaining: 6m 42s
Rendered 1877/5387, time remaining: 6m 42s
Rendered 1878/5387, time remaining: 6m 40s
Rendered 1879/5387, time remaining: 6m 39s
Rendered 1880/5387, time remaining: 6m 39s
Rendered 1881/5387, time remaining: 6m 39s
Rendered 1882/5387, time remaining: 6m 37s
Rendered 1883/5387, time remaining: 6m 28s
Rendered 1884/5387, time remaining: 6m 40s
Rendered 1885/5387, time remaining: 6m 39s
Rendered 1886/5387, time remaining: 6m 38s
Rendered 1887/5387, time remaining: 6m 38s
Rendered 1888/5387, time remaining: 6m 39s
Rendered 1889/5387, time remaining: 6m 38s
Rendered 1890/5387, time remaining: 6m 36s
Rendered 1891/5387, time remaining: 6m 28s
Rendered 1892/5387, time remaining: 6m 39s
Rendered 1893/5387, time remaining: 6m 39s
Rendered 1894/5387, time remaining: 6m 39s
Rendered 1895/5387, time remaining: 6m 38s
Rendered 1896/5387, time remaining: 6m 38s
Rendered 1897/5387, time remaining: 6m 37s
Rendered 1898/5387, time remaining: 6m 32s
Rendered 1899/5387, time remaining: 6m 31s
Rendered 1900/5387, time remaining: 6m 37s
Rendered 1901/5387, time remaining: 6m 36s
Rendered 1902/5387, time remaining: 6m 36s
Rendered 1903/5387, time remaining: 6m 36s
Rendered 1904/5387, time remaining: 6m 36s
Rendered 1905/5387, time remaining: 6m 36s
Rendered 1906/5387, time remaining: 6m 36s
Rendered 1907/5387, time remaining: 6m 30s
Rendered 1908/5387, time remaining: 6m 38s
Rendered 1909/5387, time remaining: 6m 38s
Rendered 1910/5387, time remaining: 6m 38s
Rendered 1911/5387, time remaining: 6m 36s
Rendered 1912/5387, time remaining: 6m 34s
Rendered 1913/5387, time remaining: 6m 33s
Rendered 1914/5387, time remaining: 6m 33s
Rendered 1915/5387, time remaining: 6m 29s
Rendered 1916/5387, time remaining: 6m 40s
Rendered 1917/5387, time remaining: 6m 39s
Rendered 1918/5387, time remaining: 6m 37s
Rendered 1919/5387, time remaining: 6m 32s
Rendered 1920/5387, time remaining: 6m 31s
Rendered 1921/5387, time remaining: 6m 31s
Rendered 1922/5387, time remaining: 6m 30s
Rendered 1923/5387, time remaining: 6m 29s
Rendered 1924/5387, time remaining: 6m 40s
Rendered 1925/5387, time remaining: 6m 39s
Rendered 1926/5387, time remaining: 6m 39s
Rendered 1927/5387, time remaining: 6m 30s
Rendered 1928/5387, time remaining: 6m 31s
Rendered 1929/5387, time remaining: 6m 29s
Rendered 1930/5387, time remaining: 6m 28s
Rendered 1931/5387, time remaining: 6m 28s
Rendered 1932/5387, time remaining: 6m 38s
Rendered 1933/5387, time remaining: 6m 38s
Rendered 1934/5387, time remaining: 6m 38s
Rendered 1935/5387, time remaining: 6m 31s
Rendered 1936/5387, time remaining: 6m 30s
Rendered 1937/5387, time remaining: 6m 29s
Rendered 1938/5387, time remaining: 6m 29s
Rendered 1939/5387, time remaining: 6m 28s
Rendered 1940/5387, time remaining: 6m 34s
Rendered 1941/5387, time remaining: 6m 36s
Rendered 1942/5387, time remaining: 6m 36s
Rendered 1943/5387, time remaining: 6m 33s
Rendered 1944/5387, time remaining: 6m 30s
Rendered 1945/5387, time remaining: 6m 30s
Rendered 1946/5387, time remaining: 6m 36s
Rendered 1947/5387, time remaining: 6m 33s
Rendered 1948/5387, time remaining: 6m 40s
Rendered 1949/5387, time remaining: 6m 36s
Rendered 1950/5387, time remaining: 6m 36s
Rendered 1951/5387, time remaining: 6m 37s
Rendered 1952/5387, time remaining: 6m 33s
Rendered 1953/5387, time remaining: 6m 35s
Rendered 1954/5387, time remaining: 6m 36s
Rendered 1955/5387, time remaining: 6m 37s
Rendered 1956/5387, time remaining: 6m 38s
Rendered 1957/5387, time remaining: 6m 38s
Rendered 1958/5387, time remaining: 6m 38s
Rendered 1959/5387, time remaining: 6m 39s
Rendered 1960/5387, time remaining: 6m 31s
Rendered 1961/5387, time remaining: 6m 31s
Rendered 1962/5387, time remaining: 6m 31s
Rendered 1963/5387, time remaining: 6m 32s
Rendered 1964/5387, time remaining: 6m 38s
Rendered 1965/5387, time remaining: 6m 38s
Rendered 1966/5387, time remaining: 6m 38s
Rendered 1967/5387, time remaining: 6m 39s
Rendered 1968/5387, time remaining: 6m 33s
Rendered 1969/5387, time remaining: 6m 31s
Rendered 1970/5387, time remaining: 6m 30s
Rendered 1971/5387, time remaining: 6m 34s
Rendered 1972/5387, time remaining: 6m 38s
Rendered 1973/5387, time remaining: 6m 37s
Rendered 1974/5387, time remaining: 6m 38s
Rendered 1975/5387, time remaining: 6m 38s
Rendered 1976/5387, time remaining: 6m 33s
Rendered 1977/5387, time remaining: 6m 33s
Rendered 1978/5387, time remaining: 6m 31s
Rendered 1979/5387, time remaining: 6m 32s
Rendered 1980/5387, time remaining: 6m 34s
Rendered 1981/5387, time remaining: 6m 36s
Rendered 1982/5387, time remaining: 6m 39s
Rendered 1983/5387, time remaining: 6m 39s
Rendered 1984/5387, time remaining: 6m 39s
Rendered 1985/5387, time remaining: 6m 36s
Rendered 1986/5387, time remaining: 6m 35s
Rendered 1987/5387, time remaining: 6m 38s
Rendered 1988/5387, time remaining: 6m 42s
Rendered 1989/5387, time remaining: 6m 43s
Rendered 1990/5387, time remaining: 6m 43s
Rendered 1991/5387, time remaining: 6m 44s
Rendered 1992/5387, time remaining: 6m 41s
Rendered 1993/5387, time remaining: 6m 38s
Rendered 1994/5387, time remaining: 6m 37s
Rendered 1995/5387, time remaining: 6m 40s
Rendered 1996/5387, time remaining: 6m 44s
Rendered 1997/5387, time remaining: 6m 45s
Rendered 1998/5387, time remaining: 6m 45s
Rendered 1999/5387, time remaining: 6m 42s
Rendered 2000/5387, time remaining: 6m 43s
Rendered 2001/5387, time remaining: 6m 40s
Rendered 2002/5387, time remaining: 6m 36s
Rendered 2003/5387, time remaining: 6m 36s
Rendered 2004/5387, time remaining: 6m 47s
Rendered 2005/5387, time remaining: 6m 47s
Rendered 2006/5387, time remaining: 6m 47s
Rendered 2007/5387, time remaining: 6m 45s
Rendered 2008/5387, time remaining: 6m 44s
Rendered 2009/5387, time remaining: 6m 40s
Rendered 2010/5387, time remaining: 6m 36s
Rendered 2011/5387, time remaining: 6m 36s
Rendered 2012/5387, time remaining: 6m 50s
Rendered 2013/5387, time remaining: 6m 51s
Rendered 2014/5387, time remaining: 6m 50s
Rendered 2015/5387, time remaining: 6m 51s
Rendered 2016/5387, time remaining: 6m 51s
Rendered 2017/5387, time remaining: 6m 45s
Rendered 2018/5387, time remaining: 6m 41s
Rendered 2019/5387, time remaining: 6m 43s
Rendered 2020/5387, time remaining: 6m 48s
Rendered 2021/5387, time remaining: 6m 49s
Rendered 2022/5387, time remaining: 6m 51s
Rendered 2023/5387, time remaining: 6m 51s
Rendered 2024/5387, time remaining: 6m 50s
Rendered 2025/5387, time remaining: 6m 52s
Rendered 2026/5387, time remaining: 6m 40s
Rendered 2027/5387, time remaining: 6m 40s
Rendered 2028/5387, time remaining: 6m 48s
Rendered 2029/5387, time remaining: 6m 49s
Rendered 2030/5387, time remaining: 6m 49s
Rendered 2031/5387, time remaining: 6m 50s
Rendered 2032/5387, time remaining: 6m 50s
Rendered 2033/5387, time remaining: 6m 50s
Rendered 2034/5387, time remaining: 6m 40s
Rendered 2035/5387, time remaining: 6m 42s
Rendered 2036/5387, time remaining: 6m 47s
Rendered 2037/5387, time remaining: 6m 47s
Rendered 2038/5387, time remaining: 6m 46s
Rendered 2039/5387, time remaining: 6m 49s
Rendered 2040/5387, time remaining: 6m 49s
Rendered 2041/5387, time remaining: 6m 48s
Rendered 2042/5387, time remaining: 6m 37s
Rendered 2043/5387, time remaining: 6m 37s
Rendered 2044/5387, time remaining: 6m 41s
Rendered 2045/5387, time remaining: 6m 44s
Rendered 2046/5387, time remaining: 6m 46s
Rendered 2047/5387, time remaining: 6m 47s
Rendered 2048/5387, time remaining: 6m 45s
Rendered 2049/5387, time remaining: 6m 44s
Rendered 2050/5387, time remaining: 6m 37s
Rendered 2051/5387, time remaining: 6m 38s
Rendered 2052/5387, time remaining: 6m 39s
Rendered 2053/5387, time remaining: 6m 43s
Rendered 2054/5387, time remaining: 6m 47s
Rendered 2055/5387, time remaining: 6m 49s
Rendered 2056/5387, time remaining: 6m 49s
Rendered 2057/5387, time remaining: 6m 49s
Rendered 2058/5387, time remaining: 6m 38s
Rendered 2059/5387, time remaining: 6m 38s
Rendered 2060/5387, time remaining: 6m 38s
Rendered 2061/5387, time remaining: 6m 38s
Rendered 2062/5387, time remaining: 6m 49s
Rendered 2063/5387, time remaining: 6m 49s
Rendered 2064/5387, time remaining: 6m 49s
Rendered 2065/5387, time remaining: 6m 49s
Rendered 2066/5387, time remaining: 6m 37s
Rendered 2067/5387, time remaining: 6m 37s
Rendered 2068/5387, time remaining: 6m 37s
Rendered 2069/5387, time remaining: 6m 38s
Rendered 2070/5387, time remaining: 6m 48s
Rendered 2071/5387, time remaining: 6m 48s
Rendered 2072/5387, time remaining: 6m 48s
Rendered 2073/5387, time remaining: 6m 47s
Rendered 2074/5387, time remaining: 6m 37s
Rendered 2075/5387, time remaining: 6m 36s
Rendered 2076/5387, time remaining: 6m 36s
Rendered 2077/5387, time remaining: 6m 36s
Rendered 2078/5387, time remaining: 6m 44s
Rendered 2079/5387, time remaining: 6m 47s
Rendered 2080/5387, time remaining: 6m 47s
Rendered 2081/5387, time remaining: 6m 46s
Rendered 2082/5387, time remaining: 6m 36s
Rendered 2083/5387, time remaining: 6m 36s
Rendered 2084/5387, time remaining: 6m 36s
Rendered 2085/5387, time remaining: 6m 36s
Rendered 2086/5387, time remaining: 6m 45s
Rendered 2087/5387, time remaining: 6m 47s
Rendered 2088/5387, time remaining: 6m 47s
Rendered 2089/5387, time remaining: 6m 47s
Rendered 2090/5387, time remaining: 6m 37s
Rendered 2091/5387, time remaining: 6m 35s
Rendered 2092/5387, time remaining: 6m 35s
Rendered 2093/5387, time remaining: 6m 37s
Rendered 2094/5387, time remaining: 6m 47s
Rendered 2095/5387, time remaining: 6m 47s
Rendered 2096/5387, time remaining: 6m 40s
Rendered 2097/5387, time remaining: 6m 40s
Rendered 2098/5387, time remaining: 6m 34s
Rendered 2099/5387, time remaining: 6m 34s
Rendered 2100/5387, time remaining: 6m 36s
Rendered 2101/5387, time remaining: 6m 35s
Rendered 2102/5387, time remaining: 6m 42s
Rendered 2103/5387, time remaining: 6m 41s
Rendered 2104/5387, time remaining: 6m 40s
Rendered 2105/5387, time remaining: 6m 35s
Rendered 2106/5387, time remaining: 6m 31s
Rendered 2107/5387, time remaining: 6m 31s
Rendered 2108/5387, time remaining: 6m 31s
Rendered 2109/5387, time remaining: 6m 30s
Rendered 2110/5387, time remaining: 6m 40s
Rendered 2111/5387, time remaining: 6m 40s
Rendered 2112/5387, time remaining: 6m 40s
Rendered 2113/5387, time remaining: 6m 37s
Rendered 2114/5387, time remaining: 6m 31s
Rendered 2115/5387, time remaining: 6m 29s
Rendered 2116/5387, time remaining: 6m 31s
Rendered 2117/5387, time remaining: 6m 30s
Rendered 2118/5387, time remaining: 6m 35s
Rendered 2119/5387, time remaining: 6m 34s
Rendered 2120/5387, time remaining: 6m 37s
Rendered 2121/5387, time remaining: 6m 34s
Rendered 2122/5387, time remaining: 6m 30s
Rendered 2123/5387, time remaining: 6m 29s
Rendered 2124/5387, time remaining: 6m 28s
Rendered 2125/5387, time remaining: 6m 31s
Rendered 2126/5387, time remaining: 6m 34s
Rendered 2127/5387, time remaining: 6m 33s
Rendered 2128/5387, time remaining: 6m 32s
Rendered 2129/5387, time remaining: 6m 34s
Rendered 2130/5387, time remaining: 6m 30s
Rendered 2131/5387, time remaining: 6m 27s
Rendered 2132/5387, time remaining: 6m 27s
Rendered 2133/5387, time remaining: 6m 26s
Rendered 2134/5387, time remaining: 6m 24s
Rendered 2135/5387, time remaining: 6m 24s
Rendered 2136/5387, time remaining: 6m 26s
Rendered 2137/5387, time remaining: 6m 25s
Rendered 2138/5387, time remaining: 6m 23s
Rendered 2139/5387, time remaining: 6m 23s
Rendered 2140/5387, time remaining: 6m 22s
Rendered 2141/5387, time remaining: 6m 20s
Rendered 2142/5387, time remaining: 6m 19s
Rendered 2143/5387, time remaining: 6m 21s
Rendered 2144/5387, time remaining: 6m 22s
Rendered 2145/5387, time remaining: 6m 21s
Rendered 2146/5387, time remaining: 6m 17s
Rendered 2147/5387, time remaining: 6m 17s
Rendered 2148/5387, time remaining: 6m 17s
Rendered 2149/5387, time remaining: 6m 19s
Rendered 2150/5387, time remaining: 6m 17s
Rendered 2151/5387, time remaining: 6m 20s
Rendered 2152/5387, time remaining: 6m 21s
Rendered 2153/5387, time remaining: 6m 22s
Rendered 2154/5387, time remaining: 6m 11s
Rendered 2155/5387, time remaining: 6m 12s
Rendered 2156/5387, time remaining: 6m 11s
Rendered 2157/5387, time remaining: 6m 16s
Rendered 2158/5387, time remaining: 6m 15s
Rendered 2159/5387, time remaining: 6m 19s
Rendered 2160/5387, time remaining: 6m 20s
Rendered 2161/5387, time remaining: 6m 19s
Rendered 2162/5387, time remaining: 6m 5s
Rendered 2163/5387, time remaining: 6m 8s
Rendered 2164/5387, time remaining: 6m 7s
Rendered 2165/5387, time remaining: 6m 9s
Rendered 2166/5387, time remaining: 6m 9s
Rendered 2167/5387, time remaining: 6m 10s
Rendered 2168/5387, time remaining: 6m 11s
Rendered 2169/5387, time remaining: 6m 9s
Rendered 2170/5387, time remaining: 6m 4s
Rendered 2171/5387, time remaining: 6m 4s
Rendered 2172/5387, time remaining: 6m 4s
Rendered 2173/5387, time remaining: 6m 10s
Rendered 2174/5387, time remaining: 6m 9s
Rendered 2175/5387, time remaining: 6m 9s
Rendered 2176/5387, time remaining: 6m 9s
Rendered 2177/5387, time remaining: 6m 9s
Rendered 2178/5387, time remaining: 6m 2s
Rendered 2179/5387, time remaining: 6m 1s
Rendered 2180/5387, time remaining: 6m 2s
Rendered 2181/5387, time remaining: 6m 7s
Rendered 2182/5387, time remaining: 6m 8s
Rendered 2183/5387, time remaining: 6m 8s
Rendered 2184/5387, time remaining: 6m 7s
Rendered 2185/5387, time remaining: 6m 6s
Rendered 2186/5387, time remaining: 6m 0s
Rendered 2187/5387, time remaining: 6m 0s
Rendered 2188/5387, time remaining: 6m 0s
Rendered 2189/5387, time remaining: 6m 4s
Rendered 2190/5387, time remaining: 6m 6s
Rendered 2191/5387, time remaining: 6m 9s
Rendered 2192/5387, time remaining: 6m 9s
Rendered 2193/5387, time remaining: 6m 10s
Rendered 2194/5387, time remaining: 6m 5s
Rendered 2195/5387, time remaining: 6m 2s
Rendered 2196/5387, time remaining: 6m 2s
Rendered 2197/5387, time remaining: 6m 6s
Rendered 2198/5387, time remaining: 6m 9s
Rendered 2199/5387, time remaining: 6m 12s
Rendered 2200/5387, time remaining: 6m 9s
Rendered 2201/5387, time remaining: 6m 9s
Rendered 2202/5387, time remaining: 6m 7s
Rendered 2203/5387, time remaining: 6m 4s
Rendered 2204/5387, time remaining: 6m 0s
Rendered 2205/5387, time remaining: 5m 59s
Rendered 2206/5387, time remaining: 6m 3s
Rendered 2207/5387, time remaining: 6m 8s
Rendered 2208/5387, time remaining: 6m 8s
Rendered 2209/5387, time remaining: 6m 8s
Rendered 2210/5387, time remaining: 6m 8s
Rendered 2211/5387, time remaining: 6m 8s
Rendered 2212/5387, time remaining: 5m 57s
Rendered 2213/5387, time remaining: 5m 59s
Rendered 2214/5387, time remaining: 6m 2s
Rendered 2215/5387, time remaining: 6m 5s
Rendered 2216/5387, time remaining: 6m 5s
Rendered 2217/5387, time remaining: 6m 5s
Rendered 2218/5387, time remaining: 6m 5s
Rendered 2219/5387, time remaining: 6m 6s
Rendered 2220/5387, time remaining: 5m 56s
Rendered 2221/5387, time remaining: 5m 57s
Rendered 2222/5387, time remaining: 6m 3s
Rendered 2223/5387, time remaining: 6m 5s
Rendered 2224/5387, time remaining: 6m 5s
Rendered 2225/5387, time remaining: 6m 5s
Rendered 2226/5387, time remaining: 6m 5s
Rendered 2227/5387, time remaining: 6m 5s
Rendered 2228/5387, time remaining: 5m 57s
Rendered 2229/5387, time remaining: 5m 56s
Rendered 2230/5387, time remaining: 6m 3s
Rendered 2231/5387, time remaining: 6m 3s
Rendered 2232/5387, time remaining: 6m 3s
Rendered 2233/5387, time remaining: 6m 4s
Rendered 2234/5387, time remaining: 6m 3s
Rendered 2235/5387, time remaining: 6m 3s
Rendered 2236/5387, time remaining: 5m 56s
Rendered 2237/5387, time remaining: 5m 53s
Rendered 2238/5387, time remaining: 5m 59s
Rendered 2239/5387, time remaining: 6m 0s
Rendered 2240/5387, time remaining: 6m 0s
Rendered 2241/5387, time remaining: 6m 0s
Rendered 2242/5387, time remaining: 6m 0s
Rendered 2243/5387, time remaining: 5m 58s
Rendered 2244/5387, time remaining: 5m 49s
Rendered 2245/5387, time remaining: 5m 53s
Rendered 2246/5387, time remaining: 5m 57s
Rendered 2247/5387, time remaining: 5m 57s
Rendered 2248/5387, time remaining: 5m 57s
Rendered 2249/5387, time remaining: 5m 57s
Rendered 2250/5387, time remaining: 5m 55s
Rendered 2251/5387, time remaining: 5m 55s
Rendered 2252/5387, time remaining: 5m 47s
Rendered 2253/5387, time remaining: 5m 55s
Rendered 2254/5387, time remaining: 5m 56s
Rendered 2255/5387, time remaining: 5m 58s
Rendered 2256/5387, time remaining: 5m 57s
Rendered 2257/5387, time remaining: 5m 56s
Rendered 2258/5387, time remaining: 5m 56s
Rendered 2259/5387, time remaining: 5m 58s
Rendered 2260/5387, time remaining: 5m 48s
Rendered 2261/5387, time remaining: 5m 50s
Rendered 2262/5387, time remaining: 5m 50s
Rendered 2263/5387, time remaining: 5m 57s
Rendered 2264/5387, time remaining: 5m 56s
Rendered 2265/5387, time remaining: 5m 55s
Rendered 2266/5387, time remaining: 5m 52s
Rendered 2267/5387, time remaining: 5m 58s
Rendered 2268/5387, time remaining: 5m 52s
Rendered 2269/5387, time remaining: 5m 53s
Rendered 2270/5387, time remaining: 5m 52s
Rendered 2271/5387, time remaining: 5m 51s
Rendered 2272/5387, time remaining: 5m 51s
Rendered 2273/5387, time remaining: 5m 52s
Rendered 2274/5387, time remaining: 5m 50s
Rendered 2275/5387, time remaining: 5m 57s
Rendered 2276/5387, time remaining: 5m 57s
Rendered 2277/5387, time remaining: 5m 58s
Rendered 2278/5387, time remaining: 5m 58s
Rendered 2279/5387, time remaining: 5m 55s
Rendered 2280/5387, time remaining: 5m 53s
Rendered 2281/5387, time remaining: 5m 51s
Rendered 2282/5387, time remaining: 5m 48s
Rendered 2283/5387, time remaining: 5m 57s
Rendered 2284/5387, time remaining: 5m 57s
Rendered 2285/5387, time remaining: 5m 54s
Rendered 2286/5387, time remaining: 5m 52s
Rendered 2287/5387, time remaining: 5m 49s
Rendered 2288/5387, time remaining: 5m 48s
Rendered 2289/5387, time remaining: 5m 45s
Rendered 2290/5387, time remaining: 5m 46s
Rendered 2291/5387, time remaining: 5m 56s
Rendered 2292/5387, time remaining: 5m 55s
Rendered 2293/5387, time remaining: 5m 52s
Rendered 2294/5387, time remaining: 5m 51s
Rendered 2295/5387, time remaining: 5m 48s
Rendered 2296/5387, time remaining: 5m 47s
Rendered 2297/5387, time remaining: 5m 45s
Rendered 2298/5387, time remaining: 5m 45s
Rendered 2299/5387, time remaining: 5m 51s
Rendered 2300/5387, time remaining: 5m 53s
Rendered 2301/5387, time remaining: 5m 51s
Rendered 2302/5387, time remaining: 5m 50s
Rendered 2303/5387, time remaining: 5m 49s
Rendered 2304/5387, time remaining: 5m 47s
Rendered 2305/5387, time remaining: 5m 46s
Rendered 2306/5387, time remaining: 5m 46s
Rendered 2307/5387, time remaining: 5m 47s
Rendered 2308/5387, time remaining: 5m 52s
Rendered 2309/5387, time remaining: 5m 47s
Rendered 2310/5387, time remaining: 5m 47s
Rendered 2311/5387, time remaining: 5m 47s
Rendered 2312/5387, time remaining: 5m 47s
Rendered 2313/5387, time remaining: 5m 44s
Rendered 2314/5387, time remaining: 5m 44s
Rendered 2315/5387, time remaining: 5m 49s
Rendered 2316/5387, time remaining: 5m 50s
Rendered 2317/5387, time remaining: 5m 49s
Rendered 2318/5387, time remaining: 5m 47s
Rendered 2319/5387, time remaining: 5m 47s
Rendered 2320/5387, time remaining: 5m 46s
Rendered 2321/5387, time remaining: 5m 46s
Rendered 2322/5387, time remaining: 5m 44s
Rendered 2323/5387, time remaining: 5m 43s
Rendered 2324/5387, time remaining: 5m 47s
Rendered 2325/5387, time remaining: 5m 46s
Rendered 2326/5387, time remaining: 5m 46s
Rendered 2327/5387, time remaining: 5m 46s
Rendered 2328/5387, time remaining: 5m 45s
Rendered 2329/5387, time remaining: 5m 45s
Rendered 2330/5387, time remaining: 5m 44s
Rendered 2331/5387, time remaining: 5m 46s
Rendered 2332/5387, time remaining: 5m 45s
Rendered 2333/5387, time remaining: 5m 45s
Rendered 2334/5387, time remaining: 5m 46s
Rendered 2335/5387, time remaining: 5m 45s
Rendered 2336/5387, time remaining: 5m 46s
Rendered 2337/5387, time remaining: 5m 46s
Rendered 2338/5387, time remaining: 5m 47s
Rendered 2339/5387, time remaining: 5m 44s
Rendered 2340/5387, time remaining: 5m 46s
Rendered 2341/5387, time remaining: 5m 43s
Rendered 2342/5387, time remaining: 5m 43s
Rendered 2343/5387, time remaining: 5m 43s
Rendered 2344/5387, time remaining: 5m 45s
Rendered 2345/5387, time remaining: 5m 45s
Rendered 2346/5387, time remaining: 5m 44s
Rendered 2347/5387, time remaining: 5m 45s
Rendered 2348/5387, time remaining: 5m 42s
Rendered 2349/5387, time remaining: 5m 39s
Rendered 2350/5387, time remaining: 5m 39s
Rendered 2351/5387, time remaining: 5m 40s
Rendered 2352/5387, time remaining: 5m 40s
Rendered 2353/5387, time remaining: 5m 41s
Rendered 2354/5387, time remaining: 5m 41s
Rendered 2355/5387, time remaining: 5m 46s
Rendered 2356/5387, time remaining: 5m 43s
Rendered 2357/5387, time remaining: 5m 38s
Rendered 2358/5387, time remaining: 5m 37s
Rendered 2359/5387, time remaining: 5m 37s
Rendered 2360/5387, time remaining: 5m 36s
Rendered 2361/5387, time remaining: 5m 36s
Rendered 2362/5387, time remaining: 5m 36s
Rendered 2363/5387, time remaining: 5m 41s
Rendered 2364/5387, time remaining: 5m 38s
Rendered 2365/5387, time remaining: 5m 38s
Rendered 2366/5387, time remaining: 5m 38s
Rendered 2367/5387, time remaining: 5m 38s
Rendered 2368/5387, time remaining: 5m 38s
Rendered 2369/5387, time remaining: 5m 36s
Rendered 2370/5387, time remaining: 5m 38s
Rendered 2371/5387, time remaining: 5m 41s
Rendered 2372/5387, time remaining: 5m 38s
Rendered 2373/5387, time remaining: 5m 36s
Rendered 2374/5387, time remaining: 5m 36s
Rendered 2375/5387, time remaining: 5m 38s
Rendered 2376/5387, time remaining: 5m 38s
Rendered 2377/5387, time remaining: 5m 37s
Rendered 2378/5387, time remaining: 5m 41s
Rendered 2379/5387, time remaining: 5m 42s
Rendered 2380/5387, time remaining: 5m 35s
Rendered 2381/5387, time remaining: 5m 35s
Rendered 2382/5387, time remaining: 5m 36s
Rendered 2383/5387, time remaining: 5m 34s
Rendered 2384/5387, time remaining: 5m 34s
Rendered 2385/5387, time remaining: 5m 34s
Rendered 2386/5387, time remaining: 5m 40s
Rendered 2387/5387, time remaining: 5m 42s
Rendered 2388/5387, time remaining: 5m 35s
Rendered 2389/5387, time remaining: 5m 34s
Rendered 2390/5387, time remaining: 5m 34s
Rendered 2391/5387, time remaining: 5m 34s
Rendered 2392/5387, time remaining: 5m 34s
Rendered 2393/5387, time remaining: 5m 34s
Rendered 2394/5387, time remaining: 5m 42s
Rendered 2395/5387, time remaining: 5m 37s
Rendered 2396/5387, time remaining: 5m 33s
Rendered 2397/5387, time remaining: 5m 34s
Rendered 2398/5387, time remaining: 5m 34s
Rendered 2399/5387, time remaining: 5m 33s
Rendered 2400/5387, time remaining: 5m 33s
Rendered 2401/5387, time remaining: 5m 34s
Rendered 2402/5387, time remaining: 5m 41s
Rendered 2403/5387, time remaining: 5m 32s
Rendered 2404/5387, time remaining: 5m 32s
Rendered 2405/5387, time remaining: 5m 29s
Rendered 2406/5387, time remaining: 5m 31s
Rendered 2407/5387, time remaining: 5m 32s
Rendered 2408/5387, time remaining: 5m 32s
Rendered 2409/5387, time remaining: 5m 33s
Rendered 2410/5387, time remaining: 5m 37s
Rendered 2411/5387, time remaining: 5m 36s
Rendered 2412/5387, time remaining: 5m 36s
Rendered 2413/5387, time remaining: 5m 29s
Rendered 2414/5387, time remaining: 5m 30s
Rendered 2415/5387, time remaining: 5m 31s
Rendered 2416/5387, time remaining: 5m 34s
Rendered 2417/5387, time remaining: 5m 32s
Rendered 2418/5387, time remaining: 5m 35s
Rendered 2419/5387, time remaining: 5m 33s
Rendered 2420/5387, time remaining: 5m 32s
Rendered 2421/5387, time remaining: 5m 32s
Rendered 2422/5387, time remaining: 5m 34s
Rendered 2423/5387, time remaining: 5m 32s
Rendered 2424/5387, time remaining: 5m 36s
Rendered 2425/5387, time remaining: 5m 29s
Rendered 2426/5387, time remaining: 5m 27s
Rendered 2427/5387, time remaining: 5m 26s
Rendered 2428/5387, time remaining: 5m 25s
Rendered 2429/5387, time remaining: 5m 26s
Rendered 2430/5387, time remaining: 5m 29s
Rendered 2431/5387, time remaining: 5m 30s
Rendered 2432/5387, time remaining: 5m 31s
Rendered 2433/5387, time remaining: 5m 29s
Rendered 2434/5387, time remaining: 5m 29s
Rendered 2435/5387, time remaining: 5m 30s
Rendered 2436/5387, time remaining: 5m 30s
Rendered 2437/5387, time remaining: 5m 30s
Rendered 2438/5387, time remaining: 5m 30s
Rendered 2439/5387, time remaining: 5m 30s
Rendered 2440/5387, time remaining: 5m 31s
Rendered 2441/5387, time remaining: 5m 29s
Rendered 2442/5387, time remaining: 5m 29s
Rendered 2443/5387, time remaining: 5m 29s
Rendered 2444/5387, time remaining: 5m 29s
Rendered 2445/5387, time remaining: 5m 29s
Rendered 2446/5387, time remaining: 5m 29s
Rendered 2447/5387, time remaining: 5m 29s
Rendered 2448/5387, time remaining: 5m 29s
Rendered 2449/5387, time remaining: 5m 31s
Rendered 2450/5387, time remaining: 5m 29s
Rendered 2451/5387, time remaining: 5m 28s
Rendered 2452/5387, time remaining: 5m 28s
Rendered 2453/5387, time remaining: 5m 27s
Rendered 2454/5387, time remaining: 5m 27s
Rendered 2455/5387, time remaining: 5m 27s
Rendered 2456/5387, time remaining: 5m 27s
Rendered 2457/5387, time remaining: 5m 30s
Rendered 2458/5387, time remaining: 5m 29s
Rendered 2459/5387, time remaining: 5m 29s
Rendered 2460/5387, time remaining: 5m 28s
Rendered 2461/5387, time remaining: 5m 28s
Rendered 2462/5387, time remaining: 5m 28s
Rendered 2463/5387, time remaining: 5m 31s
Rendered 2464/5387, time remaining: 5m 30s
Rendered 2465/5387, time remaining: 5m 28s
Rendered 2466/5387, time remaining: 5m 29s
Rendered 2467/5387, time remaining: 5m 28s
Rendered 2468/5387, time remaining: 5m 28s
Rendered 2469/5387, time remaining: 5m 29s
Rendered 2470/5387, time remaining: 5m 30s
Rendered 2471/5387, time remaining: 5m 31s
Rendered 2472/5387, time remaining: 5m 32s
Rendered 2473/5387, time remaining: 5m 29s
Rendered 2474/5387, time remaining: 5m 27s
Rendered 2475/5387, time remaining: 5m 28s
Rendered 2476/5387, time remaining: 5m 29s
Rendered 2477/5387, time remaining: 5m 29s
Rendered 2478/5387, time remaining: 5m 32s
Rendered 2479/5387, time remaining: 5m 31s
Rendered 2480/5387, time remaining: 5m 31s
Rendered 2481/5387, time remaining: 5m 26s
Rendered 2482/5387, time remaining: 5m 27s
Rendered 2483/5387, time remaining: 5m 27s
Rendered 2484/5387, time remaining: 5m 26s
Rendered 2485/5387, time remaining: 5m 29s
Rendered 2486/5387, time remaining: 5m 28s
Rendered 2487/5387, time remaining: 5m 32s
Rendered 2488/5387, time remaining: 5m 32s
Rendered 2489/5387, time remaining: 5m 30s
Rendered 2490/5387, time remaining: 5m 27s
Rendered 2491/5387, time remaining: 5m 27s
Rendered 2492/5387, time remaining: 5m 29s
Rendered 2493/5387, time remaining: 5m 29s
Rendered 2494/5387, time remaining: 5m 30s
Rendered 2495/5387, time remaining: 5m 33s
Rendered 2496/5387, time remaining: 5m 34s
Rendered 2497/5387, time remaining: 5m 29s
Rendered 2498/5387, time remaining: 5m 28s
Rendered 2499/5387, time remaining: 5m 29s
Rendered 2500/5387, time remaining: 5m 29s
Rendered 2501/5387, time remaining: 5m 28s
Rendered 2502/5387, time remaining: 5m 28s
Rendered 2503/5387, time remaining: 5m 34s
Rendered 2504/5387, time remaining: 5m 36s
Rendered 2505/5387, time remaining: 5m 30s
Rendered 2506/5387, time remaining: 5m 29s
Rendered 2507/5387, time remaining: 5m 29s
Rendered 2508/5387, time remaining: 5m 29s
Rendered 2509/5387, time remaining: 5m 29s
Rendered 2510/5387, time remaining: 5m 31s
Rendered 2511/5387, time remaining: 5m 37s
Rendered 2512/5387, time remaining: 5m 37s
Rendered 2513/5387, time remaining: 5m 31s
Rendered 2514/5387, time remaining: 5m 33s
Rendered 2515/5387, time remaining: 5m 29s
Rendered 2516/5387, time remaining: 5m 29s
Rendered 2517/5387, time remaining: 5m 29s
Rendered 2518/5387, time remaining: 5m 29s
Rendered 2519/5387, time remaining: 5m 33s
Rendered 2520/5387, time remaining: 5m 35s
Rendered 2521/5387, time remaining: 5m 31s
Rendered 2522/5387, time remaining: 5m 30s
Rendered 2523/5387, time remaining: 5m 29s
Rendered 2524/5387, time remaining: 5m 30s
Rendered 2525/5387, time remaining: 5m 28s
Rendered 2526/5387, time remaining: 5m 28s
Rendered 2527/5387, time remaining: 5m 28s
Rendered 2528/5387, time remaining: 5m 26s
Rendered 2529/5387, time remaining: 5m 26s
Rendered 2530/5387, time remaining: 5m 29s
Rendered 2531/5387, time remaining: 5m 29s
Rendered 2532/5387, time remaining: 5m 28s
Rendered 2533/5387, time remaining: 5m 29s
Rendered 2534/5387, time remaining: 5m 29s
Rendered 2535/5387, time remaining: 5m 30s
Rendered 2536/5387, time remaining: 5m 29s
Rendered 2537/5387, time remaining: 5m 28s
Rendered 2538/5387, time remaining: 5m 30s
Rendered 2539/5387, time remaining: 5m 30s
Rendered 2540/5387, time remaining: 5m 29s
Rendered 2541/5387, time remaining: 5m 29s
Rendered 2542/5387, time remaining: 5m 31s
Rendered 2543/5387, time remaining: 5m 32s
Rendered 2544/5387, time remaining: 5m 25s
Rendered 2545/5387, time remaining: 5m 27s
Rendered 2546/5387, time remaining: 5m 30s
Rendered 2547/5387, time remaining: 5m 30s
Rendered 2548/5387, time remaining: 5m 30s
Rendered 2549/5387, time remaining: 5m 29s
Rendered 2550/5387, time remaining: 5m 33s
Rendered 2551/5387, time remaining: 5m 31s
Rendered 2552/5387, time remaining: 5m 28s
Rendered 2553/5387, time remaining: 5m 29s
Rendered 2554/5387, time remaining: 5m 31s
Rendered 2555/5387, time remaining: 5m 32s
Rendered 2556/5387, time remaining: 5m 31s
Rendered 2557/5387, time remaining: 5m 31s
Rendered 2558/5387, time remaining: 5m 31s
Rendered 2559/5387, time remaining: 5m 30s
Rendered 2560/5387, time remaining: 5m 27s
Rendered 2561/5387, time remaining: 5m 27s
Rendered 2562/5387, time remaining: 5m 31s
Rendered 2563/5387, time remaining: 5m 31s
Rendered 2564/5387, time remaining: 5m 31s
Rendered 2565/5387, time remaining: 5m 31s
Rendered 2566/5387, time remaining: 5m 30s
Rendered 2567/5387, time remaining: 5m 27s
Rendered 2568/5387, time remaining: 5m 25s
Rendered 2569/5387, time remaining: 5m 27s
Rendered 2570/5387, time remaining: 5m 30s
Rendered 2571/5387, time remaining: 5m 34s
Rendered 2572/5387, time remaining: 5m 32s
Rendered 2573/5387, time remaining: 5m 32s
Rendered 2574/5387, time remaining: 5m 30s
Rendered 2575/5387, time remaining: 5m 27s
Rendered 2576/5387, time remaining: 5m 27s
Rendered 2577/5387, time remaining: 5m 29s
Rendered 2578/5387, time remaining: 5m 30s
Rendered 2579/5387, time remaining: 5m 35s
Rendered 2580/5387, time remaining: 5m 33s
Rendered 2581/5387, time remaining: 5m 33s
Rendered 2582/5387, time remaining: 5m 35s
Rendered 2583/5387, time remaining: 5m 28s
Rendered 2584/5387, time remaining: 5m 28s
Rendered 2585/5387, time remaining: 5m 29s
Rendered 2586/5387, time remaining: 5m 29s
Rendered 2587/5387, time remaining: 5m 29s
Rendered 2588/5387, time remaining: 5m 29s
Rendered 2589/5387, time remaining: 5m 31s
Rendered 2590/5387, time remaining: 5m 34s
Rendered 2591/5387, time remaining: 5m 28s
Rendered 2592/5387, time remaining: 5m 27s
Rendered 2593/5387, time remaining: 5m 28s
Rendered 2594/5387, time remaining: 5m 28s
Rendered 2595/5387, time remaining: 5m 28s
Rendered 2596/5387, time remaining: 5m 28s
Rendered 2597/5387, time remaining: 5m 29s
Rendered 2598/5387, time remaining: 5m 36s
Rendered 2599/5387, time remaining: 5m 27s
Rendered 2600/5387, time remaining: 5m 27s
Rendered 2601/5387, time remaining: 5m 27s
Rendered 2602/5387, time remaining: 5m 28s
Rendered 2603/5387, time remaining: 5m 28s
Rendered 2604/5387, time remaining: 5m 28s
Rendered 2605/5387, time remaining: 5m 29s
Rendered 2606/5387, time remaining: 5m 35s
Rendered 2607/5387, time remaining: 5m 29s
Rendered 2608/5387, time remaining: 5m 26s
Rendered 2609/5387, time remaining: 5m 26s
Rendered 2610/5387, time remaining: 5m 25s
Rendered 2611/5387, time remaining: 5m 26s
Rendered 2612/5387, time remaining: 5m 26s
Rendered 2613/5387, time remaining: 5m 24s
Rendered 2614/5387, time remaining: 5m 26s
Rendered 2615/5387, time remaining: 5m 26s
Rendered 2616/5387, time remaining: 5m 24s
Rendered 2617/5387, time remaining: 5m 25s
Rendered 2618/5387, time remaining: 5m 25s
Rendered 2619/5387, time remaining: 5m 23s
Rendered 2620/5387, time remaining: 5m 24s
Rendered 2621/5387, time remaining: 5m 22s
Rendered 2622/5387, time remaining: 5m 23s
Rendered 2623/5387, time remaining: 5m 25s
Rendered 2624/5387, time remaining: 5m 25s
Rendered 2625/5387, time remaining: 5m 24s
Rendered 2626/5387, time remaining: 5m 23s
Rendered 2627/5387, time remaining: 5m 22s
Rendered 2628/5387, time remaining: 5m 21s
Rendered 2629/5387, time remaining: 5m 21s
Rendered 2630/5387, time remaining: 5m 25s
Rendered 2631/5387, time remaining: 5m 23s
Rendered 2632/5387, time remaining: 5m 24s
Rendered 2633/5387, time remaining: 5m 24s
Rendered 2634/5387, time remaining: 5m 24s
Rendered 2635/5387, time remaining: 5m 20s
Rendered 2636/5387, time remaining: 5m 21s
Rendered 2637/5387, time remaining: 5m 17s
Rendered 2638/5387, time remaining: 5m 21s
Rendered 2639/5387, time remaining: 5m 22s
Rendered 2640/5387, time remaining: 5m 22s
Rendered 2641/5387, time remaining: 5m 22s
Rendered 2642/5387, time remaining: 5m 21s
Rendered 2643/5387, time remaining: 5m 20s
Rendered 2644/5387, time remaining: 5m 17s
Rendered 2645/5387, time remaining: 5m 14s
Rendered 2646/5387, time remaining: 5m 14s
Rendered 2647/5387, time remaining: 5m 18s
Rendered 2648/5387, time remaining: 5m 18s
Rendered 2649/5387, time remaining: 5m 20s
Rendered 2650/5387, time remaining: 5m 20s
Rendered 2651/5387, time remaining: 5m 19s
Rendered 2652/5387, time remaining: 5m 20s
Rendered 2653/5387, time remaining: 5m 12s
Rendered 2654/5387, time remaining: 5m 10s
Rendered 2655/5387, time remaining: 5m 12s
Rendered 2656/5387, time remaining: 5m 17s
Rendered 2657/5387, time remaining: 5m 17s
Rendered 2658/5387, time remaining: 5m 17s
Rendered 2659/5387, time remaining: 5m 17s
Rendered 2660/5387, time remaining: 5m 16s
Rendered 2661/5387, time remaining: 5m 10s
Rendered 2662/5387, time remaining: 5m 10s
Rendered 2663/5387, time remaining: 5m 10s
Rendered 2664/5387, time remaining: 5m 13s
Rendered 2665/5387, time remaining: 5m 16s
Rendered 2666/5387, time remaining: 5m 16s
Rendered 2667/5387, time remaining: 5m 16s
Rendered 2668/5387, time remaining: 5m 15s
Rendered 2669/5387, time remaining: 5m 12s
Rendered 2670/5387, time remaining: 5m 8s
Rendered 2671/5387, time remaining: 5m 7s
Rendered 2672/5387, time remaining: 5m 10s
Rendered 2673/5387, time remaining: 5m 15s
Rendered 2674/5387, time remaining: 5m 14s
Rendered 2675/5387, time remaining: 5m 14s
Rendered 2676/5387, time remaining: 5m 14s
Rendered 2677/5387, time remaining: 5m 14s
Rendered 2678/5387, time remaining: 5m 11s
Rendered 2679/5387, time remaining: 5m 10s
Rendered 2680/5387, time remaining: 5m 7s
Rendered 2681/5387, time remaining: 5m 14s
Rendered 2682/5387, time remaining: 5m 15s
Rendered 2683/5387, time remaining: 5m 14s
Rendered 2684/5387, time remaining: 5m 13s
Rendered 2685/5387, time remaining: 5m 13s
Rendered 2686/5387, time remaining: 5m 7s
Rendered 2687/5387, time remaining: 5m 5s
Rendered 2688/5387, time remaining: 5m 3s
Rendered 2689/5387, time remaining: 5m 13s
Rendered 2690/5387, time remaining: 5m 12s
Rendered 2691/5387, time remaining: 5m 12s
Rendered 2692/5387, time remaining: 5m 10s
Rendered 2693/5387, time remaining: 5m 9s
Rendered 2694/5387, time remaining: 5m 8s
Rendered 2695/5387, time remaining: 5m 5s
Rendered 2696/5387, time remaining: 5m 2s
Rendered 2697/5387, time remaining: 5m 9s
Rendered 2698/5387, time remaining: 5m 11s
Rendered 2699/5387, time remaining: 5m 12s
Rendered 2700/5387, time remaining: 5m 9s
Rendered 2701/5387, time remaining: 5m 8s
Rendered 2702/5387, time remaining: 5m 5s
Rendered 2703/5387, time remaining: 5m 4s
Rendered 2704/5387, time remaining: 5m 3s
Rendered 2705/5387, time remaining: 5m 5s
Rendered 2706/5387, time remaining: 5m 8s
Rendered 2707/5387, time remaining: 5m 8s
Rendered 2708/5387, time remaining: 5m 7s
Rendered 2709/5387, time remaining: 5m 5s
Rendered 2710/5387, time remaining: 5m 4s
Rendered 2711/5387, time remaining: 5m 4s
Rendered 2712/5387, time remaining: 5m 4s
Rendered 2713/5387, time remaining: 5m 6s
Rendered 2714/5387, time remaining: 5m 7s
Rendered 2715/5387, time remaining: 5m 7s
Rendered 2716/5387, time remaining: 5m 5s
Rendered 2717/5387, time remaining: 5m 5s
Rendered 2718/5387, time remaining: 5m 5s
Rendered 2719/5387, time remaining: 5m 3s
Rendered 2720/5387, time remaining: 5m 4s
Rendered 2721/5387, time remaining: 5m 5s
Rendered 2722/5387, time remaining: 5m 5s
Rendered 2723/5387, time remaining: 5m 5s
Rendered 2724/5387, time remaining: 5m 5s
Rendered 2725/5387, time remaining: 5m 5s
Rendered 2726/5387, time remaining: 5m 5s
Rendered 2727/5387, time remaining: 5m 2s
Rendered 2728/5387, time remaining: 5m 5s
Rendered 2729/5387, time remaining: 5m 6s
Rendered 2730/5387, time remaining: 5m 5s
Rendered 2731/5387, time remaining: 5m 5s
Rendered 2732/5387, time remaining: 5m 3s
Rendered 2733/5387, time remaining: 5m 3s
Rendered 2734/5387, time remaining: 5m 3s
Rendered 2735/5387, time remaining: 5m 2s
Rendered 2736/5387, time remaining: 5m 6s
Rendered 2737/5387, time remaining: 5m 8s
Rendered 2738/5387, time remaining: 5m 8s
Rendered 2739/5387, time remaining: 5m 6s
Rendered 2740/5387, time remaining: 5m 3s
Rendered 2741/5387, time remaining: 5m 2s
Rendered 2742/5387, time remaining: 5m 2s
Rendered 2743/5387, time remaining: 5m 4s
Rendered 2744/5387, time remaining: 5m 7s
Rendered 2745/5387, time remaining: 5m 6s
Rendered 2746/5387, time remaining: 5m 6s
Rendered 2747/5387, time remaining: 5m 6s
Rendered 2748/5387, time remaining: 5m 0s
Rendered 2749/5387, time remaining: 5m 0s
Rendered 2750/5387, time remaining: 5m 1s
Rendered 2751/5387, time remaining: 5m 3s
Rendered 2752/5387, time remaining: 5m 5s
Rendered 2753/5387, time remaining: 5m 6s
Rendered 2754/5387, time remaining: 5m 6s
Rendered 2755/5387, time remaining: 5m 4s
Rendered 2756/5387, time remaining: 5m 1s
Rendered 2757/5387, time remaining: 4m 59s
Rendered 2758/5387, time remaining: 4m 59s
Rendered 2759/5387, time remaining: 5m 0s
Rendered 2760/5387, time remaining: 5m 3s
Rendered 2761/5387, time remaining: 5m 4s
Rendered 2762/5387, time remaining: 5m 5s
Rendered 2763/5387, time remaining: 5m 5s
Rendered 2764/5387, time remaining: 5m 3s
Rendered 2765/5387, time remaining: 4m 57s
Rendered 2766/5387, time remaining: 4m 57s
Rendered 2767/5387, time remaining: 4m 58s
Rendered 2768/5387, time remaining: 5m 6s
Rendered 2769/5387, time remaining: 5m 6s
Rendered 2770/5387, time remaining: 5m 5s
Rendered 2771/5387, time remaining: 5m 5s
Rendered 2772/5387, time remaining: 5m 3s
Rendered 2773/5387, time remaining: 4m 59s
Rendered 2774/5387, time remaining: 4m 57s
Rendered 2775/5387, time remaining: 4m 57s
Rendered 2776/5387, time remaining: 5m 3s
Rendered 2777/5387, time remaining: 5m 5s
Rendered 2778/5387, time remaining: 5m 4s
Rendered 2779/5387, time remaining: 5m 5s
Rendered 2780/5387, time remaining: 5m 1s
Rendered 2781/5387, time remaining: 5m 0s
Rendered 2782/5387, time remaining: 4m 59s
Rendered 2783/5387, time remaining: 4m 59s
Rendered 2784/5387, time remaining: 4m 59s
Rendered 2785/5387, time remaining: 5m 4s
Rendered 2786/5387, time remaining: 5m 3s
Rendered 2787/5387, time remaining: 5m 4s
Rendered 2788/5387, time remaining: 5m 0s
Rendered 2789/5387, time remaining: 4m 57s
Rendered 2790/5387, time remaining: 4m 57s
Rendered 2791/5387, time remaining: 4m 59s
Rendered 2792/5387, time remaining: 5m 0s
Rendered 2793/5387, time remaining: 5m 1s
Rendered 2794/5387, time remaining: 5m 1s
Rendered 2795/5387, time remaining: 5m 1s
Rendered 2796/5387, time remaining: 5m 2s
Rendered 2797/5387, time remaining: 4m 59s
Rendered 2798/5387, time remaining: 5m 1s
Rendered 2799/5387, time remaining: 4m 59s
Rendered 2800/5387, time remaining: 4m 59s
Rendered 2801/5387, time remaining: 5m 0s
Rendered 2802/5387, time remaining: 4m 59s
Rendered 2803/5387, time remaining: 5m 0s
Rendered 2804/5387, time remaining: 5m 1s
Rendered 2805/5387, time remaining: 4m 59s
Rendered 2806/5387, time remaining: 4m 59s
Rendered 2807/5387, time remaining: 4m 59s
Rendered 2808/5387, time remaining: 4m 58s
Rendered 2809/5387, time remaining: 5m 0s
Rendered 2810/5387, time remaining: 4m 58s
Rendered 2811/5387, time remaining: 4m 58s
Rendered 2812/5387, time remaining: 4m 59s
Rendered 2813/5387, time remaining: 4m 59s
Rendered 2814/5387, time remaining: 5m 1s
Rendered 2815/5387, time remaining: 4m 58s
Rendered 2816/5387, time remaining: 4m 57s
Rendered 2817/5387, time remaining: 4m 58s
Rendered 2818/5387, time remaining: 4m 58s
Rendered 2819/5387, time remaining: 4m 58s
Rendered 2820/5387, time remaining: 5m 0s
Rendered 2821/5387, time remaining: 5m 0s
Rendered 2822/5387, time remaining: 5m 1s
Rendered 2823/5387, time remaining: 4m 58s
Rendered 2824/5387, time remaining: 4m 57s
Rendered 2825/5387, time remaining: 4m 58s
Rendered 2826/5387, time remaining: 4m 58s
Rendered 2827/5387, time remaining: 4m 58s
Rendered 2828/5387, time remaining: 4m 58s
Rendered 2829/5387, time remaining: 4m 58s
Rendered 2830/5387, time remaining: 4m 59s
Rendered 2831/5387, time remaining: 4m 55s
Rendered 2832/5387, time remaining: 4m 56s
Rendered 2833/5387, time remaining: 4m 56s
Rendered 2834/5387, time remaining: 4m 57s
Rendered 2835/5387, time remaining: 4m 57s
Rendered 2836/5387, time remaining: 4m 58s
Rendered 2837/5387, time remaining: 4m 57s
Rendered 2838/5387, time remaining: 4m 58s
Rendered 2839/5387, time remaining: 4m 50s
Rendered 2840/5387, time remaining: 4m 54s
Rendered 2841/5387, time remaining: 4m 54s
Rendered 2842/5387, time remaining: 4m 57s
Rendered 2843/5387, time remaining: 4m 57s
Rendered 2844/5387, time remaining: 4m 58s
Rendered 2845/5387, time remaining: 4m 58s
Rendered 2846/5387, time remaining: 4m 59s
Rendered 2847/5387, time remaining: 4m 53s
Rendered 2848/5387, time remaining: 4m 51s
Rendered 2849/5387, time remaining: 4m 54s
Rendered 2850/5387, time remaining: 4m 55s
Rendered 2851/5387, time remaining: 4m 56s
Rendered 2852/5387, time remaining: 4m 57s
Rendered 2853/5387, time remaining: 4m 56s
Rendered 2854/5387, time remaining: 4m 55s
Rendered 2855/5387, time remaining: 4m 54s
Rendered 2856/5387, time remaining: 4m 51s
Rendered 2857/5387, time remaining: 4m 54s
Rendered 2858/5387, time remaining: 4m 56s
Rendered 2859/5387, time remaining: 4m 57s
Rendered 2860/5387, time remaining: 4m 57s
Rendered 2861/5387, time remaining: 4m 57s
Rendered 2862/5387, time remaining: 4m 53s
Rendered 2863/5387, time remaining: 4m 50s
Rendered 2864/5387, time remaining: 4m 48s
Rendered 2865/5387, time remaining: 4m 53s
Rendered 2866/5387, time remaining: 4m 56s
Rendered 2867/5387, time remaining: 4m 56s
Rendered 2868/5387, time remaining: 4m 56s
Rendered 2869/5387, time remaining: 4m 56s
Rendered 2870/5387, time remaining: 4m 52s
Rendered 2871/5387, time remaining: 4m 46s
Rendered 2872/5387, time remaining: 4m 47s
Rendered 2873/5387, time remaining: 4m 50s
Rendered 2874/5387, time remaining: 4m 52s
Rendered 2875/5387, time remaining: 4m 53s
Rendered 2876/5387, time remaining: 4m 53s
Rendered 2877/5387, time remaining: 4m 52s
Rendered 2878/5387, time remaining: 4m 49s
Rendered 2879/5387, time remaining: 4m 43s
Rendered 2880/5387, time remaining: 4m 48s
Rendered 2881/5387, time remaining: 4m 49s
Rendered 2882/5387, time remaining: 4m 51s
Rendered 2883/5387, time remaining: 4m 51s
Rendered 2884/5387, time remaining: 4m 51s
Rendered 2885/5387, time remaining: 4m 49s
Rendered 2886/5387, time remaining: 4m 46s
Rendered 2887/5387, time remaining: 4m 43s
Rendered 2888/5387, time remaining: 4m 45s
Rendered 2889/5387, time remaining: 4m 44s
Rendered 2890/5387, time remaining: 4m 49s
Rendered 2891/5387, time remaining: 4m 50s
Rendered 2892/5387, time remaining: 4m 48s
Rendered 2893/5387, time remaining: 4m 47s
Rendered 2894/5387, time remaining: 4m 43s
Rendered 2895/5387, time remaining: 4m 45s
Rendered 2896/5387, time remaining: 4m 46s
Rendered 2897/5387, time remaining: 4m 46s
Rendered 2898/5387, time remaining: 4m 49s
Rendered 2899/5387, time remaining: 4m 50s
Rendered 2900/5387, time remaining: 4m 49s
Rendered 2901/5387, time remaining: 4m 47s
Rendered 2902/5387, time remaining: 4m 45s
Rendered 2903/5387, time remaining: 4m 43s
Rendered 2904/5387, time remaining: 4m 43s
Rendered 2905/5387, time remaining: 4m 42s
Rendered 2906/5387, time remaining: 4m 43s
Rendered 2907/5387, time remaining: 4m 47s
Rendered 2908/5387, time remaining: 4m 47s
Rendered 2909/5387, time remaining: 4m 47s
Rendered 2910/5387, time remaining: 4m 44s
Rendered 2911/5387, time remaining: 4m 43s
Rendered 2912/5387, time remaining: 4m 41s
Rendered 2913/5387, time remaining: 4m 44s
Rendered 2914/5387, time remaining: 4m 48s
Rendered 2915/5387, time remaining: 4m 48s
Rendered 2916/5387, time remaining: 4m 48s
Rendered 2917/5387, time remaining: 4m 48s
Rendered 2918/5387, time remaining: 4m 40s
Rendered 2919/5387, time remaining: 4m 40s
Rendered 2920/5387, time remaining: 4m 39s
Rendered 2921/5387, time remaining: 4m 39s
Rendered 2922/5387, time remaining: 4m 44s
Rendered 2923/5387, time remaining: 4m 47s
Rendered 2924/5387, time remaining: 4m 46s
Rendered 2925/5387, time remaining: 4m 45s
Rendered 2926/5387, time remaining: 4m 41s
Rendered 2927/5387, time remaining: 4m 38s
Rendered 2928/5387, time remaining: 4m 38s
Rendered 2929/5387, time remaining: 4m 38s
Rendered 2930/5387, time remaining: 4m 41s
Rendered 2931/5387, time remaining: 4m 43s
Rendered 2932/5387, time remaining: 4m 42s
Rendered 2933/5387, time remaining: 4m 42s
Rendered 2934/5387, time remaining: 4m 42s
Rendered 2935/5387, time remaining: 4m 38s
Rendered 2936/5387, time remaining: 4m 38s
Rendered 2937/5387, time remaining: 4m 38s
Rendered 2938/5387, time remaining: 4m 40s
Rendered 2939/5387, time remaining: 4m 40s
Rendered 2940/5387, time remaining: 4m 39s
Rendered 2941/5387, time remaining: 4m 41s
Rendered 2942/5387, time remaining: 4m 40s
Rendered 2943/5387, time remaining: 4m 39s
Rendered 2944/5387, time remaining: 4m 39s
Rendered 2945/5387, time remaining: 4m 39s
Rendered 2946/5387, time remaining: 4m 40s
Rendered 2947/5387, time remaining: 4m 40s
Rendered 2948/5387, time remaining: 4m 37s
Rendered 2949/5387, time remaining: 4m 38s
Rendered 2950/5387, time remaining: 4m 38s
Rendered 2951/5387, time remaining: 4m 37s
Rendered 2952/5387, time remaining: 4m 38s
Rendered 2953/5387, time remaining: 4m 38s
Rendered 2954/5387, time remaining: 4m 37s
Rendered 2955/5387, time remaining: 4m 40s
Rendered 2956/5387, time remaining: 4m 36s
Rendered 2957/5387, time remaining: 4m 37s
Rendered 2958/5387, time remaining: 4m 37s
Rendered 2959/5387, time remaining: 4m 37s
Rendered 2960/5387, time remaining: 4m 38s
Rendered 2961/5387, time remaining: 4m 38s
Rendered 2962/5387, time remaining: 4m 38s
Rendered 2963/5387, time remaining: 4m 38s
Rendered 2964/5387, time remaining: 4m 34s
Rendered 2965/5387, time remaining: 4m 34s
Rendered 2966/5387, time remaining: 4m 35s
Rendered 2967/5387, time remaining: 4m 37s
Rendered 2968/5387, time remaining: 4m 36s
Rendered 2969/5387, time remaining: 4m 37s
Rendered 2970/5387, time remaining: 4m 36s
Rendered 2971/5387, time remaining: 4m 35s
Rendered 2972/5387, time remaining: 4m 34s
Rendered 2973/5387, time remaining: 4m 33s
Rendered 2974/5387, time remaining: 4m 33s
Rendered 2975/5387, time remaining: 4m 35s
Rendered 2976/5387, time remaining: 4m 34s
Rendered 2977/5387, time remaining: 4m 35s
Rendered 2978/5387, time remaining: 4m 37s
Rendered 2979/5387, time remaining: 4m 37s
Rendered 2980/5387, time remaining: 4m 38s
Rendered 2981/5387, time remaining: 4m 35s
Rendered 2982/5387, time remaining: 4m 36s
Rendered 2983/5387, time remaining: 4m 36s
Rendered 2984/5387, time remaining: 4m 35s
Rendered 2985/5387, time remaining: 4m 34s
Rendered 2986/5387, time remaining: 4m 34s
Rendered 2987/5387, time remaining: 4m 38s
Rendered 2988/5387, time remaining: 4m 38s
Rendered 2989/5387, time remaining: 4m 41s
Rendered 2990/5387, time remaining: 4m 38s
Rendered 2991/5387, time remaining: 4m 37s
Rendered 2992/5387, time remaining: 4m 34s
Rendered 2993/5387, time remaining: 4m 34s
Rendered 2994/5387, time remaining: 4m 33s
Rendered 2995/5387, time remaining: 4m 34s
Rendered 2996/5387, time remaining: 4m 33s
Rendered 2997/5387, time remaining: 4m 36s
Rendered 2998/5387, time remaining: 4m 39s
Rendered 2999/5387, time remaining: 4m 35s
Rendered 3000/5387, time remaining: 4m 34s
Rendered 3001/5387, time remaining: 4m 32s
Rendered 3002/5387, time remaining: 4m 32s
Rendered 3003/5387, time remaining: 4m 33s
Rendered 3004/5387, time remaining: 4m 34s
Rendered 3005/5387, time remaining: 4m 34s
Rendered 3006/5387, time remaining: 4m 38s
Rendered 3007/5387, time remaining: 4m 35s
Rendered 3008/5387, time remaining: 4m 32s
Rendered 3009/5387, time remaining: 4m 31s
Rendered 3010/5387, time remaining: 4m 30s
Rendered 3011/5387, time remaining: 4m 31s
Rendered 3012/5387, time remaining: 4m 35s
Rendered 3013/5387, time remaining: 4m 35s
Rendered 3014/5387, time remaining: 4m 37s
Rendered 3015/5387, time remaining: 4m 32s
Rendered 3016/5387, time remaining: 4m 30s
Rendered 3017/5387, time remaining: 4m 30s
Rendered 3018/5387, time remaining: 4m 30s
Rendered 3019/5387, time remaining: 4m 30s
Rendered 3020/5387, time remaining: 4m 33s
Rendered 3021/5387, time remaining: 4m 34s
Rendered 3022/5387, time remaining: 4m 33s
Rendered 3023/5387, time remaining: 4m 31s
Rendered 3024/5387, time remaining: 4m 31s
Rendered 3025/5387, time remaining: 4m 30s
Rendered 3026/5387, time remaining: 4m 31s
Rendered 3027/5387, time remaining: 4m 31s
Rendered 3028/5387, time remaining: 4m 32s
Rendered 3029/5387, time remaining: 4m 33s
Rendered 3030/5387, time remaining: 4m 30s
Rendered 3031/5387, time remaining: 4m 30s
Rendered 3032/5387, time remaining: 4m 28s
Rendered 3033/5387, time remaining: 4m 28s
Rendered 3034/5387, time remaining: 4m 28s
Rendered 3035/5387, time remaining: 4m 30s
Rendered 3036/5387, time remaining: 4m 32s
Rendered 3037/5387, time remaining: 4m 32s
Rendered 3038/5387, time remaining: 4m 32s
Rendered 3039/5387, time remaining: 4m 32s
Rendered 3040/5387, time remaining: 4m 27s
Rendered 3041/5387, time remaining: 4m 28s
Rendered 3042/5387, time remaining: 4m 28s
Rendered 3043/5387, time remaining: 4m 28s
Rendered 3044/5387, time remaining: 4m 34s
Rendered 3045/5387, time remaining: 4m 33s
Rendered 3046/5387, time remaining: 4m 33s
Rendered 3047/5387, time remaining: 4m 32s
Rendered 3048/5387, time remaining: 4m 29s
Rendered 3049/5387, time remaining: 4m 28s
Rendered 3050/5387, time remaining: 4m 27s
Rendered 3051/5387, time remaining: 4m 28s
Rendered 3052/5387, time remaining: 4m 32s
Rendered 3053/5387, time remaining: 4m 32s
Rendered 3054/5387, time remaining: 4m 34s
Rendered 3055/5387, time remaining: 4m 34s
Rendered 3056/5387, time remaining: 4m 31s
Rendered 3057/5387, time remaining: 4m 28s
Rendered 3058/5387, time remaining: 4m 28s
Rendered 3059/5387, time remaining: 4m 26s
Rendered 3060/5387, time remaining: 4m 31s
Rendered 3061/5387, time remaining: 4m 31s
Rendered 3062/5387, time remaining: 4m 33s
Rendered 3063/5387, time remaining: 4m 31s
Rendered 3064/5387, time remaining: 4m 27s
Rendered 3065/5387, time remaining: 4m 28s
Rendered 3066/5387, time remaining: 4m 27s
Rendered 3067/5387, time remaining: 4m 26s
Rendered 3068/5387, time remaining: 4m 27s
Rendered 3069/5387, time remaining: 4m 28s
Rendered 3070/5387, time remaining: 4m 32s
Rendered 3071/5387, time remaining: 4m 32s
Rendered 3072/5387, time remaining: 4m 29s
Rendered 3073/5387, time remaining: 4m 26s
Rendered 3074/5387, time remaining: 4m 26s
Rendered 3075/5387, time remaining: 4m 26s
Rendered 3076/5387, time remaining: 4m 27s
Rendered 3077/5387, time remaining: 4m 27s
Rendered 3078/5387, time remaining: 4m 28s
Rendered 3079/5387, time remaining: 4m 30s
Rendered 3080/5387, time remaining: 4m 26s
Rendered 3081/5387, time remaining: 4m 24s
Rendered 3082/5387, time remaining: 4m 23s
Rendered 3083/5387, time remaining: 4m 22s
Rendered 3084/5387, time remaining: 4m 23s
Rendered 3085/5387, time remaining: 4m 22s
Rendered 3086/5387, time remaining: 4m 27s
Rendered 3087/5387, time remaining: 4m 30s
Rendered 3088/5387, time remaining: 4m 28s
Rendered 3089/5387, time remaining: 4m 28s
Rendered 3090/5387, time remaining: 4m 28s
Rendered 3091/5387, time remaining: 4m 25s
Rendered 3092/5387, time remaining: 4m 24s
Rendered 3093/5387, time remaining: 4m 24s
Rendered 3094/5387, time remaining: 4m 28s
Rendered 3095/5387, time remaining: 4m 30s
Rendered 3096/5387, time remaining: 4m 27s
Rendered 3097/5387, time remaining: 4m 26s
Rendered 3098/5387, time remaining: 4m 26s
Rendered 3099/5387, time remaining: 4m 25s
Rendered 3100/5387, time remaining: 4m 24s
Rendered 3101/5387, time remaining: 4m 24s
Rendered 3102/5387, time remaining: 4m 28s
Rendered 3103/5387, time remaining: 4m 31s
Rendered 3104/5387, time remaining: 4m 30s
Rendered 3105/5387, time remaining: 4m 27s
Rendered 3106/5387, time remaining: 4m 26s
Rendered 3107/5387, time remaining: 4m 25s
Rendered 3108/5387, time remaining: 4m 25s
Rendered 3109/5387, time remaining: 4m 23s
Rendered 3110/5387, time remaining: 4m 28s
Rendered 3111/5387, time remaining: 4m 28s
Rendered 3112/5387, time remaining: 4m 28s
Rendered 3113/5387, time remaining: 4m 28s
Rendered 3114/5387, time remaining: 4m 25s
Rendered 3115/5387, time remaining: 4m 25s
Rendered 3116/5387, time remaining: 4m 26s
Rendered 3117/5387, time remaining: 4m 24s
Rendered 3118/5387, time remaining: 4m 26s
Rendered 3119/5387, time remaining: 4m 25s
Rendered 3120/5387, time remaining: 4m 28s
Rendered 3121/5387, time remaining: 4m 29s
Rendered 3122/5387, time remaining: 4m 26s
Rendered 3123/5387, time remaining: 4m 26s
Rendered 3124/5387, time remaining: 4m 27s
Rendered 3125/5387, time remaining: 4m 24s
Rendered 3126/5387, time remaining: 4m 24s
Rendered 3127/5387, time remaining: 4m 24s
Rendered 3128/5387, time remaining: 4m 28s
Rendered 3129/5387, time remaining: 4m 28s
Rendered 3130/5387, time remaining: 4m 26s
Rendered 3131/5387, time remaining: 4m 26s
Rendered 3132/5387, time remaining: 4m 23s
Rendered 3133/5387, time remaining: 4m 22s
Rendered 3134/5387, time remaining: 4m 23s
Rendered 3135/5387, time remaining: 4m 24s
Rendered 3136/5387, time remaining: 4m 27s
Rendered 3137/5387, time remaining: 4m 23s
Rendered 3138/5387, time remaining: 4m 23s
Rendered 3139/5387, time remaining: 4m 21s
Rendered 3140/5387, time remaining: 4m 21s
Rendered 3141/5387, time remaining: 4m 22s
Rendered 3142/5387, time remaining: 4m 22s
Rendered 3143/5387, time remaining: 4m 23s
Rendered 3144/5387, time remaining: 4m 24s
Rendered 3145/5387, time remaining: 4m 24s
Rendered 3146/5387, time remaining: 4m 24s
Rendered 3147/5387, time remaining: 4m 21s
Rendered 3148/5387, time remaining: 4m 21s
Rendered 3149/5387, time remaining: 4m 20s
Rendered 3150/5387, time remaining: 4m 22s
Rendered 3151/5387, time remaining: 4m 22s
Rendered 3152/5387, time remaining: 4m 23s
Rendered 3153/5387, time remaining: 4m 22s
Rendered 3154/5387, time remaining: 4m 22s
Rendered 3155/5387, time remaining: 4m 22s
Rendered 3156/5387, time remaining: 4m 21s
Rendered 3157/5387, time remaining: 4m 21s
Rendered 3158/5387, time remaining: 4m 21s
Rendered 3159/5387, time remaining: 4m 22s
Rendered 3160/5387, time remaining: 4m 22s
Rendered 3161/5387, time remaining: 4m 22s
Rendered 3162/5387, time remaining: 4m 18s
Rendered 3163/5387, time remaining: 4m 17s
Rendered 3164/5387, time remaining: 4m 19s
Rendered 3165/5387, time remaining: 4m 21s
Rendered 3166/5387, time remaining: 4m 20s
Rendered 3167/5387, time remaining: 4m 20s
Rendered 3168/5387, time remaining: 4m 19s
Rendered 3169/5387, time remaining: 4m 21s
Rendered 3170/5387, time remaining: 4m 19s
Rendered 3171/5387, time remaining: 4m 18s
Rendered 3172/5387, time remaining: 4m 21s
Rendered 3173/5387, time remaining: 4m 20s
Rendered 3174/5387, time remaining: 4m 18s
Rendered 3175/5387, time remaining: 4m 18s
Rendered 3176/5387, time remaining: 4m 18s
Rendered 3177/5387, time remaining: 4m 19s
Rendered 3178/5387, time remaining: 4m 18s
Rendered 3179/5387, time remaining: 4m 20s
Rendered 3180/5387, time remaining: 4m 18s
Rendered 3181/5387, time remaining: 4m 17s
Rendered 3182/5387, time remaining: 4m 17s
Rendered 3183/5387, time remaining: 4m 17s
Rendered 3184/5387, time remaining: 4m 17s
Rendered 3185/5387, time remaining: 4m 16s
Rendered 3186/5387, time remaining: 4m 14s
Rendered 3187/5387, time remaining: 4m 19s
Rendered 3188/5387, time remaining: 4m 18s
Rendered 3189/5387, time remaining: 4m 17s
Rendered 3190/5387, time remaining: 4m 17s
Rendered 3191/5387, time remaining: 4m 15s
Rendered 3192/5387, time remaining: 4m 15s
Rendered 3193/5387, time remaining: 4m 16s
Rendered 3194/5387, time remaining: 4m 11s
Rendered 3195/5387, time remaining: 4m 15s
Rendered 3196/5387, time remaining: 4m 13s
Rendered 3197/5387, time remaining: 4m 14s
Rendered 3198/5387, time remaining: 4m 14s
Rendered 3199/5387, time remaining: 4m 13s
Rendered 3200/5387, time remaining: 4m 13s
Rendered 3201/5387, time remaining: 4m 12s
Rendered 3202/5387, time remaining: 4m 8s
Rendered 3203/5387, time remaining: 4m 16s
Rendered 3204/5387, time remaining: 4m 14s
Rendered 3205/5387, time remaining: 4m 14s
Rendered 3206/5387, time remaining: 4m 14s
Rendered 3207/5387, time remaining: 4m 12s
Rendered 3208/5387, time remaining: 4m 12s
Rendered 3209/5387, time remaining: 4m 12s
Rendered 3210/5387, time remaining: 4m 8s
Rendered 3211/5387, time remaining: 4m 14s
Rendered 3212/5387, time remaining: 4m 13s
Rendered 3213/5387, time remaining: 4m 12s
Rendered 3214/5387, time remaining: 4m 12s
Rendered 3215/5387, time remaining: 4m 11s
Rendered 3216/5387, time remaining: 4m 11s
Rendered 3217/5387, time remaining: 4m 11s
Rendered 3218/5387, time remaining: 4m 10s
Rendered 3219/5387, time remaining: 4m 15s
Rendered 3220/5387, time remaining: 4m 12s
Rendered 3221/5387, time remaining: 4m 11s
Rendered 3222/5387, time remaining: 4m 10s
Rendered 3223/5387, time remaining: 4m 10s
Rendered 3224/5387, time remaining: 4m 10s
Rendered 3225/5387, time remaining: 4m 10s
Rendered 3226/5387, time remaining: 4m 8s
Rendered 3227/5387, time remaining: 4m 13s
Rendered 3228/5387, time remaining: 4m 12s
Rendered 3229/5387, time remaining: 4m 11s
Rendered 3230/5387, time remaining: 4m 11s
Rendered 3231/5387, time remaining: 4m 11s
Rendered 3232/5387, time remaining: 4m 11s
Rendered 3233/5387, time remaining: 4m 11s
Rendered 3234/5387, time remaining: 4m 10s
Rendered 3235/5387, time remaining: 4m 17s
Rendered 3236/5387, time remaining: 4m 13s
Rendered 3237/5387, time remaining: 4m 9s
Rendered 3238/5387, time remaining: 4m 8s
Rendered 3239/5387, time remaining: 4m 8s
Rendered 3240/5387, time remaining: 4m 8s
Rendered 3241/5387, time remaining: 4m 8s
Rendered 3242/5387, time remaining: 4m 8s
Rendered 3243/5387, time remaining: 4m 12s
Rendered 3244/5387, time remaining: 4m 11s
Rendered 3245/5387, time remaining: 4m 8s
Rendered 3246/5387, time remaining: 4m 8s
Rendered 3247/5387, time remaining: 4m 8s
Rendered 3248/5387, time remaining: 4m 7s
Rendered 3249/5387, time remaining: 4m 7s
Rendered 3250/5387, time remaining: 4m 7s
Rendered 3251/5387, time remaining: 4m 7s
Rendered 3252/5387, time remaining: 4m 9s
Rendered 3253/5387, time remaining: 4m 6s
Rendered 3254/5387, time remaining: 4m 6s
Rendered 3255/5387, time remaining: 4m 6s
Rendered 3256/5387, time remaining: 4m 5s
Rendered 3257/5387, time remaining: 4m 5s
Rendered 3258/5387, time remaining: 4m 5s
Rendered 3259/5387, time remaining: 4m 7s
Rendered 3260/5387, time remaining: 4m 6s
Rendered 3261/5387, time remaining: 4m 5s
Rendered 3262/5387, time remaining: 4m 4s
Rendered 3263/5387, time remaining: 4m 4s
Rendered 3264/5387, time remaining: 4m 4s
Rendered 3265/5387, time remaining: 4m 4s
Rendered 3266/5387, time remaining: 4m 2s
Rendered 3267/5387, time remaining: 4m 2s
Rendered 3268/5387, time remaining: 4m 7s
Rendered 3269/5387, time remaining: 4m 7s
Rendered 3270/5387, time remaining: 4m 3s
Rendered 3271/5387, time remaining: 4m 2s
Rendered 3272/5387, time remaining: 4m 1s
Rendered 3273/5387, time remaining: 4m 1s
Rendered 3274/5387, time remaining: 4m 0s
Rendered 3275/5387, time remaining: 4m 0s
Rendered 3276/5387, time remaining: 4m 6s
Rendered 3277/5387, time remaining: 4m 4s
Rendered 3278/5387, time remaining: 3m 59s
Rendered 3279/5387, time remaining: 3m 59s
Rendered 3280/5387, time remaining: 3m 59s
Rendered 3281/5387, time remaining: 3m 58s
Rendered 3282/5387, time remaining: 3m 57s
Rendered 3283/5387, time remaining: 3m 57s
Rendered 3284/5387, time remaining: 4m 3s
Rendered 3285/5387, time remaining: 4m 3s
Rendered 3286/5387, time remaining: 3m 59s
Rendered 3287/5387, time remaining: 3m 59s
Rendered 3288/5387, time remaining: 3m 58s
Rendered 3289/5387, time remaining: 3m 57s
Rendered 3290/5387, time remaining: 3m 55s
Rendered 3291/5387, time remaining: 3m 54s
Rendered 3292/5387, time remaining: 4m 1s
Rendered 3293/5387, time remaining: 4m 1s
Rendered 3294/5387, time remaining: 3m 59s
Rendered 3295/5387, time remaining: 3m 57s
Rendered 3296/5387, time remaining: 3m 57s
Rendered 3297/5387, time remaining: 3m 57s
Rendered 3298/5387, time remaining: 3m 54s
Rendered 3299/5387, time remaining: 3m 54s
Rendered 3300/5387, time remaining: 3m 59s
Rendered 3301/5387, time remaining: 3m 59s
Rendered 3302/5387, time remaining: 3m 58s
Rendered 3303/5387, time remaining: 3m 57s
Rendered 3304/5387, time remaining: 3m 55s
Rendered 3305/5387, time remaining: 3m 55s
Rendered 3306/5387, time remaining: 3m 52s
Rendered 3307/5387, time remaining: 3m 51s
Rendered 3308/5387, time remaining: 3m 57s
Rendered 3309/5387, time remaining: 3m 56s
Rendered 3310/5387, time remaining: 3m 56s
Rendered 3311/5387, time remaining: 3m 55s
Rendered 3312/5387, time remaining: 3m 56s
Rendered 3313/5387, time remaining: 3m 55s
Rendered 3314/5387, time remaining: 3m 52s
Rendered 3315/5387, time remaining: 3m 54s
Rendered 3316/5387, time remaining: 3m 56s
Rendered 3317/5387, time remaining: 3m 56s
Rendered 3318/5387, time remaining: 3m 56s
Rendered 3319/5387, time remaining: 3m 55s
Rendered 3320/5387, time remaining: 3m 53s
Rendered 3321/5387, time remaining: 3m 53s
Rendered 3322/5387, time remaining: 3m 50s
Rendered 3323/5387, time remaining: 3m 50s
Rendered 3324/5387, time remaining: 3m 54s
Rendered 3325/5387, time remaining: 3m 55s
Rendered 3326/5387, time remaining: 3m 54s
Rendered 3327/5387, time remaining: 3m 53s
Rendered 3328/5387, time remaining: 3m 53s
Rendered 3329/5387, time remaining: 3m 51s
Rendered 3330/5387, time remaining: 3m 52s
Rendered 3331/5387, time remaining: 3m 51s
Rendered 3332/5387, time remaining: 3m 50s
Rendered 3333/5387, time remaining: 3m 53s
Rendered 3334/5387, time remaining: 3m 53s
Rendered 3335/5387, time remaining: 3m 52s
Rendered 3336/5387, time remaining: 3m 55s
Rendered 3337/5387, time remaining: 3m 52s
Rendered 3338/5387, time remaining: 3m 51s
Rendered 3339/5387, time remaining: 3m 50s
Rendered 3340/5387, time remaining: 3m 51s
Rendered 3341/5387, time remaining: 3m 52s
Rendered 3342/5387, time remaining: 3m 51s
Rendered 3343/5387, time remaining: 3m 51s
Rendered 3344/5387, time remaining: 3m 53s
Rendered 3345/5387, time remaining: 3m 49s
Rendered 3346/5387, time remaining: 3m 49s
Rendered 3347/5387, time remaining: 3m 48s
Rendered 3348/5387, time remaining: 3m 50s
Rendered 3349/5387, time remaining: 3m 50s
Rendered 3350/5387, time remaining: 3m 51s
Rendered 3351/5387, time remaining: 3m 51s
Rendered 3352/5387, time remaining: 3m 56s
Rendered 3353/5387, time remaining: 3m 52s
Rendered 3354/5387, time remaining: 3m 51s
Rendered 3355/5387, time remaining: 3m 50s
Rendered 3356/5387, time remaining: 3m 49s
Rendered 3357/5387, time remaining: 3m 49s
Rendered 3358/5387, time remaining: 3m 48s
Rendered 3359/5387, time remaining: 3m 47s
Rendered 3360/5387, time remaining: 3m 48s
Rendered 3361/5387, time remaining: 3m 47s
Rendered 3362/5387, time remaining: 3m 47s
Rendered 3363/5387, time remaining: 3m 46s
Rendered 3364/5387, time remaining: 3m 48s
Rendered 3365/5387, time remaining: 3m 47s
Rendered 3366/5387, time remaining: 3m 46s
Rendered 3367/5387, time remaining: 3m 46s
Rendered 3368/5387, time remaining: 3m 47s
Rendered 3369/5387, time remaining: 3m 46s
Rendered 3370/5387, time remaining: 3m 46s
Rendered 3371/5387, time remaining: 3m 46s
Rendered 3372/5387, time remaining: 3m 47s
Rendered 3373/5387, time remaining: 3m 49s
Rendered 3374/5387, time remaining: 3m 49s
Rendered 3375/5387, time remaining: 3m 50s
Rendered 3376/5387, time remaining: 3m 50s
Rendered 3377/5387, time remaining: 3m 44s
Rendered 3378/5387, time remaining: 3m 45s
Rendered 3379/5387, time remaining: 3m 46s
Rendered 3380/5387, time remaining: 3m 48s
Rendered 3381/5387, time remaining: 3m 49s
Rendered 3382/5387, time remaining: 3m 49s
Rendered 3383/5387, time remaining: 3m 49s
Rendered 3384/5387, time remaining: 3m 51s
Rendered 3385/5387, time remaining: 3m 43s
Rendered 3386/5387, time remaining: 3m 45s
Rendered 3387/5387, time remaining: 3m 47s
Rendered 3388/5387, time remaining: 3m 47s
Rendered 3389/5387, time remaining: 3m 47s
Rendered 3390/5387, time remaining: 3m 47s
Rendered 3391/5387, time remaining: 3m 47s
Rendered 3392/5387, time remaining: 3m 48s
Rendered 3393/5387, time remaining: 3m 44s
Rendered 3394/5387, time remaining: 3m 42s
Rendered 3395/5387, time remaining: 3m 44s
Rendered 3396/5387, time remaining: 3m 45s
Rendered 3397/5387, time remaining: 3m 44s
Rendered 3398/5387, time remaining: 3m 45s
Rendered 3399/5387, time remaining: 3m 46s
Rendered 3400/5387, time remaining: 3m 46s
Rendered 3401/5387, time remaining: 3m 45s
Rendered 3402/5387, time remaining: 3m 39s
Rendered 3403/5387, time remaining: 3m 42s
Rendered 3404/5387, time remaining: 3m 42s
Rendered 3405/5387, time remaining: 3m 42s
Rendered 3406/5387, time remaining: 3m 45s
Rendered 3407/5387, time remaining: 3m 45s
Rendered 3408/5387, time remaining: 3m 45s
Rendered 3409/5387, time remaining: 3m 44s
Rendered 3410/5387, time remaining: 3m 40s
Rendered 3411/5387, time remaining: 3m 40s
Rendered 3412/5387, time remaining: 3m 40s
Rendered 3413/5387, time remaining: 3m 41s
Rendered 3414/5387, time remaining: 3m 45s
Rendered 3415/5387, time remaining: 3m 45s
Rendered 3416/5387, time remaining: 3m 45s
Rendered 3417/5387, time remaining: 3m 45s
Rendered 3418/5387, time remaining: 3m 38s
Rendered 3419/5387, time remaining: 3m 38s
Rendered 3420/5387, time remaining: 3m 38s
Rendered 3421/5387, time remaining: 3m 39s
Rendered 3422/5387, time remaining: 3m 44s
Rendered 3423/5387, time remaining: 3m 44s
Rendered 3424/5387, time remaining: 3m 44s
Rendered 3425/5387, time remaining: 3m 43s
Rendered 3426/5387, time remaining: 3m 38s
Rendered 3427/5387, time remaining: 3m 38s
Rendered 3428/5387, time remaining: 3m 37s
Rendered 3429/5387, time remaining: 3m 39s
Rendered 3430/5387, time remaining: 3m 44s
Rendered 3431/5387, time remaining: 3m 44s
Rendered 3432/5387, time remaining: 3m 43s
Rendered 3433/5387, time remaining: 3m 43s
Rendered 3434/5387, time remaining: 3m 37s
Rendered 3435/5387, time remaining: 3m 37s
Rendered 3436/5387, time remaining: 3m 37s
Rendered 3437/5387, time remaining: 3m 38s
Rendered 3438/5387, time remaining: 3m 42s
Rendered 3439/5387, time remaining: 3m 42s
Rendered 3440/5387, time remaining: 3m 42s
Rendered 3441/5387, time remaining: 3m 42s
Rendered 3442/5387, time remaining: 3m 37s
Rendered 3443/5387, time remaining: 3m 37s
Rendered 3444/5387, time remaining: 3m 38s
Rendered 3445/5387, time remaining: 3m 39s
Rendered 3446/5387, time remaining: 3m 40s
Rendered 3447/5387, time remaining: 3m 41s
Rendered 3448/5387, time remaining: 3m 40s
Rendered 3449/5387, time remaining: 3m 41s
Rendered 3450/5387, time remaining: 3m 35s
Rendered 3451/5387, time remaining: 3m 35s
Rendered 3452/5387, time remaining: 3m 35s
Rendered 3453/5387, time remaining: 3m 40s
Rendered 3454/5387, time remaining: 3m 40s
Rendered 3455/5387, time remaining: 3m 40s
Rendered 3456/5387, time remaining: 3m 40s
Rendered 3457/5387, time remaining: 3m 41s
Rendered 3458/5387, time remaining: 3m 35s
Rendered 3459/5387, time remaining: 3m 35s
Rendered 3460/5387, time remaining: 3m 35s
Rendered 3461/5387, time remaining: 3m 36s
Rendered 3462/5387, time remaining: 3m 39s
Rendered 3463/5387, time remaining: 3m 39s
Rendered 3464/5387, time remaining: 3m 39s
Rendered 3465/5387, time remaining: 3m 37s
Rendered 3466/5387, time remaining: 3m 35s
Rendered 3467/5387, time remaining: 3m 34s
Rendered 3468/5387, time remaining: 3m 34s
Rendered 3469/5387, time remaining: 3m 35s
Rendered 3470/5387, time remaining: 3m 38s
Rendered 3471/5387, time remaining: 3m 39s
Rendered 3472/5387, time remaining: 3m 38s
Rendered 3473/5387, time remaining: 3m 37s
Rendered 3474/5387, time remaining: 3m 35s
Rendered 3475/5387, time remaining: 3m 33s
Rendered 3476/5387, time remaining: 3m 34s
Rendered 3477/5387, time remaining: 3m 36s
Rendered 3478/5387, time remaining: 3m 37s
Rendered 3479/5387, time remaining: 3m 38s
Rendered 3480/5387, time remaining: 3m 36s
Rendered 3481/5387, time remaining: 3m 37s
Rendered 3482/5387, time remaining: 3m 37s
Rendered 3483/5387, time remaining: 3m 34s
Rendered 3484/5387, time remaining: 3m 35s
Rendered 3485/5387, time remaining: 3m 37s
Rendered 3486/5387, time remaining: 3m 34s
Rendered 3487/5387, time remaining: 3m 32s
Rendered 3488/5387, time remaining: 3m 34s
Rendered 3489/5387, time remaining: 3m 34s
Rendered 3490/5387, time remaining: 3m 35s
Rendered 3491/5387, time remaining: 3m 33s
Rendered 3492/5387, time remaining: 3m 36s
Rendered 3493/5387, time remaining: 3m 35s
Rendered 3494/5387, time remaining: 3m 33s
Rendered 3495/5387, time remaining: 3m 34s
Rendered 3496/5387, time remaining: 3m 34s
Rendered 3497/5387, time remaining: 3m 34s
Rendered 3498/5387, time remaining: 3m 32s
Rendered 3499/5387, time remaining: 3m 32s
Rendered 3500/5387, time remaining: 3m 35s
Rendered 3501/5387, time remaining: 3m 35s
Rendered 3502/5387, time remaining: 3m 31s
Rendered 3503/5387, time remaining: 3m 28s
Rendered 3504/5387, time remaining: 3m 29s
Rendered 3505/5387, time remaining: 3m 30s
Rendered 3506/5387, time remaining: 3m 30s
Rendered 3507/5387, time remaining: 3m 31s
Rendered 3508/5387, time remaining: 3m 38s
Rendered 3509/5387, time remaining: 3m 38s
Rendered 3510/5387, time remaining: 3m 37s
Rendered 3511/5387, time remaining: 3m 32s
Rendered 3512/5387, time remaining: 3m 32s
Rendered 3513/5387, time remaining: 3m 32s
Rendered 3514/5387, time remaining: 3m 31s
Rendered 3515/5387, time remaining: 3m 35s
Rendered 3516/5387, time remaining: 3m 38s
Rendered 3517/5387, time remaining: 3m 37s
Rendered 3518/5387, time remaining: 3m 36s
Rendered 3519/5387, time remaining: 3m 31s
Rendered 3520/5387, time remaining: 3m 32s
Rendered 3521/5387, time remaining: 3m 32s
Rendered 3522/5387, time remaining: 3m 30s
Rendered 3523/5387, time remaining: 3m 29s
Rendered 3524/5387, time remaining: 3m 33s
Rendered 3525/5387, time remaining: 3m 32s
Rendered 3526/5387, time remaining: 3m 32s
Rendered 3527/5387, time remaining: 3m 32s
Rendered 3528/5387, time remaining: 3m 30s
Rendered 3529/5387, time remaining: 3m 30s
Rendered 3530/5387, time remaining: 3m 28s
Rendered 3531/5387, time remaining: 3m 28s
Rendered 3532/5387, time remaining: 3m 32s
Rendered 3533/5387, time remaining: 3m 32s
Rendered 3534/5387, time remaining: 3m 31s
Rendered 3535/5387, time remaining: 3m 31s
Rendered 3536/5387, time remaining: 3m 29s
Rendered 3537/5387, time remaining: 3m 27s
Rendered 3538/5387, time remaining: 3m 27s
Rendered 3539/5387, time remaining: 3m 27s
Rendered 3540/5387, time remaining: 3m 30s
Rendered 3541/5387, time remaining: 3m 30s
Rendered 3542/5387, time remaining: 3m 29s
Rendered 3543/5387, time remaining: 3m 29s
Rendered 3544/5387, time remaining: 3m 27s
Rendered 3545/5387, time remaining: 3m 26s
Rendered 3546/5387, time remaining: 3m 25s
Rendered 3547/5387, time remaining: 3m 27s
Rendered 3548/5387, time remaining: 3m 29s
Rendered 3549/5387, time remaining: 3m 29s
Rendered 3550/5387, time remaining: 3m 29s
Rendered 3551/5387, time remaining: 3m 29s
Rendered 3552/5387, time remaining: 3m 28s
Rendered 3553/5387, time remaining: 3m 26s
Rendered 3554/5387, time remaining: 3m 26s
Rendered 3555/5387, time remaining: 3m 25s
Rendered 3556/5387, time remaining: 3m 26s
Rendered 3557/5387, time remaining: 3m 27s
Rendered 3558/5387, time remaining: 3m 27s
Rendered 3559/5387, time remaining: 3m 27s
Rendered 3560/5387, time remaining: 3m 27s
Rendered 3561/5387, time remaining: 3m 26s
Rendered 3562/5387, time remaining: 3m 26s
Rendered 3563/5387, time remaining: 3m 24s
Rendered 3564/5387, time remaining: 3m 24s
Rendered 3565/5387, time remaining: 3m 24s
Rendered 3566/5387, time remaining: 3m 25s
Rendered 3567/5387, time remaining: 3m 25s
Rendered 3568/5387, time remaining: 3m 26s
Rendered 3569/5387, time remaining: 3m 26s
Rendered 3570/5387, time remaining: 3m 25s
Rendered 3571/5387, time remaining: 3m 24s
Rendered 3572/5387, time remaining: 3m 23s
Rendered 3573/5387, time remaining: 3m 24s
Rendered 3574/5387, time remaining: 3m 25s
Rendered 3575/5387, time remaining: 3m 25s
Rendered 3576/5387, time remaining: 3m 24s
Rendered 3577/5387, time remaining: 3m 25s
Rendered 3578/5387, time remaining: 3m 25s
Rendered 3579/5387, time remaining: 3m 23s
Rendered 3580/5387, time remaining: 3m 20s
Rendered 3581/5387, time remaining: 3m 22s
Rendered 3582/5387, time remaining: 3m 23s
Rendered 3583/5387, time remaining: 3m 24s
Rendered 3584/5387, time remaining: 3m 24s
Rendered 3585/5387, time remaining: 3m 25s
Rendered 3586/5387, time remaining: 3m 25s
Rendered 3587/5387, time remaining: 3m 24s
Rendered 3588/5387, time remaining: 3m 21s
Rendered 3589/5387, time remaining: 3m 21s
Rendered 3590/5387, time remaining: 3m 23s
Rendered 3591/5387, time remaining: 3m 23s
Rendered 3592/5387, time remaining: 3m 23s
Rendered 3593/5387, time remaining: 3m 24s
Rendered 3594/5387, time remaining: 3m 23s
Rendered 3595/5387, time remaining: 3m 21s
Rendered 3596/5387, time remaining: 3m 21s
Rendered 3597/5387, time remaining: 3m 20s
Rendered 3598/5387, time remaining: 3m 21s
Rendered 3599/5387, time remaining: 3m 20s
Rendered 3600/5387, time remaining: 3m 24s
Rendered 3601/5387, time remaining: 3m 25s
Rendered 3602/5387, time remaining: 3m 27s
Rendered 3603/5387, time remaining: 3m 22s
Rendered 3604/5387, time remaining: 3m 21s
Rendered 3605/5387, time remaining: 3m 21s
Rendered 3606/5387, time remaining: 3m 21s
Rendered 3607/5387, time remaining: 3m 21s
Rendered 3608/5387, time remaining: 3m 21s
Rendered 3609/5387, time remaining: 3m 22s
Rendered 3610/5387, time remaining: 3m 29s
Rendered 3611/5387, time remaining: 3m 28s
Rendered 3612/5387, time remaining: 3m 25s
Rendered 3613/5387, time remaining: 3m 25s
Rendered 3614/5387, time remaining: 3m 25s
Rendered 3615/5387, time remaining: 3m 24s
Rendered 3616/5387, time remaining: 3m 24s
Rendered 3617/5387, time remaining: 3m 24s
Rendered 3618/5387, time remaining: 3m 31s
Rendered 3619/5387, time remaining: 3m 29s
Rendered 3620/5387, time remaining: 3m 27s
Rendered 3621/5387, time remaining: 3m 25s
Rendered 3622/5387, time remaining: 3m 25s
Rendered 3623/5387, time remaining: 3m 25s
Rendered 3624/5387, time remaining: 3m 25s
Rendered 3625/5387, time remaining: 3m 25s
Rendered 3626/5387, time remaining: 3m 28s
Rendered 3627/5387, time remaining: 3m 27s
Rendered 3628/5387, time remaining: 3m 26s
Rendered 3629/5387, time remaining: 3m 26s
Rendered 3630/5387, time remaining: 3m 26s
Rendered 3631/5387, time remaining: 3m 25s
Rendered 3632/5387, time remaining: 3m 24s
Rendered 3633/5387, time remaining: 3m 24s
Rendered 3634/5387, time remaining: 3m 27s
Rendered 3635/5387, time remaining: 3m 26s
Rendered 3636/5387, time remaining: 3m 26s
Rendered 3637/5387, time remaining: 3m 25s
Rendered 3638/5387, time remaining: 3m 24s
Rendered 3639/5387, time remaining: 3m 24s
Rendered 3640/5387, time remaining: 3m 23s
Rendered 3641/5387, time remaining: 3m 23s
Rendered 3642/5387, time remaining: 3m 22s
Rendered 3643/5387, time remaining: 3m 26s
Rendered 3644/5387, time remaining: 3m 26s
Rendered 3645/5387, time remaining: 3m 24s
Rendered 3646/5387, time remaining: 3m 25s
Rendered 3647/5387, time remaining: 3m 26s
Rendered 3648/5387, time remaining: 3m 26s
Rendered 3649/5387, time remaining: 3m 27s
Rendered 3650/5387, time remaining: 3m 23s
Rendered 3651/5387, time remaining: 3m 27s
Rendered 3652/5387, time remaining: 3m 26s
Rendered 3653/5387, time remaining: 3m 26s
Rendered 3654/5387, time remaining: 3m 26s
Rendered 3655/5387, time remaining: 3m 25s
Rendered 3656/5387, time remaining: 3m 26s
Rendered 3657/5387, time remaining: 3m 26s
Rendered 3658/5387, time remaining: 3m 21s
Rendered 3659/5387, time remaining: 3m 24s
Rendered 3660/5387, time remaining: 3m 24s
Rendered 3661/5387, time remaining: 3m 24s
Rendered 3662/5387, time remaining: 3m 24s
Rendered 3663/5387, time remaining: 3m 24s
Rendered 3664/5387, time remaining: 3m 25s
Rendered 3665/5387, time remaining: 3m 21s
Rendered 3666/5387, time remaining: 3m 19s
Rendered 3667/5387, time remaining: 3m 24s
Rendered 3668/5387, time remaining: 3m 23s
Rendered 3669/5387, time remaining: 3m 23s
Rendered 3670/5387, time remaining: 3m 23s
Rendered 3671/5387, time remaining: 3m 22s
Rendered 3672/5387, time remaining: 3m 23s
Rendered 3673/5387, time remaining: 3m 23s
Rendered 3674/5387, time remaining: 3m 19s
Rendered 3675/5387, time remaining: 3m 22s
Rendered 3676/5387, time remaining: 3m 23s
Rendered 3677/5387, time remaining: 3m 23s
Rendered 3678/5387, time remaining: 3m 22s
Rendered 3679/5387, time remaining: 3m 23s
Rendered 3680/5387, time remaining: 3m 22s
Rendered 3681/5387, time remaining: 3m 22s
Rendered 3682/5387, time remaining: 3m 18s
Rendered 3683/5387, time remaining: 3m 25s
Rendered 3684/5387, time remaining: 3m 26s
Rendered 3685/5387, time remaining: 3m 26s
Rendered 3686/5387, time remaining: 3m 26s
Rendered 3687/5387, time remaining: 3m 26s
Rendered 3688/5387, time remaining: 3m 25s
Rendered 3689/5387, time remaining: 3m 25s
Rendered 3690/5387, time remaining: 3m 22s
Rendered 3691/5387, time remaining: 3m 27s
Rendered 3692/5387, time remaining: 3m 27s
Rendered 3693/5387, time remaining: 3m 26s
Rendered 3694/5387, time remaining: 3m 26s
Rendered 3695/5387, time remaining: 3m 25s
Rendered 3696/5387, time remaining: 3m 25s
Rendered 3697/5387, time remaining: 3m 24s
Rendered 3698/5387, time remaining: 3m 21s
Rendered 3699/5387, time remaining: 3m 25s
Rendered 3700/5387, time remaining: 3m 25s
Rendered 3701/5387, time remaining: 3m 25s
Rendered 3702/5387, time remaining: 3m 25s
Rendered 3703/5387, time remaining: 3m 25s
Rendered 3704/5387, time remaining: 3m 24s
Rendered 3705/5387, time remaining: 3m 25s
Rendered 3706/5387, time remaining: 3m 21s
Rendered 3707/5387, time remaining: 3m 24s
Rendered 3708/5387, time remaining: 3m 25s
Rendered 3709/5387, time remaining: 3m 25s
Rendered 3710/5387, time remaining: 3m 24s
Rendered 3711/5387, time remaining: 3m 24s
Rendered 3712/5387, time remaining: 3m 23s
Rendered 3713/5387, time remaining: 3m 23s
Rendered 3714/5387, time remaining: 3m 20s
Rendered 3715/5387, time remaining: 3m 23s
Rendered 3716/5387, time remaining: 3m 24s
Rendered 3717/5387, time remaining: 3m 24s
Rendered 3718/5387, time remaining: 3m 23s
Rendered 3719/5387, time remaining: 3m 23s
Rendered 3720/5387, time remaining: 3m 23s
Rendered 3721/5387, time remaining: 3m 23s
Rendered 3722/5387, time remaining: 3m 20s
Rendered 3723/5387, time remaining: 3m 24s
Rendered 3724/5387, time remaining: 3m 23s
Rendered 3725/5387, time remaining: 3m 23s
Rendered 3726/5387, time remaining: 3m 23s
Rendered 3727/5387, time remaining: 3m 22s
Rendered 3728/5387, time remaining: 3m 22s
Rendered 3729/5387, time remaining: 3m 22s
Rendered 3730/5387, time remaining: 3m 20s
Rendered 3731/5387, time remaining: 3m 22s
Rendered 3732/5387, time remaining: 3m 22s
Rendered 3733/5387, time remaining: 3m 21s
Rendered 3734/5387, time remaining: 3m 21s
Rendered 3735/5387, time remaining: 3m 20s
Rendered 3736/5387, time remaining: 3m 20s
Rendered 3737/5387, time remaining: 3m 20s
Rendered 3738/5387, time remaining: 3m 19s
Rendered 3739/5387, time remaining: 3m 21s
Rendered 3740/5387, time remaining: 3m 21s
Rendered 3741/5387, time remaining: 3m 21s
Rendered 3742/5387, time remaining: 3m 20s
Rendered 3743/5387, time remaining: 3m 19s
Rendered 3744/5387, time remaining: 3m 20s
Rendered 3745/5387, time remaining: 3m 20s
Rendered 3746/5387, time remaining: 3m 20s
Rendered 3747/5387, time remaining: 3m 21s
Rendered 3748/5387, time remaining: 3m 21s
Rendered 3749/5387, time remaining: 3m 22s
Rendered 3750/5387, time remaining: 3m 19s
Rendered 3751/5387, time remaining: 3m 17s
Rendered 3752/5387, time remaining: 3m 15s
Rendered 3753/5387, time remaining: 3m 16s
Rendered 3754/5387, time remaining: 3m 15s
Rendered 3755/5387, time remaining: 3m 19s
Rendered 3756/5387, time remaining: 3m 20s
Rendered 3757/5387, time remaining: 3m 20s
Rendered 3758/5387, time remaining: 3m 20s
Rendered 3759/5387, time remaining: 3m 19s
Rendered 3760/5387, time remaining: 3m 12s
Rendered 3761/5387, time remaining: 3m 12s
Rendered 3762/5387, time remaining: 3m 12s
Rendered 3763/5387, time remaining: 3m 13s
Rendered 3764/5387, time remaining: 3m 16s
Rendered 3765/5387, time remaining: 3m 16s
Rendered 3766/5387, time remaining: 3m 16s
Rendered 3767/5387, time remaining: 3m 16s
Rendered 3768/5387, time remaining: 3m 10s
Rendered 3769/5387, time remaining: 3m 10s
Rendered 3770/5387, time remaining: 3m 10s
Rendered 3771/5387, time remaining: 3m 12s
Rendered 3772/5387, time remaining: 3m 15s
Rendered 3773/5387, time remaining: 3m 15s
Rendered 3774/5387, time remaining: 3m 15s
Rendered 3775/5387, time remaining: 3m 14s
Rendered 3776/5387, time remaining: 3m 10s
Rendered 3777/5387, time remaining: 3m 9s
Rendered 3778/5387, time remaining: 3m 9s
Rendered 3779/5387, time remaining: 3m 8s
Rendered 3780/5387, time remaining: 3m 12s
Rendered 3781/5387, time remaining: 3m 12s
Rendered 3782/5387, time remaining: 3m 12s
Rendered 3783/5387, time remaining: 3m 13s
Rendered 3784/5387, time remaining: 3m 9s
Rendered 3785/5387, time remaining: 3m 8s
Rendered 3786/5387, time remaining: 3m 8s
Rendered 3787/5387, time remaining: 3m 8s
Rendered 3788/5387, time remaining: 3m 13s
Rendered 3789/5387, time remaining: 3m 13s
Rendered 3790/5387, time remaining: 3m 13s
Rendered 3791/5387, time remaining: 3m 13s
Rendered 3792/5387, time remaining: 3m 11s
Rendered 3793/5387, time remaining: 3m 7s
Rendered 3794/5387, time remaining: 3m 6s
Rendered 3795/5387, time remaining: 3m 7s
Rendered 3796/5387, time remaining: 3m 10s
Rendered 3797/5387, time remaining: 3m 10s
Rendered 3798/5387, time remaining: 3m 9s
Rendered 3799/5387, time remaining: 3m 8s
Rendered 3800/5387, time remaining: 3m 7s
Rendered 3801/5387, time remaining: 3m 4s
Rendered 3802/5387, time remaining: 3m 4s
Rendered 3803/5387, time remaining: 3m 4s
Rendered 3804/5387, time remaining: 3m 8s
Rendered 3805/5387, time remaining: 3m 8s
Rendered 3806/5387, time remaining: 3m 7s
Rendered 3807/5387, time remaining: 3m 7s
Rendered 3808/5387, time remaining: 3m 6s
Rendered 3809/5387, time remaining: 3m 4s
Rendered 3810/5387, time remaining: 3m 3s
Rendered 3811/5387, time remaining: 3m 3s
Rendered 3812/5387, time remaining: 3m 7s
Rendered 3813/5387, time remaining: 3m 7s
Rendered 3814/5387, time remaining: 3m 7s
Rendered 3815/5387, time remaining: 3m 7s
Rendered 3816/5387, time remaining: 3m 7s
Rendered 3817/5387, time remaining: 3m 2s
Rendered 3818/5387, time remaining: 3m 3s
Rendered 3819/5387, time remaining: 3m 3s
Rendered 3820/5387, time remaining: 3m 4s
Rendered 3821/5387, time remaining: 3m 6s
Rendered 3822/5387, time remaining: 3m 6s
Rendered 3823/5387, time remaining: 3m 6s
Rendered 3824/5387, time remaining: 3m 5s
Rendered 3825/5387, time remaining: 3m 3s
Rendered 3826/5387, time remaining: 3m 1s
Rendered 3827/5387, time remaining: 3m 3s
Rendered 3828/5387, time remaining: 3m 4s
Rendered 3829/5387, time remaining: 3m 5s
Rendered 3830/5387, time remaining: 3m 5s
Rendered 3831/5387, time remaining: 3m 5s
Rendered 3832/5387, time remaining: 3m 5s
Rendered 3833/5387, time remaining: 2m 57s
Rendered 3834/5387, time remaining: 2m 56s
Rendered 3835/5387, time remaining: 2m 56s
Rendered 3836/5387, time remaining: 2m 58s
Rendered 3837/5387, time remaining: 3m 0s
Rendered 3838/5387, time remaining: 3m 0s
Rendered 3839/5387, time remaining: 3m 0s
Rendered 3840/5387, time remaining: 3m 0s
Rendered 3841/5387, time remaining: 2m 55s
Rendered 3842/5387, time remaining: 2m 55s
Rendered 3843/5387, time remaining: 2m 55s
Rendered 3844/5387, time remaining: 2m 56s
Rendered 3845/5387, time remaining: 2m 59s
Rendered 3846/5387, time remaining: 2m 59s
Rendered 3847/5387, time remaining: 2m 58s
Rendered 3848/5387, time remaining: 2m 59s
Rendered 3849/5387, time remaining: 2m 54s
Rendered 3850/5387, time remaining: 2m 54s
Rendered 3851/5387, time remaining: 2m 54s
Rendered 3852/5387, time remaining: 2m 55s
Rendered 3853/5387, time remaining: 2m 58s
Rendered 3854/5387, time remaining: 2m 58s
Rendered 3855/5387, time remaining: 2m 58s
Rendered 3856/5387, time remaining: 2m 58s
Rendered 3857/5387, time remaining: 2m 53s
Rendered 3858/5387, time remaining: 2m 52s
Rendered 3859/5387, time remaining: 2m 52s
Rendered 3860/5387, time remaining: 2m 54s
Rendered 3861/5387, time remaining: 2m 55s
Rendered 3862/5387, time remaining: 2m 58s
Rendered 3863/5387, time remaining: 2m 58s
Rendered 3864/5387, time remaining: 2m 58s
Rendered 3865/5387, time remaining: 2m 55s
Rendered 3866/5387, time remaining: 2m 52s
Rendered 3867/5387, time remaining: 2m 52s
Rendered 3868/5387, time remaining: 2m 52s
Rendered 3869/5387, time remaining: 2m 52s
Rendered 3870/5387, time remaining: 2m 57s
Rendered 3871/5387, time remaining: 2m 57s
Rendered 3872/5387, time remaining: 2m 56s
Rendered 3873/5387, time remaining: 2m 52s
Rendered 3874/5387, time remaining: 2m 52s
Rendered 3875/5387, time remaining: 2m 52s
Rendered 3876/5387, time remaining: 2m 51s
Rendered 3877/5387, time remaining: 2m 51s
Rendered 3878/5387, time remaining: 2m 56s
Rendered 3879/5387, time remaining: 2m 56s
Rendered 3880/5387, time remaining: 2m 56s
Rendered 3881/5387, time remaining: 2m 52s
Rendered 3882/5387, time remaining: 2m 51s
Rendered 3883/5387, time remaining: 2m 51s
Rendered 3884/5387, time remaining: 2m 50s
Rendered 3885/5387, time remaining: 2m 50s
Rendered 3886/5387, time remaining: 2m 55s
Rendered 3887/5387, time remaining: 2m 55s
Rendered 3888/5387, time remaining: 2m 55s
Rendered 3889/5387, time remaining: 2m 52s
Rendered 3890/5387, time remaining: 2m 50s
Rendered 3891/5387, time remaining: 2m 50s
Rendered 3892/5387, time remaining: 2m 49s
Rendered 3893/5387, time remaining: 2m 49s
Rendered 3894/5387, time remaining: 2m 53s
Rendered 3895/5387, time remaining: 2m 53s
Rendered 3896/5387, time remaining: 2m 53s
Rendered 3897/5387, time remaining: 2m 51s
Rendered 3898/5387, time remaining: 2m 50s
Rendered 3899/5387, time remaining: 2m 49s
Rendered 3900/5387, time remaining: 2m 49s
Rendered 3901/5387, time remaining: 2m 48s
Rendered 3902/5387, time remaining: 2m 53s
Rendered 3903/5387, time remaining: 2m 53s
Rendered 3904/5387, time remaining: 2m 53s
Rendered 3905/5387, time remaining: 2m 49s
Rendered 3906/5387, time remaining: 2m 47s
Rendered 3907/5387, time remaining: 2m 47s
Rendered 3908/5387, time remaining: 2m 46s
Rendered 3909/5387, time remaining: 2m 46s
Rendered 3910/5387, time remaining: 2m 51s
Rendered 3911/5387, time remaining: 2m 51s
Rendered 3912/5387, time remaining: 2m 50s
Rendered 3913/5387, time remaining: 2m 49s
Rendered 3914/5387, time remaining: 2m 46s
Rendered 3915/5387, time remaining: 2m 45s
Rendered 3916/5387, time remaining: 2m 45s
Rendered 3917/5387, time remaining: 2m 48s
Rendered 3918/5387, time remaining: 2m 50s
Rendered 3919/5387, time remaining: 2m 49s
Rendered 3920/5387, time remaining: 2m 49s
Rendered 3921/5387, time remaining: 2m 47s
Rendered 3922/5387, time remaining: 2m 44s
Rendered 3923/5387, time remaining: 2m 44s
Rendered 3924/5387, time remaining: 2m 45s
Rendered 3925/5387, time remaining: 2m 49s
Rendered 3926/5387, time remaining: 2m 50s
Rendered 3927/5387, time remaining: 2m 50s
Rendered 3928/5387, time remaining: 2m 49s
Rendered 3929/5387, time remaining: 2m 49s
Rendered 3930/5387, time remaining: 2m 45s
Rendered 3931/5387, time remaining: 2m 46s
Rendered 3932/5387, time remaining: 2m 46s
Rendered 3933/5387, time remaining: 2m 46s
Rendered 3934/5387, time remaining: 2m 49s
Rendered 3935/5387, time remaining: 2m 48s
Rendered 3936/5387, time remaining: 2m 49s
Rendered 3937/5387, time remaining: 2m 49s
Rendered 3938/5387, time remaining: 2m 44s
Rendered 3939/5387, time remaining: 2m 44s
Rendered 3940/5387, time remaining: 2m 45s
Rendered 3941/5387, time remaining: 2m 44s
Rendered 3942/5387, time remaining: 2m 47s
Rendered 3943/5387, time remaining: 2m 47s
Rendered 3944/5387, time remaining: 2m 48s
Rendered 3945/5387, time remaining: 2m 48s
Rendered 3946/5387, time remaining: 2m 43s
Rendered 3947/5387, time remaining: 2m 43s
Rendered 3948/5387, time remaining: 2m 43s
Rendered 3949/5387, time remaining: 2m 44s
Rendered 3950/5387, time remaining: 2m 47s
Rendered 3951/5387, time remaining: 2m 46s
Rendered 3952/5387, time remaining: 2m 47s
Rendered 3953/5387, time remaining: 2m 47s
Rendered 3954/5387, time remaining: 2m 42s
Rendered 3955/5387, time remaining: 2m 42s
Rendered 3956/5387, time remaining: 2m 42s
Rendered 3957/5387, time remaining: 2m 42s
Rendered 3958/5387, time remaining: 2m 43s
Rendered 3959/5387, time remaining: 2m 46s
Rendered 3960/5387, time remaining: 2m 46s
Rendered 3961/5387, time remaining: 2m 46s
Rendered 3962/5387, time remaining: 2m 42s
Rendered 3963/5387, time remaining: 2m 41s
Rendered 3964/5387, time remaining: 2m 40s
Rendered 3965/5387, time remaining: 2m 40s
Rendered 3966/5387, time remaining: 2m 40s
Rendered 3967/5387, time remaining: 2m 45s
Rendered 3968/5387, time remaining: 2m 44s
Rendered 3969/5387, time remaining: 2m 44s
Rendered 3970/5387, time remaining: 2m 42s
Rendered 3971/5387, time remaining: 2m 40s
Rendered 3972/5387, time remaining: 2m 40s
Rendered 3973/5387, time remaining: 2m 40s
Rendered 3974/5387, time remaining: 2m 39s
Rendered 3975/5387, time remaining: 2m 43s
Rendered 3976/5387, time remaining: 2m 43s
Rendered 3977/5387, time remaining: 2m 41s
Rendered 3978/5387, time remaining: 2m 41s
Rendered 3979/5387, time remaining: 2m 39s
Rendered 3980/5387, time remaining: 2m 39s
Rendered 3981/5387, time remaining: 2m 39s
Rendered 3982/5387, time remaining: 2m 39s
Rendered 3983/5387, time remaining: 2m 43s
Rendered 3984/5387, time remaining: 2m 42s
Rendered 3985/5387, time remaining: 2m 42s
Rendered 3986/5387, time remaining: 2m 40s
Rendered 3987/5387, time remaining: 2m 38s
Rendered 3988/5387, time remaining: 2m 38s
Rendered 3989/5387, time remaining: 2m 39s
Rendered 3990/5387, time remaining: 2m 39s
Rendered 3991/5387, time remaining: 2m 39s
Rendered 3992/5387, time remaining: 2m 41s
Rendered 3993/5387, time remaining: 2m 40s
Rendered 3994/5387, time remaining: 2m 39s
Rendered 3995/5387, time remaining: 2m 37s
Rendered 3996/5387, time remaining: 2m 38s
Rendered 3997/5387, time remaining: 2m 40s
Rendered 3998/5387, time remaining: 2m 40s
Rendered 3999/5387, time remaining: 2m 40s
Rendered 4000/5387, time remaining: 2m 40s
Rendered 4001/5387, time remaining: 2m 40s
Rendered 4002/5387, time remaining: 2m 38s
Rendered 4003/5387, time remaining: 2m 36s
Rendered 4004/5387, time remaining: 2m 36s
Rendered 4005/5387, time remaining: 2m 39s
Rendered 4006/5387, time remaining: 2m 39s
Rendered 4007/5387, time remaining: 2m 39s
Rendered 4008/5387, time remaining: 2m 39s
Rendered 4009/5387, time remaining: 2m 40s
Rendered 4010/5387, time remaining: 2m 38s
Rendered 4011/5387, time remaining: 2m 37s
Rendered 4012/5387, time remaining: 2m 34s
Rendered 4013/5387, time remaining: 2m 37s
Rendered 4014/5387, time remaining: 2m 37s
Rendered 4015/5387, time remaining: 2m 38s
Rendered 4016/5387, time remaining: 2m 38s
Rendered 4017/5387, time remaining: 2m 37s
Rendered 4018/5387, time remaining: 2m 38s
Rendered 4019/5387, time remaining: 2m 39s
Rendered 4020/5387, time remaining: 2m 36s
Rendered 4021/5387, time remaining: 2m 37s
Rendered 4022/5387, time remaining: 2m 37s
Rendered 4023/5387, time remaining: 2m 36s
Rendered 4024/5387, time remaining: 2m 37s
Rendered 4025/5387, time remaining: 2m 37s
Rendered 4026/5387, time remaining: 2m 39s
Rendered 4027/5387, time remaining: 2m 39s
Rendered 4028/5387, time remaining: 2m 36s
Rendered 4029/5387, time remaining: 2m 36s
Rendered 4030/5387, time remaining: 2m 36s
Rendered 4031/5387, time remaining: 2m 36s
Rendered 4032/5387, time remaining: 2m 36s
Rendered 4033/5387, time remaining: 2m 38s
Rendered 4034/5387, time remaining: 2m 39s
Rendered 4035/5387, time remaining: 2m 39s
Rendered 4036/5387, time remaining: 2m 35s
Rendered 4037/5387, time remaining: 2m 35s
Rendered 4038/5387, time remaining: 2m 35s
Rendered 4039/5387, time remaining: 2m 35s
Rendered 4040/5387, time remaining: 2m 35s
Rendered 4041/5387, time remaining: 2m 38s
Rendered 4042/5387, time remaining: 2m 38s
Rendered 4043/5387, time remaining: 2m 38s
Rendered 4044/5387, time remaining: 2m 34s
Rendered 4045/5387, time remaining: 2m 34s
Rendered 4046/5387, time remaining: 2m 34s
Rendered 4047/5387, time remaining: 2m 33s
Rendered 4048/5387, time remaining: 2m 33s
Rendered 4049/5387, time remaining: 2m 37s
Rendered 4050/5387, time remaining: 2m 37s
Rendered 4051/5387, time remaining: 2m 37s
Rendered 4052/5387, time remaining: 2m 33s
Rendered 4053/5387, time remaining: 2m 33s
Rendered 4054/5387, time remaining: 2m 32s
Rendered 4055/5387, time remaining: 2m 33s
Rendered 4056/5387, time remaining: 2m 33s
Rendered 4057/5387, time remaining: 2m 37s
Rendered 4058/5387, time remaining: 2m 37s
Rendered 4059/5387, time remaining: 2m 36s
Rendered 4060/5387, time remaining: 2m 32s
Rendered 4061/5387, time remaining: 2m 31s
Rendered 4062/5387, time remaining: 2m 31s
Rendered 4063/5387, time remaining: 2m 31s
Rendered 4064/5387, time remaining: 2m 31s
Rendered 4065/5387, time remaining: 2m 35s
Rendered 4066/5387, time remaining: 2m 35s
Rendered 4067/5387, time remaining: 2m 33s
Rendered 4068/5387, time remaining: 2m 31s
Rendered 4069/5387, time remaining: 2m 31s
Rendered 4070/5387, time remaining: 2m 31s
Rendered 4071/5387, time remaining: 2m 31s
Rendered 4072/5387, time remaining: 2m 30s
Rendered 4073/5387, time remaining: 2m 34s
Rendered 4074/5387, time remaining: 2m 34s
Rendered 4075/5387, time remaining: 2m 30s
Rendered 4076/5387, time remaining: 2m 28s
Rendered 4077/5387, time remaining: 2m 28s
Rendered 4078/5387, time remaining: 2m 28s
Rendered 4079/5387, time remaining: 2m 28s
Rendered 4080/5387, time remaining: 2m 28s
Rendered 4081/5387, time remaining: 2m 31s
Rendered 4082/5387, time remaining: 2m 31s
Rendered 4083/5387, time remaining: 2m 30s
Rendered 4084/5387, time remaining: 2m 28s
Rendered 4085/5387, time remaining: 2m 28s
Rendered 4086/5387, time remaining: 2m 28s
Rendered 4087/5387, time remaining: 2m 27s
Rendered 4088/5387, time remaining: 2m 27s
Rendered 4089/5387, time remaining: 2m 30s
Rendered 4090/5387, time remaining: 2m 30s
Rendered 4091/5387, time remaining: 2m 30s
Rendered 4092/5387, time remaining: 2m 27s
Rendered 4093/5387, time remaining: 2m 27s
Rendered 4094/5387, time remaining: 2m 26s
Rendered 4095/5387, time remaining: 2m 26s
Rendered 4096/5387, time remaining: 2m 26s
Rendered 4097/5387, time remaining: 2m 30s
Rendered 4098/5387, time remaining: 2m 30s
Rendered 4099/5387, time remaining: 2m 29s
Rendered 4100/5387, time remaining: 2m 26s
Rendered 4101/5387, time remaining: 2m 25s
Rendered 4102/5387, time remaining: 2m 25s
Rendered 4103/5387, time remaining: 2m 25s
Rendered 4104/5387, time remaining: 2m 25s
Rendered 4105/5387, time remaining: 2m 29s
Rendered 4106/5387, time remaining: 2m 28s
Rendered 4107/5387, time remaining: 2m 28s
Rendered 4108/5387, time remaining: 2m 27s
Rendered 4109/5387, time remaining: 2m 24s
Rendered 4110/5387, time remaining: 2m 24s
Rendered 4111/5387, time remaining: 2m 24s
Rendered 4112/5387, time remaining: 2m 23s
Rendered 4113/5387, time remaining: 2m 27s
Rendered 4114/5387, time remaining: 2m 27s
Rendered 4115/5387, time remaining: 2m 27s
Rendered 4116/5387, time remaining: 2m 27s
Rendered 4117/5387, time remaining: 2m 23s
Rendered 4118/5387, time remaining: 2m 23s
Rendered 4119/5387, time remaining: 2m 23s
Rendered 4120/5387, time remaining: 2m 22s
Rendered 4121/5387, time remaining: 2m 26s
Rendered 4122/5387, time remaining: 2m 26s
Rendered 4123/5387, time remaining: 2m 26s
Rendered 4124/5387, time remaining: 2m 26s
Rendered 4125/5387, time remaining: 2m 22s
Rendered 4126/5387, time remaining: 2m 22s
Rendered 4127/5387, time remaining: 2m 22s
Rendered 4128/5387, time remaining: 2m 22s
Rendered 4129/5387, time remaining: 2m 25s
Rendered 4130/5387, time remaining: 2m 25s
Rendered 4131/5387, time remaining: 2m 25s
Rendered 4132/5387, time remaining: 2m 25s
Rendered 4133/5387, time remaining: 2m 21s
Rendered 4134/5387, time remaining: 2m 21s
Rendered 4135/5387, time remaining: 2m 21s
Rendered 4136/5387, time remaining: 2m 21s
Rendered 4137/5387, time remaining: 2m 22s
Rendered 4138/5387, time remaining: 2m 24s
Rendered 4139/5387, time remaining: 2m 23s
Rendered 4140/5387, time remaining: 2m 23s
Rendered 4141/5387, time remaining: 2m 23s
Rendered 4142/5387, time remaining: 2m 21s
Rendered 4143/5387, time remaining: 2m 21s
Rendered 4144/5387, time remaining: 2m 21s
Rendered 4145/5387, time remaining: 2m 24s
Rendered 4146/5387, time remaining: 2m 24s
Rendered 4147/5387, time remaining: 2m 22s
Rendered 4148/5387, time remaining: 2m 21s
Rendered 4149/5387, time remaining: 2m 20s
Rendered 4150/5387, time remaining: 2m 20s
Rendered 4151/5387, time remaining: 2m 21s
Rendered 4152/5387, time remaining: 2m 22s
Rendered 4153/5387, time remaining: 2m 24s
Rendered 4154/5387, time remaining: 2m 24s
Rendered 4155/5387, time remaining: 2m 21s
Rendered 4156/5387, time remaining: 2m 20s
Rendered 4157/5387, time remaining: 2m 20s
Rendered 4158/5387, time remaining: 2m 20s
Rendered 4159/5387, time remaining: 2m 20s
Rendered 4160/5387, time remaining: 2m 21s
Rendered 4161/5387, time remaining: 2m 23s
Rendered 4162/5387, time remaining: 2m 23s
Rendered 4163/5387, time remaining: 2m 20s
Rendered 4164/5387, time remaining: 2m 20s
Rendered 4165/5387, time remaining: 2m 19s
Rendered 4166/5387, time remaining: 2m 19s
Rendered 4167/5387, time remaining: 2m 19s
Rendered 4168/5387, time remaining: 2m 20s
Rendered 4169/5387, time remaining: 2m 21s
Rendered 4170/5387, time remaining: 2m 20s
Rendered 4171/5387, time remaining: 2m 19s
Rendered 4172/5387, time remaining: 2m 19s
Rendered 4173/5387, time remaining: 2m 19s
Rendered 4174/5387, time remaining: 2m 18s
Rendered 4175/5387, time remaining: 2m 20s
Rendered 4176/5387, time remaining: 2m 18s
Rendered 4177/5387, time remaining: 2m 19s
Rendered 4178/5387, time remaining: 2m 18s
Rendered 4179/5387, time remaining: 2m 17s
Rendered 4180/5387, time remaining: 2m 17s
Rendered 4181/5387, time remaining: 2m 17s
Rendered 4182/5387, time remaining: 2m 17s
Rendered 4183/5387, time remaining: 2m 17s
Rendered 4184/5387, time remaining: 2m 17s
Rendered 4185/5387, time remaining: 2m 16s
Rendered 4186/5387, time remaining: 2m 16s
Rendered 4187/5387, time remaining: 2m 16s
Rendered 4188/5387, time remaining: 2m 16s
Rendered 4189/5387, time remaining: 2m 15s
Rendered 4190/5387, time remaining: 2m 16s
Rendered 4191/5387, time remaining: 2m 16s
Rendered 4192/5387, time remaining: 2m 16s
Rendered 4193/5387, time remaining: 2m 16s
Rendered 4194/5387, time remaining: 2m 16s
Rendered 4195/5387, time remaining: 2m 16s
Rendered 4196/5387, time remaining: 2m 16s
Rendered 4197/5387, time remaining: 2m 16s
Rendered 4198/5387, time remaining: 2m 16s
Rendered 4199/5387, time remaining: 2m 16s
Rendered 4200/5387, time remaining: 2m 16s
Rendered 4201/5387, time remaining: 2m 15s
Rendered 4202/5387, time remaining: 2m 15s
Rendered 4203/5387, time remaining: 2m 15s
Rendered 4204/5387, time remaining: 2m 15s
Rendered 4205/5387, time remaining: 2m 15s
Rendered 4206/5387, time remaining: 2m 15s
Rendered 4207/5387, time remaining: 2m 14s
Rendered 4208/5387, time remaining: 2m 15s
Rendered 4209/5387, time remaining: 2m 15s
Rendered 4210/5387, time remaining: 2m 15s
Rendered 4211/5387, time remaining: 2m 15s
Rendered 4212/5387, time remaining: 2m 15s
Rendered 4213/5387, time remaining: 2m 15s
Rendered 4214/5387, time remaining: 2m 14s
Rendered 4215/5387, time remaining: 2m 12s
Rendered 4216/5387, time remaining: 2m 13s
Rendered 4217/5387, time remaining: 2m 13s
Rendered 4218/5387, time remaining: 2m 13s
Rendered 4219/5387, time remaining: 2m 14s
Rendered 4220/5387, time remaining: 2m 14s
Rendered 4221/5387, time remaining: 2m 14s
Rendered 4222/5387, time remaining: 2m 13s
Rendered 4223/5387, time remaining: 2m 12s
Rendered 4224/5387, time remaining: 2m 13s
Rendered 4225/5387, time remaining: 2m 13s
Rendered 4226/5387, time remaining: 2m 13s
Rendered 4227/5387, time remaining: 2m 13s
Rendered 4228/5387, time remaining: 2m 13s
Rendered 4229/5387, time remaining: 2m 13s
Rendered 4230/5387, time remaining: 2m 13s
Rendered 4231/5387, time remaining: 2m 11s
Rendered 4232/5387, time remaining: 2m 11s
Rendered 4233/5387, time remaining: 2m 13s
Rendered 4234/5387, time remaining: 2m 13s
Rendered 4235/5387, time remaining: 2m 13s
Rendered 4236/5387, time remaining: 2m 13s
Rendered 4237/5387, time remaining: 2m 13s
Rendered 4238/5387, time remaining: 2m 13s
Rendered 4239/5387, time remaining: 2m 10s
Rendered 4240/5387, time remaining: 2m 10s
Rendered 4241/5387, time remaining: 2m 13s
Rendered 4242/5387, time remaining: 2m 13s
Rendered 4243/5387, time remaining: 2m 13s
Rendered 4244/5387, time remaining: 2m 13s
Rendered 4245/5387, time remaining: 2m 13s
Rendered 4246/5387, time remaining: 2m 13s
Rendered 4247/5387, time remaining: 2m 9s
Rendered 4248/5387, time remaining: 2m 8s
Rendered 4249/5387, time remaining: 2m 11s
Rendered 4250/5387, time remaining: 2m 12s
Rendered 4251/5387, time remaining: 2m 12s
Rendered 4252/5387, time remaining: 2m 12s
Rendered 4253/5387, time remaining: 2m 12s
Rendered 4254/5387, time remaining: 2m 13s
Rendered 4255/5387, time remaining: 2m 9s
Rendered 4256/5387, time remaining: 2m 9s
Rendered 4257/5387, time remaining: 2m 11s
Rendered 4258/5387, time remaining: 2m 11s
Rendered 4259/5387, time remaining: 2m 11s
Rendered 4260/5387, time remaining: 2m 12s
Rendered 4261/5387, time remaining: 2m 11s
Rendered 4262/5387, time remaining: 2m 12s
Rendered 4263/5387, time remaining: 2m 8s
Rendered 4264/5387, time remaining: 2m 9s
Rendered 4265/5387, time remaining: 2m 10s
Rendered 4266/5387, time remaining: 2m 10s
Rendered 4267/5387, time remaining: 2m 10s
Rendered 4268/5387, time remaining: 2m 11s
Rendered 4269/5387, time remaining: 2m 10s
Rendered 4270/5387, time remaining: 2m 10s
Rendered 4271/5387, time remaining: 2m 6s
Rendered 4272/5387, time remaining: 2m 7s
Rendered 4273/5387, time remaining: 2m 9s
Rendered 4274/5387, time remaining: 2m 10s
Rendered 4275/5387, time remaining: 2m 10s
Rendered 4276/5387, time remaining: 2m 10s
Rendered 4277/5387, time remaining: 2m 10s
Rendered 4278/5387, time remaining: 2m 10s
Rendered 4279/5387, time remaining: 2m 7s
Rendered 4280/5387, time remaining: 2m 7s
Rendered 4281/5387, time remaining: 2m 9s
Rendered 4282/5387, time remaining: 2m 9s
Rendered 4283/5387, time remaining: 2m 10s
Rendered 4284/5387, time remaining: 2m 10s
Rendered 4285/5387, time remaining: 2m 10s
Rendered 4286/5387, time remaining: 2m 10s
Rendered 4287/5387, time remaining: 2m 8s
Rendered 4288/5387, time remaining: 2m 7s
Rendered 4289/5387, time remaining: 2m 8s
Rendered 4290/5387, time remaining: 2m 8s
Rendered 4291/5387, time remaining: 2m 8s
Rendered 4292/5387, time remaining: 2m 8s
Rendered 4293/5387, time remaining: 2m 8s
Rendered 4294/5387, time remaining: 2m 8s
Rendered 4295/5387, time remaining: 2m 5s
Rendered 4296/5387, time remaining: 2m 4s
Rendered 4297/5387, time remaining: 2m 8s
Rendered 4298/5387, time remaining: 2m 8s
Rendered 4299/5387, time remaining: 2m 8s
Rendered 4300/5387, time remaining: 2m 8s
Rendered 4301/5387, time remaining: 2m 7s
Rendered 4302/5387, time remaining: 2m 5s
Rendered 4303/5387, time remaining: 2m 3s
Rendered 4304/5387, time remaining: 2m 3s
Rendered 4305/5387, time remaining: 2m 6s
Rendered 4306/5387, time remaining: 2m 6s
Rendered 4307/5387, time remaining: 2m 6s
Rendered 4308/5387, time remaining: 2m 6s
Rendered 4309/5387, time remaining: 2m 5s
Rendered 4310/5387, time remaining: 2m 4s
Rendered 4311/5387, time remaining: 2m 2s
Rendered 4312/5387, time remaining: 2m 2s
Rendered 4313/5387, time remaining: 2m 5s
Rendered 4314/5387, time remaining: 2m 5s
Rendered 4315/5387, time remaining: 2m 5s
Rendered 4316/5387, time remaining: 2m 4s
Rendered 4317/5387, time remaining: 2m 5s
Rendered 4318/5387, time remaining: 2m 3s
Rendered 4319/5387, time remaining: 2m 2s
Rendered 4320/5387, time remaining: 2m 2s
Rendered 4321/5387, time remaining: 2m 3s
Rendered 4322/5387, time remaining: 2m 3s
Rendered 4323/5387, time remaining: 2m 3s
Rendered 4324/5387, time remaining: 2m 3s
Rendered 4325/5387, time remaining: 2m 2s
Rendered 4326/5387, time remaining: 2m 2s
Rendered 4327/5387, time remaining: 2m 1s
Rendered 4328/5387, time remaining: 2m 1s
Rendered 4329/5387, time remaining: 2m 3s
Rendered 4330/5387, time remaining: 2m 3s
Rendered 4331/5387, time remaining: 2m 3s
Rendered 4332/5387, time remaining: 2m 3s
Rendered 4333/5387, time remaining: 2m 2s
Rendered 4334/5387, time remaining: 2m 1s
Rendered 4335/5387, time remaining: 2m 1s
Rendered 4336/5387, time remaining: 2m 1s
Rendered 4337/5387, time remaining: 2m 2s
Rendered 4338/5387, time remaining: 2m 2s
Rendered 4339/5387, time remaining: 2m 3s
Rendered 4340/5387, time remaining: 2m 4s
Rendered 4341/5387, time remaining: 2m 0s
Rendered 4342/5387, time remaining: 2m 0s
Rendered 4343/5387, time remaining: 2m 0s
Rendered 4344/5387, time remaining: 2m 0s
Rendered 4345/5387, time remaining: 2m 0s
Rendered 4346/5387, time remaining: 2m 0s
Rendered 4347/5387, time remaining: 2m 0s
Rendered 4348/5387, time remaining: 2m 2s
Rendered 4349/5387, time remaining: 1m 59s
Rendered 4350/5387, time remaining: 1m 59s
Rendered 4351/5387, time remaining: 1m 59s
Rendered 4352/5387, time remaining: 1m 59s
Rendered 4353/5387, time remaining: 1m 58s
Rendered 4354/5387, time remaining: 1m 58s
Rendered 4355/5387, time remaining: 1m 58s
Rendered 4356/5387, time remaining: 2m 1s
Rendered 4357/5387, time remaining: 1m 59s
Rendered 4358/5387, time remaining: 1m 58s
Rendered 4359/5387, time remaining: 1m 58s
Rendered 4360/5387, time remaining: 1m 58s
Rendered 4361/5387, time remaining: 1m 57s
Rendered 4362/5387, time remaining: 1m 57s
Rendered 4363/5387, time remaining: 1m 57s
Rendered 4364/5387, time remaining: 2m 0s
Rendered 4365/5387, time remaining: 1m 58s
Rendered 4366/5387, time remaining: 1m 57s
Rendered 4367/5387, time remaining: 1m 57s
Rendered 4368/5387, time remaining: 1m 57s
Rendered 4369/5387, time remaining: 1m 57s
Rendered 4370/5387, time remaining: 1m 57s
Rendered 4371/5387, time remaining: 1m 56s
Rendered 4372/5387, time remaining: 1m 57s
Rendered 4373/5387, time remaining: 1m 56s
Rendered 4374/5387, time remaining: 1m 56s
Rendered 4375/5387, time remaining: 1m 56s
Rendered 4376/5387, time remaining: 1m 56s
Rendered 4377/5387, time remaining: 1m 56s
Rendered 4378/5387, time remaining: 1m 55s
Rendered 4379/5387, time remaining: 1m 56s
Rendered 4380/5387, time remaining: 1m 56s
Rendered 4381/5387, time remaining: 1m 55s
Rendered 4382/5387, time remaining: 1m 55s
Rendered 4383/5387, time remaining: 1m 54s
Rendered 4384/5387, time remaining: 1m 54s
Rendered 4385/5387, time remaining: 1m 54s
Rendered 4386/5387, time remaining: 1m 54s
Rendered 4387/5387, time remaining: 1m 53s
Rendered 4388/5387, time remaining: 1m 53s
Rendered 4389/5387, time remaining: 1m 55s
Rendered 4390/5387, time remaining: 1m 55s
Rendered 4391/5387, time remaining: 1m 53s
Rendered 4392/5387, time remaining: 1m 52s
Rendered 4393/5387, time remaining: 1m 52s
Rendered 4394/5387, time remaining: 1m 52s
Rendered 4395/5387, time remaining: 1m 52s
Rendered 4396/5387, time remaining: 1m 51s
Rendered 4397/5387, time remaining: 1m 54s
Rendered 4398/5387, time remaining: 1m 54s
Rendered 4399/5387, time remaining: 1m 52s
Rendered 4400/5387, time remaining: 1m 51s
Rendered 4401/5387, time remaining: 1m 51s
Rendered 4402/5387, time remaining: 1m 51s
Rendered 4403/5387, time remaining: 1m 51s
Rendered 4404/5387, time remaining: 1m 50s
Rendered 4405/5387, time remaining: 1m 52s
Rendered 4406/5387, time remaining: 1m 52s
Rendered 4407/5387, time remaining: 1m 50s
Rendered 4408/5387, time remaining: 1m 50s
Rendered 4409/5387, time remaining: 1m 50s
Rendered 4410/5387, time remaining: 1m 50s
Rendered 4411/5387, time remaining: 1m 50s
Rendered 4412/5387, time remaining: 1m 50s
Rendered 4413/5387, time remaining: 1m 52s
Rendered 4414/5387, time remaining: 1m 51s
Rendered 4415/5387, time remaining: 1m 50s
Rendered 4416/5387, time remaining: 1m 50s
Rendered 4417/5387, time remaining: 1m 50s
Rendered 4418/5387, time remaining: 1m 49s
Rendered 4419/5387, time remaining: 1m 49s
Rendered 4420/5387, time remaining: 1m 49s
Rendered 4421/5387, time remaining: 1m 52s
Rendered 4422/5387, time remaining: 1m 51s
Rendered 4423/5387, time remaining: 1m 49s
Rendered 4424/5387, time remaining: 1m 48s
Rendered 4425/5387, time remaining: 1m 48s
Rendered 4426/5387, time remaining: 1m 48s
Rendered 4427/5387, time remaining: 1m 48s
Rendered 4428/5387, time remaining: 1m 47s
Rendered 4429/5387, time remaining: 1m 49s
Rendered 4430/5387, time remaining: 1m 49s
Rendered 4431/5387, time remaining: 1m 47s
Rendered 4432/5387, time remaining: 1m 47s
Rendered 4433/5387, time remaining: 1m 46s
Rendered 4434/5387, time remaining: 1m 46s
Rendered 4435/5387, time remaining: 1m 45s
Rendered 4436/5387, time remaining: 1m 45s
Rendered 4437/5387, time remaining: 1m 47s
Rendered 4438/5387, time remaining: 1m 48s
Rendered 4439/5387, time remaining: 1m 46s
Rendered 4440/5387, time remaining: 1m 46s
Rendered 4441/5387, time remaining: 1m 46s
Rendered 4442/5387, time remaining: 1m 46s
Rendered 4443/5387, time remaining: 1m 45s
Rendered 4444/5387, time remaining: 1m 45s
Rendered 4445/5387, time remaining: 1m 48s
Rendered 4446/5387, time remaining: 1m 48s
Rendered 4447/5387, time remaining: 1m 45s
Rendered 4448/5387, time remaining: 1m 44s
Rendered 4449/5387, time remaining: 1m 44s
Rendered 4450/5387, time remaining: 1m 44s
Rendered 4451/5387, time remaining: 1m 44s
Rendered 4452/5387, time remaining: 1m 44s
Rendered 4453/5387, time remaining: 1m 47s
Rendered 4454/5387, time remaining: 1m 47s
Rendered 4455/5387, time remaining: 1m 44s
Rendered 4456/5387, time remaining: 1m 44s
Rendered 4457/5387, time remaining: 1m 44s
Rendered 4458/5387, time remaining: 1m 44s
Rendered 4459/5387, time remaining: 1m 43s
Rendered 4460/5387, time remaining: 1m 43s
Rendered 4461/5387, time remaining: 1m 46s
Rendered 4462/5387, time remaining: 1m 46s
Rendered 4463/5387, time remaining: 1m 43s
Rendered 4464/5387, time remaining: 1m 43s
Rendered 4465/5387, time remaining: 1m 43s
Rendered 4466/5387, time remaining: 1m 43s
Rendered 4467/5387, time remaining: 1m 42s
Rendered 4468/5387, time remaining: 1m 42s
Rendered 4469/5387, time remaining: 1m 45s
Rendered 4470/5387, time remaining: 1m 44s
Rendered 4471/5387, time remaining: 1m 43s
Rendered 4472/5387, time remaining: 1m 43s
Rendered 4473/5387, time remaining: 1m 43s
Rendered 4474/5387, time remaining: 1m 42s
Rendered 4475/5387, time remaining: 1m 42s
Rendered 4476/5387, time remaining: 1m 42s
Rendered 4477/5387, time remaining: 1m 44s
Rendered 4478/5387, time remaining: 1m 44s
Rendered 4479/5387, time remaining: 1m 42s
Rendered 4480/5387, time remaining: 1m 41s
Rendered 4481/5387, time remaining: 1m 41s
Rendered 4482/5387, time remaining: 1m 40s
Rendered 4483/5387, time remaining: 1m 41s
Rendered 4484/5387, time remaining: 1m 40s
Rendered 4485/5387, time remaining: 1m 42s
Rendered 4486/5387, time remaining: 1m 42s
Rendered 4487/5387, time remaining: 1m 42s
Rendered 4488/5387, time remaining: 1m 42s
Rendered 4489/5387, time remaining: 1m 41s
Rendered 4490/5387, time remaining: 1m 40s
Rendered 4491/5387, time remaining: 1m 40s
Rendered 4492/5387, time remaining: 1m 40s
Rendered 4493/5387, time remaining: 1m 40s
Rendered 4494/5387, time remaining: 1m 40s
Rendered 4495/5387, time remaining: 1m 40s
Rendered 4496/5387, time remaining: 1m 42s
Rendered 4497/5387, time remaining: 1m 41s
Rendered 4498/5387, time remaining: 1m 39s
Rendered 4499/5387, time remaining: 1m 39s
Rendered 4500/5387, time remaining: 1m 39s
Rendered 4501/5387, time remaining: 1m 39s
Rendered 4502/5387, time remaining: 1m 39s
Rendered 4503/5387, time remaining: 1m 38s
Rendered 4504/5387, time remaining: 1m 41s
Rendered 4505/5387, time remaining: 1m 41s
Rendered 4506/5387, time remaining: 1m 38s
Rendered 4507/5387, time remaining: 1m 38s
Rendered 4508/5387, time remaining: 1m 38s
Rendered 4509/5387, time remaining: 1m 38s
Rendered 4510/5387, time remaining: 1m 38s
Rendered 4511/5387, time remaining: 1m 38s
Rendered 4512/5387, time remaining: 1m 39s
Rendered 4513/5387, time remaining: 1m 39s
Rendered 4514/5387, time remaining: 1m 37s
Rendered 4515/5387, time remaining: 1m 37s
Rendered 4516/5387, time remaining: 1m 37s
Rendered 4517/5387, time remaining: 1m 38s
Rendered 4518/5387, time remaining: 1m 38s
Rendered 4519/5387, time remaining: 1m 37s
Rendered 4520/5387, time remaining: 1m 38s
Rendered 4521/5387, time remaining: 1m 38s
Rendered 4522/5387, time remaining: 1m 38s
Rendered 4523/5387, time remaining: 1m 36s
Rendered 4524/5387, time remaining: 1m 36s
Rendered 4525/5387, time remaining: 1m 36s
Rendered 4526/5387, time remaining: 1m 36s
Rendered 4527/5387, time remaining: 1m 36s
Rendered 4528/5387, time remaining: 1m 37s
Rendered 4529/5387, time remaining: 1m 36s
Rendered 4530/5387, time remaining: 1m 37s
Rendered 4531/5387, time remaining: 1m 35s
Rendered 4532/5387, time remaining: 1m 35s
Rendered 4533/5387, time remaining: 1m 36s
Rendered 4534/5387, time remaining: 1m 36s
Rendered 4535/5387, time remaining: 1m 36s
Rendered 4536/5387, time remaining: 1m 36s
Rendered 4537/5387, time remaining: 1m 36s
Rendered 4538/5387, time remaining: 1m 36s
Rendered 4539/5387, time remaining: 1m 34s
Rendered 4540/5387, time remaining: 1m 34s
Rendered 4541/5387, time remaining: 1m 35s
Rendered 4542/5387, time remaining: 1m 36s
Rendered 4543/5387, time remaining: 1m 36s
Rendered 4544/5387, time remaining: 1m 36s
Rendered 4545/5387, time remaining: 1m 36s
Rendered 4546/5387, time remaining: 1m 36s
Rendered 4547/5387, time remaining: 1m 34s
Rendered 4548/5387, time remaining: 1m 33s
Rendered 4549/5387, time remaining: 1m 36s
Rendered 4550/5387, time remaining: 1m 36s
Rendered 4551/5387, time remaining: 1m 36s
Rendered 4552/5387, time remaining: 1m 36s
Rendered 4553/5387, time remaining: 1m 35s
Rendered 4554/5387, time remaining: 1m 35s
Rendered 4555/5387, time remaining: 1m 33s
Rendered 4556/5387, time remaining: 1m 33s
Rendered 4557/5387, time remaining: 1m 35s
Rendered 4558/5387, time remaining: 1m 35s
Rendered 4559/5387, time remaining: 1m 35s
Rendered 4560/5387, time remaining: 1m 35s
Rendered 4561/5387, time remaining: 1m 34s
Rendered 4562/5387, time remaining: 1m 34s
Rendered 4563/5387, time remaining: 1m 32s
Rendered 4564/5387, time remaining: 1m 32s
Rendered 4565/5387, time remaining: 1m 33s
Rendered 4566/5387, time remaining: 1m 34s
Rendered 4567/5387, time remaining: 1m 34s
Rendered 4568/5387, time remaining: 1m 34s
Rendered 4569/5387, time remaining: 1m 34s
Rendered 4570/5387, time remaining: 1m 34s
Rendered 4571/5387, time remaining: 1m 31s
Rendered 4572/5387, time remaining: 1m 31s
Rendered 4573/5387, time remaining: 1m 31s
Rendered 4574/5387, time remaining: 1m 33s
Rendered 4575/5387, time remaining: 1m 33s
Rendered 4576/5387, time remaining: 1m 33s
Rendered 4577/5387, time remaining: 1m 33s
Rendered 4578/5387, time remaining: 1m 33s
Rendered 4579/5387, time remaining: 1m 31s
Rendered 4580/5387, time remaining: 1m 30s
Rendered 4581/5387, time remaining: 1m 30s
Rendered 4582/5387, time remaining: 1m 32s
Rendered 4583/5387, time remaining: 1m 32s
Rendered 4584/5387, time remaining: 1m 32s
Rendered 4585/5387, time remaining: 1m 32s
Rendered 4586/5387, time remaining: 1m 32s
Rendered 4587/5387, time remaining: 1m 30s
Rendered 4588/5387, time remaining: 1m 29s
Rendered 4589/5387, time remaining: 1m 29s
Rendered 4590/5387, time remaining: 1m 30s
Rendered 4591/5387, time remaining: 1m 31s
Rendered 4592/5387, time remaining: 1m 31s
Rendered 4593/5387, time remaining: 1m 31s
Rendered 4594/5387, time remaining: 1m 31s
Rendered 4595/5387, time remaining: 1m 29s
Rendered 4596/5387, time remaining: 1m 28s
Rendered 4597/5387, time remaining: 1m 28s
Rendered 4598/5387, time remaining: 1m 29s
Rendered 4599/5387, time remaining: 1m 30s
Rendered 4600/5387, time remaining: 1m 30s
Rendered 4601/5387, time remaining: 1m 30s
Rendered 4602/5387, time remaining: 1m 30s
Rendered 4603/5387, time remaining: 1m 27s
Rendered 4604/5387, time remaining: 1m 27s
Rendered 4605/5387, time remaining: 1m 28s
Rendered 4606/5387, time remaining: 1m 29s
Rendered 4607/5387, time remaining: 1m 29s
Rendered 4608/5387, time remaining: 1m 29s
Rendered 4609/5387, time remaining: 1m 29s
Rendered 4610/5387, time remaining: 1m 29s
Rendered 4611/5387, time remaining: 1m 26s
Rendered 4612/5387, time remaining: 1m 26s
Rendered 4613/5387, time remaining: 1m 26s
Rendered 4614/5387, time remaining: 1m 27s
Rendered 4615/5387, time remaining: 1m 27s
Rendered 4616/5387, time remaining: 1m 28s
Rendered 4617/5387, time remaining: 1m 28s
Rendered 4618/5387, time remaining: 1m 28s
Rendered 4619/5387, time remaining: 1m 25s
Rendered 4620/5387, time remaining: 1m 25s
Rendered 4621/5387, time remaining: 1m 26s
Rendered 4622/5387, time remaining: 1m 26s
Rendered 4623/5387, time remaining: 1m 26s
Rendered 4624/5387, time remaining: 1m 27s
Rendered 4625/5387, time remaining: 1m 27s
Rendered 4626/5387, time remaining: 1m 27s
Rendered 4627/5387, time remaining: 1m 25s
Rendered 4628/5387, time remaining: 1m 25s
Rendered 4629/5387, time remaining: 1m 25s
Rendered 4630/5387, time remaining: 1m 25s
Rendered 4631/5387, time remaining: 1m 24s
Rendered 4632/5387, time remaining: 1m 26s
Rendered 4633/5387, time remaining: 1m 26s
Rendered 4634/5387, time remaining: 1m 26s
Rendered 4635/5387, time remaining: 1m 24s
Rendered 4636/5387, time remaining: 1m 24s
Rendered 4637/5387, time remaining: 1m 24s
Rendered 4638/5387, time remaining: 1m 24s
Rendered 4639/5387, time remaining: 1m 24s
Rendered 4640/5387, time remaining: 1m 24s
Rendered 4641/5387, time remaining: 1m 24s
Rendered 4642/5387, time remaining: 1m 24s
Rendered 4643/5387, time remaining: 1m 25s
Rendered 4644/5387, time remaining: 1m 24s
Rendered 4645/5387, time remaining: 1m 24s
Rendered 4646/5387, time remaining: 1m 22s
Rendered 4647/5387, time remaining: 1m 22s
Rendered 4648/5387, time remaining: 1m 23s
Rendered 4649/5387, time remaining: 1m 22s
Rendered 4650/5387, time remaining: 1m 23s
Rendered 4651/5387, time remaining: 1m 24s
Rendered 4652/5387, time remaining: 1m 24s
Rendered 4653/5387, time remaining: 1m 24s
Rendered 4654/5387, time remaining: 1m 22s
Rendered 4655/5387, time remaining: 1m 21s
Rendered 4656/5387, time remaining: 1m 21s
Rendered 4657/5387, time remaining: 1m 21s
Rendered 4658/5387, time remaining: 1m 21s
Rendered 4659/5387, time remaining: 1m 22s
Rendered 4660/5387, time remaining: 1m 22s
Rendered 4661/5387, time remaining: 1m 22s
Rendered 4662/5387, time remaining: 1m 21s
Rendered 4663/5387, time remaining: 1m 22s
Rendered 4664/5387, time remaining: 1m 21s
Rendered 4665/5387, time remaining: 1m 20s
Rendered 4666/5387, time remaining: 1m 21s
Rendered 4667/5387, time remaining: 1m 21s
Rendered 4668/5387, time remaining: 1m 21s
Rendered 4669/5387, time remaining: 1m 21s
Rendered 4670/5387, time remaining: 1m 20s
Rendered 4671/5387, time remaining: 1m 21s
Rendered 4672/5387, time remaining: 1m 20s
Rendered 4673/5387, time remaining: 1m 20s
Rendered 4674/5387, time remaining: 1m 20s
Rendered 4675/5387, time remaining: 1m 20s
Rendered 4676/5387, time remaining: 1m 20s
Rendered 4677/5387, time remaining: 1m 20s
Rendered 4678/5387, time remaining: 1m 20s
Rendered 4679/5387, time remaining: 1m 19s
Rendered 4680/5387, time remaining: 1m 20s
Rendered 4681/5387, time remaining: 1m 20s
Rendered 4682/5387, time remaining: 1m 20s
Rendered 4683/5387, time remaining: 1m 19s
Rendered 4684/5387, time remaining: 1m 18s
Rendered 4685/5387, time remaining: 1m 19s
Rendered 4686/5387, time remaining: 1m 18s
Rendered 4687/5387, time remaining: 1m 18s
Rendered 4688/5387, time remaining: 1m 19s
Rendered 4689/5387, time remaining: 1m 19s
Rendered 4690/5387, time remaining: 1m 19s
Rendered 4691/5387, time remaining: 1m 18s
Rendered 4692/5387, time remaining: 1m 17s
Rendered 4693/5387, time remaining: 1m 17s
Rendered 4694/5387, time remaining: 1m 17s
Rendered 4695/5387, time remaining: 1m 17s
Rendered 4696/5387, time remaining: 1m 18s
Rendered 4697/5387, time remaining: 1m 18s
Rendered 4698/5387, time remaining: 1m 18s
Rendered 4699/5387, time remaining: 1m 16s
Rendered 4700/5387, time remaining: 1m 16s
Rendered 4701/5387, time remaining: 1m 15s
Rendered 4702/5387, time remaining: 1m 15s
Rendered 4703/5387, time remaining: 1m 15s
Rendered 4704/5387, time remaining: 1m 17s
Rendered 4705/5387, time remaining: 1m 17s
Rendered 4706/5387, time remaining: 1m 17s
Rendered 4707/5387, time remaining: 1m 15s
Rendered 4708/5387, time remaining: 1m 14s
Rendered 4709/5387, time remaining: 1m 15s
Rendered 4710/5387, time remaining: 1m 15s
Rendered 4711/5387, time remaining: 1m 15s
Rendered 4712/5387, time remaining: 1m 16s
Rendered 4713/5387, time remaining: 1m 16s
Rendered 4714/5387, time remaining: 1m 16s
Rendered 4715/5387, time remaining: 1m 15s
Rendered 4716/5387, time remaining: 1m 14s
Rendered 4717/5387, time remaining: 1m 14s
Rendered 4718/5387, time remaining: 1m 14s
Rendered 4719/5387, time remaining: 1m 14s
Rendered 4720/5387, time remaining: 1m 15s
Rendered 4721/5387, time remaining: 1m 15s
Rendered 4722/5387, time remaining: 1m 15s
Rendered 4723/5387, time remaining: 1m 15s
Rendered 4724/5387, time remaining: 1m 13s
Rendered 4725/5387, time remaining: 1m 12s
Rendered 4726/5387, time remaining: 1m 14s
Rendered 4727/5387, time remaining: 1m 14s
Rendered 4728/5387, time remaining: 1m 14s
Rendered 4729/5387, time remaining: 1m 13s
Rendered 4730/5387, time remaining: 1m 13s
Rendered 4731/5387, time remaining: 1m 14s
Rendered 4732/5387, time remaining: 1m 12s
Rendered 4733/5387, time remaining: 1m 12s
Rendered 4734/5387, time remaining: 1m 12s
Rendered 4735/5387, time remaining: 1m 13s
Rendered 4736/5387, time remaining: 1m 13s
Rendered 4737/5387, time remaining: 1m 13s
Rendered 4738/5387, time remaining: 1m 13s
Rendered 4739/5387, time remaining: 1m 13s
Rendered 4740/5387, time remaining: 1m 12s
Rendered 4741/5387, time remaining: 1m 11s
Rendered 4742/5387, time remaining: 1m 11s
Rendered 4743/5387, time remaining: 1m 11s
Rendered 4744/5387, time remaining: 1m 11s
Rendered 4745/5387, time remaining: 1m 12s
Rendered 4746/5387, time remaining: 1m 12s
Rendered 4747/5387, time remaining: 1m 12s
Rendered 4748/5387, time remaining: 1m 12s
Rendered 4749/5387, time remaining: 1m 11s
Rendered 4750/5387, time remaining: 1m 11s
Rendered 4751/5387, time remaining: 1m 10s
Rendered 4752/5387, time remaining: 1m 10s
Rendered 4753/5387, time remaining: 1m 10s
Rendered 4754/5387, time remaining: 1m 10s
Rendered 4755/5387, time remaining: 1m 10s
Rendered 4756/5387, time remaining: 1m 10s
Rendered 4757/5387, time remaining: 1m 10s
Rendered 4758/5387, time remaining: 1m 10s
Rendered 4759/5387, time remaining: 1m 10s
Rendered 4760/5387, time remaining: 1m 9s
Rendered 4761/5387, time remaining: 1m 10s
Rendered 4762/5387, time remaining: 1m 10s
Rendered 4763/5387, time remaining: 1m 10s
Rendered 4764/5387, time remaining: 1m 10s
Rendered 4765/5387, time remaining: 1m 10s
Rendered 4766/5387, time remaining: 1m 10s
Rendered 4767/5387, time remaining: 1m 9s
Rendered 4768/5387, time remaining: 1m 9s
Rendered 4769/5387, time remaining: 1m 9s
Rendered 4770/5387, time remaining: 1m 10s
Rendered 4771/5387, time remaining: 1m 10s
Rendered 4772/5387, time remaining: 1m 9s
Rendered 4773/5387, time remaining: 1m 10s
Rendered 4774/5387, time remaining: 1m 9s
Rendered 4775/5387, time remaining: 1m 8s
Rendered 4776/5387, time remaining: 1m 8s
Rendered 4777/5387, time remaining: 1m 8s
Rendered 4778/5387, time remaining: 1m 8s
Rendered 4779/5387, time remaining: 1m 9s
Rendered 4780/5387, time remaining: 1m 9s
Rendered 4781/5387, time remaining: 1m 9s
Rendered 4782/5387, time remaining: 1m 8s
Rendered 4783/5387, time remaining: 1m 8s
Rendered 4784/5387, time remaining: 1m 8s
Rendered 4785/5387, time remaining: 1m 8s
Rendered 4786/5387, time remaining: 1m 8s
Rendered 4787/5387, time remaining: 1m 8s
Rendered 4788/5387, time remaining: 1m 8s
Rendered 4789/5387, time remaining: 1m 8s
Rendered 4790/5387, time remaining: 1m 8s
Rendered 4791/5387, time remaining: 1m 8s
Rendered 4792/5387, time remaining: 1m 7s
Rendered 4793/5387, time remaining: 1m 6s
Rendered 4794/5387, time remaining: 1m 7s
Rendered 4795/5387, time remaining: 1m 7s
Rendered 4796/5387, time remaining: 1m 8s
Rendered 4797/5387, time remaining: 1m 8s
Rendered 4798/5387, time remaining: 1m 8s
Rendered 4799/5387, time remaining: 1m 8s
Rendered 4800/5387, time remaining: 1m 7s
Rendered 4801/5387, time remaining: 1m 6s
Rendered 4802/5387, time remaining: 1m 6s
Rendered 4803/5387, time remaining: 1m 6s
Rendered 4804/5387, time remaining: 1m 6s
Rendered 4805/5387, time remaining: 1m 6s
Rendered 4806/5387, time remaining: 1m 7s
Rendered 4807/5387, time remaining: 1m 8s
Rendered 4808/5387, time remaining: 1m 8s
Rendered 4809/5387, time remaining: 1m 6s
Rendered 4810/5387, time remaining: 1m 6s
Rendered 4811/5387, time remaining: 1m 6s
Rendered 4812/5387, time remaining: 1m 6s
Rendered 4813/5387, time remaining: 1m 6s
Rendered 4814/5387, time remaining: 1m 7s
Rendered 4815/5387, time remaining: 1m 7s
Rendered 4816/5387, time remaining: 1m 7s
Rendered 4817/5387, time remaining: 1m 6s
Rendered 4818/5387, time remaining: 1m 6s
Rendered 4819/5387, time remaining: 1m 5s
Rendered 4820/5387, time remaining: 1m 5s
Rendered 4821/5387, time remaining: 1m 5s
Rendered 4822/5387, time remaining: 1m 6s
Rendered 4823/5387, time remaining: 1m 6s
Rendered 4824/5387, time remaining: 1m 6s
Rendered 4825/5387, time remaining: 1m 5s
Rendered 4826/5387, time remaining: 1m 5s
Rendered 4827/5387, time remaining: 1m 5s
Rendered 4828/5387, time remaining: 1m 5s
Rendered 4829/5387, time remaining: 1m 4s
Rendered 4830/5387, time remaining: 1m 4s
Rendered 4831/5387, time remaining: 1m 5s
Rendered 4832/5387, time remaining: 1m 5s
Rendered 4833/5387, time remaining: 1m 5s
Rendered 4834/5387, time remaining: 1m 4s
Rendered 4835/5387, time remaining: 1m 4s
Rendered 4836/5387, time remaining: 1m 4s
Rendered 4837/5387, time remaining: 1m 4s
Rendered 4838/5387, time remaining: 1m 3s
Rendered 4839/5387, time remaining: 1m 4s
Rendered 4840/5387, time remaining: 1m 4s
Rendered 4841/5387, time remaining: 1m 3s
Rendered 4842/5387, time remaining: 1m 3s
Rendered 4843/5387, time remaining: 1m 3s
Rendered 4844/5387, time remaining: 1m 3s
Rendered 4845/5387, time remaining: 1m 3s
Rendered 4846/5387, time remaining: 1m 3s
Rendered 4847/5387, time remaining: 1m 3s
Rendered 4848/5387, time remaining: 1m 3s
Rendered 4849/5387, time remaining: 1m 3s
Rendered 4850/5387, time remaining: 1m 3s
Rendered 4851/5387, time remaining: 1m 3s
Rendered 4852/5387, time remaining: 1m 3s
Rendered 4853/5387, time remaining: 1m 3s
Rendered 4854/5387, time remaining: 1m 2s
Rendered 4855/5387, time remaining: 1m 2s
Rendered 4856/5387, time remaining: 1m 2s
Rendered 4857/5387, time remaining: 1m 2s
Rendered 4858/5387, time remaining: 1m 2s
Rendered 4859/5387, time remaining: 1m 2s
Rendered 4860/5387, time remaining: 1m 2s
Rendered 4861/5387, time remaining: 1m 2s
Rendered 4862/5387, time remaining: 1m 1s
Rendered 4863/5387, time remaining: 1m 1s
Rendered 4864/5387, time remaining: 1m 1s
Rendered 4865/5387, time remaining: 1m 1s
Rendered 4866/5387, time remaining: 1m 1s
Rendered 4867/5387, time remaining: 1m 1s
Rendered 4868/5387, time remaining: 1m 1s
Rendered 4869/5387, time remaining: 1m 1s
Rendered 4870/5387, time remaining: 1m 0s
Rendered 4871/5387, time remaining: 1m 0s
Rendered 4872/5387, time remaining: 1m 0s
Rendered 4873/5387, time remaining: 1m 0s
Rendered 4874/5387, time remaining: 1m 0s
Rendered 4875/5387, time remaining: 1m 1s
Rendered 4876/5387, time remaining: 1m 0s
Rendered 4877/5387, time remaining: 1m 0s
Rendered 4878/5387, time remaining: 1m 0s
Rendered 4879/5387, time remaining: 1m 0s
Rendered 4880/5387, time remaining: 1m 0s
Rendered 4881/5387, time remaining: 59s
Rendered 4882/5387, time remaining: 59s
Rendered 4883/5387, time remaining: 59s
Rendered 4884/5387, time remaining: 59s
Rendered 4885/5387, time remaining: 59s
Rendered 4886/5387, time remaining: 58s
Rendered 4887/5387, time remaining: 58s
Rendered 4888/5387, time remaining: 58s
Rendered 4889/5387, time remaining: 58s
Rendered 4890/5387, time remaining: 58s
Rendered 4891/5387, time remaining: 59s
Rendered 4892/5387, time remaining: 58s
Rendered 4893/5387, time remaining: 59s
Rendered 4894/5387, time remaining: 58s
Rendered 4895/5387, time remaining: 58s
Rendered 4896/5387, time remaining: 58s
Rendered 4897/5387, time remaining: 58s
Rendered 4898/5387, time remaining: 57s
Rendered 4899/5387, time remaining: 57s
Rendered 4900/5387, time remaining: 57s
Rendered 4901/5387, time remaining: 57s
Rendered 4902/5387, time remaining: 57s
Rendered 4903/5387, time remaining: 58s
Rendered 4904/5387, time remaining: 58s
Rendered 4905/5387, time remaining: 57s
Rendered 4906/5387, time remaining: 57s
Rendered 4907/5387, time remaining: 56s
Rendered 4908/5387, time remaining: 56s
Rendered 4909/5387, time remaining: 56s
Rendered 4910/5387, time remaining: 56s
Rendered 4911/5387, time remaining: 56s
Rendered 4912/5387, time remaining: 55s
Rendered 4913/5387, time remaining: 55s
Rendered 4914/5387, time remaining: 55s
Rendered 4915/5387, time remaining: 55s
Rendered 4916/5387, time remaining: 55s
Rendered 4917/5387, time remaining: 55s
Rendered 4918/5387, time remaining: 55s
Rendered 4919/5387, time remaining: 55s
Rendered 4920/5387, time remaining: 54s
Rendered 4921/5387, time remaining: 54s
Rendered 4922/5387, time remaining: 54s
Rendered 4923/5387, time remaining: 53s
Rendered 4924/5387, time remaining: 54s
Rendered 4925/5387, time remaining: 54s
Rendered 4926/5387, time remaining: 54s
Rendered 4927/5387, time remaining: 54s
Rendered 4928/5387, time remaining: 54s
Rendered 4929/5387, time remaining: 53s
Rendered 4930/5387, time remaining: 53s
Rendered 4931/5387, time remaining: 53s
Rendered 4932/5387, time remaining: 53s
Rendered 4933/5387, time remaining: 53s
Rendered 4934/5387, time remaining: 53s
Rendered 4935/5387, time remaining: 53s
Rendered 4936/5387, time remaining: 52s
Rendered 4937/5387, time remaining: 52s
Rendered 4938/5387, time remaining: 52s
Rendered 4939/5387, time remaining: 52s
Rendered 4940/5387, time remaining: 52s
Rendered 4941/5387, time remaining: 52s
Rendered 4942/5387, time remaining: 52s
Rendered 4943/5387, time remaining: 52s
Rendered 4944/5387, time remaining: 51s
Rendered 4945/5387, time remaining: 51s
Rendered 4946/5387, time remaining: 51s
Rendered 4947/5387, time remaining: 51s
Rendered 4948/5387, time remaining: 51s
Rendered 4949/5387, time remaining: 51s
Rendered 4950/5387, time remaining: 51s
Rendered 4951/5387, time remaining: 51s
Rendered 4952/5387, time remaining: 51s
Rendered 4953/5387, time remaining: 50s
Rendered 4954/5387, time remaining: 50s
Rendered 4955/5387, time remaining: 50s
Rendered 4956/5387, time remaining: 50s
Rendered 4957/5387, time remaining: 49s
Rendered 4958/5387, time remaining: 49s
Rendered 4959/5387, time remaining: 49s
Rendered 4960/5387, time remaining: 49s
Rendered 4961/5387, time remaining: 48s
Rendered 4962/5387, time remaining: 48s
Rendered 4963/5387, time remaining: 48s
Rendered 4964/5387, time remaining: 49s
Rendered 4965/5387, time remaining: 48s
Rendered 4966/5387, time remaining: 48s
Rendered 4967/5387, time remaining: 48s
Rendered 4968/5387, time remaining: 47s
Rendered 4969/5387, time remaining: 47s
Rendered 4970/5387, time remaining: 47s
Rendered 4971/5387, time remaining: 47s
Rendered 4972/5387, time remaining: 48s
Rendered 4973/5387, time remaining: 47s
Rendered 4974/5387, time remaining: 47s
Rendered 4975/5387, time remaining: 47s
Rendered 4976/5387, time remaining: 46s
Rendered 4977/5387, time remaining: 46s
Rendered 4978/5387, time remaining: 46s
Rendered 4979/5387, time remaining: 46s
Rendered 4980/5387, time remaining: 47s
Rendered 4981/5387, time remaining: 46s
Rendered 4982/5387, time remaining: 46s
Rendered 4983/5387, time remaining: 46s
Rendered 4984/5387, time remaining: 46s
Rendered 4985/5387, time remaining: 45s
Rendered 4986/5387, time remaining: 45s
Rendered 4987/5387, time remaining: 45s
Rendered 4988/5387, time remaining: 45s
Rendered 4989/5387, time remaining: 45s
Rendered 4990/5387, time remaining: 45s
Rendered 4991/5387, time remaining: 45s
Rendered 4992/5387, time remaining: 45s
Rendered 4993/5387, time remaining: 45s
Rendered 4994/5387, time remaining: 45s
Rendered 4995/5387, time remaining: 44s
Rendered 4996/5387, time remaining: 43s
Rendered 4997/5387, time remaining: 43s
Rendered 4998/5387, time remaining: 44s
Rendered 4999/5387, time remaining: 44s
Rendered 5000/5387, time remaining: 44s
Rendered 5001/5387, time remaining: 44s
Rendered 5002/5387, time remaining: 43s
Rendered 5003/5387, time remaining: 43s
Rendered 5004/5387, time remaining: 43s
Rendered 5005/5387, time remaining: 43s
Rendered 5006/5387, time remaining: 43s
Rendered 5007/5387, time remaining: 43s
Rendered 5008/5387, time remaining: 43s
Rendered 5009/5387, time remaining: 42s
Rendered 5010/5387, time remaining: 42s
Rendered 5011/5387, time remaining: 42s
Rendered 5012/5387, time remaining: 42s
Rendered 5013/5387, time remaining: 41s
Rendered 5014/5387, time remaining: 42s
Rendered 5015/5387, time remaining: 42s
Rendered 5016/5387, time remaining: 42s
Rendered 5017/5387, time remaining: 41s
Rendered 5018/5387, time remaining: 41s
Rendered 5019/5387, time remaining: 41s
Rendered 5020/5387, time remaining: 41s
Rendered 5021/5387, time remaining: 41s
Rendered 5022/5387, time remaining: 41s
Rendered 5023/5387, time remaining: 41s
Rendered 5024/5387, time remaining: 41s
Rendered 5025/5387, time remaining: 40s
Rendered 5026/5387, time remaining: 40s
Rendered 5027/5387, time remaining: 40s
Rendered 5028/5387, time remaining: 40s
Rendered 5029/5387, time remaining: 40s
Rendered 5030/5387, time remaining: 40s
Rendered 5031/5387, time remaining: 40s
Rendered 5032/5387, time remaining: 40s
Rendered 5033/5387, time remaining: 40s
Rendered 5034/5387, time remaining: 39s
Rendered 5035/5387, time remaining: 39s
Rendered 5036/5387, time remaining: 39s
Rendered 5037/5387, time remaining: 39s
Rendered 5038/5387, time remaining: 39s
Rendered 5039/5387, time remaining: 39s
Rendered 5040/5387, time remaining: 39s
Rendered 5041/5387, time remaining: 39s
Rendered 5042/5387, time remaining: 38s
Rendered 5043/5387, time remaining: 38s
Rendered 5044/5387, time remaining: 38s
Rendered 5045/5387, time remaining: 38s
Rendered 5046/5387, time remaining: 38s
Rendered 5047/5387, time remaining: 39s
Rendered 5048/5387, time remaining: 39s
Rendered 5049/5387, time remaining: 39s
Rendered 5050/5387, time remaining: 39s
Rendered 5051/5387, time remaining: 39s
Rendered 5052/5387, time remaining: 39s
Rendered 5053/5387, time remaining: 39s
Rendered 5054/5387, time remaining: 39s
Rendered 5055/5387, time remaining: 39s
Rendered 5056/5387, time remaining: 39s
Rendered 5057/5387, time remaining: 39s
Rendered 5058/5387, time remaining: 40s
Rendered 5059/5387, time remaining: 39s
Rendered 5060/5387, time remaining: 39s
Rendered 5061/5387, time remaining: 39s
Rendered 5062/5387, time remaining: 39s
Rendered 5063/5387, time remaining: 39s
Rendered 5064/5387, time remaining: 38s
Rendered 5065/5387, time remaining: 38s
Rendered 5066/5387, time remaining: 38s
Rendered 5067/5387, time remaining: 38s
Rendered 5068/5387, time remaining: 39s
Rendered 5069/5387, time remaining: 39s
Rendered 5070/5387, time remaining: 39s
Rendered 5071/5387, time remaining: 39s
Rendered 5072/5387, time remaining: 38s
Rendered 5073/5387, time remaining: 39s
Rendered 5074/5387, time remaining: 38s
Rendered 5075/5387, time remaining: 38s
Rendered 5076/5387, time remaining: 39s
Rendered 5077/5387, time remaining: 39s
Rendered 5078/5387, time remaining: 39s
Rendered 5079/5387, time remaining: 39s
Rendered 5080/5387, time remaining: 39s
Rendered 5081/5387, time remaining: 39s
Rendered 5082/5387, time remaining: 38s
Rendered 5083/5387, time remaining: 38s
Rendered 5084/5387, time remaining: 38s
Rendered 5085/5387, time remaining: 38s
Rendered 5086/5387, time remaining: 38s
Rendered 5087/5387, time remaining: 37s
Rendered 5088/5387, time remaining: 38s
Rendered 5089/5387, time remaining: 38s
Rendered 5090/5387, time remaining: 37s
Rendered 5091/5387, time remaining: 37s
Rendered 5092/5387, time remaining: 37s
Rendered 5093/5387, time remaining: 37s
Rendered 5094/5387, time remaining: 37s
Rendered 5095/5387, time remaining: 37s
Rendered 5096/5387, time remaining: 37s
Rendered 5097/5387, time remaining: 37s
Rendered 5098/5387, time remaining: 36s
Rendered 5099/5387, time remaining: 36s
Rendered 5100/5387, time remaining: 36s
Rendered 5101/5387, time remaining: 36s
Rendered 5102/5387, time remaining: 36s
Rendered 5103/5387, time remaining: 36s
Rendered 5104/5387, time remaining: 36s
Rendered 5105/5387, time remaining: 36s
Rendered 5106/5387, time remaining: 35s
Rendered 5107/5387, time remaining: 35s
Rendered 5108/5387, time remaining: 35s
Rendered 5109/5387, time remaining: 35s
Rendered 5110/5387, time remaining: 35s
Rendered 5111/5387, time remaining: 35s
Rendered 5112/5387, time remaining: 35s
Rendered 5113/5387, time remaining: 35s
Rendered 5114/5387, time remaining: 34s
Rendered 5115/5387, time remaining: 34s
Rendered 5116/5387, time remaining: 34s
Rendered 5117/5387, time remaining: 34s
Rendered 5118/5387, time remaining: 34s
Rendered 5119/5387, time remaining: 34s
Rendered 5120/5387, time remaining: 34s
Rendered 5121/5387, time remaining: 34s
Rendered 5122/5387, time remaining: 33s
Rendered 5123/5387, time remaining: 33s
Rendered 5124/5387, time remaining: 33s
Rendered 5125/5387, time remaining: 33s
Rendered 5126/5387, time remaining: 33s
Rendered 5127/5387, time remaining: 33s
Rendered 5128/5387, time remaining: 33s
Rendered 5129/5387, time remaining: 33s
Rendered 5130/5387, time remaining: 32s
Rendered 5131/5387, time remaining: 32s
Rendered 5132/5387, time remaining: 32s
Rendered 5133/5387, time remaining: 32s
Rendered 5134/5387, time remaining: 32s
Rendered 5135/5387, time remaining: 32s
Rendered 5136/5387, time remaining: 32s
Rendered 5137/5387, time remaining: 32s
Rendered 5138/5387, time remaining: 31s
Rendered 5139/5387, time remaining: 31s
Rendered 5140/5387, time remaining: 31s
Rendered 5141/5387, time remaining: 31s
Rendered 5142/5387, time remaining: 31s
Rendered 5143/5387, time remaining: 31s
Rendered 5144/5387, time remaining: 30s
Rendered 5145/5387, time remaining: 30s
Rendered 5146/5387, time remaining: 31s
Rendered 5147/5387, time remaining: 30s
Rendered 5148/5387, time remaining: 30s
Rendered 5149/5387, time remaining: 30s
Rendered 5150/5387, time remaining: 30s
Rendered 5151/5387, time remaining: 29s
Rendered 5152/5387, time remaining: 29s
Rendered 5153/5387, time remaining: 29s
Rendered 5154/5387, time remaining: 29s
Rendered 5155/5387, time remaining: 29s
Rendered 5156/5387, time remaining: 29s
Rendered 5157/5387, time remaining: 29s
Rendered 5158/5387, time remaining: 29s
Rendered 5159/5387, time remaining: 29s
Rendered 5160/5387, time remaining: 28s
Rendered 5161/5387, time remaining: 28s
Rendered 5162/5387, time remaining: 29s
Rendered 5163/5387, time remaining: 29s
Rendered 5164/5387, time remaining: 28s
Rendered 5165/5387, time remaining: 28s
Rendered 5166/5387, time remaining: 28s
Rendered 5167/5387, time remaining: 28s
Rendered 5168/5387, time remaining: 27s
Rendered 5169/5387, time remaining: 28s
Rendered 5170/5387, time remaining: 28s
Rendered 5171/5387, time remaining: 27s
Rendered 5172/5387, time remaining: 27s
Rendered 5173/5387, time remaining: 27s
Rendered 5174/5387, time remaining: 27s
Rendered 5175/5387, time remaining: 27s
Rendered 5176/5387, time remaining: 26s
Rendered 5177/5387, time remaining: 26s
Rendered 5178/5387, time remaining: 26s
Rendered 5179/5387, time remaining: 27s
Rendered 5180/5387, time remaining: 26s
Rendered 5181/5387, time remaining: 26s
Rendered 5182/5387, time remaining: 26s
Rendered 5183/5387, time remaining: 26s
Rendered 5184/5387, time remaining: 26s
Rendered 5185/5387, time remaining: 25s
Rendered 5186/5387, time remaining: 25s
Rendered 5187/5387, time remaining: 25s
Rendered 5188/5387, time remaining: 25s
Rendered 5189/5387, time remaining: 25s
Rendered 5190/5387, time remaining: 25s
Rendered 5191/5387, time remaining: 25s
Rendered 5192/5387, time remaining: 25s
Rendered 5193/5387, time remaining: 24s
Rendered 5194/5387, time remaining: 24s
Rendered 5195/5387, time remaining: 24s
Rendered 5196/5387, time remaining: 24s
Rendered 5197/5387, time remaining: 24s
Rendered 5198/5387, time remaining: 24s
Rendered 5199/5387, time remaining: 23s
Rendered 5200/5387, time remaining: 23s
Rendered 5201/5387, time remaining: 23s
Rendered 5202/5387, time remaining: 22s
Rendered 5203/5387, time remaining: 22s
Rendered 5204/5387, time remaining: 22s
Rendered 5205/5387, time remaining: 22s
Rendered 5206/5387, time remaining: 22s
Rendered 5207/5387, time remaining: 22s
Rendered 5208/5387, time remaining: 21s
Rendered 5209/5387, time remaining: 21s
Rendered 5210/5387, time remaining: 21s
Rendered 5211/5387, time remaining: 21s
Rendered 5212/5387, time remaining: 21s
Rendered 5213/5387, time remaining: 21s
Rendered 5214/5387, time remaining: 21s
Rendered 5215/5387, time remaining: 21s
Rendered 5216/5387, time remaining: 20s
Rendered 5217/5387, time remaining: 20s
Rendered 5218/5387, time remaining: 20s
Rendered 5219/5387, time remaining: 19s
Rendered 5220/5387, time remaining: 19s
Rendered 5221/5387, time remaining: 19s
Rendered 5222/5387, time remaining: 19s
Rendered 5223/5387, time remaining: 19s
Rendered 5224/5387, time remaining: 19s
Rendered 5225/5387, time remaining: 18s
Rendered 5226/5387, time remaining: 18s
Rendered 5227/5387, time remaining: 18s
Rendered 5228/5387, time remaining: 18s
Rendered 5229/5387, time remaining: 18s
Rendered 5230/5387, time remaining: 18s
Rendered 5231/5387, time remaining: 18s
Rendered 5232/5387, time remaining: 18s
Rendered 5233/5387, time remaining: 17s
Rendered 5234/5387, time remaining: 17s
Rendered 5235/5387, time remaining: 17s
Rendered 5236/5387, time remaining: 17s
Rendered 5237/5387, time remaining: 17s
Rendered 5238/5387, time remaining: 17s
Rendered 5239/5387, time remaining: 17s
Rendered 5240/5387, time remaining: 17s
Rendered 5241/5387, time remaining: 17s
Rendered 5242/5387, time remaining: 16s
Rendered 5243/5387, time remaining: 16s
Rendered 5244/5387, time remaining: 16s
Rendered 5245/5387, time remaining: 16s
Rendered 5246/5387, time remaining: 16s
Rendered 5247/5387, time remaining: 16s
Rendered 5248/5387, time remaining: 16s
Rendered 5249/5387, time remaining: 16s
Rendered 5250/5387, time remaining: 16s
Rendered 5251/5387, time remaining: 16s
Rendered 5252/5387, time remaining: 15s
Rendered 5253/5387, time remaining: 15s
Rendered 5254/5387, time remaining: 15s
Rendered 5255/5387, time remaining: 15s
Rendered 5256/5387, time remaining: 15s
Rendered 5257/5387, time remaining: 15s
Rendered 5258/5387, time remaining: 15s
Rendered 5259/5387, time remaining: 15s
Rendered 5260/5387, time remaining: 14s
Rendered 5261/5387, time remaining: 14s
Rendered 5262/5387, time remaining: 14s
Rendered 5263/5387, time remaining: 14s
Rendered 5264/5387, time remaining: 14s
Rendered 5265/5387, time remaining: 14s
Rendered 5266/5387, time remaining: 14s
Rendered 5267/5387, time remaining: 14s
Rendered 5268/5387, time remaining: 14s
Rendered 5269/5387, time remaining: 14s
Rendered 5270/5387, time remaining: 13s
Rendered 5271/5387, time remaining: 13s
Rendered 5272/5387, time remaining: 13s
Rendered 5273/5387, time remaining: 13s
Rendered 5274/5387, time remaining: 13s
Rendered 5275/5387, time remaining: 13s
Rendered 5276/5387, time remaining: 13s
Rendered 5277/5387, time remaining: 13s
Rendered 5278/5387, time remaining: 12s
Rendered 5279/5387, time remaining: 12s
Rendered 5280/5387, time remaining: 12s
Rendered 5281/5387, time remaining: 12s
Rendered 5282/5387, time remaining: 12s
Rendered 5283/5387, time remaining: 12s
Rendered 5284/5387, time remaining: 12s
Rendered 5285/5387, time remaining: 12s
Rendered 5286/5387, time remaining: 12s
Rendered 5287/5387, time remaining: 11s
Rendered 5288/5387, time remaining: 11s
Rendered 5289/5387, time remaining: 11s
Rendered 5290/5387, time remaining: 11s
Rendered 5291/5387, time remaining: 11s
Rendered 5292/5387, time remaining: 11s
Rendered 5293/5387, time remaining: 11s
Rendered 5294/5387, time remaining: 11s
Rendered 5295/5387, time remaining: 11s
Rendered 5296/5387, time remaining: 10s
Rendered 5297/5387, time remaining: 10s
Rendered 5298/5387, time remaining: 10s
Rendered 5299/5387, time remaining: 10s
Rendered 5300/5387, time remaining: 10s
Rendered 5301/5387, time remaining: 10s
Rendered 5302/5387, time remaining: 10s
Rendered 5303/5387, time remaining: 10s
Rendered 5304/5387, time remaining: 9s
Rendered 5305/5387, time remaining: 9s
Rendered 5306/5387, time remaining: 9s
Rendered 5307/5387, time remaining: 9s
Rendered 5308/5387, time remaining: 9s
Rendered 5309/5387, time remaining: 9s
Rendered 5310/5387, time remaining: 9s
Rendered 5311/5387, time remaining: 9s
Rendered 5312/5387, time remaining: 8s
Rendered 5313/5387, time remaining: 8s
Rendered 5314/5387, time remaining: 8s
Rendered 5315/5387, time remaining: 8s
Rendered 5316/5387, time remaining: 8s
Rendered 5317/5387, time remaining: 8s
Rendered 5318/5387, time remaining: 8s
Rendered 5319/5387, time remaining: 8s
Rendered 5320/5387, time remaining: 7s
Rendered 5321/5387, time remaining: 7s
Rendered 5322/5387, time remaining: 7s
Rendered 5323/5387, time remaining: 7s
Rendered 5324/5387, time remaining: 7s
Rendered 5325/5387, time remaining: 7s
Rendered 5326/5387, time remaining: 7s
Rendered 5327/5387, time remaining: 7s
Rendered 5328/5387, time remaining: 7s
Rendered 5329/5387, time remaining: 6s
Rendered 5330/5387, time remaining: 6s
Rendered 5331/5387, time remaining: 6s
Rendered 5332/5387, time remaining: 6s
Rendered 5333/5387, time remaining: 6s
Rendered 5334/5387, time remaining: 6s
Rendered 5335/5387, time remaining: 6s
Rendered 5336/5387, time remaining: 6s
Rendered 5337/5387, time remaining: 6s
Rendered 5338/5387, time remaining: 5s
Rendered 5339/5387, time remaining: 5s
Rendered 5340/5387, time remaining: 5s
Rendered 5341/5387, time remaining: 5s
Rendered 5342/5387, time remaining: 5s
Rendered 5343/5387, time remaining: 5s
Rendered 5344/5387, time remaining: 5s
Rendered 5345/5387, time remaining: 5s
Rendered 5346/5387, time remaining: 4s
Rendered 5347/5387, time remaining: 4s
Rendered 5348/5387, time remaining: 4s
Rendered 5349/5387, time remaining: 4s
Rendered 5350/5387, time remaining: 4s
Rendered 5351/5387, time remaining: 4s
Rendered 5352/5387, time remaining: 4s
Rendered 5353/5387, time remaining: 4s
Rendered 5354/5387, time remaining: 3s
Rendered 5355/5387, time remaining: 3s
Rendered 5356/5387, time remaining: 3s
Rendered 5357/5387, time remaining: 3s
Rendered 5358/5387, time remaining: 3s
Rendered 5359/5387, time remaining: 3s
Rendered 5360/5387, time remaining: 3s
Rendered 5361/5387, time remaining: 3s
Rendered 5362/5387, time remaining: 3s
Rendered 5363/5387, time remaining: 2s
Rendered 5364/5387, time remaining: 2s
Rendered 5365/5387, time remaining: 2s
Rendered 5366/5387, time remaining: 2s
Rendered 5367/5387, time remaining: 2s
Rendered 5368/5387, time remaining: 2s
Rendered 5369/5387, time remaining: 2s
Rendered 5370/5387, time remaining: 2s
Rendered 5371/5387, time remaining: 1s
Rendered 5372/5387, time remaining: 1s
Rendered 5373/5387, time remaining: 1s
Rendered 5374/5387, time remaining: 1s
Rendered 5375/5387, time remaining: 1s
Rendered 5376/5387, time remaining: 1s
Rendered 5377/5387, time remaining: 1s
Rendered 5378/5387, time remaining: 1s
Rendered 5379/5387, time remaining: 0s
Rendered 5380/5387, time remaining: 0s
Rendered 5381/5387, time remaining: 0s
Rendered 5382/5387, time remaining: 0s
Rendered 5383/5387, time remaining: 0s
Rendered 5384/5387, time remaining: 0s
Rendered 5385/5387, time remaining: 0s
Rendered 5386/5387, time remaining: 0s
Rendered 5387/5387
Encoded 42/5387
Encoded 123/5387
Encoded 174/5387
Encoded 225/5387
Encoded 277/5387
Encoded 330/5387
Encoded 380/5387
Encoded 417/5387
Encoded 463/5387
Encoded 511/5387
Encoded 564/5387
Encoded 612/5387
Encoded 665/5387
Encoded 717/5387
Encoded 770/5387
Encoded 822/5387
Encoded 874/5387
Encoded 926/5387
Encoded 980/5387
Encoded 1035/5387
Encoded 1084/5387
Encoded 1136/5387
Encoded 1190/5387
Encoded 1243/5387
Encoded 1292/5387
Encoded 1345/5387
Encoded 1398/5387
Encoded 1448/5387
Encoded 1496/5387
Encoded 1537/5387
Encoded 1582/5387
Encoded 1628/5387
Encoded 1678/5387
Encoded 1728/5387
Encoded 1780/5387
Encoded 1831/5387
Encoded 1882/5387
Encoded 1934/5387
Encoded 1990/5387
Encoded 2037/5387
Encoded 2084/5387
Encoded 2138/5387
Encoded 2190/5387
Encoded 2246/5387
Encoded 2299/5387
Encoded 2355/5387
Encoded 2409/5387
Encoded 2462/5387
Encoded 2516/5387
Encoded 2565/5387
Encoded 2619/5387
Encoded 2674/5387
Encoded 2726/5387
Encoded 2778/5387
Encoded 2832/5387
Encoded 2883/5387
Encoded 2935/5387
Encoded 2989/5387
Encoded 3045/5387
Encoded 3094/5387
Encoded 3145/5387
Encoded 3198/5387
Encoded 3251/5387
Encoded 3305/5387
Encoded 3359/5387
Encoded 3413/5387
Encoded 3466/5387
Encoded 3521/5387
Encoded 3582/5387
Encoded 3630/5387
Encoded 3676/5387
Encoded 3729/5387
Encoded 3783/5387
Encoded 3838/5387
Encoded 3893/5387
Encoded 3946/5387
Encoded 4000/5387
Encoded 4054/5387
Encoded 4107/5387
Encoded 4164/5387
Encoded 4212/5387
Encoded 4264/5387
Encoded 4317/5387
Encoded 4370/5387
Encoded 4422/5387
Encoded 4473/5387
Encoded 4518/5387
Encoded 4563/5387
Encoded 4615/5387
Encoded 4664/5387
Encoded 4715/5387
Encoded 4768/5387
Encoded 4793/5387
Encoded 4839/5387
Encoded 4892/5387
Encoded 4946/5387
Encoded 5000/5387
Encoded 5053/5387
Encoded 5108/5387
Encoded 5162/5387
Encoded 5213/5387
Encoded 5266/5387
Encoded 5327/5387
Encoded 5387/5387
[34m+                    out\nmn-normalos-aoede-upload-fast.mp4[39m [90m16.5 MB[39m
## DONE NMNEvidenceDeepDive 2026-06-27T08:02:28.6551807+02:00
## START MagnesiumEvidenceDeepDive 2026-06-27T08:02:28.6900052+02:00
Bundling 6%
Bundling 18%
Bundling 64%
Bundling 69%
Bundling 74%
Bundling 80%
Bundling 85%
Bundling 90%
Bundling 95%
Bundling 100%
Copying public dir 10.9 MB
Copying public dir 14.5 MB
Copying public dir 23 MB
Copying public dir 31.3 MB
Copying public dir 40.1 MB
Copying public dir 48.8 MB
Copying public dir 59.8 MB
Copying public dir 62.2 MB
Copying public dir 72.7 MB
Copying public dir 73.9 MB
Copying public dir 85.4 MB
Copying public dir 96.3 MB
Copying public dir 97.4 MB
Copying public dir 113.6 MB
Copying public dir 127.8 MB
Copying public dir 143.2 MB
Copying public dir 160.8 MB
Copying public dir 171.8 MB
Copying public dir 180.6 MB
Copying public dir 192.5 MB
Copying public dir 204.5 MB
Copying public dir 207.6 MB
Copying public dir 212 MB
Copying public dir 218 MB
Copying public dir 224.8 MB
Copying public dir 232.2 MB
Copying public dir 237.4 MB
Copying public dir 245.9 MB
Copying public dir 251.7 MB
Copying public dir 253.8 MB
Copying public dir 262.5 MB
Copying public dir 263 MB
Getting composition
[90mComposition          MagnesiumEvidenceDeepDive[39m
[90mCodec                h264[39m
[90mOutput               out\magnesium-normalos-aoede-upload-fast.mp4[39m
[90mConcurrency          8x[39m
Rendered 0/5539
Rendered 1/5539, time remaining: 2h 35m 37s
Rendered 2/5539, time remaining: 1h 18m 26s
Rendered 3/5539, time remaining: 53m 34s
Rendered 4/5539, time remaining: 42m 17s
Rendered 5/5539, time remaining: 34m 42s
Rendered 6/5539, time remaining: 29m 48s
Rendered 7/5539, time remaining: 26m 30s
Rendered 8/5539, time remaining: 25m 42s
Rendered 9/5539, time remaining: 28m 26s
Rendered 10/5539, time remaining: 26m 3s
Rendered 11/5539, time remaining: 24m 19s
Rendered 12/5539, time remaining: 22m 41s
Rendered 13/5539, time remaining: 21m 25s
Rendered 14/5539, time remaining: 20m 10s
Rendered 15/5539, time remaining: 19m 7s
Rendered 16/5539, time remaining: 18m 19s
Rendered 17/5539, time remaining: 19m 57s
Rendered 18/5539, time remaining: 19m 25s
Rendered 19/5539, time remaining: 18m 39s
Rendered 20/5539, time remaining: 17m 57s
Rendered 21/5539, time remaining: 17m 19s
Rendered 22/5539, time remaining: 16m 44s
Rendered 23/5539, time remaining: 16m 12s
Rendered 24/5539, time remaining: 15m 43s
Rendered 25/5539, time remaining: 16m 55s
Rendered 26/5539, time remaining: 16m 26s
Rendered 27/5539, time remaining: 16m 11s
Rendered 28/5539, time remaining: 15m 46s
Rendered 29/5539, time remaining: 15m 24s
Rendered 30/5539, time remaining: 15m 3s
Rendered 31/5539, time remaining: 14m 42s
Rendered 32/5539, time remaining: 14m 26s
Rendered 33/5539, time remaining: 15m 33s
Rendered 34/5539, time remaining: 15m 13s
Rendered 35/5539, time remaining: 14m 56s
Rendered 36/5539, time remaining: 14m 38s
Rendered 37/5539, time remaining: 14m 22s
Rendered 38/5539, time remaining: 14m 6s
Rendered 39/5539, time remaining: 13m 50s
Rendered 40/5539, time remaining: 13m 56s
Rendered 41/5539, time remaining: 13m 45s
Rendered 42/5539, time remaining: 14m 27s
Rendered 43/5539, time remaining: 14m 27s
Rendered 44/5539, time remaining: 14m 13s
Rendered 45/5539, time remaining: 13m 59s
Rendered 46/5539, time remaining: 13m 46s
Rendered 47/5539, time remaining: 13m 41s
Rendered 48/5539, time remaining: 13m 38s
Rendered 49/5539, time remaining: 13m 31s
Rendered 50/5539, time remaining: 13m 46s
Rendered 51/5539, time remaining: 13m 40s
Rendered 52/5539, time remaining: 13m 33s
Rendered 53/5539, time remaining: 13m 22s
Rendered 54/5539, time remaining: 13m 12s
Rendered 55/5539, time remaining: 13m 25s
Rendered 56/5539, time remaining: 13m 30s
Rendered 57/5539, time remaining: 13m 42s
Rendered 58/5539, time remaining: 13m 28s
Rendered 59/5539, time remaining: 13m 14s
Rendered 60/5539, time remaining: 13m 2s
Rendered 61/5539, time remaining: 12m 54s
Rendered 62/5539, time remaining: 12m 46s
Rendered 63/5539, time remaining: 12m 43s
Rendered 64/5539, time remaining: 13m 17s
Rendered 65/5539, time remaining: 13m 20s
Rendered 66/5539, time remaining: 13m 8s
Rendered 67/5539, time remaining: 12m 57s
Rendered 68/5539, time remaining: 12m 48s
Rendered 69/5539, time remaining: 12m 41s
Rendered 70/5539, time remaining: 12m 37s
Rendered 71/5539, time remaining: 12m 34s
Rendered 72/5539, time remaining: 12m 57s
Rendered 73/5539, time remaining: 12m 49s
Rendered 74/5539, time remaining: 12m 42s
Rendered 75/5539, time remaining: 12m 35s
Rendered 76/5539, time remaining: 12m 28s
Rendered 77/5539, time remaining: 12m 29s
Rendered 78/5539, time remaining: 12m 23s
Rendered 79/5539, time remaining: 12m 28s
Rendered 80/5539, time remaining: 12m 47s
Rendered 81/5539, time remaining: 13m 3s
Rendered 82/5539, time remaining: 13m 5s
Rendered 83/5539, time remaining: 13m 8s
Rendered 84/5539, time remaining: 13m 22s
Rendered 85/5539, time remaining: 13m 16s
Rendered 86/5539, time remaining: 13m 7s
Rendered 87/5539, time remaining: 12m 58s
Rendered 88/5539, time remaining: 12m 49s
Rendered 89/5539, time remaining: 13m 20s
Rendered 90/5539, time remaining: 13m 15s
Rendered 91/5539, time remaining: 13m 9s
Rendered 92/5539, time remaining: 13m 3s
Rendered 93/5539, time remaining: 12m 57s
Rendered 94/5539, time remaining: 12m 52s
Rendered 95/5539, time remaining: 12m 46s
Rendered 96/5539, time remaining: 12m 43s
Rendered 97/5539, time remaining: 13m 9s
Rendered 98/5539, time remaining: 13m 5s
Rendered 99/5539, time remaining: 13m 0s
Rendered 100/5539, time remaining: 12m 54s
Rendered 101/5539, time remaining: 12m 49s
Rendered 102/5539, time remaining: 12m 44s
Rendered 103/5539, time remaining: 12m 39s
Rendered 104/5539, time remaining: 12m 40s
Rendered 105/5539, time remaining: 12m 55s
Rendered 106/5539, time remaining: 12m 50s
Rendered 107/5539, time remaining: 12m 45s
Rendered 108/5539, time remaining: 12m 40s
Rendered 109/5539, time remaining: 12m 35s
Rendered 110/5539, time remaining: 12m 31s
Rendered 111/5539, time remaining: 12m 26s
Rendered 112/5539, time remaining: 12m 22s
Rendered 113/5539, time remaining: 12m 40s
Rendered 114/5539, time remaining: 12m 35s
Rendered 115/5539, time remaining: 12m 32s
Rendered 116/5539, time remaining: 12m 29s
Rendered 117/5539, time remaining: 12m 24s
Rendered 118/5539, time remaining: 12m 23s
Rendered 119/5539, time remaining: 12m 19s
Rendered 120/5539, time remaining: 12m 17s
Rendered 121/5539, time remaining: 12m 21s
Rendered 122/5539, time remaining: 12m 24s
Rendered 123/5539, time remaining: 12m 20s
Rendered 124/5539, time remaining: 12m 19s
Rendered 125/5539, time remaining: 12m 16s
Rendered 126/5539, time remaining: 12m 13s
Rendered 127/5539, time remaining: 12m 10s
Rendered 128/5539, time remaining: 12m 16s
Rendered 129/5539, time remaining: 12m 22s
Rendered 130/5539, time remaining: 12m 28s
Rendered 131/5539, time remaining: 12m 25s
Rendered 132/5539, time remaining: 12m 24s
Rendered 133/5539, time remaining: 12m 21s
Rendered 134/5539, time remaining: 12m 17s
Rendered 135/5539, time remaining: 12m 14s
Rendered 136/5539, time remaining: 12m 12s
Rendered 137/5539, time remaining: 12m 18s
Rendered 138/5539, time remaining: 12m 23s
Rendered 139/5539, time remaining: 12m 20s
Rendered 140/5539, time remaining: 12m 17s
Rendered 141/5539, time remaining: 12m 15s
Rendered 142/5539, time remaining: 12m 12s
Rendered 143/5539, time remaining: 12m 8s
Rendered 144/5539, time remaining: 12m 5s
Rendered 145/5539, time remaining: 12m 14s
Rendered 146/5539, time remaining: 12m 16s
Rendered 147/5539, time remaining: 12m 13s
Rendered 148/5539, time remaining: 12m 10s
Rendered 149/5539, time remaining: 12m 8s
Rendered 150/5539, time remaining: 12m 4s
Rendered 151/5539, time remaining: 11m 5s
Rendered 152/5539, time remaining: 11m 8s
Rendered 153/5539, time remaining: 11m 23s
Rendered 154/5539, time remaining: 11m 21s
Rendered 155/5539, time remaining: 11m 23s
Rendered 156/5539, time remaining: 11m 23s
Rendered 157/5539, time remaining: 11m 22s
Rendered 158/5539, time remaining: 11m 16s
Rendered 159/5539, time remaining: 10m 59s
Rendered 160/5539, time remaining: 11m 1s
Rendered 161/5539, time remaining: 11m 24s
Rendered 162/5539, time remaining: 11m 25s
Rendered 163/5539, time remaining: 11m 25s
Rendered 164/5539, time remaining: 11m 25s
Rendered 165/5539, time remaining: 11m 26s
Rendered 166/5539, time remaining: 11m 25s
Rendered 167/5539, time remaining: 11m 10s
Rendered 168/5539, time remaining: 11m 9s
Rendered 169/5539, time remaining: 11m 36s
Rendered 170/5539, time remaining: 11m 36s
Rendered 171/5539, time remaining: 11m 37s
Rendered 172/5539, time remaining: 11m 38s
Rendered 173/5539, time remaining: 11m 39s
Rendered 174/5539, time remaining: 11m 40s
Rendered 175/5539, time remaining: 11m 24s
Rendered 176/5539, time remaining: 11m 29s
Rendered 177/5539, time remaining: 11m 45s
Rendered 178/5539, time remaining: 11m 49s
Rendered 179/5539, time remaining: 11m 49s
Rendered 180/5539, time remaining: 11m 52s
Rendered 181/5539, time remaining: 11m 53s
Rendered 182/5539, time remaining: 11m 54s
Rendered 183/5539, time remaining: 11m 35s
Rendered 184/5539, time remaining: 11m 39s
Rendered 185/5539, time remaining: 11m 45s
Rendered 186/5539, time remaining: 11m 50s
Rendered 187/5539, time remaining: 11m 51s
Rendered 188/5539, time remaining: 11m 54s
Rendered 189/5539, time remaining: 11m 54s
Rendered 190/5539, time remaining: 11m 49s
Rendered 191/5539, time remaining: 11m 49s
Rendered 192/5539, time remaining: 11m 46s
Rendered 193/5539, time remaining: 11m 44s
Rendered 194/5539, time remaining: 11m 46s
Rendered 195/5539, time remaining: 11m 46s
Rendered 196/5539, time remaining: 11m 49s
Rendered 197/5539, time remaining: 11m 47s
Rendered 198/5539, time remaining: 11m 45s
Rendered 199/5539, time remaining: 11m 44s
Rendered 200/5539, time remaining: 11m 54s
Rendered 201/5539, time remaining: 11m 55s
Rendered 202/5539, time remaining: 11m 59s
Rendered 203/5539, time remaining: 12m 0s
Rendered 204/5539, time remaining: 12m 1s
Rendered 205/5539, time remaining: 11m 53s
Rendered 206/5539, time remaining: 11m 49s
Rendered 207/5539, time remaining: 11m 42s
Rendered 208/5539, time remaining: 11m 59s
Rendered 209/5539, time remaining: 12m 1s
Rendered 210/5539, time remaining: 12m 8s
Rendered 211/5539, time remaining: 12m 12s
Rendered 212/5539, time remaining: 12m 13s
Rendered 213/5539, time remaining: 12m 11s
Rendered 214/5539, time remaining: 11m 54s
Rendered 215/5539, time remaining: 11m 50s
Rendered 216/5539, time remaining: 12m 3s
Rendered 217/5539, time remaining: 12m 11s
Rendered 218/5539, time remaining: 12m 16s
Rendered 219/5539, time remaining: 12m 16s
Rendered 220/5539, time remaining: 12m 15s
Rendered 221/5539, time remaining: 12m 13s
Rendered 222/5539, time remaining: 11m 59s
Rendered 223/5539, time remaining: 12m 0s
Rendered 224/5539, time remaining: 12m 5s
Rendered 225/5539, time remaining: 12m 18s
Rendered 226/5539, time remaining: 12m 22s
Rendered 227/5539, time remaining: 12m 18s
Rendered 228/5539, time remaining: 12m 19s
Rendered 229/5539, time remaining: 12m 14s
Rendered 230/5539, time remaining: 12m 2s
Rendered 231/5539, time remaining: 11m 50s
Rendered 232/5539, time remaining: 12m 4s
Rendered 233/5539, time remaining: 12m 3s
Rendered 234/5539, time remaining: 11m 53s
Rendered 235/5539, time remaining: 11m 53s
Rendered 236/5539, time remaining: 11m 54s
Rendered 237/5539, time remaining: 11m 56s
Rendered 238/5539, time remaining: 11m 57s
Rendered 239/5539, time remaining: 11m 36s
Rendered 240/5539, time remaining: 11m 51s
Rendered 241/5539, time remaining: 11m 54s
Rendered 242/5539, time remaining: 11m 54s
Rendered 243/5539, time remaining: 11m 55s
Rendered 244/5539, time remaining: 11m 55s
Rendered 245/5539, time remaining: 11m 56s
Rendered 246/5539, time remaining: 11m 56s
Rendered 247/5539, time remaining: 11m 36s
Rendered 248/5539, time remaining: 11m 48s
Rendered 249/5539, time remaining: 11m 51s
Rendered 250/5539, time remaining: 11m 52s
Rendered 251/5539, time remaining: 11m 52s
Rendered 252/5539, time remaining: 11m 52s
Rendered 253/5539, time remaining: 11m 52s
Rendered 254/5539, time remaining: 11m 53s
Rendered 255/5539, time remaining: 11m 44s
Rendered 256/5539, time remaining: 11m 55s
Rendered 257/5539, time remaining: 11m 58s
Rendered 258/5539, time remaining: 12m 1s
Rendered 259/5539, time remaining: 12m 2s
Rendered 260/5539, time remaining: 12m 4s
Rendered 261/5539, time remaining: 12m 5s
Rendered 262/5539, time remaining: 12m 13s
Rendered 263/5539, time remaining: 12m 1s
Rendered 264/5539, time remaining: 12m 11s
Rendered 265/5539, time remaining: 12m 12s
Rendered 266/5539, time remaining: 12m 11s
Rendered 267/5539, time remaining: 12m 11s
Rendered 268/5539, time remaining: 12m 11s
Rendered 269/5539, time remaining: 12m 11s
Rendered 270/5539, time remaining: 12m 20s
Rendered 271/5539, time remaining: 12m 13s
Rendered 272/5539, time remaining: 12m 15s
Rendered 273/5539, time remaining: 12m 15s
Rendered 274/5539, time remaining: 12m 12s
Rendered 275/5539, time remaining: 12m 15s
Rendered 276/5539, time remaining: 12m 15s
Rendered 277/5539, time remaining: 12m 14s
Rendered 278/5539, time remaining: 12m 16s
Rendered 279/5539, time remaining: 12m 8s
Rendered 280/5539, time remaining: 12m 8s
Rendered 281/5539, time remaining: 12m 10s
Rendered 282/5539, time remaining: 12m 8s
Rendered 283/5539, time remaining: 12m 12s
Rendered 284/5539, time remaining: 12m 18s
Rendered 285/5539, time remaining: 12m 18s
Rendered 286/5539, time remaining: 12m 21s
Rendered 287/5539, time remaining: 12m 15s
Rendered 288/5539, time remaining: 12m 7s
Rendered 289/5539, time remaining: 12m 7s
Rendered 290/5539, time remaining: 12m 10s
Rendered 291/5539, time remaining: 12m 16s
Rendered 292/5539, time remaining: 12m 16s
Rendered 293/5539, time remaining: 12m 18s
Rendered 294/5539, time remaining: 12m 25s
Rendered 295/5539, time remaining: 12m 14s
Rendered 296/5539, time remaining: 12m 10s
Rendered 297/5539, time remaining: 12m 10s
Rendered 298/5539, time remaining: 12m 12s
Rendered 299/5539, time remaining: 12m 16s
Rendered 300/5539, time remaining: 12m 21s
Rendered 301/5539, time remaining: 12m 25s
Rendered 302/5539, time remaining: 12m 23s
Rendered 303/5539, time remaining: 12m 10s
Rendered 304/5539, time remaining: 12m 10s
Rendered 305/5539, time remaining: 12m 8s
Rendered 306/5539, time remaining: 12m 7s
Rendered 307/5539, time remaining: 12m 20s
Rendered 308/5539, time remaining: 12m 25s
Rendered 309/5539, time remaining: 12m 25s
Rendered 310/5539, time remaining: 12m 25s
Rendered 311/5539, time remaining: 12m 0s
Rendered 312/5539, time remaining: 12m 0s
Rendered 313/5539, time remaining: 11m 59s
Rendered 314/5539, time remaining: 11m 59s
Rendered 315/5539, time remaining: 12m 11s
Rendered 316/5539, time remaining: 12m 16s
Rendered 317/5539, time remaining: 12m 14s
Rendered 318/5539, time remaining: 12m 13s
Rendered 319/5539, time remaining: 11m 46s
Rendered 320/5539, time remaining: 11m 45s
Rendered 321/5539, time remaining: 11m 46s
Rendered 322/5539, time remaining: 11m 49s
Rendered 323/5539, time remaining: 11m 59s
Rendered 324/5539, time remaining: 11m 59s
Rendered 325/5539, time remaining: 11m 58s
Rendered 326/5539, time remaining: 11m 54s
Rendered 327/5539, time remaining: 11m 38s
Rendered 328/5539, time remaining: 11m 34s
Rendered 329/5539, time remaining: 11m 35s
Rendered 330/5539, time remaining: 11m 33s
Rendered 331/5539, time remaining: 11m 38s
Rendered 332/5539, time remaining: 11m 43s
Rendered 333/5539, time remaining: 11m 48s
Rendered 334/5539, time remaining: 11m 43s
Rendered 335/5539, time remaining: 11m 38s
Rendered 336/5539, time remaining: 11m 35s
Rendered 337/5539, time remaining: 11m 35s
Rendered 338/5539, time remaining: 11m 32s
Rendered 339/5539, time remaining: 11m 36s
Rendered 340/5539, time remaining: 11m 39s
Rendered 341/5539, time remaining: 11m 41s
Rendered 342/5539, time remaining: 11m 32s
Rendered 343/5539, time remaining: 11m 32s
Rendered 344/5539, time remaining: 11m 31s
Rendered 345/5539, time remaining: 11m 32s
Rendered 346/5539, time remaining: 11m 30s
Rendered 347/5539, time remaining: 11m 30s
Rendered 348/5539, time remaining: 11m 39s
Rendered 349/5539, time remaining: 11m 40s
Rendered 350/5539, time remaining: 11m 25s
Rendered 351/5539, time remaining: 11m 28s
Rendered 352/5539, time remaining: 11m 23s
Rendered 353/5539, time remaining: 11m 22s
Rendered 354/5539, time remaining: 11m 23s
Rendered 355/5539, time remaining: 11m 23s
Rendered 356/5539, time remaining: 11m 28s
Rendered 357/5539, time remaining: 11m 27s
Rendered 358/5539, time remaining: 11m 12s
Rendered 359/5539, time remaining: 11m 19s
Rendered 360/5539, time remaining: 11m 15s
Rendered 361/5539, time remaining: 11m 12s
Rendered 362/5539, time remaining: 11m 14s
Rendered 363/5539, time remaining: 11m 15s
Rendered 364/5539, time remaining: 11m 17s
Rendered 365/5539, time remaining: 11m 16s
Rendered 366/5539, time remaining: 11m 5s
Rendered 367/5539, time remaining: 11m 4s
Rendered 368/5539, time remaining: 11m 2s
Rendered 369/5539, time remaining: 11m 10s
Rendered 370/5539, time remaining: 11m 9s
Rendered 371/5539, time remaining: 11m 12s
Rendered 372/5539, time remaining: 11m 13s
Rendered 373/5539, time remaining: 11m 13s
Rendered 374/5539, time remaining: 11m 9s
Rendered 375/5539, time remaining: 11m 0s
Rendered 376/5539, time remaining: 10m 58s
Rendered 377/5539, time remaining: 11m 7s
Rendered 378/5539, time remaining: 11m 9s
Rendered 379/5539, time remaining: 11m 8s
Rendered 380/5539, time remaining: 11m 8s
Rendered 381/5539, time remaining: 11m 7s
Rendered 382/5539, time remaining: 10m 52s
Rendered 383/5539, time remaining: 10m 48s
Rendered 384/5539, time remaining: 10m 47s
Rendered 385/5539, time remaining: 10m 58s
Rendered 386/5539, time remaining: 10m 57s
Rendered 387/5539, time remaining: 11m 4s
Rendered 388/5539, time remaining: 11m 6s
Rendered 389/5539, time remaining: 11m 6s
Rendered 390/5539, time remaining: 10m 50s
Rendered 391/5539, time remaining: 10m 47s
Rendered 392/5539, time remaining: 10m 48s
Rendered 393/5539, time remaining: 10m 52s
Rendered 394/5539, time remaining: 10m 57s
Rendered 395/5539, time remaining: 10m 59s
Rendered 396/5539, time remaining: 11m 0s
Rendered 397/5539, time remaining: 11m 1s
Rendered 398/5539, time remaining: 10m 48s
Rendered 399/5539, time remaining: 10m 47s
Rendered 400/5539, time remaining: 10m 48s
Rendered 401/5539, time remaining: 10m 54s
Rendered 402/5539, time remaining: 10m 54s
Rendered 403/5539, time remaining: 11m 1s
Rendered 404/5539, time remaining: 11m 0s
Rendered 405/5539, time remaining: 10m 57s
Rendered 406/5539, time remaining: 10m 46s
Rendered 407/5539, time remaining: 10m 43s
Rendered 408/5539, time remaining: 10m 41s
Rendered 409/5539, time remaining: 10m 41s
Rendered 410/5539, time remaining: 10m 43s
Rendered 411/5539, time remaining: 10m 48s
Rendered 412/5539, time remaining: 10m 45s
Rendered 413/5539, time remaining: 10m 41s
Rendered 414/5539, time remaining: 10m 30s
Rendered 415/5539, time remaining: 10m 30s
Rendered 416/5539, time remaining: 10m 30s
Rendered 417/5539, time remaining: 10m 33s
Rendered 418/5539, time remaining: 10m 34s
Rendered 419/5539, time remaining: 10m 34s
Rendered 420/5539, time remaining: 10m 34s
Rendered 421/5539, time remaining: 10m 35s
Rendered 422/5539, time remaining: 10m 28s
Rendered 423/5539, time remaining: 10m 31s
Rendered 424/5539, time remaining: 10m 31s
Rendered 425/5539, time remaining: 10m 28s
Rendered 426/5539, time remaining: 10m 30s
Rendered 427/5539, time remaining: 10m 29s
Rendered 428/5539, time remaining: 10m 33s
Rendered 429/5539, time remaining: 10m 34s
Rendered 430/5539, time remaining: 10m 28s
Rendered 431/5539, time remaining: 10m 25s
Rendered 432/5539, time remaining: 10m 25s
Rendered 433/5539, time remaining: 10m 21s
Rendered 434/5539, time remaining: 10m 15s
Rendered 435/5539, time remaining: 10m 19s
Rendered 436/5539, time remaining: 10m 26s
Rendered 437/5539, time remaining: 10m 24s
Rendered 438/5539, time remaining: 10m 23s
Rendered 439/5539, time remaining: 10m 23s
Rendered 440/5539, time remaining: 10m 23s
Rendered 441/5539, time remaining: 10m 16s
Rendered 442/5539, time remaining: 10m 16s
Rendered 443/5539, time remaining: 10m 17s
Rendered 444/5539, time remaining: 10m 24s
Rendered 445/5539, time remaining: 10m 23s
Rendered 446/5539, time remaining: 10m 21s
Rendered 447/5539, time remaining: 10m 21s
Rendered 448/5539, time remaining: 10m 20s
Rendered 449/5539, time remaining: 10m 17s
Rendered 450/5539, time remaining: 10m 11s
Rendered 451/5539, time remaining: 10m 7s
Rendered 452/5539, time remaining: 10m 22s
Rendered 453/5539, time remaining: 10m 23s
Rendered 454/5539, time remaining: 10m 23s
Rendered 455/5539, time remaining: 10m 23s
Rendered 456/5539, time remaining: 10m 23s
Rendered 457/5539, time remaining: 10m 12s
Rendered 458/5539, time remaining: 10m 7s
Rendered 459/5539, time remaining: 10m 10s
Rendered 460/5539, time remaining: 10m 21s
Rendered 461/5539, time remaining: 10m 22s
Rendered 462/5539, time remaining: 10m 23s
Rendered 463/5539, time remaining: 10m 22s
Rendered 464/5539, time remaining: 10m 22s
Rendered 465/5539, time remaining: 10m 9s
Rendered 466/5539, time remaining: 10m 4s
Rendered 467/5539, time remaining: 10m 7s
Rendered 468/5539, time remaining: 10m 18s
Rendered 469/5539, time remaining: 10m 20s
Rendered 470/5539, time remaining: 10m 21s
Rendered 471/5539, time remaining: 10m 20s
Rendered 472/5539, time remaining: 10m 17s
Rendered 473/5539, time remaining: 10m 7s
Rendered 474/5539, time remaining: 10m 5s
Rendered 475/5539, time remaining: 10m 7s
Rendered 476/5539, time remaining: 10m 21s
Rendered 477/5539, time remaining: 10m 19s
Rendered 478/5539, time remaining: 10m 18s
Rendered 479/5539, time remaining: 10m 18s
Rendered 480/5539, time remaining: 10m 18s
Rendered 481/5539, time remaining: 10m 12s
Rendered 482/5539, time remaining: 10m 6s
Rendered 483/5539, time remaining: 10m 2s
Rendered 484/5539, time remaining: 10m 16s
Rendered 485/5539, time remaining: 10m 16s
Rendered 486/5539, time remaining: 10m 14s
Rendered 487/5539, time remaining: 10m 14s
Rendered 488/5539, time remaining: 10m 14s
Rendered 489/5539, time remaining: 10m 9s
Rendered 490/5539, time remaining: 10m 8s
Rendered 491/5539, time remaining: 10m 9s
Rendered 492/5539, time remaining: 10m 18s
Rendered 493/5539, time remaining: 10m 18s
Rendered 494/5539, time remaining: 10m 16s
Rendered 495/5539, time remaining: 10m 15s
Rendered 496/5539, time remaining: 10m 14s
Rendered 497/5539, time remaining: 10m 14s
Rendered 498/5539, time remaining: 10m 4s
Rendered 499/5539, time remaining: 10m 2s
Rendered 500/5539, time remaining: 10m 17s
Rendered 501/5539, time remaining: 10m 26s
Rendered 502/5539, time remaining: 10m 24s
Rendered 503/5539, time remaining: 10m 23s
Rendered 504/5539, time remaining: 10m 19s
Rendered 505/5539, time remaining: 10m 16s
Rendered 506/5539, time remaining: 10m 8s
Rendered 507/5539, time remaining: 10m 7s
Rendered 508/5539, time remaining: 10m 24s
Rendered 509/5539, time remaining: 10m 18s
Rendered 510/5539, time remaining: 10m 16s
Rendered 511/5539, time remaining: 10m 14s
Rendered 512/5539, time remaining: 10m 11s
Rendered 513/5539, time remaining: 10m 10s
Rendered 514/5539, time remaining: 10m 10s
Rendered 515/5539, time remaining: 10m 11s
Rendered 516/5539, time remaining: 10m 23s
Rendered 517/5539, time remaining: 10m 18s
Rendered 518/5539, time remaining: 10m 15s
Rendered 519/5539, time remaining: 10m 8s
Rendered 520/5539, time remaining: 10m 9s
Rendered 521/5539, time remaining: 10m 6s
Rendered 522/5539, time remaining: 10m 4s
Rendered 523/5539, time remaining: 10m 3s
Rendered 524/5539, time remaining: 10m 22s
Rendered 525/5539, time remaining: 10m 18s
Rendered 526/5539, time remaining: 10m 17s
Rendered 527/5539, time remaining: 10m 7s
Rendered 528/5539, time remaining: 10m 5s
Rendered 529/5539, time remaining: 10m 4s
Rendered 530/5539, time remaining: 10m 3s
Rendered 531/5539, time remaining: 10m 3s
Rendered 532/5539, time remaining: 10m 12s
Rendered 533/5539, time remaining: 10m 16s
Rendered 534/5539, time remaining: 10m 16s
Rendered 535/5539, time remaining: 10m 6s
Rendered 536/5539, time remaining: 10m 6s
Rendered 537/5539, time remaining: 9m 59s
Rendered 538/5539, time remaining: 9m 57s
Rendered 539/5539, time remaining: 10m 2s
Rendered 540/5539, time remaining: 10m 9s
Rendered 541/5539, time remaining: 10m 11s
Rendered 542/5539, time remaining: 10m 11s
Rendered 543/5539, time remaining: 10m 8s
Rendered 544/5539, time remaining: 10m 3s
Rendered 545/5539, time remaining: 9m 58s
Rendered 546/5539, time remaining: 9m 56s
Rendered 547/5539, time remaining: 9m 55s
Rendered 548/5539, time remaining: 10m 11s
Rendered 549/5539, time remaining: 10m 9s
Rendered 550/5539, time remaining: 10m 7s
Rendered 551/5539, time remaining: 10m 1s
Rendered 552/5539, time remaining: 10m 0s
Rendered 553/5539, time remaining: 9m 53s
Rendered 554/5539, time remaining: 9m 49s
Rendered 555/5539, time remaining: 9m 47s
Rendered 556/5539, time remaining: 10m 0s
Rendered 557/5539, time remaining: 10m 0s
Rendered 558/5539, time remaining: 10m 3s
Rendered 559/5539, time remaining: 10m 2s
Rendered 560/5539, time remaining: 9m 59s
Rendered 561/5539, time remaining: 9m 53s
Rendered 562/5539, time remaining: 9m 48s
Rendered 563/5539, time remaining: 9m 48s
Rendered 564/5539, time remaining: 10m 1s
Rendered 565/5539, time remaining: 10m 0s
Rendered 566/5539, time remaining: 10m 0s
Rendered 567/5539, time remaining: 9m 57s
Rendered 568/5539, time remaining: 9m 54s
Rendered 569/5539, time remaining: 9m 53s
Rendered 570/5539, time remaining: 9m 43s
Rendered 571/5539, time remaining: 9m 42s
Rendered 572/5539, time remaining: 9m 57s
Rendered 573/5539, time remaining: 9m 54s
Rendered 574/5539, time remaining: 9m 54s
Rendered 575/5539, time remaining: 9m 54s
Rendered 576/5539, time remaining: 9m 52s
Rendered 577/5539, time remaining: 9m 52s
Rendered 578/5539, time remaining: 9m 38s
Rendered 579/5539, time remaining: 9m 38s
Rendered 580/5539, time remaining: 9m 51s
Rendered 581/5539, time remaining: 9m 51s
Rendered 582/5539, time remaining: 9m 50s
Rendered 583/5539, time remaining: 9m 50s
Rendered 584/5539, time remaining: 9m 49s
Rendered 585/5539, time remaining: 9m 45s
Rendered 586/5539, time remaining: 9m 35s
Rendered 587/5539, time remaining: 9m 33s
Rendered 588/5539, time remaining: 9m 48s
Rendered 589/5539, time remaining: 9m 48s
Rendered 590/5539, time remaining: 9m 46s
Rendered 591/5539, time remaining: 9m 45s
Rendered 592/5539, time remaining: 9m 45s
Rendered 593/5539, time remaining: 9m 42s
Rendered 594/5539, time remaining: 9m 28s
Rendered 595/5539, time remaining: 9m 30s
Rendered 596/5539, time remaining: 9m 40s
Rendered 597/5539, time remaining: 9m 39s
Rendered 598/5539, time remaining: 9m 42s
Rendered 599/5539, time remaining: 9m 40s
Rendered 600/5539, time remaining: 9m 40s
Rendered 601/5539, time remaining: 9m 40s
Rendered 602/5539, time remaining: 9m 28s
Rendered 603/5539, time remaining: 9m 26s
Rendered 604/5539, time remaining: 9m 39s
Rendered 605/5539, time remaining: 9m 38s
Rendered 606/5539, time remaining: 9m 38s
Rendered 607/5539, time remaining: 9m 37s
Rendered 608/5539, time remaining: 9m 36s
Rendered 609/5539, time remaining: 9m 34s
Rendered 610/5539, time remaining: 9m 21s
Rendered 611/5539, time remaining: 9m 20s
Rendered 612/5539, time remaining: 9m 34s
Rendered 613/5539, time remaining: 9m 34s
Rendered 614/5539, time remaining: 9m 34s
Rendered 615/5539, time remaining: 9m 35s
Rendered 616/5539, time remaining: 9m 36s
Rendered 617/5539, time remaining: 9m 32s
Rendered 618/5539, time remaining: 9m 22s
Rendered 619/5539, time remaining: 9m 19s
Rendered 620/5539, time remaining: 9m 39s
Rendered 621/5539, time remaining: 9m 37s
Rendered 622/5539, time remaining: 9m 37s
Rendered 623/5539, time remaining: 9m 36s
Rendered 624/5539, time remaining: 9m 36s
Rendered 625/5539, time remaining: 9m 34s
Rendered 626/5539, time remaining: 9m 20s
Rendered 627/5539, time remaining: 9m 19s
Rendered 628/5539, time remaining: 9m 36s
Rendered 629/5539, time remaining: 9m 35s
Rendered 630/5539, time remaining: 9m 34s
Rendered 631/5539, time remaining: 9m 34s
Rendered 632/5539, time remaining: 9m 34s
Rendered 633/5539, time remaining: 9m 33s
Rendered 634/5539, time remaining: 9m 20s
Rendered 635/5539, time remaining: 9m 20s
Rendered 636/5539, time remaining: 9m 36s
Rendered 637/5539, time remaining: 9m 35s
Rendered 638/5539, time remaining: 9m 35s
Rendered 639/5539, time remaining: 9m 35s
Rendered 640/5539, time remaining: 9m 33s
Rendered 641/5539, time remaining: 9m 29s
Rendered 642/5539, time remaining: 9m 18s
Rendered 643/5539, time remaining: 9m 16s
Rendered 644/5539, time remaining: 9m 30s
Rendered 645/5539, time remaining: 9m 30s
Rendered 646/5539, time remaining: 9m 31s
Rendered 647/5539, time remaining: 9m 31s
Rendered 648/5539, time remaining: 9m 30s
Rendered 649/5539, time remaining: 9m 30s
Rendered 650/5539, time remaining: 9m 13s
Rendered 651/5539, time remaining: 9m 1s
Rendered 652/5539, time remaining: 9m 12s
Rendered 653/5539, time remaining: 9m 14s
Rendered 654/5539, time remaining: 9m 16s
Rendered 655/5539, time remaining: 9m 17s
Rendered 656/5539, time remaining: 9m 19s
Rendered 657/5539, time remaining: 9m 20s
Rendered 658/5539, time remaining: 9m 3s
Rendered 659/5539, time remaining: 9m 9s
Rendered 660/5539, time remaining: 9m 12s
Rendered 661/5539, time remaining: 9m 19s
Rendered 662/5539, time remaining: 9m 19s
Rendered 663/5539, time remaining: 9m 22s
Rendered 664/5539, time remaining: 9m 19s
Rendered 665/5539, time remaining: 9m 18s
Rendered 666/5539, time remaining: 9m 8s
Rendered 667/5539, time remaining: 9m 14s
Rendered 668/5539, time remaining: 9m 14s
Rendered 669/5539, time remaining: 9m 24s
Rendered 670/5539, time remaining: 9m 23s
Rendered 671/5539, time remaining: 9m 23s
Rendered 672/5539, time remaining: 9m 22s
Rendered 673/5539, time remaining: 9m 22s
Rendered 674/5539, time remaining: 9m 5s
Rendered 675/5539, time remaining: 9m 5s
Rendered 676/5539, time remaining: 9m 10s
Rendered 677/5539, time remaining: 9m 20s
Rendered 678/5539, time remaining: 9m 21s
Rendered 679/5539, time remaining: 9m 21s
Rendered 680/5539, time remaining: 9m 21s
Rendered 681/5539, time remaining: 9m 21s
Rendered 682/5539, time remaining: 9m 9s
Rendered 683/5539, time remaining: 9m 7s
Rendered 684/5539, time remaining: 9m 8s
Rendered 685/5539, time remaining: 9m 21s
Rendered 686/5539, time remaining: 9m 21s
Rendered 687/5539, time remaining: 9m 21s
Rendered 688/5539, time remaining: 9m 23s
Rendered 689/5539, time remaining: 9m 18s
Rendered 690/5539, time remaining: 9m 10s
Rendered 691/5539, time remaining: 9m 10s
Rendered 692/5539, time remaining: 9m 8s
Rendered 693/5539, time remaining: 9m 20s
Rendered 694/5539, time remaining: 9m 23s
Rendered 695/5539, time remaining: 9m 24s
Rendered 696/5539, time remaining: 9m 24s
Rendered 697/5539, time remaining: 9m 24s
Rendered 698/5539, time remaining: 9m 7s
Rendered 699/5539, time remaining: 9m 7s
Rendered 700/5539, time remaining: 9m 9s
Rendered 701/5539, time remaining: 9m 25s
Rendered 702/5539, time remaining: 9m 27s
Rendered 703/5539, time remaining: 9m 28s
Rendered 704/5539, time remaining: 9m 28s
Rendered 705/5539, time remaining: 9m 28s
Rendered 706/5539, time remaining: 9m 16s
Rendered 707/5539, time remaining: 9m 15s
Rendered 708/5539, time remaining: 9m 13s
Rendered 709/5539, time remaining: 9m 25s
Rendered 710/5539, time remaining: 9m 23s
Rendered 711/5539, time remaining: 9m 27s
Rendered 712/5539, time remaining: 9m 28s
Rendered 713/5539, time remaining: 9m 27s
Rendered 714/5539, time remaining: 9m 14s
Rendered 715/5539, time remaining: 9m 14s
Rendered 716/5539, time remaining: 9m 16s
Rendered 717/5539, time remaining: 9m 22s
Rendered 718/5539, time remaining: 9m 21s
Rendered 719/5539, time remaining: 9m 27s
Rendered 720/5539, time remaining: 9m 28s
Rendered 721/5539, time remaining: 9m 28s
Rendered 722/5539, time remaining: 9m 15s
Rendered 723/5539, time remaining: 9m 15s
Rendered 724/5539, time remaining: 9m 19s
Rendered 725/5539, time remaining: 9m 24s
Rendered 726/5539, time remaining: 9m 24s
Rendered 727/5539, time remaining: 9m 28s
Rendered 728/5539, time remaining: 9m 28s
Rendered 729/5539, time remaining: 9m 26s
Rendered 730/5539, time remaining: 9m 13s
Rendered 731/5539, time remaining: 9m 16s
Rendered 732/5539, time remaining: 9m 22s
Rendered 733/5539, time remaining: 9m 23s
Rendered 734/5539, time remaining: 9m 25s
Rendered 735/5539, time remaining: 9m 24s
Rendered 736/5539, time remaining: 9m 23s
Rendered 737/5539, time remaining: 9m 23s
Rendered 738/5539, time remaining: 9m 11s
Rendered 739/5539, time remaining: 9m 12s
Rendered 740/5539, time remaining: 9m 18s
Rendered 741/5539, time remaining: 9m 23s
Rendered 742/5539, time remaining: 9m 25s
Rendered 743/5539, time remaining: 9m 24s
Rendered 744/5539, time remaining: 9m 24s
Rendered 745/5539, time remaining: 9m 22s
Rendered 746/5539, time remaining: 9m 13s
Rendered 747/5539, time remaining: 9m 13s
Rendered 748/5539, time remaining: 9m 25s
Rendered 749/5539, time remaining: 9m 25s
Rendered 750/5539, time remaining: 9m 25s
Rendered 751/5539, time remaining: 9m 25s
Rendered 752/5539, time remaining: 9m 24s
Rendered 753/5539, time remaining: 9m 24s
Rendered 754/5539, time remaining: 9m 13s
Rendered 755/5539, time remaining: 9m 12s
Rendered 756/5539, time remaining: 9m 20s
Rendered 757/5539, time remaining: 9m 22s
Rendered 758/5539, time remaining: 9m 21s
Rendered 759/5539, time remaining: 9m 23s
Rendered 760/5539, time remaining: 9m 28s
Rendered 761/5539, time remaining: 9m 27s
Rendered 762/5539, time remaining: 9m 11s
Rendered 763/5539, time remaining: 9m 14s
Rendered 764/5539, time remaining: 9m 18s
Rendered 765/5539, time remaining: 9m 17s
Rendered 766/5539, time remaining: 9m 19s
Rendered 767/5539, time remaining: 9m 20s
Rendered 768/5539, time remaining: 9m 23s
Rendered 769/5539, time remaining: 9m 26s
Rendered 770/5539, time remaining: 9m 8s
Rendered 771/5539, time remaining: 9m 7s
Rendered 772/5539, time remaining: 9m 16s
Rendered 773/5539, time remaining: 9m 16s
Rendered 774/5539, time remaining: 9m 16s
Rendered 775/5539, time remaining: 9m 18s
Rendered 776/5539, time remaining: 9m 20s
Rendered 777/5539, time remaining: 9m 23s
Rendered 778/5539, time remaining: 9m 6s
Rendered 779/5539, time remaining: 9m 7s
Rendered 780/5539, time remaining: 9m 10s
Rendered 781/5539, time remaining: 9m 17s
Rendered 782/5539, time remaining: 9m 18s
Rendered 783/5539, time remaining: 9m 20s
Rendered 784/5539, time remaining: 9m 21s
Rendered 785/5539, time remaining: 9m 21s
Rendered 786/5539, time remaining: 9m 5s
Rendered 787/5539, time remaining: 9m 5s
Rendered 788/5539, time remaining: 9m 8s
Rendered 789/5539, time remaining: 9m 17s
Rendered 790/5539, time remaining: 9m 17s
Rendered 791/5539, time remaining: 9m 22s
Rendered 792/5539, time remaining: 9m 21s
Rendered 793/5539, time remaining: 9m 21s
Rendered 794/5539, time remaining: 9m 7s
Rendered 795/5539, time remaining: 9m 9s
Rendered 796/5539, time remaining: 9m 8s
Rendered 797/5539, time remaining: 9m 20s
Rendered 798/5539, time remaining: 9m 21s
Rendered 799/5539, time remaining: 9m 22s
Rendered 800/5539, time remaining: 9m 22s
Rendered 801/5539, time remaining: 9m 19s
Rendered 802/5539, time remaining: 9m 9s
Rendered 803/5539, time remaining: 9m 11s
Rendered 804/5539, time remaining: 9m 10s
Rendered 805/5539, time remaining: 9m 20s
Rendered 806/5539, time remaining: 9m 21s
Rendered 807/5539, time remaining: 9m 23s
Rendered 808/5539, time remaining: 9m 23s
Rendered 809/5539, time remaining: 9m 16s
Rendered 810/5539, time remaining: 9m 15s
Rendered 811/5539, time remaining: 9m 8s
Rendered 812/5539, time remaining: 9m 10s
Rendered 813/5539, time remaining: 9m 17s
Rendered 814/5539, time remaining: 9m 18s
Rendered 815/5539, time remaining: 9m 19s
Rendered 816/5539, time remaining: 9m 16s
Rendered 817/5539, time remaining: 9m 10s
Rendered 818/5539, time remaining: 9m 10s
Rendered 819/5539, time remaining: 9m 0s
Rendered 820/5539, time remaining: 9m 0s
Rendered 821/5539, time remaining: 9m 14s
Rendered 822/5539, time remaining: 9m 15s
Rendered 823/5539, time remaining: 9m 14s
Rendered 824/5539, time remaining: 9m 13s
Rendered 825/5539, time remaining: 9m 13s
Rendered 826/5539, time remaining: 9m 9s
Rendered 827/5539, time remaining: 8m 58s
Rendered 828/5539, time remaining: 8m 57s
Rendered 829/5539, time remaining: 9m 13s
Rendered 830/5539, time remaining: 9m 12s
Rendered 831/5539, time remaining: 9m 12s
Rendered 832/5539, time remaining: 9m 12s
Rendered 833/5539, time remaining: 9m 10s
Rendered 834/5539, time remaining: 9m 9s
Rendered 835/5539, time remaining: 8m 56s
Rendered 836/5539, time remaining: 8m 56s
Rendered 837/5539, time remaining: 9m 13s
Rendered 838/5539, time remaining: 9m 11s
Rendered 839/5539, time remaining: 9m 11s
Rendered 840/5539, time remaining: 9m 11s
Rendered 841/5539, time remaining: 9m 9s
Rendered 842/5539, time remaining: 9m 9s
Rendered 843/5539, time remaining: 8m 57s
Rendered 844/5539, time remaining: 8m 54s
Rendered 845/5539, time remaining: 9m 8s
Rendered 846/5539, time remaining: 9m 9s
Rendered 847/5539, time remaining: 9m 8s
Rendered 848/5539, time remaining: 9m 8s
Rendered 849/5539, time remaining: 9m 8s
Rendered 850/5539, time remaining: 9m 6s
Rendered 851/5539, time remaining: 8m 51s
Rendered 852/5539, time remaining: 8m 50s
Rendered 853/5539, time remaining: 9m 2s
Rendered 854/5539, time remaining: 9m 3s
Rendered 855/5539, time remaining: 9m 3s
Rendered 856/5539, time remaining: 9m 3s
Rendered 857/5539, time remaining: 9m 3s
Rendered 858/5539, time remaining: 9m 0s
Rendered 859/5539, time remaining: 8m 49s
Rendered 860/5539, time remaining: 8m 51s
Rendered 861/5539, time remaining: 8m 58s
Rendered 862/5539, time remaining: 8m 59s
Rendered 863/5539, time remaining: 9m 0s
Rendered 864/5539, time remaining: 9m 2s
Rendered 865/5539, time remaining: 9m 2s
Rendered 866/5539, time remaining: 8m 58s
Rendered 867/5539, time remaining: 8m 53s
Rendered 868/5539, time remaining: 8m 54s
Rendered 869/5539, time remaining: 8m 53s
Rendered 870/5539, time remaining: 8m 57s
Rendered 871/5539, time remaining: 9m 1s
Rendered 872/5539, time remaining: 8m 59s
Rendered 873/5539, time remaining: 8m 59s
Rendered 874/5539, time remaining: 8m 55s
Rendered 875/5539, time remaining: 8m 51s
Rendered 876/5539, time remaining: 8m 54s
Rendered 877/5539, time remaining: 8m 54s
Rendered 878/5539, time remaining: 8m 55s
Rendered 879/5539, time remaining: 8m 58s
Rendered 880/5539, time remaining: 8m 57s
Rendered 881/5539, time remaining: 8m 56s
Rendered 882/5539, time remaining: 8m 51s
Rendered 883/5539, time remaining: 8m 51s
Rendered 884/5539, time remaining: 8m 52s
Rendered 885/5539, time remaining: 8m 55s
Rendered 886/5539, time remaining: 8m 59s
Rendered 887/5539, time remaining: 9m 2s
Rendered 888/5539, time remaining: 9m 2s
Rendered 889/5539, time remaining: 9m 1s
Rendered 890/5539, time remaining: 8m 54s
Rendered 891/5539, time remaining: 8m 50s
Rendered 892/5539, time remaining: 8m 49s
Rendered 893/5539, time remaining: 8m 50s
Rendered 894/5539, time remaining: 8m 50s
Rendered 895/5539, time remaining: 8m 57s
Rendered 896/5539, time remaining: 9m 3s
Rendered 897/5539, time remaining: 9m 2s
Rendered 898/5539, time remaining: 8m 47s
Rendered 899/5539, time remaining: 8m 48s
Rendered 900/5539, time remaining: 8m 49s
Rendered 901/5539, time remaining: 8m 49s
Rendered 902/5539, time remaining: 8m 50s
Rendered 903/5539, time remaining: 8m 49s
Rendered 904/5539, time remaining: 9m 1s
Rendered 905/5539, time remaining: 9m 1s
Rendered 906/5539, time remaining: 8m 54s
Rendered 907/5539, time remaining: 8m 51s
Rendered 908/5539, time remaining: 8m 51s
Rendered 909/5539, time remaining: 8m 48s
Rendered 910/5539, time remaining: 8m 44s
Rendered 911/5539, time remaining: 8m 44s
Rendered 912/5539, time remaining: 8m 57s
Rendered 913/5539, time remaining: 8m 55s
Rendered 914/5539, time remaining: 8m 54s
Rendered 915/5539, time remaining: 8m 54s
Rendered 916/5539, time remaining: 8m 51s
Rendered 917/5539, time remaining: 8m 52s
Rendered 918/5539, time remaining: 8m 48s
Rendered 919/5539, time remaining: 8m 47s
Rendered 920/5539, time remaining: 8m 55s
Rendered 921/5539, time remaining: 8m 55s
Rendered 922/5539, time remaining: 8m 48s
Rendered 923/5539, time remaining: 8m 48s
Rendered 924/5539, time remaining: 8m 49s
Rendered 925/5539, time remaining: 8m 47s
Rendered 926/5539, time remaining: 8m 46s
Rendered 927/5539, time remaining: 8m 42s
Rendered 928/5539, time remaining: 8m 56s
Rendered 929/5539, time remaining: 8m 55s
Rendered 930/5539, time remaining: 8m 52s
Rendered 931/5539, time remaining: 8m 45s
Rendered 932/5539, time remaining: 8m 44s
Rendered 933/5539, time remaining: 8m 41s
Rendered 934/5539, time remaining: 8m 40s
Rendered 935/5539, time remaining: 8m 41s
Rendered 936/5539, time remaining: 8m 53s
Rendered 937/5539, time remaining: 8m 53s
Rendered 938/5539, time remaining: 8m 51s
Rendered 939/5539, time remaining: 8m 44s
Rendered 940/5539, time remaining: 8m 46s
Rendered 941/5539, time remaining: 8m 41s
Rendered 942/5539, time remaining: 8m 42s
Rendered 943/5539, time remaining: 8m 47s
Rendered 944/5539, time remaining: 9m 3s
Rendered 945/5539, time remaining: 9m 2s
Rendered 946/5539, time remaining: 9m 3s
Rendered 947/5539, time remaining: 8m 54s
Rendered 948/5539, time remaining: 8m 55s
Rendered 949/5539, time remaining: 8m 55s
Rendered 950/5539, time remaining: 8m 56s
Rendered 951/5539, time remaining: 9m 3s
Rendered 952/5539, time remaining: 9m 22s
Rendered 953/5539, time remaining: 9m 20s
Rendered 954/5539, time remaining: 9m 20s
Rendered 955/5539, time remaining: 9m 10s
Rendered 956/5539, time remaining: 9m 9s
Rendered 957/5539, time remaining: 9m 9s
Rendered 958/5539, time remaining: 9m 9s
Rendered 959/5539, time remaining: 9m 8s
Rendered 960/5539, time remaining: 9m 25s
Rendered 961/5539, time remaining: 9m 25s
Rendered 962/5539, time remaining: 9m 24s
Rendered 963/5539, time remaining: 9m 15s
Rendered 964/5539, time remaining: 9m 14s
Rendered 965/5539, time remaining: 9m 13s
Rendered 966/5539, time remaining: 9m 14s
Rendered 967/5539, time remaining: 9m 15s
Rendered 968/5539, time remaining: 9m 31s
Rendered 969/5539, time remaining: 9m 30s
Rendered 970/5539, time remaining: 9m 31s
Rendered 971/5539, time remaining: 9m 16s
Rendered 972/5539, time remaining: 9m 17s
Rendered 973/5539, time remaining: 9m 17s
Rendered 974/5539, time remaining: 9m 18s
Rendered 975/5539, time remaining: 9m 18s
Rendered 976/5539, time remaining: 9m 29s
Rendered 977/5539, time remaining: 9m 29s
Rendered 978/5539, time remaining: 9m 32s
Rendered 979/5539, time remaining: 9m 17s
Rendered 980/5539, time remaining: 9m 17s
Rendered 981/5539, time remaining: 9m 18s
Rendered 982/5539, time remaining: 9m 21s
Rendered 983/5539, time remaining: 9m 25s
Rendered 984/5539, time remaining: 9m 29s
Rendered 985/5539, time remaining: 9m 29s
Rendered 986/5539, time remaining: 9m 30s
Rendered 987/5539, time remaining: 9m 13s
Rendered 988/5539, time remaining: 9m 15s
Rendered 989/5539, time remaining: 9m 18s
Rendered 990/5539, time remaining: 9m 21s
Rendered 991/5539, time remaining: 9m 26s
Rendered 992/5539, time remaining: 9m 29s
Rendered 993/5539, time remaining: 9m 30s
Rendered 994/5539, time remaining: 9m 29s
Rendered 995/5539, time remaining: 9m 16s
Rendered 996/5539, time remaining: 9m 17s
Rendered 997/5539, time remaining: 9m 17s
Rendered 998/5539, time remaining: 9m 20s
Rendered 999/5539, time remaining: 9m 29s
Rendered 1000/5539, time remaining: 9m 29s
Rendered 1001/5539, time remaining: 9m 29s
Rendered 1002/5539, time remaining: 9m 33s
Rendered 1003/5539, time remaining: 9m 21s
Rendered 1004/5539, time remaining: 9m 21s
Rendered 1005/5539, time remaining: 9m 25s
Rendered 1006/5539, time remaining: 9m 27s
Rendered 1007/5539, time remaining: 9m 42s
Rendered 1008/5539, time remaining: 9m 42s
Rendered 1009/5539, time remaining: 9m 46s
Rendered 1010/5539, time remaining: 9m 50s
Rendered 1011/5539, time remaining: 9m 40s
Rendered 1012/5539, time remaining: 9m 43s
Rendered 1013/5539, time remaining: 9m 42s
Rendered 1014/5539, time remaining: 9m 40s
Rendered 1015/5539, time remaining: 9m 45s
Rendered 1016/5539, time remaining: 9m 47s
Rendered 1017/5539, time remaining: 9m 50s
Rendered 1018/5539, time remaining: 9m 56s
Rendered 1019/5539, time remaining: 9m 53s
Rendered 1020/5539, time remaining: 9m 53s
Rendered 1021/5539, time remaining: 9m 52s
Rendered 1022/5539, time remaining: 9m 52s
Rendered 1023/5539, time remaining: 9m 54s
Rendered 1024/5539, time remaining: 9m 55s
Rendered 1025/5539, time remaining: 9m 54s
Rendered 1026/5539, time remaining: 9m 58s
Rendered 1027/5539, time remaining: 9m 58s
Rendered 1028/5539, time remaining: 10m 4s
Rendered 1029/5539, time remaining: 10m 0s
Rendered 1030/5539, time remaining: 10m 2s
Rendered 1031/5539, time remaining: 10m 2s
Rendered 1032/5539, time remaining: 10m 2s
Rendered 1033/5539, time remaining: 10m 4s
Rendered 1034/5539, time remaining: 10m 4s
Rendered 1035/5539, time remaining: 10m 6s
Rendered 1036/5539, time remaining: 10m 6s
Rendered 1037/5539, time remaining: 10m 5s
Rendered 1038/5539, time remaining: 10m 2s
Rendered 1039/5539, time remaining: 10m 2s
Rendered 1040/5539, time remaining: 10m 7s
Rendered 1041/5539, time remaining: 10m 8s
Rendered 1042/5539, time remaining: 10m 6s
Rendered 1043/5539, time remaining: 10m 10s
Rendered 1044/5539, time remaining: 10m 19s
Rendered 1045/5539, time remaining: 10m 14s
Rendered 1046/5539, time remaining: 10m 10s
Rendered 1047/5539, time remaining: 10m 11s
Rendered 1048/5539, time remaining: 10m 11s
Rendered 1049/5539, time remaining: 10m 11s
Rendered 1050/5539, time remaining: 10m 11s
Rendered 1051/5539, time remaining: 10m 22s
Rendered 1052/5539, time remaining: 10m 23s
Rendered 1053/5539, time remaining: 10m 25s
Rendered 1054/5539, time remaining: 10m 12s
Rendered 1055/5539, time remaining: 10m 12s
Rendered 1056/5539, time remaining: 10m 14s
Rendered 1057/5539, time remaining: 10m 14s
Rendered 1058/5539, time remaining: 10m 17s
Rendered 1059/5539, time remaining: 10m 24s
Rendered 1060/5539, time remaining: 10m 33s
Rendered 1061/5539, time remaining: 10m 33s
Rendered 1062/5539, time remaining: 10m 21s
Rendered 1063/5539, time remaining: 10m 22s
Rendered 1064/5539, time remaining: 10m 23s
Rendered 1065/5539, time remaining: 10m 23s
Rendered 1066/5539, time remaining: 10m 26s
Rendered 1067/5539, time remaining: 10m 28s
Rendered 1068/5539, time remaining: 10m 33s
Rendered 1069/5539, time remaining: 10m 31s
Rendered 1070/5539, time remaining: 10m 24s
Rendered 1071/5539, time remaining: 10m 26s
Rendered 1072/5539, time remaining: 10m 27s
Rendered 1073/5539, time remaining: 10m 29s
Rendered 1074/5539, time remaining: 10m 28s
Rendered 1075/5539, time remaining: 10m 32s
Rendered 1076/5539, time remaining: 10m 35s
Rendered 1077/5539, time remaining: 10m 40s
Rendered 1078/5539, time remaining: 10m 28s
Rendered 1079/5539, time remaining: 10m 30s
Rendered 1080/5539, time remaining: 10m 29s
Rendered 1081/5539, time remaining: 10m 30s
Rendered 1082/5539, time remaining: 10m 31s
Rendered 1083/5539, time remaining: 10m 35s
Rendered 1084/5539, time remaining: 10m 43s
Rendered 1085/5539, time remaining: 10m 47s
Rendered 1086/5539, time remaining: 10m 38s
Rendered 1087/5539, time remaining: 10m 39s
Rendered 1088/5539, time remaining: 10m 37s
Rendered 1089/5539, time remaining: 10m 35s
Rendered 1090/5539, time remaining: 10m 33s
Rendered 1091/5539, time remaining: 10m 34s
Rendered 1092/5539, time remaining: 10m 34s
Rendered 1093/5539, time remaining: 10m 42s
Rendered 1094/5539, time remaining: 10m 27s
Rendered 1095/5539, time remaining: 10m 26s
Rendered 1096/5539, time remaining: 10m 24s
Rendered 1097/5539, time remaining: 10m 21s
Rendered 1098/5539, time remaining: 10m 21s
Rendered 1099/5539, time remaining: 10m 20s
Rendered 1100/5539, time remaining: 10m 21s
Rendered 1101/5539, time remaining: 10m 23s
Rendered 1102/5539, time remaining: 10m 12s
Rendered 1103/5539, time remaining: 10m 11s
Rendered 1104/5539, time remaining: 10m 12s
Rendered 1105/5539, time remaining: 10m 12s
Rendered 1106/5539, time remaining: 10m 11s
Rendered 1107/5539, time remaining: 10m 10s
Rendered 1108/5539, time remaining: 10m 10s
Rendered 1109/5539, time remaining: 10m 11s
Rendered 1110/5539, time remaining: 10m 9s
Rendered 1111/5539, time remaining: 10m 10s
Rendered 1112/5539, time remaining: 10m 9s
Rendered 1113/5539, time remaining: 10m 8s
Rendered 1114/5539, time remaining: 10m 8s
Rendered 1115/5539, time remaining: 10m 7s
Rendered 1116/5539, time remaining: 10m 7s
Rendered 1117/5539, time remaining: 10m 8s
Rendered 1118/5539, time remaining: 10m 5s
Rendered 1119/5539, time remaining: 10m 6s
Rendered 1120/5539, time remaining: 10m 6s
Rendered 1121/5539, time remaining: 10m 6s
Rendered 1122/5539, time remaining: 10m 4s
Rendered 1123/5539, time remaining: 10m 3s
Rendered 1124/5539, time remaining: 10m 3s
Rendered 1125/5539, time remaining: 10m 3s
Rendered 1126/5539, time remaining: 10m 5s
Rendered 1127/5539, time remaining: 10m 8s
Rendered 1128/5539, time remaining: 10m 4s
Rendered 1129/5539, time remaining: 10m 3s
Rendered 1130/5539, time remaining: 10m 3s
Rendered 1131/5539, time remaining: 10m 3s
Rendered 1132/5539, time remaining: 10m 1s
Rendered 1133/5539, time remaining: 9m 56s
Rendered 1134/5539, time remaining: 10m 1s
Rendered 1135/5539, time remaining: 10m 6s
Rendered 1136/5539, time remaining: 10m 5s
Rendered 1137/5539, time remaining: 10m 5s
Rendered 1138/5539, time remaining: 10m 3s
Rendered 1139/5539, time remaining: 10m 5s
Rendered 1140/5539, time remaining: 10m 5s
Rendered 1141/5539, time remaining: 10m 1s
Rendered 1142/5539, time remaining: 10m 7s
Rendered 1143/5539, time remaining: 10m 16s
Rendered 1144/5539, time remaining: 10m 18s
Rendered 1145/5539, time remaining: 10m 17s
Rendered 1146/5539, time remaining: 10m 14s
Rendered 1147/5539, time remaining: 10m 16s
Rendered 1148/5539, time remaining: 10m 14s
Rendered 1149/5539, time remaining: 10m 7s
Rendered 1150/5539, time remaining: 10m 13s
Rendered 1151/5539, time remaining: 10m 24s
Rendered 1152/5539, time remaining: 10m 20s
Rendered 1153/5539, time remaining: 10m 19s
Rendered 1154/5539, time remaining: 10m 19s
Rendered 1155/5539, time remaining: 10m 14s
Rendered 1156/5539, time remaining: 10m 13s
Rendered 1157/5539, time remaining: 9m 59s
Rendered 1158/5539, time remaining: 10m 2s
Rendered 1159/5539, time remaining: 10m 11s
Rendered 1160/5539, time remaining: 10m 5s
Rendered 1161/5539, time remaining: 10m 4s
Rendered 1162/5539, time remaining: 9m 59s
Rendered 1163/5539, time remaining: 9m 59s
Rendered 1164/5539, time remaining: 10m 0s
Rendered 1165/5539, time remaining: 9m 56s
Rendered 1166/5539, time remaining: 10m 4s
Rendered 1167/5539, time remaining: 10m 7s
Rendered 1168/5539, time remaining: 10m 0s
Rendered 1169/5539, time remaining: 9m 59s
Rendered 1170/5539, time remaining: 9m 54s
Rendered 1171/5539, time remaining: 9m 51s
Rendered 1172/5539, time remaining: 9m 50s
Rendered 1173/5539, time remaining: 9m 50s
Rendered 1174/5539, time remaining: 9m 47s
Rendered 1175/5539, time remaining: 10m 1s
Rendered 1176/5539, time remaining: 9m 55s
Rendered 1177/5539, time remaining: 9m 51s
Rendered 1178/5539, time remaining: 9m 44s
Rendered 1179/5539, time remaining: 9m 46s
Rendered 1180/5539, time remaining: 9m 43s
Rendered 1181/5539, time remaining: 9m 45s
Rendered 1182/5539, time remaining: 9m 44s
Rendered 1183/5539, time remaining: 9m 52s
Rendered 1184/5539, time remaining: 9m 49s
Rendered 1185/5539, time remaining: 9m 44s
Rendered 1186/5539, time remaining: 9m 43s
Rendered 1187/5539, time remaining: 9m 41s
Rendered 1188/5539, time remaining: 9m 41s
Rendered 1189/5539, time remaining: 9m 42s
Rendered 1190/5539, time remaining: 9m 40s
Rendered 1191/5539, time remaining: 9m 45s
Rendered 1192/5539, time remaining: 9m 47s
Rendered 1193/5539, time remaining: 9m 44s
Rendered 1194/5539, time remaining: 9m 37s
Rendered 1195/5539, time remaining: 9m 37s
Rendered 1196/5539, time remaining: 9m 36s
Rendered 1197/5539, time remaining: 9m 34s
Rendered 1198/5539, time remaining: 9m 34s
Rendered 1199/5539, time remaining: 9m 36s
Rendered 1200/5539, time remaining: 9m 42s
Rendered 1201/5539, time remaining: 9m 36s
Rendered 1202/5539, time remaining: 9m 34s
Rendered 1203/5539, time remaining: 9m 32s
Rendered 1204/5539, time remaining: 9m 34s
Rendered 1205/5539, time remaining: 9m 34s
Rendered 1206/5539, time remaining: 9m 35s
Rendered 1207/5539, time remaining: 9m 41s
Rendered 1208/5539, time remaining: 9m 42s
Rendered 1209/5539, time remaining: 9m 36s
Rendered 1210/5539, time remaining: 9m 30s
Rendered 1211/5539, time remaining: 9m 32s
Rendered 1212/5539, time remaining: 9m 31s
Rendered 1213/5539, time remaining: 9m 30s
Rendered 1214/5539, time remaining: 9m 29s
Rendered 1215/5539, time remaining: 9m 29s
Rendered 1216/5539, time remaining: 9m 30s
Rendered 1217/5539, time remaining: 9m 29s
Rendered 1218/5539, time remaining: 9m 30s
Rendered 1219/5539, time remaining: 9m 29s
Rendered 1220/5539, time remaining: 9m 30s
Rendered 1221/5539, time remaining: 9m 28s
Rendered 1222/5539, time remaining: 9m 27s
Rendered 1223/5539, time remaining: 9m 26s
Rendered 1224/5539, time remaining: 9m 28s
Rendered 1225/5539, time remaining: 9m 24s
Rendered 1226/5539, time remaining: 9m 33s
Rendered 1227/5539, time remaining: 9m 28s
Rendered 1228/5539, time remaining: 9m 27s
Rendered 1229/5539, time remaining: 9m 24s
Rendered 1230/5539, time remaining: 9m 24s
Rendered 1231/5539, time remaining: 9m 24s
Rendered 1232/5539, time remaining: 9m 24s
Rendered 1233/5539, time remaining: 9m 26s
Rendered 1234/5539, time remaining: 9m 25s
Rendered 1235/5539, time remaining: 9m 19s
Rendered 1236/5539, time remaining: 9m 16s
Rendered 1237/5539, time remaining: 9m 16s
Rendered 1238/5539, time remaining: 9m 16s
Rendered 1239/5539, time remaining: 9m 16s
Rendered 1240/5539, time remaining: 9m 17s
Rendered 1241/5539, time remaining: 9m 18s
Rendered 1242/5539, time remaining: 9m 26s
Rendered 1243/5539, time remaining: 9m 15s
Rendered 1244/5539, time remaining: 9m 17s
Rendered 1245/5539, time remaining: 9m 18s
Rendered 1246/5539, time remaining: 9m 22s
Rendered 1247/5539, time remaining: 9m 23s
Rendered 1248/5539, time remaining: 9m 21s
Rendered 1249/5539, time remaining: 9m 22s
Rendered 1250/5539, time remaining: 9m 29s
Rendered 1251/5539, time remaining: 9m 23s
Rendered 1252/5539, time remaining: 9m 21s
Rendered 1253/5539, time remaining: 9m 22s
Rendered 1254/5539, time remaining: 9m 23s
Rendered 1255/5539, time remaining: 9m 24s
Rendered 1256/5539, time remaining: 9m 24s
Rendered 1257/5539, time remaining: 9m 25s
Rendered 1258/5539, time remaining: 9m 28s
Rendered 1259/5539, time remaining: 9m 36s
Rendered 1260/5539, time remaining: 9m 20s
Rendered 1261/5539, time remaining: 9m 23s
Rendered 1262/5539, time remaining: 9m 23s
Rendered 1263/5539, time remaining: 9m 23s
Rendered 1264/5539, time remaining: 9m 23s
Rendered 1265/5539, time remaining: 9m 24s
Rendered 1266/5539, time remaining: 9m 25s
Rendered 1267/5539, time remaining: 9m 23s
Rendered 1268/5539, time remaining: 9m 10s
Rendered 1269/5539, time remaining: 9m 23s
Rendered 1270/5539, time remaining: 9m 22s
Rendered 1271/5539, time remaining: 9m 24s
Rendered 1272/5539, time remaining: 9m 24s
Rendered 1273/5539, time remaining: 9m 25s
Rendered 1274/5539, time remaining: 9m 25s
Rendered 1275/5539, time remaining: 9m 25s
Rendered 1276/5539, time remaining: 9m 15s
Rendered 1277/5539, time remaining: 9m 23s
Rendered 1278/5539, time remaining: 9m 23s
Rendered 1279/5539, time remaining: 9m 24s
Rendered 1280/5539, time remaining: 9m 24s
Rendered 1281/5539, time remaining: 9m 23s
Rendered 1282/5539, time remaining: 9m 24s
Rendered 1283/5539, time remaining: 9m 23s
Rendered 1284/5539, time remaining: 9m 20s
Rendered 1285/5539, time remaining: 9m 25s
Rendered 1286/5539, time remaining: 9m 24s
Rendered 1287/5539, time remaining: 9m 27s
Rendered 1288/5539, time remaining: 9m 26s
Rendered 1289/5539, time remaining: 9m 22s
Rendered 1290/5539, time remaining: 9m 20s
Rendered 1291/5539, time remaining: 9m 21s
Rendered 1292/5539, time remaining: 9m 19s
Rendered 1293/5539, time remaining: 9m 13s
Rendered 1294/5539, time remaining: 9m 11s
Rendered 1295/5539, time remaining: 9m 11s
Rendered 1296/5539, time remaining: 9m 10s
Rendered 1297/5539, time remaining: 9m 11s
Rendered 1298/5539, time remaining: 9m 10s
Rendered 1299/5539, time remaining: 9m 13s
Rendered 1300/5539, time remaining: 9m 5s
Rendered 1301/5539, time remaining: 9m 3s
Rendered 1302/5539, time remaining: 9m 2s
Rendered 1303/5539, time remaining: 9m 2s
Rendered 1304/5539, time remaining: 9m 3s
Rendered 1305/5539, time remaining: 9m 3s
Rendered 1306/5539, time remaining: 9m 5s
Rendered 1307/5539, time remaining: 9m 4s
Rendered 1308/5539, time remaining: 9m 2s
Rendered 1309/5539, time remaining: 8m 54s
Rendered 1310/5539, time remaining: 8m 54s
Rendered 1311/5539, time remaining: 8m 58s
Rendered 1312/5539, time remaining: 8m 59s
Rendered 1313/5539, time remaining: 9m 1s
Rendered 1314/5539, time remaining: 8m 59s
Rendered 1315/5539, time remaining: 9m 2s
Rendered 1316/5539, time remaining: 8m 54s
Rendered 1317/5539, time remaining: 8m 49s
Rendered 1318/5539, time remaining: 8m 49s
Rendered 1319/5539, time remaining: 8m 48s
Rendered 1320/5539, time remaining: 8m 52s
Rendered 1321/5539, time remaining: 8m 56s
Rendered 1322/5539, time remaining: 8m 55s
Rendered 1323/5539, time remaining: 8m 58s
Rendered 1324/5539, time remaining: 8m 58s
Rendered 1325/5539, time remaining: 8m 44s
Rendered 1326/5539, time remaining: 8m 44s
Rendered 1327/5539, time remaining: 8m 44s
Rendered 1328/5539, time remaining: 8m 49s
Rendered 1329/5539, time remaining: 8m 50s
Rendered 1330/5539, time remaining: 8m 54s
Rendered 1331/5539, time remaining: 8m 53s
Rendered 1332/5539, time remaining: 8m 52s
Rendered 1333/5539, time remaining: 8m 41s
Rendered 1334/5539, time remaining: 8m 41s
Rendered 1335/5539, time remaining: 8m 40s
Rendered 1336/5539, time remaining: 8m 41s
Rendered 1337/5539, time remaining: 8m 42s
Rendered 1338/5539, time remaining: 8m 52s
Rendered 1339/5539, time remaining: 8m 51s
Rendered 1340/5539, time remaining: 8m 48s
Rendered 1341/5539, time remaining: 8m 42s
Rendered 1342/5539, time remaining: 8m 40s
Rendered 1343/5539, time remaining: 8m 38s
Rendered 1344/5539, time remaining: 8m 36s
Rendered 1345/5539, time remaining: 8m 37s
Rendered 1346/5539, time remaining: 8m 44s
Rendered 1347/5539, time remaining: 8m 47s
Rendered 1348/5539, time remaining: 8m 48s
Rendered 1349/5539, time remaining: 8m 45s
Rendered 1350/5539, time remaining: 8m 38s
Rendered 1351/5539, time remaining: 8m 34s
Rendered 1352/5539, time remaining: 8m 35s
Rendered 1353/5539, time remaining: 8m 35s
Rendered 1354/5539, time remaining: 8m 38s
Rendered 1355/5539, time remaining: 8m 38s
Rendered 1356/5539, time remaining: 8m 36s
Rendered 1357/5539, time remaining: 8m 33s
Rendered 1358/5539, time remaining: 8m 32s
Rendered 1359/5539, time remaining: 8m 32s
Rendered 1360/5539, time remaining: 8m 31s
Rendered 1361/5539, time remaining: 8m 29s
Rendered 1362/5539, time remaining: 8m 32s
Rendered 1363/5539, time remaining: 8m 32s
Rendered 1364/5539, time remaining: 8m 29s
Rendered 1365/5539, time remaining: 8m 31s
Rendered 1366/5539, time remaining: 8m 34s
Rendered 1367/5539, time remaining: 8m 31s
Rendered 1368/5539, time remaining: 8m 28s
Rendered 1369/5539, time remaining: 8m 27s
Rendered 1370/5539, time remaining: 8m 24s
Rendered 1371/5539, time remaining: 8m 25s
Rendered 1372/5539, time remaining: 8m 23s
Rendered 1373/5539, time remaining: 8m 23s
Rendered 1374/5539, time remaining: 8m 31s
Rendered 1375/5539, time remaining: 8m 32s
Rendered 1376/5539, time remaining: 8m 19s
Rendered 1377/5539, time remaining: 8m 19s
Rendered 1378/5539, time remaining: 8m 19s
Rendered 1379/5539, time remaining: 8m 19s
Rendered 1380/5539, time remaining: 8m 21s
Rendered 1381/5539, time remaining: 8m 19s
Rendered 1382/5539, time remaining: 8m 30s
Rendered 1383/5539, time remaining: 8m 24s
Rendered 1384/5539, time remaining: 8m 16s
Rendered 1385/5539, time remaining: 8m 17s
Rendered 1386/5539, time remaining: 8m 17s
Rendered 1387/5539, time remaining: 8m 17s
Rendered 1388/5539, time remaining: 8m 17s
Rendered 1389/5539, time remaining: 8m 21s
Rendered 1390/5539, time remaining: 8m 32s
Rendered 1391/5539, time remaining: 8m 31s
Rendered 1392/5539, time remaining: 8m 23s
Rendered 1393/5539, time remaining: 8m 23s
Rendered 1394/5539, time remaining: 8m 21s
Rendered 1395/5539, time remaining: 8m 21s
Rendered 1396/5539, time remaining: 8m 18s
Rendered 1397/5539, time remaining: 8m 18s
Rendered 1398/5539, time remaining: 8m 27s
Rendered 1399/5539, time remaining: 8m 29s
Rendered 1400/5539, time remaining: 8m 19s
Rendered 1401/5539, time remaining: 8m 18s
Rendered 1402/5539, time remaining: 8m 14s
Rendered 1403/5539, time remaining: 8m 13s
Rendered 1404/5539, time remaining: 8m 11s
Rendered 1405/5539, time remaining: 8m 10s
Rendered 1406/5539, time remaining: 8m 16s
Rendered 1407/5539, time remaining: 8m 17s
Rendered 1408/5539, time remaining: 8m 19s
Rendered 1409/5539, time remaining: 8m 10s
Rendered 1410/5539, time remaining: 8m 10s
Rendered 1411/5539, time remaining: 8m 4s
Rendered 1412/5539, time remaining: 8m 4s
Rendered 1413/5539, time remaining: 8m 5s
Rendered 1414/5539, time remaining: 8m 11s
Rendered 1415/5539, time remaining: 8m 16s
Rendered 1416/5539, time remaining: 8m 14s
Rendered 1417/5539, time remaining: 8m 14s
Rendered 1418/5539, time remaining: 8m 15s
Rendered 1419/5539, time remaining: 8m 1s
Rendered 1420/5539, time remaining: 8m 2s
Rendered 1421/5539, time remaining: 8m 2s
Rendered 1422/5539, time remaining: 8m 7s
Rendered 1423/5539, time remaining: 8m 10s
Rendered 1424/5539, time remaining: 8m 9s
Rendered 1425/5539, time remaining: 8m 9s
Rendered 1426/5539, time remaining: 8m 8s
Rendered 1427/5539, time remaining: 8m 1s
Rendered 1428/5539, time remaining: 8m 1s
Rendered 1429/5539, time remaining: 7m 59s
Rendered 1430/5539, time remaining: 7m 59s
Rendered 1431/5539, time remaining: 8m 5s
Rendered 1432/5539, time remaining: 8m 6s
Rendered 1433/5539, time remaining: 8m 6s
Rendered 1434/5539, time remaining: 8m 5s
Rendered 1435/5539, time remaining: 7m 55s
Rendered 1436/5539, time remaining: 7m 57s
Rendered 1437/5539, time remaining: 7m 56s
Rendered 1438/5539, time remaining: 7m 55s
Rendered 1439/5539, time remaining: 7m 58s
Rendered 1440/5539, time remaining: 8m 0s
Rendered 1441/5539, time remaining: 8m 0s
Rendered 1442/5539, time remaining: 7m 57s
Rendered 1443/5539, time remaining: 7m 54s
Rendered 1444/5539, time remaining: 7m 57s
Rendered 1445/5539, time remaining: 7m 57s
Rendered 1446/5539, time remaining: 7m 56s
Rendered 1447/5539, time remaining: 7m 54s
Rendered 1448/5539, time remaining: 7m 58s
Rendered 1449/5539, time remaining: 7m 54s
Rendered 1450/5539, time remaining: 7m 57s
Rendered 1451/5539, time remaining: 7m 55s
Rendered 1452/5539, time remaining: 7m 54s
Rendered 1453/5539, time remaining: 7m 54s
Rendered 1454/5539, time remaining: 7m 53s
Rendered 1455/5539, time remaining: 7m 53s
Rendered 1456/5539, time remaining: 7m 52s
Rendered 1457/5539, time remaining: 7m 52s
Rendered 1458/5539, time remaining: 7m 50s
Rendered 1459/5539, time remaining: 7m 55s
Rendered 1460/5539, time remaining: 7m 55s
Rendered 1461/5539, time remaining: 7m 51s
Rendered 1462/5539, time remaining: 7m 50s
Rendered 1463/5539, time remaining: 7m 48s
Rendered 1464/5539, time remaining: 7m 50s
Rendered 1465/5539, time remaining: 7m 49s
Rendered 1466/5539, time remaining: 7m 47s
Rendered 1467/5539, time remaining: 7m 58s
Rendered 1468/5539, time remaining: 7m 58s
Rendered 1469/5539, time remaining: 7m 58s
Rendered 1470/5539, time remaining: 7m 54s
Rendered 1471/5539, time remaining: 7m 50s
Rendered 1472/5539, time remaining: 7m 50s
Rendered 1473/5539, time remaining: 7m 45s
Rendered 1474/5539, time remaining: 7m 47s
Rendered 1475/5539, time remaining: 7m 56s
Rendered 1476/5539, time remaining: 7m 59s
Rendered 1477/5539, time remaining: 7m 59s
Rendered 1478/5539, time remaining: 7m 54s
Rendered 1479/5539, time remaining: 7m 51s
Rendered 1480/5539, time remaining: 7m 48s
Rendered 1481/5539, time remaining: 7m 46s
Rendered 1482/5539, time remaining: 7m 50s
Rendered 1483/5539, time remaining: 7m 57s
Rendered 1484/5539, time remaining: 7m 58s
Rendered 1485/5539, time remaining: 7m 58s
Rendered 1486/5539, time remaining: 7m 56s
Rendered 1487/5539, time remaining: 7m 57s
Rendered 1488/5539, time remaining: 7m 46s
Rendered 1489/5539, time remaining: 7m 45s
Rendered 1490/5539, time remaining: 7m 48s
Rendered 1491/5539, time remaining: 7m 49s
Rendered 1492/5539, time remaining: 7m 52s
Rendered 1493/5539, time remaining: 7m 53s
Rendered 1494/5539, time remaining: 7m 53s
Rendered 1495/5539, time remaining: 8m 1s
Rendered 1496/5539, time remaining: 7m 53s
Rendered 1497/5539, time remaining: 7m 50s
Rendered 1498/5539, time remaining: 7m 52s
Rendered 1499/5539, time remaining: 7m 52s
Rendered 1500/5539, time remaining: 7m 51s
Rendered 1501/5539, time remaining: 7m 52s
Rendered 1502/5539, time remaining: 7m 48s
Rendered 1503/5539, time remaining: 7m 54s
Rendered 1504/5539, time remaining: 7m 51s
Rendered 1505/5539, time remaining: 7m 51s
Rendered 1506/5539, time remaining: 7m 56s
Rendered 1507/5539, time remaining: 7m 55s
Rendered 1508/5539, time remaining: 7m 52s
Rendered 1509/5539, time remaining: 7m 52s
Rendered 1510/5539, time remaining: 7m 50s
Rendered 1511/5539, time remaining: 7m 53s
Rendered 1512/5539, time remaining: 7m 52s
Rendered 1513/5539, time remaining: 7m 53s
Rendered 1514/5539, time remaining: 7m 56s
Rendered 1515/5539, time remaining: 7m 54s
Rendered 1516/5539, time remaining: 7m 49s
Rendered 1517/5539, time remaining: 7m 49s
Rendered 1518/5539, time remaining: 7m 52s
Rendered 1519/5539, time remaining: 7m 52s
Rendered 1520/5539, time remaining: 8m 0s
Rendered 1521/5539, time remaining: 7m 57s
Rendered 1522/5539, time remaining: 7m 58s
Rendered 1523/5539, time remaining: 7m 59s
Rendered 1524/5539, time remaining: 7m 48s
Rendered 1525/5539, time remaining: 7m 47s
Rendered 1526/5539, time remaining: 7m 47s
Rendered 1527/5539, time remaining: 7m 48s
Rendered 1528/5539, time remaining: 8m 0s
Rendered 1529/5539, time remaining: 8m 0s
Rendered 1530/5539, time remaining: 7m 58s
Rendered 1531/5539, time remaining: 7m 58s
Rendered 1532/5539, time remaining: 7m 48s
Rendered 1533/5539, time remaining: 7m 48s
Rendered 1534/5539, time remaining: 7m 47s
Rendered 1535/5539, time remaining: 7m 47s
Rendered 1536/5539, time remaining: 7m 55s
Rendered 1537/5539, time remaining: 7m 57s
Rendered 1538/5539, time remaining: 7m 59s
Rendered 1539/5539, time remaining: 7m 56s
Rendered 1540/5539, time remaining: 7m 45s
Rendered 1541/5539, time remaining: 7m 42s
Rendered 1542/5539, time remaining: 7m 46s
Rendered 1543/5539, time remaining: 7m 44s
Rendered 1544/5539, time remaining: 7m 44s
Rendered 1545/5539, time remaining: 7m 51s
Rendered 1546/5539, time remaining: 7m 51s
Rendered 1547/5539, time remaining: 7m 51s
Rendered 1548/5539, time remaining: 7m 43s
Rendered 1549/5539, time remaining: 7m 41s
Rendered 1550/5539, time remaining: 7m 39s
Rendered 1551/5539, time remaining: 7m 38s
Rendered 1552/5539, time remaining: 7m 40s
Rendered 1553/5539, time remaining: 7m 45s
Rendered 1554/5539, time remaining: 7m 48s
Rendered 1555/5539, time remaining: 7m 50s
Rendered 1556/5539, time remaining: 7m 44s
Rendered 1557/5539, time remaining: 7m 42s
Rendered 1558/5539, time remaining: 7m 37s
Rendered 1559/5539, time remaining: 7m 40s
Rendered 1560/5539, time remaining: 7m 40s
Rendered 1561/5539, time remaining: 7m 44s
Rendered 1562/5539, time remaining: 7m 48s
Rendered 1563/5539, time remaining: 7m 48s
Rendered 1564/5539, time remaining: 7m 43s
Rendered 1565/5539, time remaining: 7m 38s
Rendered 1566/5539, time remaining: 7m 38s
Rendered 1567/5539, time remaining: 7m 39s
Rendered 1568/5539, time remaining: 7m 39s
Rendered 1569/5539, time remaining: 7m 42s
Rendered 1570/5539, time remaining: 7m 48s
Rendered 1571/5539, time remaining: 7m 46s
Rendered 1572/5539, time remaining: 7m 41s
Rendered 1573/5539, time remaining: 7m 38s
Rendered 1574/5539, time remaining: 7m 39s
Rendered 1575/5539, time remaining: 7m 39s
Rendered 1576/5539, time remaining: 7m 39s
Rendered 1577/5539, time remaining: 7m 36s
Rendered 1578/5539, time remaining: 7m 46s
Rendered 1579/5539, time remaining: 7m 46s
Rendered 1580/5539, time remaining: 7m 46s
Rendered 1581/5539, time remaining: 7m 40s
Rendered 1582/5539, time remaining: 7m 37s
Rendered 1583/5539, time remaining: 7m 37s
Rendered 1584/5539, time remaining: 7m 33s
Rendered 1585/5539, time remaining: 7m 35s
Rendered 1586/5539, time remaining: 7m 43s
Rendered 1587/5539, time remaining: 7m 42s
Rendered 1588/5539, time remaining: 7m 42s
Rendered 1589/5539, time remaining: 7m 39s
Rendered 1590/5539, time remaining: 7m 36s
Rendered 1591/5539, time remaining: 7m 34s
Rendered 1592/5539, time remaining: 7m 31s
Rendered 1593/5539, time remaining: 7m 38s
Rendered 1594/5539, time remaining: 7m 39s
Rendered 1595/5539, time remaining: 7m 39s
Rendered 1596/5539, time remaining: 7m 39s
Rendered 1597/5539, time remaining: 7m 39s
Rendered 1598/5539, time remaining: 7m 36s
Rendered 1599/5539, time remaining: 7m 36s
Rendered 1600/5539, time remaining: 7m 33s
Rendered 1601/5539, time remaining: 7m 34s
Rendered 1602/5539, time remaining: 7m 40s
Rendered 1603/5539, time remaining: 7m 39s
Rendered 1604/5539, time remaining: 7m 39s
Rendered 1605/5539, time remaining: 7m 38s
Rendered 1606/5539, time remaining: 7m 37s
Rendered 1607/5539, time remaining: 7m 37s
Rendered 1608/5539, time remaining: 7m 37s
Rendered 1609/5539, time remaining: 7m 32s
Rendered 1610/5539, time remaining: 7m 41s
Rendered 1611/5539, time remaining: 7m 40s
Rendered 1612/5539, time remaining: 7m 40s
Rendered 1613/5539, time remaining: 7m 40s
Rendered 1614/5539, time remaining: 7m 37s
Rendered 1615/5539, time remaining: 7m 35s
Rendered 1616/5539, time remaining: 7m 35s
Rendered 1617/5539, time remaining: 7m 24s
Rendered 1618/5539, time remaining: 7m 37s
Rendered 1619/5539, time remaining: 7m 37s
Rendered 1620/5539, time remaining: 7m 36s
Rendered 1621/5539, time remaining: 7m 36s
Rendered 1622/5539, time remaining: 7m 36s
Rendered 1623/5539, time remaining: 7m 36s
Rendered 1624/5539, time remaining: 7m 34s
Rendered 1625/5539, time remaining: 7m 27s
Rendered 1626/5539, time remaining: 7m 36s
Rendered 1627/5539, time remaining: 7m 35s
Rendered 1628/5539, time remaining: 7m 35s
Rendered 1629/5539, time remaining: 7m 35s
Rendered 1630/5539, time remaining: 7m 33s
Rendered 1631/5539, time remaining: 7m 32s
Rendered 1632/5539, time remaining: 7m 29s
Rendered 1633/5539, time remaining: 7m 26s
Rendered 1634/5539, time remaining: 7m 34s
Rendered 1635/5539, time remaining: 7m 34s
Rendered 1636/5539, time remaining: 7m 33s
Rendered 1637/5539, time remaining: 7m 29s
Rendered 1638/5539, time remaining: 7m 32s
Rendered 1639/5539, time remaining: 7m 33s
Rendered 1640/5539, time remaining: 7m 31s
Rendered 1641/5539, time remaining: 7m 28s
Rendered 1642/5539, time remaining: 7m 37s
Rendered 1643/5539, time remaining: 7m 37s
Rendered 1644/5539, time remaining: 7m 36s
Rendered 1645/5539, time remaining: 7m 27s
Rendered 1646/5539, time remaining: 7m 27s
Rendered 1647/5539, time remaining: 7m 27s
Rendered 1648/5539, time remaining: 7m 23s
Rendered 1649/5539, time remaining: 7m 26s
Rendered 1650/5539, time remaining: 7m 35s
Rendered 1651/5539, time remaining: 7m 34s
Rendered 1652/5539, time remaining: 7m 35s
Rendered 1653/5539, time remaining: 7m 29s
Rendered 1654/5539, time remaining: 7m 25s
Rendered 1655/5539, time remaining: 7m 26s
Rendered 1656/5539, time remaining: 7m 21s
Rendered 1657/5539, time remaining: 7m 19s
Rendered 1658/5539, time remaining: 7m 31s
Rendered 1659/5539, time remaining: 7m 31s
Rendered 1660/5539, time remaining: 7m 30s
Rendered 1661/5539, time remaining: 7m 27s
Rendered 1662/5539, time remaining: 7m 24s
Rendered 1663/5539, time remaining: 7m 23s
Rendered 1664/5539, time remaining: 7m 20s
Rendered 1665/5539, time remaining: 7m 21s
Rendered 1666/5539, time remaining: 7m 27s
Rendered 1667/5539, time remaining: 7m 28s
Rendered 1668/5539, time remaining: 7m 26s
Rendered 1669/5539, time remaining: 7m 26s
Rendered 1670/5539, time remaining: 7m 18s
Rendered 1671/5539, time remaining: 7m 20s
Rendered 1672/5539, time remaining: 7m 19s
Rendered 1673/5539, time remaining: 7m 19s
Rendered 1674/5539, time remaining: 7m 22s
Rendered 1675/5539, time remaining: 7m 27s
Rendered 1676/5539, time remaining: 7m 28s
Rendered 1677/5539, time remaining: 7m 28s
Rendered 1678/5539, time remaining: 7m 16s
Rendered 1679/5539, time remaining: 7m 16s
Rendered 1680/5539, time remaining: 7m 16s
Rendered 1681/5539, time remaining: 7m 15s
Rendered 1682/5539, time remaining: 7m 20s
Rendered 1683/5539, time remaining: 7m 28s
Rendered 1684/5539, time remaining: 7m 27s
Rendered 1685/5539, time remaining: 7m 26s
Rendered 1686/5539, time remaining: 7m 18s
Rendered 1687/5539, time remaining: 7m 16s
Rendered 1688/5539, time remaining: 7m 14s
Rendered 1689/5539, time remaining: 7m 14s
Rendered 1690/5539, time remaining: 7m 22s
Rendered 1691/5539, time remaining: 7m 24s
Rendered 1692/5539, time remaining: 7m 21s
Rendered 1693/5539, time remaining: 7m 20s
Rendered 1694/5539, time remaining: 7m 18s
Rendered 1695/5539, time remaining: 7m 11s
Rendered 1696/5539, time remaining: 7m 9s
Rendered 1697/5539, time remaining: 7m 10s
Rendered 1698/5539, time remaining: 7m 16s
Rendered 1699/5539, time remaining: 7m 20s
Rendered 1700/5539, time remaining: 7m 20s
Rendered 1701/5539, time remaining: 7m 20s
Rendered 1702/5539, time remaining: 7m 17s
Rendered 1703/5539, time remaining: 7m 11s
Rendered 1704/5539, time remaining: 7m 8s
Rendered 1705/5539, time remaining: 7m 7s
Rendered 1706/5539, time remaining: 7m 17s
Rendered 1707/5539, time remaining: 7m 21s
Rendered 1708/5539, time remaining: 7m 20s
Rendered 1709/5539, time remaining: 7m 18s
Rendered 1710/5539, time remaining: 7m 18s
Rendered 1711/5539, time remaining: 7m 13s
Rendered 1712/5539, time remaining: 7m 10s
Rendered 1713/5539, time remaining: 7m 10s
Rendered 1714/5539, time remaining: 7m 15s
Rendered 1715/5539, time remaining: 7m 22s
Rendered 1716/5539, time remaining: 7m 22s
Rendered 1717/5539, time remaining: 7m 21s
Rendered 1718/5539, time remaining: 7m 22s
Rendered 1719/5539, time remaining: 7m 18s
Rendered 1720/5539, time remaining: 7m 12s
Rendered 1721/5539, time remaining: 7m 11s
Rendered 1722/5539, time remaining: 7m 19s
Rendered 1723/5539, time remaining: 7m 19s
Rendered 1724/5539, time remaining: 7m 18s
Rendered 1725/5539, time remaining: 7m 19s
Rendered 1726/5539, time remaining: 7m 19s
Rendered 1727/5539, time remaining: 7m 20s
Rendered 1728/5539, time remaining: 7m 12s
Rendered 1729/5539, time remaining: 7m 13s
Rendered 1730/5539, time remaining: 7m 17s
Rendered 1731/5539, time remaining: 7m 19s
Rendered 1732/5539, time remaining: 7m 20s
Rendered 1733/5539, time remaining: 7m 20s
Rendered 1734/5539, time remaining: 7m 21s
Rendered 1735/5539, time remaining: 7m 20s
Rendered 1736/5539, time remaining: 7m 10s
Rendered 1737/5539, time remaining: 7m 10s
Rendered 1738/5539, time remaining: 7m 15s
Rendered 1739/5539, time remaining: 7m 19s
Rendered 1740/5539, time remaining: 7m 19s
Rendered 1741/5539, time remaining: 7m 22s
Rendered 1742/5539, time remaining: 7m 22s
Rendered 1743/5539, time remaining: 7m 13s
Rendered 1744/5539, time remaining: 7m 11s
Rendered 1745/5539, time remaining: 7m 11s
Rendered 1746/5539, time remaining: 7m 13s
Rendered 1747/5539, time remaining: 7m 12s
Rendered 1748/5539, time remaining: 7m 13s
Rendered 1749/5539, time remaining: 7m 14s
Rendered 1750/5539, time remaining: 7m 20s
Rendered 1751/5539, time remaining: 7m 14s
Rendered 1752/5539, time remaining: 7m 13s
Rendered 1753/5539, time remaining: 7m 11s
Rendered 1754/5539, time remaining: 7m 14s
Rendered 1755/5539, time remaining: 7m 14s
Rendered 1756/5539, time remaining: 7m 14s
Rendered 1757/5539, time remaining: 7m 16s
Rendered 1758/5539, time remaining: 7m 24s
Rendered 1759/5539, time remaining: 7m 24s
Rendered 1760/5539, time remaining: 7m 16s
Rendered 1761/5539, time remaining: 7m 16s
Rendered 1762/5539, time remaining: 7m 16s
Rendered 1763/5539, time remaining: 7m 16s
Rendered 1764/5539, time remaining: 7m 16s
Rendered 1765/5539, time remaining: 7m 18s
Rendered 1766/5539, time remaining: 7m 23s
Rendered 1767/5539, time remaining: 7m 28s
Rendered 1768/5539, time remaining: 7m 18s
Rendered 1769/5539, time remaining: 7m 18s
Rendered 1770/5539, time remaining: 7m 18s
Rendered 1771/5539, time remaining: 7m 19s
Rendered 1772/5539, time remaining: 7m 19s
Rendered 1773/5539, time remaining: 7m 21s
Rendered 1774/5539, time remaining: 7m 24s
Rendered 1775/5539, time remaining: 7m 27s
Rendered 1776/5539, time remaining: 7m 17s
Rendered 1777/5539, time remaining: 7m 17s
Rendered 1778/5539, time remaining: 7m 18s
Rendered 1779/5539, time remaining: 7m 18s
Rendered 1780/5539, time remaining: 7m 19s
Rendered 1781/5539, time remaining: 7m 20s
Rendered 1782/5539, time remaining: 7m 22s
Rendered 1783/5539, time remaining: 7m 22s
Rendered 1784/5539, time remaining: 7m 16s
Rendered 1785/5539, time remaining: 7m 16s
Rendered 1786/5539, time remaining: 7m 17s
Rendered 1787/5539, time remaining: 7m 19s
Rendered 1788/5539, time remaining: 7m 20s
Rendered 1789/5539, time remaining: 7m 23s
Rendered 1790/5539, time remaining: 7m 25s
Rendered 1791/5539, time remaining: 7m 26s
Rendered 1792/5539, time remaining: 7m 14s
Rendered 1793/5539, time remaining: 7m 14s
Rendered 1794/5539, time remaining: 7m 14s
Rendered 1795/5539, time remaining: 7m 18s
Rendered 1796/5539, time remaining: 7m 23s
Rendered 1797/5539, time remaining: 7m 24s
Rendered 1798/5539, time remaining: 7m 27s
Rendered 1799/5539, time remaining: 7m 22s
Rendered 1800/5539, time remaining: 7m 14s
Rendered 1801/5539, time remaining: 7m 14s
Rendered 1802/5539, time remaining: 7m 14s
Rendered 1803/5539, time remaining: 7m 14s
Rendered 1804/5539, time remaining: 7m 26s
Rendered 1805/5539, time remaining: 7m 26s
Rendered 1806/5539, time remaining: 7m 26s
Rendered 1807/5539, time remaining: 7m 26s
Rendered 1808/5539, time remaining: 7m 14s
Rendered 1809/5539, time remaining: 7m 13s
Rendered 1810/5539, time remaining: 7m 13s
Rendered 1811/5539, time remaining: 7m 16s
Rendered 1812/5539, time remaining: 7m 26s
Rendered 1813/5539, time remaining: 7m 25s
Rendered 1814/5539, time remaining: 7m 25s
Rendered 1815/5539, time remaining: 7m 24s
Rendered 1816/5539, time remaining: 7m 16s
Rendered 1817/5539, time remaining: 7m 13s
Rendered 1818/5539, time remaining: 7m 12s
Rendered 1819/5539, time remaining: 7m 11s
Rendered 1820/5539, time remaining: 7m 24s
Rendered 1821/5539, time remaining: 7m 23s
Rendered 1822/5539, time remaining: 7m 23s
Rendered 1823/5539, time remaining: 7m 22s
Rendered 1824/5539, time remaining: 7m 19s
Rendered 1825/5539, time remaining: 7m 15s
Rendered 1826/5539, time remaining: 7m 13s
Rendered 1827/5539, time remaining: 7m 12s
Rendered 1828/5539, time remaining: 7m 21s
Rendered 1829/5539, time remaining: 7m 23s
Rendered 1830/5539, time remaining: 7m 23s
Rendered 1831/5539, time remaining: 7m 23s
Rendered 1832/5539, time remaining: 7m 18s
Rendered 1833/5539, time remaining: 7m 11s
Rendered 1834/5539, time remaining: 7m 14s
Rendered 1835/5539, time remaining: 7m 14s
Rendered 1836/5539, time remaining: 7m 19s
Rendered 1837/5539, time remaining: 7m 18s
Rendered 1838/5539, time remaining: 7m 21s
Rendered 1839/5539, time remaining: 7m 20s
Rendered 1840/5539, time remaining: 7m 14s
Rendered 1841/5539, time remaining: 7m 13s
Rendered 1842/5539, time remaining: 7m 12s
Rendered 1843/5539, time remaining: 7m 12s
Rendered 1844/5539, time remaining: 7m 16s
Rendered 1845/5539, time remaining: 7m 16s
Rendered 1846/5539, time remaining: 7m 21s
Rendered 1847/5539, time remaining: 7m 20s
Rendered 1848/5539, time remaining: 7m 16s
Rendered 1849/5539, time remaining: 7m 14s
Rendered 1850/5539, time remaining: 7m 15s
Rendered 1851/5539, time remaining: 7m 14s
Rendered 1852/5539, time remaining: 7m 18s
Rendered 1853/5539, time remaining: 7m 19s
Rendered 1854/5539, time remaining: 7m 19s
Rendered 1855/5539, time remaining: 7m 21s
Rendered 1856/5539, time remaining: 7m 12s
Rendered 1857/5539, time remaining: 7m 11s
Rendered 1858/5539, time remaining: 7m 11s
Rendered 1859/5539, time remaining: 7m 11s
Rendered 1860/5539, time remaining: 7m 13s
Rendered 1861/5539, time remaining: 7m 16s
Rendered 1862/5539, time remaining: 7m 15s
Rendered 1863/5539, time remaining: 7m 15s
Rendered 1864/5539, time remaining: 7m 12s
Rendered 1865/5539, time remaining: 7m 8s
Rendered 1866/5539, time remaining: 7m 10s
Rendered 1867/5539, time remaining: 7m 10s
Rendered 1868/5539, time remaining: 7m 9s
Rendered 1869/5539, time remaining: 7m 10s
Rendered 1870/5539, time remaining: 7m 10s
Rendered 1871/5539, time remaining: 7m 10s
Rendered 1872/5539, time remaining: 7m 5s
Rendered 1873/5539, time remaining: 7m 6s
Rendered 1874/5539, time remaining: 7m 7s
Rendered 1875/5539, time remaining: 7m 10s
Rendered 1876/5539, time remaining: 7m 8s
Rendered 1877/5539, time remaining: 7m 7s
Rendered 1878/5539, time remaining: 7m 5s
Rendered 1879/5539, time remaining: 7m 5s
Rendered 1880/5539, time remaining: 7m 3s
Rendered 1881/5539, time remaining: 7m 4s
Rendered 1882/5539, time remaining: 7m 5s
Rendered 1883/5539, time remaining: 7m 8s
Rendered 1884/5539, time remaining: 7m 7s
Rendered 1885/5539, time remaining: 7m 8s
Rendered 1886/5539, time remaining: 7m 7s
Rendered 1887/5539, time remaining: 7m 7s
Rendered 1888/5539, time remaining: 7m 4s
Rendered 1889/5539, time remaining: 7m 2s
Rendered 1890/5539, time remaining: 7m 4s
Rendered 1891/5539, time remaining: 7m 5s
Rendered 1892/5539, time remaining: 7m 5s
Rendered 1893/5539, time remaining: 7m 5s
Rendered 1894/5539, time remaining: 7m 5s
Rendered 1895/5539, time remaining: 7m 6s
Rendered 1896/5539, time remaining: 7m 3s
Rendered 1897/5539, time remaining: 7m 3s
Rendered 1898/5539, time remaining: 7m 3s
Rendered 1899/5539, time remaining: 7m 11s
Rendered 1900/5539, time remaining: 7m 6s
Rendered 1901/5539, time remaining: 7m 6s
Rendered 1902/5539, time remaining: 7m 1s
Rendered 1903/5539, time remaining: 7m 3s
Rendered 1904/5539, time remaining: 7m 0s
Rendered 1905/5539, time remaining: 7m 3s
Rendered 1906/5539, time remaining: 7m 4s
Rendered 1907/5539, time remaining: 7m 8s
Rendered 1908/5539, time remaining: 7m 1s
Rendered 1909/5539, time remaining: 6m 56s
Rendered 1910/5539, time remaining: 6m 55s
Rendered 1911/5539, time remaining: 6m 56s
Rendered 1912/5539, time remaining: 6m 56s
Rendered 1913/5539, time remaining: 6m 56s
Rendered 1914/5539, time remaining: 6m 56s
Rendered 1915/5539, time remaining: 7m 6s
Rendered 1916/5539, time remaining: 7m 1s
Rendered 1917/5539, time remaining: 6m 55s
Rendered 1918/5539, time remaining: 6m 53s
Rendered 1919/5539, time remaining: 6m 53s
Rendered 1920/5539, time remaining: 6m 52s
Rendered 1921/5539, time remaining: 6m 51s
Rendered 1922/5539, time remaining: 6m 51s
Rendered 1923/5539, time remaining: 7m 2s
Rendered 1924/5539, time remaining: 6m 59s
Rendered 1925/5539, time remaining: 6m 55s
Rendered 1926/5539, time remaining: 6m 52s
Rendered 1927/5539, time remaining: 6m 52s
Rendered 1928/5539, time remaining: 6m 52s
Rendered 1929/5539, time remaining: 6m 52s
Rendered 1930/5539, time remaining: 6m 51s
Rendered 1931/5539, time remaining: 6m 58s
Rendered 1932/5539, time remaining: 6m 59s
Rendered 1933/5539, time remaining: 6m 55s
Rendered 1934/5539, time remaining: 6m 53s
Rendered 1935/5539, time remaining: 6m 53s
Rendered 1936/5539, time remaining: 6m 52s
Rendered 1937/5539, time remaining: 6m 49s
Rendered 1938/5539, time remaining: 6m 47s
Rendered 1939/5539, time remaining: 6m 55s
Rendered 1940/5539, time remaining: 6m 52s
Rendered 1941/5539, time remaining: 6m 51s
Rendered 1942/5539, time remaining: 6m 50s
Rendered 1943/5539, time remaining: 6m 50s
Rendered 1944/5539, time remaining: 6m 50s
Rendered 1945/5539, time remaining: 6m 48s
Rendered 1946/5539, time remaining: 6m 43s
Rendered 1947/5539, time remaining: 6m 51s
Rendered 1948/5539, time remaining: 6m 48s
Rendered 1949/5539, time remaining: 6m 48s
Rendered 1950/5539, time remaining: 6m 50s
Rendered 1951/5539, time remaining: 6m 50s
Rendered 1952/5539, time remaining: 6m 50s
Rendered 1953/5539, time remaining: 6m 50s
Rendered 1954/5539, time remaining: 6m 40s
Rendered 1955/5539, time remaining: 6m 45s
Rendered 1956/5539, time remaining: 6m 45s
Rendered 1957/5539, time remaining: 6m 46s
Rendered 1958/5539, time remaining: 6m 47s
Rendered 1959/5539, time remaining: 6m 47s
Rendered 1960/5539, time remaining: 6m 48s
Rendered 1961/5539, time remaining: 6m 47s
Rendered 1962/5539, time remaining: 6m 40s
Rendered 1963/5539, time remaining: 6m 44s
Rendered 1964/5539, time remaining: 6m 44s
Rendered 1965/5539, time remaining: 6m 44s
Rendered 1966/5539, time remaining: 6m 49s
Rendered 1967/5539, time remaining: 6m 49s
Rendered 1968/5539, time remaining: 6m 49s
Rendered 1969/5539, time remaining: 6m 50s
Rendered 1970/5539, time remaining: 6m 39s
Rendered 1971/5539, time remaining: 6m 39s
Rendered 1972/5539, time remaining: 6m 39s
Rendered 1973/5539, time remaining: 6m 42s
Rendered 1974/5539, time remaining: 6m 48s
Rendered 1975/5539, time remaining: 6m 48s
Rendered 1976/5539, time remaining: 6m 48s
Rendered 1977/5539, time remaining: 6m 48s
Rendered 1978/5539, time remaining: 6m 39s
Rendered 1979/5539, time remaining: 6m 38s
Rendered 1980/5539, time remaining: 6m 38s
Rendered 1981/5539, time remaining: 6m 44s
Rendered 1982/5539, time remaining: 6m 49s
Rendered 1983/5539, time remaining: 6m 48s
Rendered 1984/5539, time remaining: 6m 46s
Rendered 1985/5539, time remaining: 6m 46s
Rendered 1986/5539, time remaining: 6m 41s
Rendered 1987/5539, time remaining: 6m 41s
Rendered 1988/5539, time remaining: 6m 38s
Rendered 1989/5539, time remaining: 6m 45s
Rendered 1990/5539, time remaining: 6m 47s
Rendered 1991/5539, time remaining: 6m 46s
Rendered 1992/5539, time remaining: 6m 46s
Rendered 1993/5539, time remaining: 6m 47s
Rendered 1994/5539, time remaining: 6m 43s
Rendered 1995/5539, time remaining: 6m 43s
Rendered 1996/5539, time remaining: 6m 39s
Rendered 1997/5539, time remaining: 6m 42s
Rendered 1998/5539, time remaining: 6m 45s
Rendered 1999/5539, time remaining: 6m 43s
Rendered 2000/5539, time remaining: 6m 43s
Rendered 2001/5539, time remaining: 6m 43s
Rendered 2002/5539, time remaining: 6m 40s
Rendered 2003/5539, time remaining: 6m 38s
Rendered 2004/5539, time remaining: 6m 39s
Rendered 2005/5539, time remaining: 6m 37s
Rendered 2006/5539, time remaining: 6m 43s
Rendered 2007/5539, time remaining: 6m 43s
Rendered 2008/5539, time remaining: 6m 43s
Rendered 2009/5539, time remaining: 6m 43s
Rendered 2010/5539, time remaining: 6m 40s
Rendered 2011/5539, time remaining: 6m 39s
Rendered 2012/5539, time remaining: 6m 40s
Rendered 2013/5539, time remaining: 6m 39s
Rendered 2014/5539, time remaining: 6m 46s
Rendered 2015/5539, time remaining: 6m 43s
Rendered 2016/5539, time remaining: 6m 41s
Rendered 2017/5539, time remaining: 6m 41s
Rendered 2018/5539, time remaining: 6m 40s
Rendered 2019/5539, time remaining: 6m 39s
Rendered 2020/5539, time remaining: 6m 39s
Rendered 2021/5539, time remaining: 6m 39s
Rendered 2022/5539, time remaining: 6m 49s
Rendered 2023/5539, time remaining: 6m 48s
Rendered 2024/5539, time remaining: 6m 47s
Rendered 2025/5539, time remaining: 6m 42s
Rendered 2026/5539, time remaining: 6m 42s
Rendered 2027/5539, time remaining: 6m 43s
Rendered 2028/5539, time remaining: 6m 42s
Rendered 2029/5539, time remaining: 6m 47s
Rendered 2030/5539, time remaining: 6m 48s
Rendered 2031/5539, time remaining: 6m 47s
Rendered 2032/5539, time remaining: 6m 44s
Rendered 2033/5539, time remaining: 6m 41s
Rendered 2034/5539, time remaining: 6m 41s
Rendered 2035/5539, time remaining: 6m 39s
Rendered 2036/5539, time remaining: 6m 40s
Rendered 2037/5539, time remaining: 6m 43s
Rendered 2038/5539, time remaining: 6m 45s
Rendered 2039/5539, time remaining: 6m 47s
Rendered 2040/5539, time remaining: 6m 45s
Rendered 2041/5539, time remaining: 6m 41s
Rendered 2042/5539, time remaining: 6m 41s
Rendered 2043/5539, time remaining: 6m 41s
Rendered 2044/5539, time remaining: 6m 39s
Rendered 2045/5539, time remaining: 6m 40s
Rendered 2046/5539, time remaining: 6m 48s
Rendered 2047/5539, time remaining: 6m 50s
Rendered 2048/5539, time remaining: 6m 49s
Rendered 2049/5539, time remaining: 6m 39s
Rendered 2050/5539, time remaining: 6m 38s
Rendered 2051/5539, time remaining: 6m 39s
Rendered 2052/5539, time remaining: 6m 39s
Rendered 2053/5539, time remaining: 6m 43s
Rendered 2054/5539, time remaining: 6m 47s
Rendered 2055/5539, time remaining: 6m 45s
Rendered 2056/5539, time remaining: 6m 44s
Rendered 2057/5539, time remaining: 6m 38s
Rendered 2058/5539, time remaining: 6m 36s
Rendered 2059/5539, time remaining: 6m 36s
Rendered 2060/5539, time remaining: 6m 36s
Rendered 2061/5539, time remaining: 6m 44s
Rendered 2062/5539, time remaining: 6m 47s
Rendered 2063/5539, time remaining: 6m 48s
Rendered 2064/5539, time remaining: 6m 48s
Rendered 2065/5539, time remaining: 6m 36s
Rendered 2066/5539, time remaining: 6m 36s
Rendered 2067/5539, time remaining: 6m 36s
Rendered 2068/5539, time remaining: 6m 36s
Rendered 2069/5539, time remaining: 6m 38s
Rendered 2070/5539, time remaining: 6m 42s
Rendered 2071/5539, time remaining: 6m 48s
Rendered 2072/5539, time remaining: 6m 47s
Rendered 2073/5539, time remaining: 6m 36s
Rendered 2074/5539, time remaining: 6m 36s
Rendered 2075/5539, time remaining: 6m 35s
Rendered 2076/5539, time remaining: 6m 35s
Rendered 2077/5539, time remaining: 6m 36s
Rendered 2078/5539, time remaining: 6m 38s
Rendered 2079/5539, time remaining: 6m 46s
Rendered 2080/5539, time remaining: 6m 46s
Rendered 2081/5539, time remaining: 6m 38s
Rendered 2082/5539, time remaining: 6m 35s
Rendered 2083/5539, time remaining: 6m 34s
Rendered 2084/5539, time remaining: 6m 35s
Rendered 2085/5539, time remaining: 6m 35s
Rendered 2086/5539, time remaining: 6m 35s
Rendered 2087/5539, time remaining: 6m 45s
Rendered 2088/5539, time remaining: 6m 45s
Rendered 2089/5539, time remaining: 6m 35s
Rendered 2090/5539, time remaining: 6m 34s
Rendered 2091/5539, time remaining: 6m 35s
Rendered 2092/5539, time remaining: 6m 35s
Rendered 2093/5539, time remaining: 6m 35s
Rendered 2094/5539, time remaining: 6m 40s
Rendered 2095/5539, time remaining: 6m 41s
Rendered 2096/5539, time remaining: 6m 40s
Rendered 2097/5539, time remaining: 6m 31s
Rendered 2098/5539, time remaining: 6m 33s
Rendered 2099/5539, time remaining: 6m 34s
Rendered 2100/5539, time remaining: 6m 31s
Rendered 2101/5539, time remaining: 6m 31s
Rendered 2102/5539, time remaining: 6m 41s
Rendered 2103/5539, time remaining: 6m 42s
Rendered 2104/5539, time remaining: 6m 39s
Rendered 2105/5539, time remaining: 6m 34s
Rendered 2106/5539, time remaining: 6m 34s
Rendered 2107/5539, time remaining: 6m 33s
Rendered 2108/5539, time remaining: 6m 31s
Rendered 2109/5539, time remaining: 6m 31s
Rendered 2110/5539, time remaining: 6m 42s
Rendered 2111/5539, time remaining: 6m 40s
Rendered 2112/5539, time remaining: 6m 37s
Rendered 2113/5539, time remaining: 6m 34s
Rendered 2114/5539, time remaining: 6m 33s
Rendered 2115/5539, time remaining: 6m 33s
Rendered 2116/5539, time remaining: 6m 28s
Rendered 2117/5539, time remaining: 6m 28s
Rendered 2118/5539, time remaining: 6m 39s
Rendered 2119/5539, time remaining: 6m 38s
Rendered 2120/5539, time remaining: 6m 37s
Rendered 2121/5539, time remaining: 6m 37s
Rendered 2122/5539, time remaining: 6m 36s
Rendered 2123/5539, time remaining: 6m 35s
Rendered 2124/5539, time remaining: 6m 29s
Rendered 2125/5539, time remaining: 6m 28s
Rendered 2126/5539, time remaining: 6m 36s
Rendered 2127/5539, time remaining: 6m 36s
Rendered 2128/5539, time remaining: 6m 37s
Rendered 2129/5539, time remaining: 6m 38s
Rendered 2130/5539, time remaining: 6m 38s
Rendered 2131/5539, time remaining: 6m 31s
Rendered 2132/5539, time remaining: 6m 28s
Rendered 2133/5539, time remaining: 6m 29s
Rendered 2134/5539, time remaining: 6m 36s
Rendered 2135/5539, time remaining: 6m 36s
Rendered 2136/5539, time remaining: 6m 36s
Rendered 2137/5539, time remaining: 6m 37s
Rendered 2138/5539, time remaining: 6m 38s
Rendered 2139/5539, time remaining: 6m 31s
Rendered 2140/5539, time remaining: 6m 27s
Rendered 2141/5539, time remaining: 6m 27s
Rendered 2142/5539, time remaining: 6m 36s
Rendered 2143/5539, time remaining: 6m 35s
Rendered 2144/5539, time remaining: 6m 36s
Rendered 2145/5539, time remaining: 6m 36s
Rendered 2146/5539, time remaining: 6m 35s
Rendered 2147/5539, time remaining: 6m 31s
Rendered 2148/5539, time remaining: 6m 25s
Rendered 2149/5539, time remaining: 6m 25s
Rendered 2150/5539, time remaining: 6m 36s
Rendered 2151/5539, time remaining: 6m 35s
Rendered 2152/5539, time remaining: 6m 35s
Rendered 2153/5539, time remaining: 6m 35s
Rendered 2154/5539, time remaining: 6m 35s
Rendered 2155/5539, time remaining: 6m 34s
Rendered 2156/5539, time remaining: 6m 27s
Rendered 2157/5539, time remaining: 6m 24s
Rendered 2158/5539, time remaining: 6m 35s
Rendered 2159/5539, time remaining: 6m 35s
Rendered 2160/5539, time remaining: 6m 35s
Rendered 2161/5539, time remaining: 6m 33s
Rendered 2162/5539, time remaining: 6m 32s
Rendered 2163/5539, time remaining: 6m 32s
Rendered 2164/5539, time remaining: 6m 22s
Rendered 2165/5539, time remaining: 6m 22s
Rendered 2166/5539, time remaining: 6m 34s
Rendered 2167/5539, time remaining: 6m 35s
Rendered 2168/5539, time remaining: 6m 35s
Rendered 2169/5539, time remaining: 6m 35s
Rendered 2170/5539, time remaining: 6m 35s
Rendered 2171/5539, time remaining: 6m 35s
Rendered 2172/5539, time remaining: 6m 23s
Rendered 2173/5539, time remaining: 6m 22s
Rendered 2174/5539, time remaining: 6m 31s
Rendered 2175/5539, time remaining: 6m 31s
Rendered 2176/5539, time remaining: 6m 31s
Rendered 2177/5539, time remaining: 6m 31s
Rendered 2178/5539, time remaining: 6m 31s
Rendered 2179/5539, time remaining: 6m 24s
Rendered 2180/5539, time remaining: 6m 21s
Rendered 2181/5539, time remaining: 6m 20s
Rendered 2182/5539, time remaining: 6m 30s
Rendered 2183/5539, time remaining: 6m 30s
Rendered 2184/5539, time remaining: 6m 31s
Rendered 2185/5539, time remaining: 6m 30s
Rendered 2186/5539, time remaining: 6m 30s
Rendered 2187/5539, time remaining: 6m 28s
Rendered 2188/5539, time remaining: 6m 24s
Rendered 2189/5539, time remaining: 6m 24s
Rendered 2190/5539, time remaining: 6m 33s
Rendered 2191/5539, time remaining: 6m 33s
Rendered 2192/5539, time remaining: 6m 33s
Rendered 2193/5539, time remaining: 6m 34s
Rendered 2194/5539, time remaining: 6m 35s
Rendered 2195/5539, time remaining: 6m 33s
Rendered 2196/5539, time remaining: 6m 28s
Rendered 2197/5539, time remaining: 6m 28s
Rendered 2198/5539, time remaining: 6m 32s
Rendered 2199/5539, time remaining: 6m 32s
Rendered 2200/5539, time remaining: 6m 35s
Rendered 2201/5539, time remaining: 6m 33s
Rendered 2202/5539, time remaining: 6m 33s
Rendered 2203/5539, time remaining: 6m 30s
Rendered 2204/5539, time remaining: 6m 28s
Rendered 2205/5539, time remaining: 6m 27s
Rendered 2206/5539, time remaining: 6m 33s
Rendered 2207/5539, time remaining: 6m 35s
Rendered 2208/5539, time remaining: 6m 35s
Rendered 2209/5539, time remaining: 6m 35s
Rendered 2210/5539, time remaining: 6m 35s
Rendered 2211/5539, time remaining: 6m 26s
Rendered 2212/5539, time remaining: 6m 23s
Rendered 2213/5539, time remaining: 6m 23s
Rendered 2214/5539, time remaining: 6m 33s
Rendered 2215/5539, time remaining: 6m 33s
Rendered 2216/5539, time remaining: 6m 33s
Rendered 2217/5539, time remaining: 6m 33s
Rendered 2218/5539, time remaining: 6m 32s
Rendered 2219/5539, time remaining: 6m 30s
Rendered 2220/5539, time remaining: 6m 25s
Rendered 2221/5539, time remaining: 6m 20s
Rendered 2222/5539, time remaining: 6m 31s
Rendered 2223/5539, time remaining: 6m 30s
Rendered 2224/5539, time remaining: 6m 31s
Rendered 2225/5539, time remaining: 6m 30s
Rendered 2226/5539, time remaining: 6m 30s
Rendered 2227/5539, time remaining: 6m 29s
Rendered 2228/5539, time remaining: 6m 26s
Rendered 2229/5539, time remaining: 6m 20s
Rendered 2230/5539, time remaining: 6m 29s
Rendered 2231/5539, time remaining: 6m 29s
Rendered 2232/5539, time remaining: 6m 29s
Rendered 2233/5539, time remaining: 6m 29s
Rendered 2234/5539, time remaining: 6m 29s
Rendered 2235/5539, time remaining: 6m 30s
Rendered 2236/5539, time remaining: 6m 31s
Rendered 2237/5539, time remaining: 6m 23s
Rendered 2238/5539, time remaining: 6m 29s
Rendered 2239/5539, time remaining: 6m 29s
Rendered 2240/5539, time remaining: 6m 28s
Rendered 2241/5539, time remaining: 6m 28s
Rendered 2242/5539, time remaining: 6m 28s
Rendered 2243/5539, time remaining: 6m 28s
Rendered 2244/5539, time remaining: 6m 23s
Rendered 2245/5539, time remaining: 6m 23s
Rendered 2246/5539, time remaining: 6m 31s
Rendered 2247/5539, time remaining: 6m 32s
Rendered 2248/5539, time remaining: 6m 31s
Rendered 2249/5539, time remaining: 6m 31s
Rendered 2250/5539, time remaining: 6m 31s
Rendered 2251/5539, time remaining: 6m 31s
Rendered 2252/5539, time remaining: 6m 22s
Rendered 2253/5539, time remaining: 6m 21s
Rendered 2254/5539, time remaining: 6m 36s
Rendered 2255/5539, time remaining: 6m 36s
Rendered 2256/5539, time remaining: 6m 36s
Rendered 2257/5539, time remaining: 6m 36s
Rendered 2258/5539, time remaining: 6m 36s
Rendered 2259/5539, time remaining: 6m 36s
Rendered 2260/5539, time remaining: 6m 25s
Rendered 2261/5539, time remaining: 6m 25s
Rendered 2262/5539, time remaining: 6m 37s
Rendered 2263/5539, time remaining: 6m 37s
Rendered 2264/5539, time remaining: 6m 37s
Rendered 2265/5539, time remaining: 6m 37s
Rendered 2266/5539, time remaining: 6m 37s
Rendered 2267/5539, time remaining: 6m 36s
Rendered 2268/5539, time remaining: 6m 26s
Rendered 2269/5539, time remaining: 6m 26s
Rendered 2270/5539, time remaining: 6m 38s
Rendered 2271/5539, time remaining: 6m 38s
Rendered 2272/5539, time remaining: 6m 38s
Rendered 2273/5539, time remaining: 6m 36s
Rendered 2274/5539, time remaining: 6m 36s
Rendered 2275/5539, time remaining: 6m 36s
Rendered 2276/5539, time remaining: 6m 28s
Rendered 2277/5539, time remaining: 6m 27s
Rendered 2278/5539, time remaining: 6m 38s
Rendered 2279/5539, time remaining: 6m 37s
Rendered 2280/5539, time remaining: 6m 37s
Rendered 2281/5539, time remaining: 6m 37s
Rendered 2282/5539, time remaining: 6m 36s
Rendered 2283/5539, time remaining: 6m 35s
Rendered 2284/5539, time remaining: 6m 27s
Rendered 2285/5539, time remaining: 6m 27s
Rendered 2286/5539, time remaining: 6m 37s
Rendered 2287/5539, time remaining: 6m 35s
Rendered 2288/5539, time remaining: 6m 34s
Rendered 2289/5539, time remaining: 6m 34s
Rendered 2290/5539, time remaining: 6m 33s
Rendered 2291/5539, time remaining: 6m 33s
Rendered 2292/5539, time remaining: 6m 25s
Rendered 2293/5539, time remaining: 6m 24s
Rendered 2294/5539, time remaining: 6m 28s
Rendered 2295/5539, time remaining: 6m 32s
Rendered 2296/5539, time remaining: 6m 32s
Rendered 2297/5539, time remaining: 6m 32s
Rendered 2298/5539, time remaining: 6m 34s
Rendered 2299/5539, time remaining: 6m 34s
Rendered 2300/5539, time remaining: 6m 23s
Rendered 2301/5539, time remaining: 6m 23s
Rendered 2302/5539, time remaining: 6m 33s
Rendered 2303/5539, time remaining: 6m 35s
Rendered 2304/5539, time remaining: 6m 34s
Rendered 2305/5539, time remaining: 6m 34s
Rendered 2306/5539, time remaining: 6m 34s
Rendered 2307/5539, time remaining: 6m 34s
Rendered 2308/5539, time remaining: 6m 24s
Rendered 2309/5539, time remaining: 6m 24s
Rendered 2310/5539, time remaining: 6m 34s
Rendered 2311/5539, time remaining: 6m 33s
Rendered 2312/5539, time remaining: 6m 34s
Rendered 2313/5539, time remaining: 6m 34s
Rendered 2314/5539, time remaining: 6m 34s
Rendered 2315/5539, time remaining: 6m 33s
Rendered 2316/5539, time remaining: 6m 21s
Rendered 2317/5539, time remaining: 6m 22s
Rendered 2318/5539, time remaining: 6m 29s
Rendered 2319/5539, time remaining: 6m 30s
Rendered 2320/5539, time remaining: 6m 31s
Rendered 2321/5539, time remaining: 6m 31s
Rendered 2322/5539, time remaining: 6m 30s
Rendered 2323/5539, time remaining: 6m 30s
Rendered 2324/5539, time remaining: 6m 22s
Rendered 2325/5539, time remaining: 6m 22s
Rendered 2326/5539, time remaining: 6m 23s
Rendered 2327/5539, time remaining: 6m 26s
Rendered 2328/5539, time remaining: 6m 31s
Rendered 2329/5539, time remaining: 6m 31s
Rendered 2330/5539, time remaining: 6m 32s
Rendered 2331/5539, time remaining: 6m 32s
Rendered 2332/5539, time remaining: 6m 21s
Rendered 2333/5539, time remaining: 6m 22s
Rendered 2334/5539, time remaining: 6m 22s
Rendered 2335/5539, time remaining: 6m 23s
Rendered 2336/5539, time remaining: 6m 31s
Rendered 2337/5539, time remaining: 6m 32s
Rendered 2338/5539, time remaining: 6m 31s
Rendered 2339/5539, time remaining: 6m 27s
Rendered 2340/5539, time remaining: 6m 18s
Rendered 2341/5539, time remaining: 6m 18s
Rendered 2342/5539, time remaining: 6m 19s
Rendered 2343/5539, time remaining: 6m 19s
Rendered 2344/5539, time remaining: 6m 24s
Rendered 2345/5539, time remaining: 6m 27s
Rendered 2346/5539, time remaining: 6m 24s
Rendered 2347/5539, time remaining: 6m 22s
Rendered 2348/5539, time remaining: 6m 17s
Rendered 2349/5539, time remaining: 6m 20s
Rendered 2350/5539, time remaining: 6m 20s
Rendered 2351/5539, time remaining: 6m 21s
Rendered 2352/5539, time remaining: 6m 24s
Rendered 2353/5539, time remaining: 6m 22s
Rendered 2354/5539, time remaining: 6m 23s
Rendered 2355/5539, time remaining: 6m 23s
Rendered 2356/5539, time remaining: 6m 17s
Rendered 2357/5539, time remaining: 6m 18s
Rendered 2358/5539, time remaining: 6m 20s
Rendered 2359/5539, time remaining: 6m 20s
Rendered 2360/5539, time remaining: 6m 20s
Rendered 2361/5539, time remaining: 6m 22s
Rendered 2362/5539, time remaining: 6m 24s
Rendered 2363/5539, time remaining: 6m 24s
Rendered 2364/5539, time remaining: 6m 15s
Rendered 2365/5539, time remaining: 6m 16s
Rendered 2366/5539, time remaining: 6m 16s
Rendered 2367/5539, time remaining: 6m 18s
Rendered 2368/5539, time remaining: 6m 20s
Rendered 2369/5539, time remaining: 6m 22s
Rendered 2370/5539, time remaining: 6m 22s
Rendered 2371/5539, time remaining: 6m 23s
Rendered 2372/5539, time remaining: 6m 17s
Rendered 2373/5539, time remaining: 6m 18s
Rendered 2374/5539, time remaining: 6m 17s
Rendered 2375/5539, time remaining: 6m 18s
Rendered 2376/5539, time remaining: 6m 19s
Rendered 2377/5539, time remaining: 6m 19s
Rendered 2378/5539, time remaining: 6m 22s
Rendered 2379/5539, time remaining: 6m 20s
Rendered 2380/5539, time remaining: 6m 14s
Rendered 2381/5539, time remaining: 6m 16s
Rendered 2382/5539, time remaining: 6m 16s
Rendered 2383/5539, time remaining: 6m 19s
Rendered 2384/5539, time remaining: 6m 19s
Rendered 2385/5539, time remaining: 6m 17s
Rendered 2386/5539, time remaining: 6m 18s
Rendered 2387/5539, time remaining: 6m 16s
Rendered 2388/5539, time remaining: 6m 15s
Rendered 2389/5539, time remaining: 6m 14s
Rendered 2390/5539, time remaining: 6m 16s
Rendered 2391/5539, time remaining: 6m 18s
Rendered 2392/5539, time remaining: 6m 17s
Rendered 2393/5539, time remaining: 6m 19s
Rendered 2394/5539, time remaining: 6m 20s
Rendered 2395/5539, time remaining: 6m 17s
Rendered 2396/5539, time remaining: 6m 13s
Rendered 2397/5539, time remaining: 6m 13s
Rendered 2398/5539, time remaining: 6m 11s
Rendered 2399/5539, time remaining: 6m 14s
Rendered 2400/5539, time remaining: 6m 13s
Rendered 2401/5539, time remaining: 6m 13s
Rendered 2402/5539, time remaining: 6m 12s
Rendered 2403/5539, time remaining: 6m 12s
Rendered 2404/5539, time remaining: 6m 6s
Rendered 2405/5539, time remaining: 6m 6s
Rendered 2406/5539, time remaining: 6m 6s
Rendered 2407/5539, time remaining: 6m 8s
Rendered 2408/5539, time remaining: 6m 9s
Rendered 2409/5539, time remaining: 6m 9s
Rendered 2410/5539, time remaining: 6m 9s
Rendered 2411/5539, time remaining: 6m 9s
Rendered 2412/5539, time remaining: 6m 3s
Rendered 2413/5539, time remaining: 6m 2s
Rendered 2414/5539, time remaining: 6m 2s
Rendered 2415/5539, time remaining: 6m 5s
Rendered 2416/5539, time remaining: 6m 5s
Rendered 2417/5539, time remaining: 6m 7s
Rendered 2418/5539, time remaining: 6m 7s
Rendered 2419/5539, time remaining: 6m 6s
Rendered 2420/5539, time remaining: 5m 58s
Rendered 2421/5539, time remaining: 5m 58s
Rendered 2422/5539, time remaining: 5m 58s
Rendered 2423/5539, time remaining: 6m 0s
Rendered 2424/5539, time remaining: 6m 0s
Rendered 2425/5539, time remaining: 6m 2s
Rendered 2426/5539, time remaining: 6m 6s
Rendered 2427/5539, time remaining: 6m 6s
Rendered 2428/5539, time remaining: 5m 55s
Rendered 2429/5539, time remaining: 5m 56s
Rendered 2430/5539, time remaining: 5m 56s
Rendered 2431/5539, time remaining: 5m 58s
Rendered 2432/5539, time remaining: 5m 58s
Rendered 2433/5539, time remaining: 5m 58s
Rendered 2434/5539, time remaining: 6m 5s
Rendered 2435/5539, time remaining: 6m 7s
Rendered 2436/5539, time remaining: 5m 57s
Rendered 2437/5539, time remaining: 5m 57s
Rendered 2438/5539, time remaining: 5m 57s
Rendered 2439/5539, time remaining: 5m 57s
Rendered 2440/5539, time remaining: 5m 57s
Rendered 2441/5539, time remaining: 5m 59s
Rendered 2442/5539, time remaining: 6m 1s
Rendered 2443/5539, time remaining: 6m 6s
Rendered 2444/5539, time remaining: 6m 0s
Rendered 2445/5539, time remaining: 5m 58s
Rendered 2446/5539, time remaining: 5m 58s
Rendered 2447/5539, time remaining: 5m 59s
Rendered 2448/5539, time remaining: 5m 58s
Rendered 2449/5539, time remaining: 6m 0s
Rendered 2450/5539, time remaining: 6m 0s
Rendered 2451/5539, time remaining: 6m 3s
Rendered 2452/5539, time remaining: 5m 54s
Rendered 2453/5539, time remaining: 5m 54s
Rendered 2454/5539, time remaining: 5m 53s
Rendered 2455/5539, time remaining: 5m 55s
Rendered 2456/5539, time remaining: 5m 55s
Rendered 2457/5539, time remaining: 5m 55s
Rendered 2458/5539, time remaining: 5m 57s
Rendered 2459/5539, time remaining: 5m 59s
Rendered 2460/5539, time remaining: 5m 50s
Rendered 2461/5539, time remaining: 5m 51s
Rendered 2462/5539, time remaining: 5m 52s
Rendered 2463/5539, time remaining: 5m 52s
Rendered 2464/5539, time remaining: 5m 53s
Rendered 2465/5539, time remaining: 5m 55s
Rendered 2466/5539, time remaining: 5m 56s
Rendered 2467/5539, time remaining: 5m 54s
Rendered 2468/5539, time remaining: 5m 47s
Rendered 2469/5539, time remaining: 5m 52s
Rendered 2470/5539, time remaining: 5m 51s
Rendered 2471/5539, time remaining: 5m 51s
Rendered 2472/5539, time remaining: 5m 50s
Rendered 2473/5539, time remaining: 5m 52s
Rendered 2474/5539, time remaining: 5m 51s
Rendered 2475/5539, time remaining: 5m 51s
Rendered 2476/5539, time remaining: 5m 50s
Rendered 2477/5539, time remaining: 5m 54s
Rendered 2478/5539, time remaining: 5m 50s
Rendered 2479/5539, time remaining: 5m 50s
Rendered 2480/5539, time remaining: 5m 48s
Rendered 2481/5539, time remaining: 5m 49s
Rendered 2482/5539, time remaining: 5m 49s
Rendered 2483/5539, time remaining: 5m 50s
Rendered 2484/5539, time remaining: 5m 52s
Rendered 2485/5539, time remaining: 5m 54s
Rendered 2486/5539, time remaining: 5m 46s
Rendered 2487/5539, time remaining: 5m 45s
Rendered 2488/5539, time remaining: 5m 44s
Rendered 2489/5539, time remaining: 5m 44s
Rendered 2490/5539, time remaining: 5m 48s
Rendered 2491/5539, time remaining: 5m 52s
Rendered 2492/5539, time remaining: 5m 50s
Rendered 2493/5539, time remaining: 5m 51s
Rendered 2494/5539, time remaining: 5m 45s
Rendered 2495/5539, time remaining: 5m 42s
Rendered 2496/5539, time remaining: 5m 42s
Rendered 2497/5539, time remaining: 5m 42s
Rendered 2498/5539, time remaining: 5m 43s
Rendered 2499/5539, time remaining: 5m 49s
Rendered 2500/5539, time remaining: 5m 47s
Rendered 2501/5539, time remaining: 5m 46s
Rendered 2502/5539, time remaining: 5m 43s
Rendered 2503/5539, time remaining: 5m 42s
Rendered 2504/5539, time remaining: 5m 41s
Rendered 2505/5539, time remaining: 5m 39s
Rendered 2506/5539, time remaining: 5m 40s
Rendered 2507/5539, time remaining: 5m 48s
Rendered 2508/5539, time remaining: 5m 45s
Rendered 2509/5539, time remaining: 5m 45s
Rendered 2510/5539, time remaining: 5m 44s
Rendered 2511/5539, time remaining: 5m 42s
Rendered 2512/5539, time remaining: 5m 41s
Rendered 2513/5539, time remaining: 5m 39s
Rendered 2514/5539, time remaining: 5m 38s
Rendered 2515/5539, time remaining: 5m 46s
Rendered 2516/5539, time remaining: 5m 46s
Rendered 2517/5539, time remaining: 5m 44s
Rendered 2518/5539, time remaining: 5m 42s
Rendered 2519/5539, time remaining: 5m 40s
Rendered 2520/5539, time remaining: 5m 40s
Rendered 2521/5539, time remaining: 5m 39s
Rendered 2522/5539, time remaining: 5m 38s
Rendered 2523/5539, time remaining: 5m 42s
Rendered 2524/5539, time remaining: 5m 42s
Rendered 2525/5539, time remaining: 5m 43s
Rendered 2526/5539, time remaining: 5m 42s
Rendered 2527/5539, time remaining: 5m 41s
Rendered 2528/5539, time remaining: 5m 39s
Rendered 2529/5539, time remaining: 5m 39s
Rendered 2530/5539, time remaining: 5m 40s
Rendered 2531/5539, time remaining: 5m 42s
Rendered 2532/5539, time remaining: 5m 45s
Rendered 2533/5539, time remaining: 5m 42s
Rendered 2534/5539, time remaining: 5m 42s
Rendered 2535/5539, time remaining: 5m 43s
Rendered 2536/5539, time remaining: 5m 41s
Rendered 2537/5539, time remaining: 5m 40s
Rendered 2538/5539, time remaining: 5m 37s
Rendered 2539/5539, time remaining: 5m 41s
Rendered 2540/5539, time remaining: 5m 45s
Rendered 2541/5539, time remaining: 5m 44s
Rendered 2542/5539, time remaining: 5m 44s
Rendered 2543/5539, time remaining: 5m 42s
Rendered 2544/5539, time remaining: 5m 41s
Rendered 2545/5539, time remaining: 5m 41s
Rendered 2546/5539, time remaining: 5m 37s
Rendered 2547/5539, time remaining: 5m 40s
Rendered 2548/5539, time remaining: 5m 44s
Rendered 2549/5539, time remaining: 5m 43s
Rendered 2550/5539, time remaining: 5m 42s
Rendered 2551/5539, time remaining: 5m 42s
Rendered 2552/5539, time remaining: 5m 42s
Rendered 2553/5539, time remaining: 5m 42s
Rendered 2554/5539, time remaining: 5m 35s
Rendered 2555/5539, time remaining: 5m 38s
Rendered 2556/5539, time remaining: 5m 41s
Rendered 2557/5539, time remaining: 5m 40s
Rendered 2558/5539, time remaining: 5m 40s
Rendered 2559/5539, time remaining: 5m 40s
Rendered 2560/5539, time remaining: 5m 40s
Rendered 2561/5539, time remaining: 5m 41s
Rendered 2562/5539, time remaining: 5m 36s
Rendered 2563/5539, time remaining: 5m 38s
Rendered 2564/5539, time remaining: 5m 41s
Rendered 2565/5539, time remaining: 5m 39s
Rendered 2566/5539, time remaining: 5m 40s
Rendered 2567/5539, time remaining: 5m 38s
Rendered 2568/5539, time remaining: 5m 38s
Rendered 2569/5539, time remaining: 5m 40s
Rendered 2570/5539, time remaining: 5m 36s
Rendered 2571/5539, time remaining: 5m 37s
Rendered 2572/5539, time remaining: 5m 42s
Rendered 2573/5539, time remaining: 5m 40s
Rendered 2574/5539, time remaining: 5m 40s
Rendered 2575/5539, time remaining: 5m 37s
Rendered 2576/5539, time remaining: 5m 34s
Rendered 2577/5539, time remaining: 5m 35s
Rendered 2578/5539, time remaining: 5m 37s
Rendered 2579/5539, time remaining: 5m 37s
Rendered 2580/5539, time remaining: 5m 38s
Rendered 2581/5539, time remaining: 5m 39s
Rendered 2582/5539, time remaining: 5m 40s
Rendered 2583/5539, time remaining: 5m 40s
Rendered 2584/5539, time remaining: 5m 34s
Rendered 2585/5539, time remaining: 5m 31s
Rendered 2586/5539, time remaining: 5m 32s
Rendered 2587/5539, time remaining: 5m 33s
Rendered 2588/5539, time remaining: 5m 35s
Rendered 2589/5539, time remaining: 5m 38s
Rendered 2590/5539, time remaining: 5m 39s
Rendered 2591/5539, time remaining: 5m 38s
Rendered 2592/5539, time remaining: 5m 35s
Rendered 2593/5539, time remaining: 5m 32s
Rendered 2594/5539, time remaining: 5m 32s
Rendered 2595/5539, time remaining: 5m 32s
Rendered 2596/5539, time remaining: 5m 32s
Rendered 2597/5539, time remaining: 5m 33s
Rendered 2598/5539, time remaining: 5m 36s
Rendered 2599/5539, time remaining: 5m 36s
Rendered 2600/5539, time remaining: 5m 35s
Rendered 2601/5539, time remaining: 5m 33s
Rendered 2602/5539, time remaining: 5m 35s
Rendered 2603/5539, time remaining: 5m 33s
Rendered 2604/5539, time remaining: 5m 33s
Rendered 2605/5539, time remaining: 5m 33s
Rendered 2606/5539, time remaining: 5m 33s
Rendered 2607/5539, time remaining: 5m 35s
Rendered 2608/5539, time remaining: 5m 32s
Rendered 2609/5539, time remaining: 5m 33s
Rendered 2610/5539, time remaining: 5m 33s
Rendered 2611/5539, time remaining: 5m 31s
Rendered 2612/5539, time remaining: 5m 33s
Rendered 2613/5539, time remaining: 5m 34s
Rendered 2614/5539, time remaining: 5m 33s
Rendered 2615/5539, time remaining: 5m 31s
Rendered 2616/5539, time remaining: 5m 32s
Rendered 2617/5539, time remaining: 5m 32s
Rendered 2618/5539, time remaining: 5m 34s
Rendered 2619/5539, time remaining: 5m 30s
Rendered 2620/5539, time remaining: 5m 30s
Rendered 2621/5539, time remaining: 5m 31s
Rendered 2622/5539, time remaining: 5m 31s
Rendered 2623/5539, time remaining: 5m 30s
Rendered 2624/5539, time remaining: 5m 35s
Rendered 2625/5539, time remaining: 5m 35s
Rendered 2626/5539, time remaining: 5m 35s
Rendered 2627/5539, time remaining: 5m 29s
Rendered 2628/5539, time remaining: 5m 29s
Rendered 2629/5539, time remaining: 5m 29s
Rendered 2630/5539, time remaining: 5m 29s
Rendered 2631/5539, time remaining: 5m 28s
Rendered 2632/5539, time remaining: 5m 30s
Rendered 2633/5539, time remaining: 5m 34s
Rendered 2634/5539, time remaining: 5m 31s
Rendered 2635/5539, time remaining: 5m 29s
Rendered 2636/5539, time remaining: 5m 29s
Rendered 2637/5539, time remaining: 5m 31s
Rendered 2638/5539, time remaining: 5m 31s
Rendered 2639/5539, time remaining: 5m 32s
Rendered 2640/5539, time remaining: 5m 29s
Rendered 2641/5539, time remaining: 5m 28s
Rendered 2642/5539, time remaining: 5m 30s
Rendered 2643/5539, time remaining: 5m 30s
Rendered 2644/5539, time remaining: 5m 30s
Rendered 2645/5539, time remaining: 5m 30s
Rendered 2646/5539, time remaining: 5m 31s
Rendered 2647/5539, time remaining: 5m 31s
Rendered 2648/5539, time remaining: 5m 30s
Rendered 2649/5539, time remaining: 5m 26s
Rendered 2650/5539, time remaining: 5m 27s
Rendered 2651/5539, time remaining: 5m 29s
Rendered 2652/5539, time remaining: 5m 29s
Rendered 2653/5539, time remaining: 5m 30s
Rendered 2654/5539, time remaining: 5m 30s
Rendered 2655/5539, time remaining: 5m 30s
Rendered 2656/5539, time remaining: 5m 30s
Rendered 2657/5539, time remaining: 5m 22s
Rendered 2658/5539, time remaining: 5m 27s
Rendered 2659/5539, time remaining: 5m 28s
Rendered 2660/5539, time remaining: 5m 29s
Rendered 2661/5539, time remaining: 5m 29s
Rendered 2662/5539, time remaining: 5m 29s
Rendered 2663/5539, time remaining: 5m 29s
Rendered 2664/5539, time remaining: 5m 28s
Rendered 2665/5539, time remaining: 5m 21s
Rendered 2666/5539, time remaining: 5m 25s
Rendered 2667/5539, time remaining: 5m 27s
Rendered 2668/5539, time remaining: 5m 28s
Rendered 2669/5539, time remaining: 5m 30s
Rendered 2670/5539, time remaining: 5m 29s
Rendered 2671/5539, time remaining: 5m 29s
Rendered 2672/5539, time remaining: 5m 27s
Rendered 2673/5539, time remaining: 5m 23s
Rendered 2674/5539, time remaining: 5m 24s
Rendered 2675/5539, time remaining: 5m 23s
Rendered 2676/5539, time remaining: 5m 28s
Rendered 2677/5539, time remaining: 5m 28s
Rendered 2678/5539, time remaining: 5m 29s
Rendered 2679/5539, time remaining: 5m 29s
Rendered 2680/5539, time remaining: 5m 25s
Rendered 2681/5539, time remaining: 5m 21s
Rendered 2682/5539, time remaining: 5m 18s
Rendered 2683/5539, time remaining: 5m 21s
Rendered 2684/5539, time remaining: 5m 27s
Rendered 2685/5539, time remaining: 5m 25s
Rendered 2686/5539, time remaining: 5m 25s
Rendered 2687/5539, time remaining: 5m 25s
Rendered 2688/5539, time remaining: 5m 24s
Rendered 2689/5539, time remaining: 5m 21s
Rendered 2690/5539, time remaining: 5m 16s
Rendered 2691/5539, time remaining: 5m 16s
Rendered 2692/5539, time remaining: 5m 24s
Rendered 2693/5539, time remaining: 5m 23s
Rendered 2694/5539, time remaining: 5m 24s
Rendered 2695/5539, time remaining: 5m 24s
Rendered 2696/5539, time remaining: 5m 23s
Rendered 2697/5539, time remaining: 5m 19s
Rendered 2698/5539, time remaining: 5m 15s
Rendered 2699/5539, time remaining: 5m 14s
Rendered 2700/5539, time remaining: 5m 24s
Rendered 2701/5539, time remaining: 5m 24s
Rendered 2702/5539, time remaining: 5m 24s
Rendered 2703/5539, time remaining: 5m 24s
Rendered 2704/5539, time remaining: 5m 22s
Rendered 2705/5539, time remaining: 5m 19s
Rendered 2706/5539, time remaining: 5m 16s
Rendered 2707/5539, time remaining: 5m 16s
Rendered 2708/5539, time remaining: 5m 22s
Rendered 2709/5539, time remaining: 5m 22s
Rendered 2710/5539, time remaining: 5m 23s
Rendered 2711/5539, time remaining: 5m 21s
Rendered 2712/5539, time remaining: 5m 21s
Rendered 2713/5539, time remaining: 5m 18s
Rendered 2714/5539, time remaining: 5m 17s
Rendered 2715/5539, time remaining: 5m 17s
Rendered 2716/5539, time remaining: 5m 23s
Rendered 2717/5539, time remaining: 5m 23s
Rendered 2718/5539, time remaining: 5m 22s
Rendered 2719/5539, time remaining: 5m 20s
Rendered 2720/5539, time remaining: 5m 22s
Rendered 2721/5539, time remaining: 5m 22s
Rendered 2722/5539, time remaining: 5m 17s
Rendered 2723/5539, time remaining: 5m 17s
Rendered 2724/5539, time remaining: 5m 20s
Rendered 2725/5539, time remaining: 5m 23s
Rendered 2726/5539, time remaining: 5m 24s
Rendered 2727/5539, time remaining: 5m 24s
Rendered 2728/5539, time remaining: 5m 23s
Rendered 2729/5539, time remaining: 5m 23s
Rendered 2730/5539, time remaining: 5m 21s
Rendered 2731/5539, time remaining: 5m 19s
Rendered 2732/5539, time remaining: 5m 20s
Rendered 2733/5539, time remaining: 5m 20s
Rendered 2734/5539, time remaining: 5m 23s
Rendered 2735/5539, time remaining: 5m 23s
Rendered 2736/5539, time remaining: 5m 22s
Rendered 2737/5539, time remaining: 5m 22s
Rendered 2738/5539, time remaining: 5m 21s
Rendered 2739/5539, time remaining: 5m 19s
Rendered 2740/5539, time remaining: 5m 17s
Rendered 2741/5539, time remaining: 5m 19s
Rendered 2742/5539, time remaining: 5m 25s
Rendered 2743/5539, time remaining: 5m 23s
Rendered 2744/5539, time remaining: 5m 23s
Rendered 2745/5539, time remaining: 5m 22s
Rendered 2746/5539, time remaining: 5m 23s
Rendered 2747/5539, time remaining: 5m 21s
Rendered 2748/5539, time remaining: 5m 17s
Rendered 2749/5539, time remaining: 5m 17s
Rendered 2750/5539, time remaining: 5m 23s
Rendered 2751/5539, time remaining: 5m 23s
Rendered 2752/5539, time remaining: 5m 21s
Rendered 2753/5539, time remaining: 5m 21s
Rendered 2754/5539, time remaining: 5m 21s
Rendered 2755/5539, time remaining: 5m 20s
Rendered 2756/5539, time remaining: 5m 19s
Rendered 2757/5539, time remaining: 5m 19s
Rendered 2758/5539, time remaining: 5m 19s
Rendered 2759/5539, time remaining: 5m 20s
Rendered 2760/5539, time remaining: 5m 20s
Rendered 2761/5539, time remaining: 5m 20s
Rendered 2762/5539, time remaining: 5m 19s
Rendered 2763/5539, time remaining: 5m 18s
Rendered 2764/5539, time remaining: 5m 21s
Rendered 2765/5539, time remaining: 5m 20s
Rendered 2766/5539, time remaining: 5m 19s
Rendered 2767/5539, time remaining: 5m 22s
Rendered 2768/5539, time remaining: 5m 21s
Rendered 2769/5539, time remaining: 5m 19s
Rendered 2770/5539, time remaining: 5m 19s
Rendered 2771/5539, time remaining: 5m 17s
Rendered 2772/5539, time remaining: 5m 21s
Rendered 2773/5539, time remaining: 5m 22s
Rendered 2774/5539, time remaining: 5m 17s
Rendered 2775/5539, time remaining: 5m 19s
Rendered 2776/5539, time remaining: 5m 19s
Rendered 2777/5539, time remaining: 5m 17s
Rendered 2778/5539, time remaining: 5m 17s
Rendered 2779/5539, time remaining: 5m 17s
Rendered 2780/5539, time remaining: 5m 25s
Rendered 2781/5539, time remaining: 5m 26s
Rendered 2782/5539, time remaining: 5m 24s
Rendered 2783/5539, time remaining: 5m 18s
Rendered 2784/5539, time remaining: 5m 18s
Rendered 2785/5539, time remaining: 5m 17s
Rendered 2786/5539, time remaining: 5m 17s
Rendered 2787/5539, time remaining: 5m 18s
Rendered 2788/5539, time remaining: 5m 21s
Rendered 2789/5539, time remaining: 5m 23s
Rendered 2790/5539, time remaining: 5m 23s
Rendered 2791/5539, time remaining: 5m 22s
Rendered 2792/5539, time remaining: 5m 20s
Rendered 2793/5539, time remaining: 5m 18s
Rendered 2794/5539, time remaining: 5m 18s
Rendered 2795/5539, time remaining: 5m 19s
Rendered 2796/5539, time remaining: 5m 19s
Rendered 2797/5539, time remaining: 5m 25s
Rendered 2798/5539, time remaining: 5m 26s
Rendered 2799/5539, time remaining: 5m 22s
Rendered 2800/5539, time remaining: 5m 23s
Rendered 2801/5539, time remaining: 5m 20s
Rendered 2802/5539, time remaining: 5m 20s
Rendered 2803/5539, time remaining: 5m 21s
Rendered 2804/5539, time remaining: 5m 21s
Rendered 2805/5539, time remaining: 5m 28s
Rendered 2806/5539, time remaining: 5m 27s
Rendered 2807/5539, time remaining: 5m 26s
Rendered 2808/5539, time remaining: 5m 22s
Rendered 2809/5539, time remaining: 5m 21s
Rendered 2810/5539, time remaining: 5m 20s
Rendered 2811/5539, time remaining: 5m 21s
Rendered 2812/5539, time remaining: 5m 23s
Rendered 2813/5539, time remaining: 5m 28s
Rendered 2814/5539, time remaining: 5m 28s
Rendered 2815/5539, time remaining: 5m 27s
Rendered 2816/5539, time remaining: 5m 23s
Rendered 2817/5539, time remaining: 5m 21s
Rendered 2818/5539, time remaining: 5m 20s
Rendered 2819/5539, time remaining: 5m 19s
Rendered 2820/5539, time remaining: 5m 20s
Rendered 2821/5539, time remaining: 5m 26s
Rendered 2822/5539, time remaining: 5m 25s
Rendered 2823/5539, time remaining: 5m 25s
Rendered 2824/5539, time remaining: 5m 24s
Rendered 2825/5539, time remaining: 5m 23s
Rendered 2826/5539, time remaining: 5m 18s
Rendered 2827/5539, time remaining: 5m 17s
Rendered 2828/5539, time remaining: 5m 17s
Rendered 2829/5539, time remaining: 5m 24s
Rendered 2830/5539, time remaining: 5m 24s
Rendered 2831/5539, time remaining: 5m 24s
Rendered 2832/5539, time remaining: 5m 24s
Rendered 2833/5539, time remaining: 5m 21s
Rendered 2834/5539, time remaining: 5m 16s
Rendered 2835/5539, time remaining: 5m 16s
Rendered 2836/5539, time remaining: 5m 16s
Rendered 2837/5539, time remaining: 5m 18s
Rendered 2838/5539, time remaining: 5m 23s
Rendered 2839/5539, time remaining: 5m 24s
Rendered 2840/5539, time remaining: 5m 23s
Rendered 2841/5539, time remaining: 5m 22s
Rendered 2842/5539, time remaining: 5m 14s
Rendered 2843/5539, time remaining: 5m 14s
Rendered 2844/5539, time remaining: 5m 16s
Rendered 2845/5539, time remaining: 5m 21s
Rendered 2846/5539, time remaining: 5m 22s
Rendered 2847/5539, time remaining: 5m 23s
Rendered 2848/5539, time remaining: 5m 23s
Rendered 2849/5539, time remaining: 5m 23s
Rendered 2850/5539, time remaining: 5m 14s
Rendered 2851/5539, time remaining: 5m 14s
Rendered 2852/5539, time remaining: 5m 20s
Rendered 2853/5539, time remaining: 5m 22s
Rendered 2854/5539, time remaining: 5m 22s
Rendered 2855/5539, time remaining: 5m 23s
Rendered 2856/5539, time remaining: 5m 22s
Rendered 2857/5539, time remaining: 5m 21s
Rendered 2858/5539, time remaining: 5m 14s
Rendered 2859/5539, time remaining: 5m 14s
Rendered 2860/5539, time remaining: 5m 14s
Rendered 2861/5539, time remaining: 5m 21s
Rendered 2862/5539, time remaining: 5m 22s
Rendered 2863/5539, time remaining: 5m 23s
Rendered 2864/5539, time remaining: 5m 22s
Rendered 2865/5539, time remaining: 5m 21s
Rendered 2866/5539, time remaining: 5m 14s
Rendered 2867/5539, time remaining: 5m 14s
Rendered 2868/5539, time remaining: 5m 16s
Rendered 2869/5539, time remaining: 5m 19s
Rendered 2870/5539, time remaining: 5m 19s
Rendered 2871/5539, time remaining: 5m 19s
Rendered 2872/5539, time remaining: 5m 20s
Rendered 2873/5539, time remaining: 5m 20s
Rendered 2874/5539, time remaining: 5m 17s
Rendered 2875/5539, time remaining: 5m 15s
Rendered 2876/5539, time remaining: 5m 13s
Rendered 2877/5539, time remaining: 5m 14s
Rendered 2878/5539, time remaining: 5m 18s
Rendered 2879/5539, time remaining: 5m 18s
Rendered 2880/5539, time remaining: 5m 18s
Rendered 2881/5539, time remaining: 5m 19s
Rendered 2882/5539, time remaining: 5m 17s
Rendered 2883/5539, time remaining: 5m 16s
Rendered 2884/5539, time remaining: 5m 13s
Rendered 2885/5539, time remaining: 5m 13s
Rendered 2886/5539, time remaining: 5m 18s
Rendered 2887/5539, time remaining: 5m 19s
Rendered 2888/5539, time remaining: 5m 19s
Rendered 2889/5539, time remaining: 5m 19s
Rendered 2890/5539, time remaining: 5m 20s
Rendered 2891/5539, time remaining: 5m 18s
Rendered 2892/5539, time remaining: 5m 13s
Rendered 2893/5539, time remaining: 5m 14s
Rendered 2894/5539, time remaining: 5m 14s
Rendered 2895/5539, time remaining: 5m 15s
Rendered 2896/5539, time remaining: 5m 15s
Rendered 2897/5539, time remaining: 5m 18s
Rendered 2898/5539, time remaining: 5m 20s
Rendered 2899/5539, time remaining: 5m 20s
Rendered 2900/5539, time remaining: 5m 15s
Rendered 2901/5539, time remaining: 5m 14s
Rendered 2902/5539, time remaining: 5m 14s
Rendered 2903/5539, time remaining: 5m 15s
Rendered 2904/5539, time remaining: 5m 17s
Rendered 2905/5539, time remaining: 5m 19s
Rendered 2906/5539, time remaining: 5m 22s
Rendered 2907/5539, time remaining: 5m 20s
Rendered 2908/5539, time remaining: 5m 20s
Rendered 2909/5539, time remaining: 5m 16s
Rendered 2910/5539, time remaining: 5m 16s
Rendered 2911/5539, time remaining: 5m 17s
Rendered 2912/5539, time remaining: 5m 15s
Rendered 2913/5539, time remaining: 5m 17s
Rendered 2914/5539, time remaining: 5m 16s
Rendered 2915/5539, time remaining: 5m 17s
Rendered 2916/5539, time remaining: 5m 17s
Rendered 2917/5539, time remaining: 5m 14s
Rendered 2918/5539, time remaining: 5m 14s
Rendered 2919/5539, time remaining: 5m 15s
Rendered 2920/5539, time remaining: 5m 15s
Rendered 2921/5539, time remaining: 5m 18s
Rendered 2922/5539, time remaining: 5m 14s
Rendered 2923/5539, time remaining: 5m 16s
Rendered 2924/5539, time remaining: 5m 16s
Rendered 2925/5539, time remaining: 5m 13s
Rendered 2926/5539, time remaining: 5m 14s
Rendered 2927/5539, time remaining: 5m 14s
Rendered 2928/5539, time remaining: 5m 17s
Rendered 2929/5539, time remaining: 5m 19s
Rendered 2930/5539, time remaining: 5m 12s
Rendered 2931/5539, time remaining: 5m 10s
Rendered 2932/5539, time remaining: 5m 11s
Rendered 2933/5539, time remaining: 5m 10s
Rendered 2934/5539, time remaining: 5m 15s
Rendered 2935/5539, time remaining: 5m 15s
Rendered 2936/5539, time remaining: 5m 17s
Rendered 2937/5539, time remaining: 5m 15s
Rendered 2938/5539, time remaining: 5m 11s
Rendered 2939/5539, time remaining: 5m 9s
Rendered 2940/5539, time remaining: 5m 9s
Rendered 2941/5539, time remaining: 5m 7s
Rendered 2942/5539, time remaining: 5m 8s
Rendered 2943/5539, time remaining: 5m 13s
Rendered 2944/5539, time remaining: 5m 13s
Rendered 2945/5539, time remaining: 5m 13s
Rendered 2946/5539, time remaining: 5m 11s
Rendered 2947/5539, time remaining: 5m 6s
Rendered 2948/5539, time remaining: 5m 4s
Rendered 2949/5539, time remaining: 5m 4s
Rendered 2950/5539, time remaining: 5m 7s
Rendered 2951/5539, time remaining: 5m 9s
Rendered 2952/5539, time remaining: 5m 9s
Rendered 2953/5539, time remaining: 5m 7s
Rendered 2954/5539, time remaining: 5m 8s
Rendered 2955/5539, time remaining: 5m 1s
Rendered 2956/5539, time remaining: 5m 1s
Rendered 2957/5539, time remaining: 5m 2s
Rendered 2958/5539, time remaining: 5m 5s
Rendered 2959/5539, time remaining: 5m 5s
Rendered 2960/5539, time remaining: 5m 5s
Rendered 2961/5539, time remaining: 5m 8s
Rendered 2962/5539, time remaining: 5m 6s
Rendered 2963/5539, time remaining: 5m 1s
Rendered 2964/5539, time remaining: 5m 1s
Rendered 2965/5539, time remaining: 5m 0s
Rendered 2966/5539, time remaining: 5m 4s
Rendered 2967/5539, time remaining: 5m 3s
Rendered 2968/5539, time remaining: 5m 2s
Rendered 2969/5539, time remaining: 5m 7s
Rendered 2970/5539, time remaining: 5m 6s
Rendered 2971/5539, time remaining: 5m 0s
Rendered 2972/5539, time remaining: 5m 1s
Rendered 2973/5539, time remaining: 5m 1s
Rendered 2974/5539, time remaining: 5m 1s
Rendered 2975/5539, time remaining: 5m 2s
Rendered 2976/5539, time remaining: 5m 3s
Rendered 2977/5539, time remaining: 5m 7s
Rendered 2978/5539, time remaining: 5m 7s
Rendered 2979/5539, time remaining: 5m 1s
Rendered 2980/5539, time remaining: 5m 1s
Rendered 2981/5539, time remaining: 5m 1s
Rendered 2982/5539, time remaining: 5m 0s
Rendered 2983/5539, time remaining: 5m 1s
Rendered 2984/5539, time remaining: 5m 2s
Rendered 2985/5539, time remaining: 5m 3s
Rendered 2986/5539, time remaining: 5m 5s
Rendered 2987/5539, time remaining: 5m 5s
Rendered 2988/5539, time remaining: 5m 1s
Rendered 2989/5539, time remaining: 5m 0s
Rendered 2990/5539, time remaining: 5m 1s
Rendered 2991/5539, time remaining: 5m 1s
Rendered 2992/5539, time remaining: 5m 1s
Rendered 2993/5539, time remaining: 5m 6s
Rendered 2994/5539, time remaining: 5m 4s
Rendered 2995/5539, time remaining: 5m 1s
Rendered 2996/5539, time remaining: 4m 59s
Rendered 2997/5539, time remaining: 4m 58s
Rendered 2998/5539, time remaining: 4m 59s
Rendered 2999/5539, time remaining: 4m 59s
Rendered 3000/5539, time remaining: 4m 59s
Rendered 3001/5539, time remaining: 5m 5s
Rendered 3002/5539, time remaining: 4m 59s
Rendered 3003/5539, time remaining: 4m 56s
Rendered 3004/5539, time remaining: 4m 57s
Rendered 3005/5539, time remaining: 4m 56s
Rendered 3006/5539, time remaining: 4m 56s
Rendered 3007/5539, time remaining: 4m 59s
Rendered 3008/5539, time remaining: 4m 59s
Rendered 3009/5539, time remaining: 5m 2s
Rendered 3010/5539, time remaining: 5m 2s
Rendered 3011/5539, time remaining: 4m 55s
Rendered 3012/5539, time remaining: 4m 54s
Rendered 3013/5539, time remaining: 4m 53s
Rendered 3014/5539, time remaining: 4m 54s
Rendered 3015/5539, time remaining: 4m 54s
Rendered 3016/5539, time remaining: 4m 56s
Rendered 3017/5539, time remaining: 5m 0s
Rendered 3018/5539, time remaining: 4m 59s
Rendered 3019/5539, time remaining: 4m 55s
Rendered 3020/5539, time remaining: 4m 53s
Rendered 3021/5539, time remaining: 4m 53s
Rendered 3022/5539, time remaining: 4m 53s
Rendered 3023/5539, time remaining: 4m 54s
Rendered 3024/5539, time remaining: 4m 55s
Rendered 3025/5539, time remaining: 4m 56s
Rendered 3026/5539, time remaining: 4m 55s
Rendered 3027/5539, time remaining: 4m 54s
Rendered 3028/5539, time remaining: 4m 52s
Rendered 3029/5539, time remaining: 4m 50s
Rendered 3030/5539, time remaining: 4m 51s
Rendered 3031/5539, time remaining: 4m 51s
Rendered 3032/5539, time remaining: 4m 50s
Rendered 3033/5539, time remaining: 4m 52s
Rendered 3034/5539, time remaining: 4m 51s
Rendered 3035/5539, time remaining: 4m 53s
Rendered 3036/5539, time remaining: 4m 51s
Rendered 3037/5539, time remaining: 4m 49s
Rendered 3038/5539, time remaining: 4m 49s
Rendered 3039/5539, time remaining: 4m 49s
Rendered 3040/5539, time remaining: 4m 48s
Rendered 3041/5539, time remaining: 4m 46s
Rendered 3042/5539, time remaining: 4m 47s
Rendered 3043/5539, time remaining: 4m 48s
Rendered 3044/5539, time remaining: 4m 51s
Rendered 3045/5539, time remaining: 4m 53s
Rendered 3046/5539, time remaining: 4m 52s
Rendered 3047/5539, time remaining: 4m 49s
Rendered 3048/5539, time remaining: 4m 47s
Rendered 3049/5539, time remaining: 4m 45s
Rendered 3050/5539, time remaining: 4m 46s
Rendered 3051/5539, time remaining: 4m 49s
Rendered 3052/5539, time remaining: 4m 49s
Rendered 3053/5539, time remaining: 4m 51s
Rendered 3054/5539, time remaining: 4m 49s
Rendered 3055/5539, time remaining: 4m 46s
Rendered 3056/5539, time remaining: 4m 43s
Rendered 3057/5539, time remaining: 4m 42s
Rendered 3058/5539, time remaining: 4m 44s
Rendered 3059/5539, time remaining: 4m 49s
Rendered 3060/5539, time remaining: 4m 49s
Rendered 3061/5539, time remaining: 4m 49s
Rendered 3062/5539, time remaining: 4m 49s
Rendered 3063/5539, time remaining: 4m 46s
Rendered 3064/5539, time remaining: 4m 44s
Rendered 3065/5539, time remaining: 4m 42s
Rendered 3066/5539, time remaining: 4m 42s
Rendered 3067/5539, time remaining: 4m 50s
Rendered 3068/5539, time remaining: 4m 49s
Rendered 3069/5539, time remaining: 4m 47s
Rendered 3070/5539, time remaining: 4m 47s
Rendered 3071/5539, time remaining: 4m 45s
Rendered 3072/5539, time remaining: 4m 45s
Rendered 3073/5539, time remaining: 4m 41s
Rendered 3074/5539, time remaining: 4m 42s
Rendered 3075/5539, time remaining: 4m 47s
Rendered 3076/5539, time remaining: 4m 48s
Rendered 3077/5539, time remaining: 4m 47s
Rendered 3078/5539, time remaining: 4m 45s
Rendered 3079/5539, time remaining: 4m 42s
Rendered 3080/5539, time remaining: 4m 42s
Rendered 3081/5539, time remaining: 4m 42s
Rendered 3082/5539, time remaining: 4m 41s
Rendered 3083/5539, time remaining: 4m 49s
Rendered 3084/5539, time remaining: 4m 44s
Rendered 3085/5539, time remaining: 4m 44s
Rendered 3086/5539, time remaining: 4m 42s
Rendered 3087/5539, time remaining: 4m 41s
Rendered 3088/5539, time remaining: 4m 41s
Rendered 3089/5539, time remaining: 4m 40s
Rendered 3090/5539, time remaining: 4m 40s
Rendered 3091/5539, time remaining: 4m 47s
Rendered 3092/5539, time remaining: 4m 46s
Rendered 3093/5539, time remaining: 4m 41s
Rendered 3094/5539, time remaining: 4m 41s
Rendered 3095/5539, time remaining: 4m 40s
Rendered 3096/5539, time remaining: 4m 40s
Rendered 3097/5539, time remaining: 4m 39s
Rendered 3098/5539, time remaining: 4m 39s
Rendered 3099/5539, time remaining: 4m 45s
Rendered 3100/5539, time remaining: 4m 42s
Rendered 3101/5539, time remaining: 4m 40s
Rendered 3102/5539, time remaining: 4m 40s
Rendered 3103/5539, time remaining: 4m 39s
Rendered 3104/5539, time remaining: 4m 40s
Rendered 3105/5539, time remaining: 4m 40s
Rendered 3106/5539, time remaining: 4m 40s
Rendered 3107/5539, time remaining: 4m 44s
Rendered 3108/5539, time remaining: 4m 40s
Rendered 3109/5539, time remaining: 4m 41s
Rendered 3110/5539, time remaining: 4m 41s
Rendered 3111/5539, time remaining: 4m 37s
Rendered 3112/5539, time remaining: 4m 37s
Rendered 3113/5539, time remaining: 4m 37s
Rendered 3114/5539, time remaining: 4m 36s
Rendered 3115/5539, time remaining: 4m 41s
Rendered 3116/5539, time remaining: 4m 41s
Rendered 3117/5539, time remaining: 4m 41s
Rendered 3118/5539, time remaining: 4m 41s
Rendered 3119/5539, time remaining: 4m 36s
Rendered 3120/5539, time remaining: 4m 36s
Rendered 3121/5539, time remaining: 4m 36s
Rendered 3122/5539, time remaining: 4m 37s
Rendered 3123/5539, time remaining: 4m 37s
Rendered 3124/5539, time remaining: 4m 39s
Rendered 3125/5539, time remaining: 4m 39s
Rendered 3126/5539, time remaining: 4m 39s
Rendered 3127/5539, time remaining: 4m 35s
Rendered 3128/5539, time remaining: 4m 35s
Rendered 3129/5539, time remaining: 4m 34s
Rendered 3130/5539, time remaining: 4m 36s
Rendered 3131/5539, time remaining: 4m 36s
Rendered 3132/5539, time remaining: 4m 39s
Rendered 3133/5539, time remaining: 4m 38s
Rendered 3134/5539, time remaining: 4m 38s
Rendered 3135/5539, time remaining: 4m 37s
Rendered 3136/5539, time remaining: 4m 34s
Rendered 3137/5539, time remaining: 4m 33s
Rendered 3138/5539, time remaining: 4m 34s
Rendered 3139/5539, time remaining: 4m 34s
Rendered 3140/5539, time remaining: 4m 37s
Rendered 3141/5539, time remaining: 4m 37s
Rendered 3142/5539, time remaining: 4m 38s
Rendered 3143/5539, time remaining: 4m 33s
Rendered 3144/5539, time remaining: 4m 32s
Rendered 3145/5539, time remaining: 4m 33s
Rendered 3146/5539, time remaining: 4m 32s
Rendered 3147/5539, time remaining: 4m 32s
Rendered 3148/5539, time remaining: 4m 37s
Rendered 3149/5539, time remaining: 4m 38s
Rendered 3150/5539, time remaining: 4m 38s
Rendered 3151/5539, time remaining: 4m 32s
Rendered 3152/5539, time remaining: 4m 32s
Rendered 3153/5539, time remaining: 4m 33s
Rendered 3154/5539, time remaining: 4m 32s
Rendered 3155/5539, time remaining: 4m 32s
Rendered 3156/5539, time remaining: 4m 36s
Rendered 3157/5539, time remaining: 4m 36s
Rendered 3158/5539, time remaining: 4m 36s
Rendered 3159/5539, time remaining: 4m 32s
Rendered 3160/5539, time remaining: 4m 31s
Rendered 3161/5539, time remaining: 4m 31s
Rendered 3162/5539, time remaining: 4m 31s
Rendered 3163/5539, time remaining: 4m 31s
Rendered 3164/5539, time remaining: 4m 37s
Rendered 3165/5539, time remaining: 4m 36s
Rendered 3166/5539, time remaining: 4m 34s
Rendered 3167/5539, time remaining: 4m 31s
Rendered 3168/5539, time remaining: 4m 31s
Rendered 3169/5539, time remaining: 4m 30s
Rendered 3170/5539, time remaining: 4m 29s
Rendered 3171/5539, time remaining: 4m 29s
Rendered 3172/5539, time remaining: 4m 35s
Rendered 3173/5539, time remaining: 4m 34s
Rendered 3174/5539, time remaining: 4m 33s
Rendered 3175/5539, time remaining: 4m 31s
Rendered 3176/5539, time remaining: 4m 31s
Rendered 3177/5539, time remaining: 4m 29s
Rendered 3178/5539, time remaining: 4m 27s
Rendered 3179/5539, time remaining: 4m 28s
Rendered 3180/5539, time remaining: 4m 33s
Rendered 3181/5539, time remaining: 4m 33s
Rendered 3182/5539, time remaining: 4m 33s
Rendered 3183/5539, time remaining: 4m 31s
Rendered 3184/5539, time remaining: 4m 32s
Rendered 3185/5539, time remaining: 4m 29s
Rendered 3186/5539, time remaining: 4m 26s
Rendered 3187/5539, time remaining: 4m 26s
Rendered 3188/5539, time remaining: 4m 30s
Rendered 3189/5539, time remaining: 4m 33s
Rendered 3190/5539, time remaining: 4m 32s
Rendered 3191/5539, time remaining: 4m 32s
Rendered 3192/5539, time remaining: 4m 31s
Rendered 3193/5539, time remaining: 4m 30s
Rendered 3194/5539, time remaining: 4m 27s
Rendered 3195/5539, time remaining: 4m 24s
Rendered 3196/5539, time remaining: 4m 28s
Rendered 3197/5539, time remaining: 4m 28s
Rendered 3198/5539, time remaining: 4m 29s
Rendered 3199/5539, time remaining: 4m 29s
Rendered 3200/5539, time remaining: 4m 27s
Rendered 3201/5539, time remaining: 4m 24s
Rendered 3202/5539, time remaining: 4m 23s
Rendered 3203/5539, time remaining: 4m 22s
Rendered 3204/5539, time remaining: 4m 26s
Rendered 3205/5539, time remaining: 4m 26s
Rendered 3206/5539, time remaining: 4m 27s
Rendered 3207/5539, time remaining: 4m 28s
Rendered 3208/5539, time remaining: 4m 26s
Rendered 3209/5539, time remaining: 4m 21s
Rendered 3210/5539, time remaining: 4m 21s
Rendered 3211/5539, time remaining: 4m 22s
Rendered 3212/5539, time remaining: 4m 24s
Rendered 3213/5539, time remaining: 4m 24s
Rendered 3214/5539, time remaining: 4m 26s
Rendered 3215/5539, time remaining: 4m 26s
Rendered 3216/5539, time remaining: 4m 26s
Rendered 3217/5539, time remaining: 4m 18s
Rendered 3218/5539, time remaining: 4m 21s
Rendered 3219/5539, time remaining: 4m 24s
Rendered 3220/5539, time remaining: 4m 24s
Rendered 3221/5539, time remaining: 4m 24s
Rendered 3222/5539, time remaining: 4m 24s
Rendered 3223/5539, time remaining: 4m 24s
Rendered 3224/5539, time remaining: 4m 23s
Rendered 3225/5539, time remaining: 4m 19s
Rendered 3226/5539, time remaining: 4m 18s
Rendered 3227/5539, time remaining: 4m 22s
Rendered 3228/5539, time remaining: 4m 24s
Rendered 3229/5539, time remaining: 4m 24s
Rendered 3230/5539, time remaining: 4m 24s
Rendered 3231/5539, time remaining: 4m 24s
Rendered 3232/5539, time remaining: 4m 24s
Rendered 3233/5539, time remaining: 4m 16s
Rendered 3234/5539, time remaining: 4m 17s
Rendered 3235/5539, time remaining: 4m 20s
Rendered 3236/5539, time remaining: 4m 22s
Rendered 3237/5539, time remaining: 4m 23s
Rendered 3238/5539, time remaining: 4m 24s
Rendered 3239/5539, time remaining: 4m 24s
Rendered 3240/5539, time remaining: 4m 24s
Rendered 3241/5539, time remaining: 4m 17s
Rendered 3242/5539, time remaining: 4m 17s
Rendered 3243/5539, time remaining: 4m 17s
Rendered 3244/5539, time remaining: 4m 21s
Rendered 3245/5539, time remaining: 4m 24s
Rendered 3246/5539, time remaining: 4m 23s
Rendered 3247/5539, time remaining: 4m 23s
Rendered 3248/5539, time remaining: 4m 24s
Rendered 3249/5539, time remaining: 4m 17s
Rendered 3250/5539, time remaining: 4m 17s
Rendered 3251/5539, time remaining: 4m 17s
Rendered 3252/5539, time remaining: 4m 19s
Rendered 3253/5539, time remaining: 4m 21s
Rendered 3254/5539, time remaining: 4m 19s
Rendered 3255/5539, time remaining: 4m 21s
Rendered 3256/5539, time remaining: 4m 23s
Rendered 3257/5539, time remaining: 4m 18s
Rendered 3258/5539, time remaining: 4m 17s
Rendered 3259/5539, time remaining: 4m 16s
Rendered 3260/5539, time remaining: 4m 21s
Rendered 3261/5539, time remaining: 4m 21s
Rendered 3262/5539, time remaining: 4m 22s
Rendered 3263/5539, time remaining: 4m 22s
Rendered 3264/5539, time remaining: 4m 22s
Rendered 3265/5539, time remaining: 4m 17s
Rendered 3266/5539, time remaining: 4m 15s
Rendered 3267/5539, time remaining: 4m 15s
Rendered 3268/5539, time remaining: 4m 17s
Rendered 3269/5539, time remaining: 4m 21s
Rendered 3270/5539, time remaining: 4m 21s
Rendered 3271/5539, time remaining: 4m 21s
Rendered 3272/5539, time remaining: 4m 19s
Rendered 3273/5539, time remaining: 4m 17s
Rendered 3274/5539, time remaining: 4m 15s
Rendered 3275/5539, time remaining: 4m 14s
Rendered 3276/5539, time remaining: 4m 14s
Rendered 3277/5539, time remaining: 4m 21s
Rendered 3278/5539, time remaining: 4m 21s
Rendered 3279/5539, time remaining: 4m 19s
Rendered 3280/5539, time remaining: 4m 17s
Rendered 3281/5539, time remaining: 4m 17s
Rendered 3282/5539, time remaining: 4m 13s
Rendered 3283/5539, time remaining: 4m 13s
Rendered 3284/5539, time remaining: 4m 12s
Rendered 3285/5539, time remaining: 4m 19s
Rendered 3286/5539, time remaining: 4m 19s
Rendered 3287/5539, time remaining: 4m 18s
Rendered 3288/5539, time remaining: 4m 17s
Rendered 3289/5539, time remaining: 4m 17s
Rendered 3290/5539, time remaining: 4m 12s
Rendered 3291/5539, time remaining: 4m 12s
Rendered 3292/5539, time remaining: 4m 11s
Rendered 3293/5539, time remaining: 4m 17s
Rendered 3294/5539, time remaining: 4m 18s
Rendered 3295/5539, time remaining: 4m 17s
Rendered 3296/5539, time remaining: 4m 17s
Rendered 3297/5539, time remaining: 4m 17s
Rendered 3298/5539, time remaining: 4m 11s
Rendered 3299/5539, time remaining: 4m 11s
Rendered 3300/5539, time remaining: 4m 11s
Rendered 3301/5539, time remaining: 4m 15s
Rendered 3302/5539, time remaining: 4m 18s
Rendered 3303/5539, time remaining: 4m 19s
Rendered 3304/5539, time remaining: 4m 20s
Rendered 3305/5539, time remaining: 4m 20s
Rendered 3306/5539, time remaining: 4m 16s
Rendered 3307/5539, time remaining: 4m 14s
Rendered 3308/5539, time remaining: 4m 16s
Rendered 3309/5539, time remaining: 4m 18s
Rendered 3310/5539, time remaining: 4m 19s
Rendered 3311/5539, time remaining: 4m 24s
Rendered 3312/5539, time remaining: 4m 23s
Rendered 3313/5539, time remaining: 4m 23s
Rendered 3314/5539, time remaining: 4m 17s
Rendered 3315/5539, time remaining: 4m 17s
Rendered 3316/5539, time remaining: 4m 19s
Rendered 3317/5539, time remaining: 4m 18s
Rendered 3318/5539, time remaining: 4m 20s
Rendered 3319/5539, time remaining: 4m 23s
Rendered 3320/5539, time remaining: 4m 23s
Rendered 3321/5539, time remaining: 4m 24s
Rendered 3322/5539, time remaining: 4m 17s
Rendered 3323/5539, time remaining: 4m 17s
Rendered 3324/5539, time remaining: 4m 18s
Rendered 3325/5539, time remaining: 4m 18s
Rendered 3326/5539, time remaining: 4m 20s
Rendered 3327/5539, time remaining: 4m 20s
Rendered 3328/5539, time remaining: 4m 23s
Rendered 3329/5539, time remaining: 4m 22s
Rendered 3330/5539, time remaining: 4m 16s
Rendered 3331/5539, time remaining: 4m 16s
Rendered 3332/5539, time remaining: 4m 17s
Rendered 3333/5539, time remaining: 4m 17s
Rendered 3334/5539, time remaining: 4m 20s
Rendered 3335/5539, time remaining: 4m 20s
Rendered 3336/5539, time remaining: 4m 23s
Rendered 3337/5539, time remaining: 4m 23s
Rendered 3338/5539, time remaining: 4m 19s
Rendered 3339/5539, time remaining: 4m 18s
Rendered 3340/5539, time remaining: 4m 19s
Rendered 3341/5539, time remaining: 4m 20s
Rendered 3342/5539, time remaining: 4m 21s
Rendered 3343/5539, time remaining: 4m 21s
Rendered 3344/5539, time remaining: 4m 22s
Rendered 3345/5539, time remaining: 4m 22s
Rendered 3346/5539, time remaining: 4m 18s
Rendered 3347/5539, time remaining: 4m 18s
Rendered 3348/5539, time remaining: 4m 17s
Rendered 3349/5539, time remaining: 4m 19s
Rendered 3350/5539, time remaining: 4m 21s
Rendered 3351/5539, time remaining: 4m 21s
Rendered 3352/5539, time remaining: 4m 22s
Rendered 3353/5539, time remaining: 4m 20s
Rendered 3354/5539, time remaining: 4m 18s
Rendered 3355/5539, time remaining: 4m 17s
Rendered 3356/5539, time remaining: 4m 16s
Rendered 3357/5539, time remaining: 4m 18s
Rendered 3358/5539, time remaining: 4m 22s
Rendered 3359/5539, time remaining: 4m 22s
Rendered 3360/5539, time remaining: 4m 22s
Rendered 3361/5539, time remaining: 4m 20s
Rendered 3362/5539, time remaining: 4m 18s
Rendered 3363/5539, time remaining: 4m 17s
Rendered 3364/5539, time remaining: 4m 16s
Rendered 3365/5539, time remaining: 4m 17s
Rendered 3366/5539, time remaining: 4m 19s
Rendered 3367/5539, time remaining: 4m 21s
Rendered 3368/5539, time remaining: 4m 17s
Rendered 3369/5539, time remaining: 4m 16s
Rendered 3370/5539, time remaining: 4m 16s
Rendered 3371/5539, time remaining: 4m 15s
Rendered 3372/5539, time remaining: 4m 15s
Rendered 3373/5539, time remaining: 4m 16s
Rendered 3374/5539, time remaining: 4m 17s
Rendered 3375/5539, time remaining: 4m 17s
Rendered 3376/5539, time remaining: 4m 18s
Rendered 3377/5539, time remaining: 4m 14s
Rendered 3378/5539, time remaining: 4m 12s
Rendered 3379/5539, time remaining: 4m 14s
Rendered 3380/5539, time remaining: 4m 15s
Rendered 3381/5539, time remaining: 4m 14s
Rendered 3382/5539, time remaining: 4m 18s
Rendered 3383/5539, time remaining: 4m 18s
Rendered 3384/5539, time remaining: 4m 18s
Rendered 3385/5539, time remaining: 4m 15s
Rendered 3386/5539, time remaining: 4m 14s
Rendered 3387/5539, time remaining: 4m 13s
Rendered 3388/5539, time remaining: 4m 14s
Rendered 3389/5539, time remaining: 4m 14s
Rendered 3390/5539, time remaining: 4m 17s
Rendered 3391/5539, time remaining: 4m 18s
Rendered 3392/5539, time remaining: 4m 18s
Rendered 3393/5539, time remaining: 4m 17s
Rendered 3394/5539, time remaining: 4m 14s
Rendered 3395/5539, time remaining: 4m 12s
Rendered 3396/5539, time remaining: 4m 12s
Rendered 3397/5539, time remaining: 4m 12s
Rendered 3398/5539, time remaining: 4m 16s
Rendered 3399/5539, time remaining: 4m 17s
Rendered 3400/5539, time remaining: 4m 16s
Rendered 3401/5539, time remaining: 4m 16s
Rendered 3402/5539, time remaining: 4m 14s
Rendered 3403/5539, time remaining: 4m 12s
Rendered 3404/5539, time remaining: 4m 12s
Rendered 3405/5539, time remaining: 4m 11s
Rendered 3406/5539, time remaining: 4m 13s
Rendered 3407/5539, time remaining: 4m 15s
Rendered 3408/5539, time remaining: 4m 15s
Rendered 3409/5539, time remaining: 4m 15s
Rendered 3410/5539, time remaining: 4m 11s
Rendered 3411/5539, time remaining: 4m 11s
Rendered 3412/5539, time remaining: 4m 9s
Rendered 3413/5539, time remaining: 4m 9s
Rendered 3414/5539, time remaining: 4m 12s
Rendered 3415/5539, time remaining: 4m 16s
Rendered 3416/5539, time remaining: 4m 15s
Rendered 3417/5539, time remaining: 4m 14s
Rendered 3418/5539, time remaining: 4m 13s
Rendered 3419/5539, time remaining: 4m 9s
Rendered 3420/5539, time remaining: 4m 9s
Rendered 3421/5539, time remaining: 4m 13s
Rendered 3422/5539, time remaining: 4m 14s
Rendered 3423/5539, time remaining: 4m 14s
Rendered 3424/5539, time remaining: 4m 15s
Rendered 3425/5539, time remaining: 4m 15s
Rendered 3426/5539, time remaining: 4m 15s
Rendered 3427/5539, time remaining: 4m 10s
Rendered 3428/5539, time remaining: 4m 11s
Rendered 3429/5539, time remaining: 4m 12s
Rendered 3430/5539, time remaining: 4m 12s
Rendered 3431/5539, time remaining: 4m 14s
Rendered 3432/5539, time remaining: 4m 14s
Rendered 3433/5539, time remaining: 4m 14s
Rendered 3434/5539, time remaining: 4m 15s
Rendered 3435/5539, time remaining: 4m 9s
Rendered 3436/5539, time remaining: 4m 9s
Rendered 3437/5539, time remaining: 4m 9s
Rendered 3438/5539, time remaining: 4m 12s
Rendered 3439/5539, time remaining: 4m 13s
Rendered 3440/5539, time remaining: 4m 14s
Rendered 3441/5539, time remaining: 4m 14s
Rendered 3442/5539, time remaining: 4m 14s
Rendered 3443/5539, time remaining: 4m 7s
Rendered 3444/5539, time remaining: 4m 8s
Rendered 3445/5539, time remaining: 4m 9s
Rendered 3446/5539, time remaining: 4m 10s
Rendered 3447/5539, time remaining: 4m 12s
Rendered 3448/5539, time remaining: 4m 13s
Rendered 3449/5539, time remaining: 4m 12s
Rendered 3450/5539, time remaining: 4m 12s
Rendered 3451/5539, time remaining: 4m 8s
Rendered 3452/5539, time remaining: 4m 6s
Rendered 3453/5539, time remaining: 4m 5s
Rendered 3454/5539, time remaining: 4m 6s
Rendered 3455/5539, time remaining: 4m 6s
Rendered 3456/5539, time remaining: 4m 8s
Rendered 3457/5539, time remaining: 4m 7s
Rendered 3458/5539, time remaining: 4m 5s
Rendered 3459/5539, time remaining: 4m 4s
Rendered 3460/5539, time remaining: 4m 3s
Rendered 3461/5539, time remaining: 3m 59s
Rendered 3462/5539, time remaining: 4m 0s
Rendered 3463/5539, time remaining: 4m 2s
Rendered 3464/5539, time remaining: 4m 3s
Rendered 3465/5539, time remaining: 4m 3s
Rendered 3466/5539, time remaining: 4m 3s
Rendered 3467/5539, time remaining: 4m 2s
Rendered 3468/5539, time remaining: 4m 0s
Rendered 3469/5539, time remaining: 3m 59s
Rendered 3470/5539, time remaining: 3m 58s
Rendered 3471/5539, time remaining: 3m 59s
Rendered 3472/5539, time remaining: 4m 1s
Rendered 3473/5539, time remaining: 4m 1s
Rendered 3474/5539, time remaining: 4m 1s
Rendered 3475/5539, time remaining: 4m 0s
Rendered 3476/5539, time remaining: 3m 59s
Rendered 3477/5539, time remaining: 3m 59s
Rendered 3478/5539, time remaining: 3m 55s
Rendered 3479/5539, time remaining: 3m 55s
Rendered 3480/5539, time remaining: 4m 2s
Rendered 3481/5539, time remaining: 4m 1s
Rendered 3482/5539, time remaining: 4m 0s
Rendered 3483/5539, time remaining: 4m 0s
Rendered 3484/5539, time remaining: 3m 56s
Rendered 3485/5539, time remaining: 3m 56s
Rendered 3486/5539, time remaining: 3m 52s
Rendered 3487/5539, time remaining: 3m 53s
Rendered 3488/5539, time remaining: 3m 57s
Rendered 3489/5539, time remaining: 3m 56s
Rendered 3490/5539, time remaining: 3m 56s
Rendered 3491/5539, time remaining: 3m 55s
Rendered 3492/5539, time remaining: 3m 54s
Rendered 3493/5539, time remaining: 3m 54s
Rendered 3494/5539, time remaining: 3m 52s
Rendered 3495/5539, time remaining: 3m 52s
Rendered 3496/5539, time remaining: 3m 55s
Rendered 3497/5539, time remaining: 3m 55s
Rendered 3498/5539, time remaining: 3m 55s
Rendered 3499/5539, time remaining: 3m 54s
Rendered 3500/5539, time remaining: 3m 52s
Rendered 3501/5539, time remaining: 3m 51s
Rendered 3502/5539, time remaining: 3m 50s
Rendered 3503/5539, time remaining: 3m 50s
Rendered 3504/5539, time remaining: 3m 56s
Rendered 3505/5539, time remaining: 3m 56s
Rendered 3506/5539, time remaining: 3m 56s
Rendered 3507/5539, time remaining: 3m 53s
Rendered 3508/5539, time remaining: 3m 49s
Rendered 3509/5539, time remaining: 3m 49s
Rendered 3510/5539, time remaining: 3m 49s
Rendered 3511/5539, time remaining: 3m 48s
Rendered 3512/5539, time remaining: 3m 55s
Rendered 3513/5539, time remaining: 3m 54s
Rendered 3514/5539, time remaining: 3m 53s
Rendered 3515/5539, time remaining: 3m 53s
Rendered 3516/5539, time remaining: 3m 50s
Rendered 3517/5539, time remaining: 3m 49s
Rendered 3518/5539, time remaining: 3m 49s
Rendered 3519/5539, time remaining: 3m 47s
Rendered 3520/5539, time remaining: 3m 53s
Rendered 3521/5539, time remaining: 3m 54s
Rendered 3522/5539, time remaining: 3m 53s
Rendered 3523/5539, time remaining: 3m 53s
Rendered 3524/5539, time remaining: 3m 51s
Rendered 3525/5539, time remaining: 3m 51s
Rendered 3526/5539, time remaining: 3m 49s
Rendered 3527/5539, time remaining: 3m 49s
Rendered 3528/5539, time remaining: 3m 54s
Rendered 3529/5539, time remaining: 3m 52s
Rendered 3530/5539, time remaining: 3m 51s
Rendered 3531/5539, time remaining: 3m 51s
Rendered 3532/5539, time remaining: 3m 47s
Rendered 3533/5539, time remaining: 3m 47s
Rendered 3534/5539, time remaining: 3m 46s
Rendered 3535/5539, time remaining: 3m 46s
Rendered 3536/5539, time remaining: 3m 52s
Rendered 3537/5539, time remaining: 3m 51s
Rendered 3538/5539, time remaining: 3m 49s
Rendered 3539/5539, time remaining: 3m 49s
Rendered 3540/5539, time remaining: 3m 46s
Rendered 3541/5539, time remaining: 3m 44s
Rendered 3542/5539, time remaining: 3m 45s
Rendered 3543/5539, time remaining: 3m 46s
Rendered 3544/5539, time remaining: 3m 49s
Rendered 3545/5539, time remaining: 3m 49s
Rendered 3546/5539, time remaining: 3m 49s
Rendered 3547/5539, time remaining: 3m 48s
Rendered 3548/5539, time remaining: 3m 44s
Rendered 3549/5539, time remaining: 3m 43s
Rendered 3550/5539, time remaining: 3m 43s
Rendered 3551/5539, time remaining: 3m 46s
Rendered 3552/5539, time remaining: 3m 47s
Rendered 3553/5539, time remaining: 3m 49s
Rendered 3554/5539, time remaining: 3m 48s
Rendered 3555/5539, time remaining: 3m 47s
Rendered 3556/5539, time remaining: 3m 43s
Rendered 3557/5539, time remaining: 3m 42s
Rendered 3558/5539, time remaining: 3m 42s
Rendered 3559/5539, time remaining: 3m 45s
Rendered 3560/5539, time remaining: 3m 46s
Rendered 3561/5539, time remaining: 3m 46s
Rendered 3562/5539, time remaining: 3m 47s
Rendered 3563/5539, time remaining: 3m 47s
Rendered 3564/5539, time remaining: 3m 44s
Rendered 3565/5539, time remaining: 3m 40s
Rendered 3566/5539, time remaining: 3m 41s
Rendered 3567/5539, time remaining: 3m 47s
Rendered 3568/5539, time remaining: 3m 46s
Rendered 3569/5539, time remaining: 3m 46s
Rendered 3570/5539, time remaining: 3m 46s
Rendered 3571/5539, time remaining: 3m 43s
Rendered 3572/5539, time remaining: 3m 41s
Rendered 3573/5539, time remaining: 3m 41s
Rendered 3574/5539, time remaining: 3m 39s
Rendered 3575/5539, time remaining: 3m 46s
Rendered 3576/5539, time remaining: 3m 45s
Rendered 3577/5539, time remaining: 3m 44s
Rendered 3578/5539, time remaining: 3m 42s
Rendered 3579/5539, time remaining: 3m 42s
Rendered 3580/5539, time remaining: 3m 41s
Rendered 3581/5539, time remaining: 3m 40s
Rendered 3582/5539, time remaining: 3m 39s
Rendered 3583/5539, time remaining: 3m 46s
Rendered 3584/5539, time remaining: 3m 44s
Rendered 3585/5539, time remaining: 3m 44s
Rendered 3586/5539, time remaining: 3m 43s
Rendered 3587/5539, time remaining: 3m 42s
Rendered 3588/5539, time remaining: 3m 40s
Rendered 3589/5539, time remaining: 3m 39s
Rendered 3590/5539, time remaining: 3m 38s
Rendered 3591/5539, time remaining: 3m 43s
Rendered 3592/5539, time remaining: 3m 43s
Rendered 3593/5539, time remaining: 3m 43s
Rendered 3594/5539, time remaining: 3m 42s
Rendered 3595/5539, time remaining: 3m 41s
Rendered 3596/5539, time remaining: 3m 39s
Rendered 3597/5539, time remaining: 3m 38s
Rendered 3598/5539, time remaining: 3m 36s
Rendered 3599/5539, time remaining: 3m 40s
Rendered 3600/5539, time remaining: 3m 42s
Rendered 3601/5539, time remaining: 3m 42s
Rendered 3602/5539, time remaining: 3m 41s
Rendered 3603/5539, time remaining: 3m 40s
Rendered 3604/5539, time remaining: 3m 39s
Rendered 3605/5539, time remaining: 3m 38s
Rendered 3606/5539, time remaining: 3m 36s
Rendered 3607/5539, time remaining: 3m 38s
Rendered 3608/5539, time remaining: 3m 41s
Rendered 3609/5539, time remaining: 3m 40s
Rendered 3610/5539, time remaining: 3m 40s
Rendered 3611/5539, time remaining: 3m 39s
Rendered 3612/5539, time remaining: 3m 38s
Rendered 3613/5539, time remaining: 3m 37s
Rendered 3614/5539, time remaining: 3m 36s
Rendered 3615/5539, time remaining: 3m 38s
Rendered 3616/5539, time remaining: 3m 39s
Rendered 3617/5539, time remaining: 3m 38s
Rendered 3618/5539, time remaining: 3m 39s
Rendered 3619/5539, time remaining: 3m 37s
Rendered 3620/5539, time remaining: 3m 37s
Rendered 3621/5539, time remaining: 3m 35s
Rendered 3622/5539, time remaining: 3m 33s
Rendered 3623/5539, time remaining: 3m 34s
Rendered 3624/5539, time remaining: 3m 38s
Rendered 3625/5539, time remaining: 3m 39s
Rendered 3626/5539, time remaining: 3m 38s
Rendered 3627/5539, time remaining: 3m 38s
Rendered 3628/5539, time remaining: 3m 38s
Rendered 3629/5539, time remaining: 3m 38s
Rendered 3630/5539, time remaining: 3m 32s
Rendered 3631/5539, time remaining: 3m 33s
Rendered 3632/5539, time remaining: 3m 37s
Rendered 3633/5539, time remaining: 3m 37s
Rendered 3634/5539, time remaining: 3m 37s
Rendered 3635/5539, time remaining: 3m 37s
Rendered 3636/5539, time remaining: 3m 37s
Rendered 3637/5539, time remaining: 3m 36s
Rendered 3638/5539, time remaining: 3m 32s
Rendered 3639/5539, time remaining: 3m 34s
Rendered 3640/5539, time remaining: 3m 36s
Rendered 3641/5539, time remaining: 3m 37s
Rendered 3642/5539, time remaining: 3m 36s
Rendered 3643/5539, time remaining: 3m 35s
Rendered 3644/5539, time remaining: 3m 35s
Rendered 3645/5539, time remaining: 3m 35s
Rendered 3646/5539, time remaining: 3m 32s
Rendered 3647/5539, time remaining: 3m 32s
Rendered 3648/5539, time remaining: 3m 33s
Rendered 3649/5539, time remaining: 3m 35s
Rendered 3650/5539, time remaining: 3m 35s
Rendered 3651/5539, time remaining: 3m 36s
Rendered 3652/5539, time remaining: 3m 36s
Rendered 3653/5539, time remaining: 3m 36s
Rendered 3654/5539, time remaining: 3m 29s
Rendered 3655/5539, time remaining: 3m 29s
Rendered 3656/5539, time remaining: 3m 34s
Rendered 3657/5539, time remaining: 3m 35s
Rendered 3658/5539, time remaining: 3m 34s
Rendered 3659/5539, time remaining: 3m 34s
Rendered 3660/5539, time remaining: 3m 35s
Rendered 3661/5539, time remaining: 3m 34s
Rendered 3662/5539, time remaining: 3m 28s
Rendered 3663/5539, time remaining: 3m 28s
Rendered 3664/5539, time remaining: 3m 33s
Rendered 3665/5539, time remaining: 3m 34s
Rendered 3666/5539, time remaining: 3m 33s
Rendered 3667/5539, time remaining: 3m 33s
Rendered 3668/5539, time remaining: 3m 33s
Rendered 3669/5539, time remaining: 3m 33s
Rendered 3670/5539, time remaining: 3m 27s
Rendered 3671/5539, time remaining: 3m 27s
Rendered 3672/5539, time remaining: 3m 33s
Rendered 3673/5539, time remaining: 3m 33s
Rendered 3674/5539, time remaining: 3m 33s
Rendered 3675/5539, time remaining: 3m 33s
Rendered 3676/5539, time remaining: 3m 32s
Rendered 3677/5539, time remaining: 3m 32s
Rendered 3678/5539, time remaining: 3m 27s
Rendered 3679/5539, time remaining: 3m 27s
Rendered 3680/5539, time remaining: 3m 32s
Rendered 3681/5539, time remaining: 3m 32s
Rendered 3682/5539, time remaining: 3m 32s
Rendered 3683/5539, time remaining: 3m 32s
Rendered 3684/5539, time remaining: 3m 32s
Rendered 3685/5539, time remaining: 3m 32s
Rendered 3686/5539, time remaining: 3m 26s
Rendered 3687/5539, time remaining: 3m 28s
Rendered 3688/5539, time remaining: 3m 29s
Rendered 3689/5539, time remaining: 3m 29s
Rendered 3690/5539, time remaining: 3m 32s
Rendered 3691/5539, time remaining: 3m 32s
Rendered 3692/5539, time remaining: 3m 31s
Rendered 3693/5539, time remaining: 3m 30s
Rendered 3694/5539, time remaining: 3m 27s
Rendered 3695/5539, time remaining: 3m 26s
Rendered 3696/5539, time remaining: 3m 29s
Rendered 3697/5539, time remaining: 3m 29s
Rendered 3698/5539, time remaining: 3m 31s
Rendered 3699/5539, time remaining: 3m 31s
Rendered 3700/5539, time remaining: 3m 31s
Rendered 3701/5539, time remaining: 3m 28s
Rendered 3702/5539, time remaining: 3m 26s
Rendered 3703/5539, time remaining: 3m 26s
Rendered 3704/5539, time remaining: 3m 28s
Rendered 3705/5539, time remaining: 3m 28s
Rendered 3706/5539, time remaining: 3m 31s
Rendered 3707/5539, time remaining: 3m 30s
Rendered 3708/5539, time remaining: 3m 30s
Rendered 3709/5539, time remaining: 3m 28s
Rendered 3710/5539, time remaining: 3m 26s
Rendered 3711/5539, time remaining: 3m 25s
Rendered 3712/5539, time remaining: 3m 25s
Rendered 3713/5539, time remaining: 3m 26s
Rendered 3714/5539, time remaining: 3m 31s
Rendered 3715/5539, time remaining: 3m 31s
Rendered 3716/5539, time remaining: 3m 30s
Rendered 3717/5539, time remaining: 3m 24s
Rendered 3718/5539, time remaining: 3m 24s
Rendered 3719/5539, time remaining: 3m 23s
Rendered 3720/5539, time remaining: 3m 23s
Rendered 3721/5539, time remaining: 3m 24s
Rendered 3722/5539, time remaining: 3m 29s
Rendered 3723/5539, time remaining: 3m 29s
Rendered 3724/5539, time remaining: 3m 29s
Rendered 3725/5539, time remaining: 3m 22s
Rendered 3726/5539, time remaining: 3m 22s
Rendered 3727/5539, time remaining: 3m 23s
Rendered 3728/5539, time remaining: 3m 23s
Rendered 3729/5539, time remaining: 3m 23s
Rendered 3730/5539, time remaining: 3m 27s
Rendered 3731/5539, time remaining: 3m 27s
Rendered 3732/5539, time remaining: 3m 27s
Rendered 3733/5539, time remaining: 3m 21s
Rendered 3734/5539, time remaining: 3m 21s
Rendered 3735/5539, time remaining: 3m 21s
Rendered 3736/5539, time remaining: 3m 21s
Rendered 3737/5539, time remaining: 3m 21s
Rendered 3738/5539, time remaining: 3m 27s
Rendered 3739/5539, time remaining: 3m 26s
Rendered 3740/5539, time remaining: 3m 26s
Rendered 3741/5539, time remaining: 3m 21s
Rendered 3742/5539, time remaining: 3m 20s
Rendered 3743/5539, time remaining: 3m 20s
Rendered 3744/5539, time remaining: 3m 20s
Rendered 3745/5539, time remaining: 3m 20s
Rendered 3746/5539, time remaining: 3m 25s
Rendered 3747/5539, time remaining: 3m 25s
Rendered 3748/5539, time remaining: 3m 25s
Rendered 3749/5539, time remaining: 3m 21s
Rendered 3750/5539, time remaining: 3m 19s
Rendered 3751/5539, time remaining: 3m 19s
Rendered 3752/5539, time remaining: 3m 20s
Rendered 3753/5539, time remaining: 3m 21s
Rendered 3754/5539, time remaining: 3m 23s
Rendered 3755/5539, time remaining: 3m 23s
Rendered 3756/5539, time remaining: 3m 24s
Rendered 3757/5539, time remaining: 3m 22s
Rendered 3758/5539, time remaining: 3m 19s
Rendered 3759/5539, time remaining: 3m 19s
Rendered 3760/5539, time remaining: 3m 18s
Rendered 3761/5539, time remaining: 3m 19s
Rendered 3762/5539, time remaining: 3m 19s
Rendered 3763/5539, time remaining: 3m 22s
Rendered 3764/5539, time remaining: 3m 23s
Rendered 3765/5539, time remaining: 3m 21s
Rendered 3766/5539, time remaining: 3m 18s
Rendered 3767/5539, time remaining: 3m 18s
Rendered 3768/5539, time remaining: 3m 18s
Rendered 3769/5539, time remaining: 3m 18s
Rendered 3770/5539, time remaining: 3m 19s
Rendered 3771/5539, time remaining: 3m 21s
Rendered 3772/5539, time remaining: 3m 23s
Rendered 3773/5539, time remaining: 3m 22s
Rendered 3774/5539, time remaining: 3m 18s
Rendered 3775/5539, time remaining: 3m 17s
Rendered 3776/5539, time remaining: 3m 17s
Rendered 3777/5539, time remaining: 3m 17s
Rendered 3778/5539, time remaining: 3m 17s
Rendered 3779/5539, time remaining: 3m 19s
Rendered 3780/5539, time remaining: 3m 21s
Rendered 3781/5539, time remaining: 3m 20s
Rendered 3782/5539, time remaining: 3m 16s
Rendered 3783/5539, time remaining: 3m 16s
Rendered 3784/5539, time remaining: 3m 16s
Rendered 3785/5539, time remaining: 3m 16s
Rendered 3786/5539, time remaining: 3m 17s
Rendered 3787/5539, time remaining: 3m 20s
Rendered 3788/5539, time remaining: 3m 21s
Rendered 3789/5539, time remaining: 3m 19s
Rendered 3790/5539, time remaining: 3m 17s
Rendered 3791/5539, time remaining: 3m 15s
Rendered 3792/5539, time remaining: 3m 15s
Rendered 3793/5539, time remaining: 3m 16s
Rendered 3794/5539, time remaining: 3m 17s
Rendered 3795/5539, time remaining: 3m 18s
Rendered 3796/5539, time remaining: 3m 18s
Rendered 3797/5539, time remaining: 3m 19s
Rendered 3798/5539, time remaining: 3m 18s
Rendered 3799/5539, time remaining: 3m 14s
Rendered 3800/5539, time remaining: 3m 14s
Rendered 3801/5539, time remaining: 3m 15s
Rendered 3802/5539, time remaining: 3m 15s
Rendered 3803/5539, time remaining: 3m 15s
Rendered 3804/5539, time remaining: 3m 18s
Rendered 3805/5539, time remaining: 3m 19s
Rendered 3806/5539, time remaining: 3m 15s
Rendered 3807/5539, time remaining: 3m 14s
Rendered 3808/5539, time remaining: 3m 15s
Rendered 3809/5539, time remaining: 3m 15s
Rendered 3810/5539, time remaining: 3m 15s
Rendered 3811/5539, time remaining: 3m 15s
Rendered 3812/5539, time remaining: 3m 16s
Rendered 3813/5539, time remaining: 3m 20s
Rendered 3814/5539, time remaining: 3m 15s
Rendered 3815/5539, time remaining: 3m 14s
Rendered 3816/5539, time remaining: 3m 15s
Rendered 3817/5539, time remaining: 3m 15s
Rendered 3818/5539, time remaining: 3m 15s
Rendered 3819/5539, time remaining: 3m 15s
Rendered 3820/5539, time remaining: 3m 17s
Rendered 3821/5539, time remaining: 3m 18s
Rendered 3822/5539, time remaining: 3m 12s
Rendered 3823/5539, time remaining: 3m 14s
Rendered 3824/5539, time remaining: 3m 14s
Rendered 3825/5539, time remaining: 3m 16s
Rendered 3826/5539, time remaining: 3m 16s
Rendered 3827/5539, time remaining: 3m 16s
Rendered 3828/5539, time remaining: 3m 17s
Rendered 3829/5539, time remaining: 3m 17s
Rendered 3830/5539, time remaining: 3m 13s
Rendered 3831/5539, time remaining: 3m 15s
Rendered 3832/5539, time remaining: 3m 15s
Rendered 3833/5539, time remaining: 3m 16s
Rendered 3834/5539, time remaining: 3m 16s
Rendered 3835/5539, time remaining: 3m 17s
Rendered 3836/5539, time remaining: 3m 17s
Rendered 3837/5539, time remaining: 3m 15s
Rendered 3838/5539, time remaining: 3m 15s
Rendered 3839/5539, time remaining: 3m 14s
Rendered 3840/5539, time remaining: 3m 14s
Rendered 3841/5539, time remaining: 3m 15s
Rendered 3842/5539, time remaining: 3m 14s
Rendered 3843/5539, time remaining: 3m 14s
Rendered 3844/5539, time remaining: 3m 14s
Rendered 3845/5539, time remaining: 3m 14s
Rendered 3846/5539, time remaining: 3m 13s
Rendered 3847/5539, time remaining: 3m 14s
Rendered 3848/5539, time remaining: 3m 14s
Rendered 3849/5539, time remaining: 3m 15s
Rendered 3850/5539, time remaining: 3m 14s
Rendered 3851/5539, time remaining: 3m 14s
Rendered 3852/5539, time remaining: 3m 14s
Rendered 3853/5539, time remaining: 3m 13s
Rendered 3854/5539, time remaining: 3m 13s
Rendered 3855/5539, time remaining: 3m 12s
Rendered 3856/5539, time remaining: 3m 13s
Rendered 3857/5539, time remaining: 3m 14s
Rendered 3858/5539, time remaining: 3m 15s
Rendered 3859/5539, time remaining: 3m 15s
Rendered 3860/5539, time remaining: 3m 15s
Rendered 3861/5539, time remaining: 3m 15s
Rendered 3862/5539, time remaining: 3m 15s
Rendered 3863/5539, time remaining: 3m 15s
Rendered 3864/5539, time remaining: 3m 11s
Rendered 3865/5539, time remaining: 3m 13s
Rendered 3866/5539, time remaining: 3m 15s
Rendered 3867/5539, time remaining: 3m 14s
Rendered 3868/5539, time remaining: 3m 15s
Rendered 3869/5539, time remaining: 3m 15s
Rendered 3870/5539, time remaining: 3m 15s
Rendered 3871/5539, time remaining: 3m 16s
Rendered 3872/5539, time remaining: 3m 11s
Rendered 3873/5539, time remaining: 3m 11s
Rendered 3874/5539, time remaining: 3m 13s
Rendered 3875/5539, time remaining: 3m 13s
Rendered 3876/5539, time remaining: 3m 14s
Rendered 3877/5539, time remaining: 3m 14s
Rendered 3878/5539, time remaining: 3m 15s
Rendered 3879/5539, time remaining: 3m 14s
Rendered 3880/5539, time remaining: 3m 11s
Rendered 3881/5539, time remaining: 3m 12s
Rendered 3882/5539, time remaining: 3m 13s
Rendered 3883/5539, time remaining: 3m 13s
Rendered 3884/5539, time remaining: 3m 13s
Rendered 3885/5539, time remaining: 3m 13s
Rendered 3886/5539, time remaining: 3m 13s
Rendered 3887/5539, time remaining: 3m 15s
Rendered 3888/5539, time remaining: 3m 11s
Rendered 3889/5539, time remaining: 3m 12s
Rendered 3890/5539, time remaining: 3m 13s
Rendered 3891/5539, time remaining: 3m 13s
Rendered 3892/5539, time remaining: 3m 13s
Rendered 3893/5539, time remaining: 3m 14s
Rendered 3894/5539, time remaining: 3m 13s
Rendered 3895/5539, time remaining: 3m 14s
Rendered 3896/5539, time remaining: 3m 11s
Rendered 3897/5539, time remaining: 3m 13s
Rendered 3898/5539, time remaining: 3m 14s
Rendered 3899/5539, time remaining: 3m 14s
Rendered 3900/5539, time remaining: 3m 13s
Rendered 3901/5539, time remaining: 3m 13s
Rendered 3902/5539, time remaining: 3m 14s
Rendered 3903/5539, time remaining: 3m 12s
Rendered 3904/5539, time remaining: 3m 11s
Rendered 3905/5539, time remaining: 3m 11s
Rendered 3906/5539, time remaining: 3m 13s
Rendered 3907/5539, time remaining: 3m 13s
Rendered 3908/5539, time remaining: 3m 13s
Rendered 3909/5539, time remaining: 3m 13s
Rendered 3910/5539, time remaining: 3m 13s
Rendered 3911/5539, time remaining: 3m 12s
Rendered 3912/5539, time remaining: 3m 11s
Rendered 3913/5539, time remaining: 3m 9s
Rendered 3914/5539, time remaining: 3m 12s
Rendered 3915/5539, time remaining: 3m 12s
Rendered 3916/5539, time remaining: 3m 12s
Rendered 3917/5539, time remaining: 3m 12s
Rendered 3918/5539, time remaining: 3m 12s
Rendered 3919/5539, time remaining: 3m 11s
Rendered 3920/5539, time remaining: 3m 11s
Rendered 3921/5539, time remaining: 3m 9s
Rendered 3922/5539, time remaining: 3m 10s
Rendered 3923/5539, time remaining: 3m 10s
Rendered 3924/5539, time remaining: 3m 10s
Rendered 3925/5539, time remaining: 3m 10s
Rendered 3926/5539, time remaining: 3m 10s
Rendered 3927/5539, time remaining: 3m 10s
Rendered 3928/5539, time remaining: 3m 10s
Rendered 3929/5539, time remaining: 3m 9s
Rendered 3930/5539, time remaining: 3m 8s
Rendered 3931/5539, time remaining: 3m 9s
Rendered 3932/5539, time remaining: 3m 10s
Rendered 3933/5539, time remaining: 3m 10s
Rendered 3934/5539, time remaining: 3m 10s
Rendered 3935/5539, time remaining: 3m 10s
Rendered 3936/5539, time remaining: 3m 9s
Rendered 3937/5539, time remaining: 3m 6s
Rendered 3938/5539, time remaining: 3m 8s
Rendered 3939/5539, time remaining: 3m 9s
Rendered 3940/5539, time remaining: 3m 9s
Rendered 3941/5539, time remaining: 3m 9s
Rendered 3942/5539, time remaining: 3m 9s
Rendered 3943/5539, time remaining: 3m 8s
Rendered 3944/5539, time remaining: 3m 8s
Rendered 3945/5539, time remaining: 3m 8s
Rendered 3946/5539, time remaining: 3m 11s
Rendered 3947/5539, time remaining: 3m 9s
Rendered 3948/5539, time remaining: 3m 9s
Rendered 3949/5539, time remaining: 3m 9s
Rendered 3950/5539, time remaining: 3m 9s
Rendered 3951/5539, time remaining: 3m 8s
Rendered 3952/5539, time remaining: 3m 9s
Rendered 3953/5539, time remaining: 3m 9s
Rendered 3954/5539, time remaining: 3m 9s
Rendered 3955/5539, time remaining: 3m 8s
Rendered 3956/5539, time remaining: 3m 8s
Rendered 3957/5539, time remaining: 3m 8s
Rendered 3958/5539, time remaining: 3m 8s
Rendered 3959/5539, time remaining: 3m 8s
Rendered 3960/5539, time remaining: 3m 8s
Rendered 3961/5539, time remaining: 3m 8s
Rendered 3962/5539, time remaining: 3m 9s
Rendered 3963/5539, time remaining: 3m 7s
Rendered 3964/5539, time remaining: 3m 7s
Rendered 3965/5539, time remaining: 3m 7s
Rendered 3966/5539, time remaining: 3m 6s
Rendered 3967/5539, time remaining: 3m 6s
Rendered 3968/5539, time remaining: 3m 7s
Rendered 3969/5539, time remaining: 3m 6s
Rendered 3970/5539, time remaining: 3m 7s
Rendered 3971/5539, time remaining: 3m 8s
Rendered 3972/5539, time remaining: 3m 9s
Rendered 3973/5539, time remaining: 3m 7s
Rendered 3974/5539, time remaining: 3m 6s
Rendered 3975/5539, time remaining: 3m 4s
Rendered 3976/5539, time remaining: 3m 4s
Rendered 3977/5539, time remaining: 3m 4s
Rendered 3978/5539, time remaining: 3m 4s
Rendered 3979/5539, time remaining: 3m 8s
Rendered 3980/5539, time remaining: 3m 7s
Rendered 3981/5539, time remaining: 3m 5s
Rendered 3982/5539, time remaining: 3m 5s
Rendered 3983/5539, time remaining: 3m 3s
Rendered 3984/5539, time remaining: 3m 4s
Rendered 3985/5539, time remaining: 3m 4s
Rendered 3986/5539, time remaining: 3m 6s
Rendered 3987/5539, time remaining: 3m 6s
Rendered 3988/5539, time remaining: 3m 5s
Rendered 3989/5539, time remaining: 3m 5s
Rendered 3990/5539, time remaining: 3m 4s
Rendered 3991/5539, time remaining: 3m 3s
Rendered 3992/5539, time remaining: 3m 4s
Rendered 3993/5539, time remaining: 3m 5s
Rendered 3994/5539, time remaining: 3m 6s
Rendered 3995/5539, time remaining: 3m 6s
Rendered 3996/5539, time remaining: 3m 5s
Rendered 3997/5539, time remaining: 3m 3s
Rendered 3998/5539, time remaining: 3m 2s
Rendered 3999/5539, time remaining: 3m 2s
Rendered 4000/5539, time remaining: 3m 3s
Rendered 4001/5539, time remaining: 3m 3s
Rendered 4002/5539, time remaining: 3m 3s
Rendered 4003/5539, time remaining: 3m 2s
Rendered 4004/5539, time remaining: 3m 5s
Rendered 4005/5539, time remaining: 3m 5s
Rendered 4006/5539, time remaining: 3m 1s
Rendered 4007/5539, time remaining: 3m 1s
Rendered 4008/5539, time remaining: 3m 0s
Rendered 4009/5539, time remaining: 3m 0s
Rendered 4010/5539, time remaining: 3m 0s
Rendered 4011/5539, time remaining: 3m 0s
Rendered 4012/5539, time remaining: 3m 1s
Rendered 4013/5539, time remaining: 3m 0s
Rendered 4014/5539, time remaining: 2m 59s
Rendered 4015/5539, time remaining: 3m 1s
Rendered 4016/5539, time remaining: 3m 1s
Rendered 4017/5539, time remaining: 3m 2s
Rendered 4018/5539, time remaining: 3m 1s
Rendered 4019/5539, time remaining: 3m 1s
Rendered 4020/5539, time remaining: 3m 0s
Rendered 4021/5539, time remaining: 2m 59s
Rendered 4022/5539, time remaining: 2m 59s
Rendered 4023/5539, time remaining: 3m 3s
Rendered 4024/5539, time remaining: 3m 0s
Rendered 4025/5539, time remaining: 3m 2s
Rendered 4026/5539, time remaining: 3m 0s
Rendered 4027/5539, time remaining: 3m 0s
Rendered 4028/5539, time remaining: 2m 59s
Rendered 4029/5539, time remaining: 2m 59s
Rendered 4030/5539, time remaining: 2m 58s
Rendered 4031/5539, time remaining: 3m 1s
Rendered 4032/5539, time remaining: 3m 2s
Rendered 4033/5539, time remaining: 3m 2s
Rendered 4034/5539, time remaining: 3m 1s
Rendered 4035/5539, time remaining: 3m 1s
Rendered 4036/5539, time remaining: 3m 1s
Rendered 4037/5539, time remaining: 3m 0s
Rendered 4038/5539, time remaining: 2m 58s
Rendered 4039/5539, time remaining: 3m 0s
Rendered 4040/5539, time remaining: 3m 1s
Rendered 4041/5539, time remaining: 3m 0s
Rendered 4042/5539, time remaining: 3m 0s
Rendered 4043/5539, time remaining: 3m 0s
Rendered 4044/5539, time remaining: 3m 0s
Rendered 4045/5539, time remaining: 2m 59s
Rendered 4046/5539, time remaining: 2m 57s
Rendered 4047/5539, time remaining: 2m 58s
Rendered 4048/5539, time remaining: 2m 59s
Rendered 4049/5539, time remaining: 2m 58s
Rendered 4050/5539, time remaining: 2m 58s
Rendered 4051/5539, time remaining: 2m 58s
Rendered 4052/5539, time remaining: 2m 58s
Rendered 4053/5539, time remaining: 2m 58s
Rendered 4054/5539, time remaining: 2m 55s
Rendered 4055/5539, time remaining: 2m 57s
Rendered 4056/5539, time remaining: 2m 57s
Rendered 4057/5539, time remaining: 2m 59s
Rendered 4058/5539, time remaining: 3m 0s
Rendered 4059/5539, time remaining: 3m 1s
Rendered 4060/5539, time remaining: 3m 4s
Rendered 4061/5539, time remaining: 3m 7s
Rendered 4062/5539, time remaining: 3m 7s
Rendered 4063/5539, time remaining: 3m 8s
Rendered 4064/5539, time remaining: 3m 8s
Rendered 4065/5539, time remaining: 3m 16s
Rendered 4066/5539, time remaining: 3m 18s
Rendered 4067/5539, time remaining: 3m 17s
Rendered 4068/5539, time remaining: 3m 16s
Rendered 4069/5539, time remaining: 3m 16s
Rendered 4070/5539, time remaining: 3m 15s
Rendered 4071/5539, time remaining: 3m 15s
Rendered 4072/5539, time remaining: 3m 10s
Rendered 4073/5539, time remaining: 3m 17s
Rendered 4074/5539, time remaining: 3m 16s
Rendered 4075/5539, time remaining: 3m 16s
Rendered 4076/5539, time remaining: 3m 16s
Rendered 4077/5539, time remaining: 3m 17s
Rendered 4078/5539, time remaining: 3m 18s
Rendered 4079/5539, time remaining: 3m 19s
Rendered 4080/5539, time remaining: 3m 18s
Rendered 4081/5539, time remaining: 3m 16s
Rendered 4082/5539, time remaining: 3m 15s
Rendered 4083/5539, time remaining: 3m 15s
Rendered 4084/5539, time remaining: 3m 17s
Rendered 4085/5539, time remaining: 3m 19s
Rendered 4086/5539, time remaining: 3m 19s
Rendered 4087/5539, time remaining: 3m 20s
Rendered 4088/5539, time remaining: 3m 18s
Rendered 4089/5539, time remaining: 3m 20s
Rendered 4090/5539, time remaining: 3m 19s
Rendered 4091/5539, time remaining: 3m 19s
Rendered 4092/5539, time remaining: 3m 18s
Rendered 4093/5539, time remaining: 3m 25s
Rendered 4094/5539, time remaining: 3m 25s
Rendered 4095/5539, time remaining: 3m 23s
Rendered 4096/5539, time remaining: 3m 20s
Rendered 4097/5539, time remaining: 3m 21s
Rendered 4098/5539, time remaining: 3m 21s
Rendered 4099/5539, time remaining: 3m 21s
Rendered 4100/5539, time remaining: 3m 21s
Rendered 4101/5539, time remaining: 3m 27s
Rendered 4102/5539, time remaining: 3m 29s
Rendered 4103/5539, time remaining: 3m 29s
Rendered 4104/5539, time remaining: 3m 27s
Rendered 4105/5539, time remaining: 3m 28s
Rendered 4106/5539, time remaining: 3m 27s
Rendered 4107/5539, time remaining: 3m 27s
Rendered 4108/5539, time remaining: 3m 27s
Rendered 4109/5539, time remaining: 3m 32s
Rendered 4110/5539, time remaining: 3m 35s
Rendered 4111/5539, time remaining: 3m 34s
Rendered 4112/5539, time remaining: 3m 33s
Rendered 4113/5539, time remaining: 3m 33s
Rendered 4114/5539, time remaining: 3m 32s
Rendered 4115/5539, time remaining: 3m 32s
Rendered 4116/5539, time remaining: 3m 33s
Rendered 4117/5539, time remaining: 3m 33s
Rendered 4118/5539, time remaining: 3m 38s
Rendered 4119/5539, time remaining: 3m 38s
Rendered 4120/5539, time remaining: 3m 35s
Rendered 4121/5539, time remaining: 3m 34s
Rendered 4122/5539, time remaining: 3m 33s
Rendered 4123/5539, time remaining: 3m 32s
Rendered 4124/5539, time remaining: 3m 32s
Rendered 4125/5539, time remaining: 3m 33s
Rendered 4126/5539, time remaining: 3m 38s
Rendered 4127/5539, time remaining: 3m 37s
Rendered 4128/5539, time remaining: 3m 37s
Rendered 4129/5539, time remaining: 3m 32s
Rendered 4130/5539, time remaining: 3m 32s
Rendered 4131/5539, time remaining: 3m 32s
Rendered 4132/5539, time remaining: 3m 31s
Rendered 4133/5539, time remaining: 3m 31s
Rendered 4134/5539, time remaining: 3m 36s
Rendered 4135/5539, time remaining: 3m 35s
Rendered 4136/5539, time remaining: 3m 33s
Rendered 4137/5539, time remaining: 3m 33s
Rendered 4138/5539, time remaining: 3m 32s
Rendered 4139/5539, time remaining: 3m 32s
Rendered 4140/5539, time remaining: 3m 32s
Rendered 4141/5539, time remaining: 3m 31s
Rendered 4142/5539, time remaining: 3m 36s
Rendered 4143/5539, time remaining: 3m 35s
Rendered 4144/5539, time remaining: 3m 34s
Rendered 4145/5539, time remaining: 3m 33s
Rendered 4146/5539, time remaining: 3m 33s
Rendered 4147/5539, time remaining: 3m 33s
Rendered 4148/5539, time remaining: 3m 32s
Rendered 4149/5539, time remaining: 3m 31s
Rendered 4150/5539, time remaining: 3m 34s
Rendered 4151/5539, time remaining: 3m 36s
Rendered 4152/5539, time remaining: 3m 35s
Rendered 4153/5539, time remaining: 3m 35s
Rendered 4154/5539, time remaining: 3m 32s
Rendered 4155/5539, time remaining: 3m 32s
Rendered 4156/5539, time remaining: 3m 33s
Rendered 4157/5539, time remaining: 3m 31s
Rendered 4158/5539, time remaining: 3m 35s
Rendered 4159/5539, time remaining: 3m 36s
Rendered 4160/5539, time remaining: 3m 36s
Rendered 4161/5539, time remaining: 3m 36s
Rendered 4162/5539, time remaining: 3m 34s
Rendered 4163/5539, time remaining: 3m 34s
Rendered 4164/5539, time remaining: 3m 34s
Rendered 4165/5539, time remaining: 3m 30s
Rendered 4166/5539, time remaining: 3m 33s
Rendered 4167/5539, time remaining: 3m 33s
Rendered 4168/5539, time remaining: 3m 33s
Rendered 4169/5539, time remaining: 3m 33s
Rendered 4170/5539, time remaining: 3m 33s
Rendered 4171/5539, time remaining: 3m 33s
Rendered 4172/5539, time remaining: 3m 33s
Rendered 4173/5539, time remaining: 3m 30s
Rendered 4174/5539, time remaining: 3m 33s
Rendered 4175/5539, time remaining: 3m 33s
Rendered 4176/5539, time remaining: 3m 33s
Rendered 4177/5539, time remaining: 3m 33s
Rendered 4178/5539, time remaining: 3m 34s
Rendered 4179/5539, time remaining: 3m 34s
Rendered 4180/5539, time remaining: 3m 34s
Rendered 4181/5539, time remaining: 3m 31s
Rendered 4182/5539, time remaining: 3m 30s
Rendered 4183/5539, time remaining: 3m 31s
Rendered 4184/5539, time remaining: 3m 32s
Rendered 4185/5539, time remaining: 3m 31s
Rendered 4186/5539, time remaining: 3m 31s
Rendered 4187/5539, time remaining: 3m 31s
Rendered 4188/5539, time remaining: 3m 31s
Rendered 4189/5539, time remaining: 3m 29s
Rendered 4190/5539, time remaining: 3m 28s
Rendered 4191/5539, time remaining: 3m 32s
Rendered 4192/5539, time remaining: 3m 31s
Rendered 4193/5539, time remaining: 3m 31s
Rendered 4194/5539, time remaining: 3m 31s
Rendered 4195/5539, time remaining: 3m 31s
Rendered 4196/5539, time remaining: 3m 31s
Rendered 4197/5539, time remaining: 3m 28s
Rendered 4198/5539, time remaining: 3m 29s
Rendered 4199/5539, time remaining: 3m 31s
Rendered 4200/5539, time remaining: 3m 31s
Rendered 4201/5539, time remaining: 3m 31s
Rendered 4202/5539, time remaining: 3m 31s
Rendered 4203/5539, time remaining: 3m 31s
Rendered 4204/5539, time remaining: 3m 31s
Rendered 4205/5539, time remaining: 3m 28s
Rendered 4206/5539, time remaining: 3m 29s
Rendered 4207/5539, time remaining: 3m 30s
Rendered 4208/5539, time remaining: 3m 29s
Rendered 4209/5539, time remaining: 3m 28s
Rendered 4210/5539, time remaining: 3m 25s
Rendered 4211/5539, time remaining: 3m 22s
Rendered 4212/5539, time remaining: 3m 22s
Rendered 4213/5539, time remaining: 3m 22s
Rendered 4214/5539, time remaining: 3m 20s
Rendered 4215/5539, time remaining: 3m 13s
Rendered 4216/5539, time remaining: 3m 12s
Rendered 4217/5539, time remaining: 3m 13s
Rendered 4218/5539, time remaining: 3m 13s
Rendered 4219/5539, time remaining: 3m 13s
Rendered 4220/5539, time remaining: 3m 13s
Rendered 4221/5539, time remaining: 3m 14s
Rendered 4222/5539, time remaining: 3m 18s
Rendered 4223/5539, time remaining: 3m 12s
Rendered 4224/5539, time remaining: 3m 11s
Rendered 4225/5539, time remaining: 3m 11s
Rendered 4226/5539, time remaining: 3m 12s
Rendered 4227/5539, time remaining: 3m 11s
Rendered 4228/5539, time remaining: 3m 12s
Rendered 4229/5539, time remaining: 3m 10s
Rendered 4230/5539, time remaining: 3m 11s
Rendered 4231/5539, time remaining: 3m 12s
Rendered 4232/5539, time remaining: 3m 12s
Rendered 4233/5539, time remaining: 3m 11s
Rendered 4234/5539, time remaining: 3m 10s
Rendered 4235/5539, time remaining: 3m 8s
Rendered 4236/5539, time remaining: 3m 8s
Rendered 4237/5539, time remaining: 3m 7s
Rendered 4238/5539, time remaining: 3m 9s
Rendered 4239/5539, time remaining: 3m 6s
Rendered 4240/5539, time remaining: 3m 8s
Rendered 4241/5539, time remaining: 3m 8s
Rendered 4242/5539, time remaining: 3m 9s
Rendered 4243/5539, time remaining: 3m 3s
Rendered 4244/5539, time remaining: 3m 4s
Rendered 4245/5539, time remaining: 3m 5s
Rendered 4246/5539, time remaining: 3m 7s
Rendered 4247/5539, time remaining: 3m 8s
Rendered 4248/5539, time remaining: 3m 7s
Rendered 4249/5539, time remaining: 3m 7s
Rendered 4250/5539, time remaining: 3m 6s
Rendered 4251/5539, time remaining: 3m 1s
Rendered 4252/5539, time remaining: 2m 58s
Rendered 4253/5539, time remaining: 2m 59s
Rendered 4254/5539, time remaining: 3m 1s
Rendered 4255/5539, time remaining: 3m 1s
Rendered 4256/5539, time remaining: 3m 0s
Rendered 4257/5539, time remaining: 3m 0s
Rendered 4258/5539, time remaining: 2m 59s
Rendered 4259/5539, time remaining: 2m 55s
Rendered 4260/5539, time remaining: 2m 51s
Rendered 4261/5539, time remaining: 2m 53s
Rendered 4262/5539, time remaining: 2m 55s
Rendered 4263/5539, time remaining: 2m 54s
Rendered 4264/5539, time remaining: 2m 54s
Rendered 4265/5539, time remaining: 2m 53s
Rendered 4266/5539, time remaining: 2m 53s
Rendered 4267/5539, time remaining: 2m 52s
Rendered 4268/5539, time remaining: 2m 48s
Rendered 4269/5539, time remaining: 2m 48s
Rendered 4270/5539, time remaining: 2m 53s
Rendered 4271/5539, time remaining: 2m 53s
Rendered 4272/5539, time remaining: 2m 53s
Rendered 4273/5539, time remaining: 2m 53s
Rendered 4274/5539, time remaining: 2m 53s
Rendered 4275/5539, time remaining: 2m 53s
Rendered 4276/5539, time remaining: 2m 48s
Rendered 4277/5539, time remaining: 2m 48s
Rendered 4278/5539, time remaining: 2m 53s
Rendered 4279/5539, time remaining: 2m 53s
Rendered 4280/5539, time remaining: 2m 53s
Rendered 4281/5539, time remaining: 2m 53s
Rendered 4282/5539, time remaining: 2m 53s
Rendered 4283/5539, time remaining: 2m 53s
Rendered 4284/5539, time remaining: 2m 48s
Rendered 4285/5539, time remaining: 2m 48s
Rendered 4286/5539, time remaining: 2m 51s
Rendered 4287/5539, time remaining: 2m 51s
Rendered 4288/5539, time remaining: 2m 52s
Rendered 4289/5539, time remaining: 2m 51s
Rendered 4290/5539, time remaining: 2m 51s
Rendered 4291/5539, time remaining: 2m 51s
Rendered 4292/5539, time remaining: 2m 46s
Rendered 4293/5539, time remaining: 2m 46s
Rendered 4294/5539, time remaining: 2m 47s
Rendered 4295/5539, time remaining: 2m 49s
Rendered 4296/5539, time remaining: 2m 49s
Rendered 4297/5539, time remaining: 2m 49s
Rendered 4298/5539, time remaining: 2m 49s
Rendered 4299/5539, time remaining: 2m 49s
Rendered 4300/5539, time remaining: 2m 45s
Rendered 4301/5539, time remaining: 2m 45s
Rendered 4302/5539, time remaining: 2m 45s
Rendered 4303/5539, time remaining: 2m 47s
Rendered 4304/5539, time remaining: 2m 47s
Rendered 4305/5539, time remaining: 2m 47s
Rendered 4306/5539, time remaining: 2m 46s
Rendered 4307/5539, time remaining: 2m 47s
Rendered 4308/5539, time remaining: 2m 44s
Rendered 4309/5539, time remaining: 2m 42s
Rendered 4310/5539, time remaining: 2m 44s
Rendered 4311/5539, time remaining: 2m 45s
Rendered 4312/5539, time remaining: 2m 46s
Rendered 4313/5539, time remaining: 2m 46s
Rendered 4314/5539, time remaining: 2m 45s
Rendered 4315/5539, time remaining: 2m 45s
Rendered 4316/5539, time remaining: 2m 42s
Rendered 4317/5539, time remaining: 2m 41s
Rendered 4318/5539, time remaining: 2m 44s
Rendered 4319/5539, time remaining: 2m 44s
Rendered 4320/5539, time remaining: 2m 44s
Rendered 4321/5539, time remaining: 2m 43s
Rendered 4322/5539, time remaining: 2m 43s
Rendered 4323/5539, time remaining: 2m 42s
Rendered 4324/5539, time remaining: 2m 39s
Rendered 4325/5539, time remaining: 2m 38s
Rendered 4326/5539, time remaining: 2m 41s
Rendered 4327/5539, time remaining: 2m 41s
Rendered 4328/5539, time remaining: 2m 41s
Rendered 4329/5539, time remaining: 2m 40s
Rendered 4330/5539, time remaining: 2m 40s
Rendered 4331/5539, time remaining: 2m 39s
Rendered 4332/5539, time remaining: 2m 38s
Rendered 4333/5539, time remaining: 2m 39s
Rendered 4334/5539, time remaining: 2m 38s
Rendered 4335/5539, time remaining: 2m 40s
Rendered 4336/5539, time remaining: 2m 40s
Rendered 4337/5539, time remaining: 2m 40s
Rendered 4338/5539, time remaining: 2m 40s
Rendered 4339/5539, time remaining: 2m 40s
Rendered 4340/5539, time remaining: 2m 38s
Rendered 4341/5539, time remaining: 2m 35s
Rendered 4342/5539, time remaining: 2m 36s
Rendered 4343/5539, time remaining: 2m 38s
Rendered 4344/5539, time remaining: 2m 37s
Rendered 4345/5539, time remaining: 2m 38s
Rendered 4346/5539, time remaining: 2m 38s
Rendered 4347/5539, time remaining: 2m 38s
Rendered 4348/5539, time remaining: 2m 36s
Rendered 4349/5539, time remaining: 2m 34s
Rendered 4350/5539, time remaining: 2m 33s
Rendered 4351/5539, time remaining: 2m 37s
Rendered 4352/5539, time remaining: 2m 36s
Rendered 4353/5539, time remaining: 2m 36s
Rendered 4354/5539, time remaining: 2m 36s
Rendered 4355/5539, time remaining: 2m 36s
Rendered 4356/5539, time remaining: 2m 33s
Rendered 4357/5539, time remaining: 2m 32s
Rendered 4358/5539, time remaining: 2m 31s
Rendered 4359/5539, time remaining: 2m 34s
Rendered 4360/5539, time remaining: 2m 34s
Rendered 4361/5539, time remaining: 2m 34s
Rendered 4362/5539, time remaining: 2m 33s
Rendered 4363/5539, time remaining: 2m 33s
Rendered 4364/5539, time remaining: 2m 30s
Rendered 4365/5539, time remaining: 2m 30s
Rendered 4366/5539, time remaining: 2m 30s
Rendered 4367/5539, time remaining: 2m 32s
Rendered 4368/5539, time remaining: 2m 33s
Rendered 4369/5539, time remaining: 2m 32s
Rendered 4370/5539, time remaining: 2m 33s
Rendered 4371/5539, time remaining: 2m 32s
Rendered 4372/5539, time remaining: 2m 30s
Rendered 4373/5539, time remaining: 2m 29s
Rendered 4374/5539, time remaining: 2m 30s
Rendered 4375/5539, time remaining: 2m 31s
Rendered 4376/5539, time remaining: 2m 31s
Rendered 4377/5539, time remaining: 2m 30s
Rendered 4378/5539, time remaining: 2m 29s
Rendered 4379/5539, time remaining: 2m 29s
Rendered 4380/5539, time remaining: 2m 28s
Rendered 4381/5539, time remaining: 2m 30s
Rendered 4382/5539, time remaining: 2m 29s
Rendered 4383/5539, time remaining: 2m 30s
Rendered 4384/5539, time remaining: 2m 30s
Rendered 4385/5539, time remaining: 2m 29s
Rendered 4386/5539, time remaining: 2m 29s
Rendered 4387/5539, time remaining: 2m 29s
Rendered 4388/5539, time remaining: 2m 26s
Rendered 4389/5539, time remaining: 2m 27s
Rendered 4390/5539, time remaining: 2m 27s
Rendered 4391/5539, time remaining: 2m 27s
Rendered 4392/5539, time remaining: 2m 27s
Rendered 4393/5539, time remaining: 2m 26s
Rendered 4394/5539, time remaining: 2m 26s
Rendered 4395/5539, time remaining: 2m 24s
Rendered 4396/5539, time remaining: 2m 22s
Rendered 4397/5539, time remaining: 2m 23s
Rendered 4398/5539, time remaining: 2m 23s
Rendered 4399/5539, time remaining: 2m 23s
Rendered 4400/5539, time remaining: 2m 23s
Rendered 4401/5539, time remaining: 2m 23s
Rendered 4402/5539, time remaining: 2m 23s
Rendered 4403/5539, time remaining: 2m 21s
Rendered 4404/5539, time remaining: 2m 20s
Rendered 4405/5539, time remaining: 2m 21s
Rendered 4406/5539, time remaining: 2m 21s
Rendered 4407/5539, time remaining: 2m 21s
Rendered 4408/5539, time remaining: 2m 21s
Rendered 4409/5539, time remaining: 2m 21s
Rendered 4410/5539, time remaining: 2m 20s
Rendered 4411/5539, time remaining: 2m 19s
Rendered 4412/5539, time remaining: 2m 17s
Rendered 4413/5539, time remaining: 2m 19s
Rendered 4414/5539, time remaining: 2m 19s
Rendered 4415/5539, time remaining: 2m 19s
Rendered 4416/5539, time remaining: 2m 19s
Rendered 4417/5539, time remaining: 2m 19s
Rendered 4418/5539, time remaining: 2m 18s
Rendered 4419/5539, time remaining: 2m 18s
Rendered 4420/5539, time remaining: 2m 13s
Rendered 4421/5539, time remaining: 2m 16s
Rendered 4422/5539, time remaining: 2m 15s
Rendered 4423/5539, time remaining: 2m 16s
Rendered 4424/5539, time remaining: 2m 15s
Rendered 4425/5539, time remaining: 2m 15s
Rendered 4426/5539, time remaining: 2m 15s
Rendered 4427/5539, time remaining: 2m 14s
Rendered 4428/5539, time remaining: 2m 10s
Rendered 4429/5539, time remaining: 2m 13s
Rendered 4430/5539, time remaining: 2m 14s
Rendered 4431/5539, time remaining: 2m 13s
Rendered 4432/5539, time remaining: 2m 14s
Rendered 4433/5539, time remaining: 2m 14s
Rendered 4434/5539, time remaining: 2m 13s
Rendered 4435/5539, time remaining: 2m 13s
Rendered 4436/5539, time remaining: 2m 10s
Rendered 4437/5539, time remaining: 2m 11s
Rendered 4438/5539, time remaining: 2m 13s
Rendered 4439/5539, time remaining: 2m 12s
Rendered 4440/5539, time remaining: 2m 12s
Rendered 4441/5539, time remaining: 2m 12s
Rendered 4442/5539, time remaining: 2m 12s
Rendered 4443/5539, time remaining: 2m 12s
Rendered 4444/5539, time remaining: 2m 10s
Rendered 4445/5539, time remaining: 2m 11s
Rendered 4446/5539, time remaining: 2m 11s
Rendered 4447/5539, time remaining: 2m 11s
Rendered 4448/5539, time remaining: 2m 11s
Rendered 4449/5539, time remaining: 2m 11s
Rendered 4450/5539, time remaining: 2m 10s
Rendered 4451/5539, time remaining: 2m 9s
Rendered 4452/5539, time remaining: 2m 9s
Rendered 4453/5539, time remaining: 2m 8s
Rendered 4454/5539, time remaining: 2m 10s
Rendered 4455/5539, time remaining: 2m 10s
Rendered 4456/5539, time remaining: 2m 10s
Rendered 4457/5539, time remaining: 2m 10s
Rendered 4458/5539, time remaining: 2m 9s
Rendered 4459/5539, time remaining: 2m 9s
Rendered 4460/5539, time remaining: 2m 6s
Rendered 4461/5539, time remaining: 2m 6s
Rendered 4462/5539, time remaining: 2m 8s
Rendered 4463/5539, time remaining: 2m 8s
Rendered 4464/5539, time remaining: 2m 9s
Rendered 4465/5539, time remaining: 2m 9s
Rendered 4466/5539, time remaining: 2m 8s
Rendered 4467/5539, time remaining: 2m 8s
Rendered 4468/5539, time remaining: 2m 5s
Rendered 4469/5539, time remaining: 2m 5s
Rendered 4470/5539, time remaining: 2m 8s
Rendered 4471/5539, time remaining: 2m 8s
Rendered 4472/5539, time remaining: 2m 8s
Rendered 4473/5539, time remaining: 2m 7s
Rendered 4474/5539, time remaining: 2m 7s
Rendered 4475/5539, time remaining: 2m 7s
Rendered 4476/5539, time remaining: 2m 4s
Rendered 4477/5539, time remaining: 2m 3s
Rendered 4478/5539, time remaining: 2m 7s
Rendered 4479/5539, time remaining: 2m 6s
Rendered 4480/5539, time remaining: 2m 6s
Rendered 4481/5539, time remaining: 2m 6s
Rendered 4482/5539, time remaining: 2m 6s
Rendered 4483/5539, time remaining: 2m 4s
Rendered 4484/5539, time remaining: 2m 4s
Rendered 4485/5539, time remaining: 2m 3s
Rendered 4486/5539, time remaining: 2m 4s
Rendered 4487/5539, time remaining: 2m 4s
Rendered 4488/5539, time remaining: 2m 4s
Rendered 4489/5539, time remaining: 2m 4s
Rendered 4490/5539, time remaining: 2m 4s
Rendered 4491/5539, time remaining: 2m 4s
Rendered 4492/5539, time remaining: 2m 3s
Rendered 4493/5539, time remaining: 2m 2s
Rendered 4494/5539, time remaining: 2m 2s
Rendered 4495/5539, time remaining: 2m 2s
Rendered 4496/5539, time remaining: 2m 3s
Rendered 4497/5539, time remaining: 2m 2s
Rendered 4498/5539, time remaining: 2m 3s
Rendered 4499/5539, time remaining: 2m 3s
Rendered 4500/5539, time remaining: 2m 2s
Rendered 4501/5539, time remaining: 2m 0s
Rendered 4502/5539, time remaining: 2m 1s
Rendered 4503/5539, time remaining: 2m 1s
Rendered 4504/5539, time remaining: 2m 1s
Rendered 4505/5539, time remaining: 2m 1s
Rendered 4506/5539, time remaining: 2m 1s
Rendered 4507/5539, time remaining: 2m 1s
Rendered 4508/5539, time remaining: 2m 2s
Rendered 4509/5539, time remaining: 1m 59s
Rendered 4510/5539, time remaining: 1m 59s
Rendered 4511/5539, time remaining: 1m 59s
Rendered 4512/5539, time remaining: 2m 0s
Rendered 4513/5539, time remaining: 2m 0s
Rendered 4514/5539, time remaining: 2m 0s
Rendered 4515/5539, time remaining: 1m 59s
Rendered 4516/5539, time remaining: 1m 59s
Rendered 4517/5539, time remaining: 1m 58s
Rendered 4518/5539, time remaining: 1m 58s
Rendered 4519/5539, time remaining: 1m 58s
Rendered 4520/5539, time remaining: 1m 59s
Rendered 4521/5539, time remaining: 2m 0s
Rendered 4522/5539, time remaining: 1m 59s
Rendered 4523/5539, time remaining: 1m 59s
Rendered 4524/5539, time remaining: 1m 59s
Rendered 4525/5539, time remaining: 1m 57s
Rendered 4526/5539, time remaining: 1m 57s
Rendered 4527/5539, time remaining: 1m 56s
Rendered 4528/5539, time remaining: 1m 59s
Rendered 4529/5539, time remaining: 1m 59s
Rendered 4530/5539, time remaining: 1m 59s
Rendered 4531/5539, time remaining: 1m 56s
Rendered 4532/5539, time remaining: 1m 56s
Rendered 4533/5539, time remaining: 1m 55s
Rendered 4534/5539, time remaining: 1m 55s
Rendered 4535/5539, time remaining: 1m 55s
Rendered 4536/5539, time remaining: 1m 58s
Rendered 4537/5539, time remaining: 1m 57s
Rendered 4538/5539, time remaining: 1m 57s
Rendered 4539/5539, time remaining: 1m 56s
Rendered 4540/5539, time remaining: 1m 55s
Rendered 4541/5539, time remaining: 1m 54s
Rendered 4542/5539, time remaining: 1m 54s
Rendered 4543/5539, time remaining: 1m 54s
Rendered 4544/5539, time remaining: 1m 56s
Rendered 4545/5539, time remaining: 1m 56s
Rendered 4546/5539, time remaining: 1m 56s
Rendered 4547/5539, time remaining: 1m 54s
Rendered 4548/5539, time remaining: 1m 53s
Rendered 4549/5539, time remaining: 1m 53s
Rendered 4550/5539, time remaining: 1m 53s
Rendered 4551/5539, time remaining: 1m 53s
Rendered 4552/5539, time remaining: 1m 55s
Rendered 4553/5539, time remaining: 1m 56s
Rendered 4554/5539, time remaining: 1m 54s
Rendered 4555/5539, time remaining: 1m 53s
Rendered 4556/5539, time remaining: 1m 52s
Rendered 4557/5539, time remaining: 1m 52s
Rendered 4558/5539, time remaining: 1m 52s
Rendered 4559/5539, time remaining: 1m 52s
Rendered 4560/5539, time remaining: 1m 54s
Rendered 4561/5539, time remaining: 1m 54s
Rendered 4562/5539, time remaining: 1m 54s
Rendered 4563/5539, time remaining: 1m 52s
Rendered 4564/5539, time remaining: 1m 51s
Rendered 4565/5539, time remaining: 1m 51s
Rendered 4566/5539, time remaining: 1m 51s
Rendered 4567/5539, time remaining: 1m 51s
Rendered 4568/5539, time remaining: 1m 54s
Rendered 4569/5539, time remaining: 1m 54s
Rendered 4570/5539, time remaining: 1m 54s
Rendered 4571/5539, time remaining: 1m 51s
Rendered 4572/5539, time remaining: 1m 51s
Rendered 4573/5539, time remaining: 1m 50s
Rendered 4574/5539, time remaining: 1m 50s
Rendered 4575/5539, time remaining: 1m 51s
Rendered 4576/5539, time remaining: 1m 53s
Rendered 4577/5539, time remaining: 1m 53s
Rendered 4578/5539, time remaining: 1m 53s
Rendered 4579/5539, time remaining: 1m 51s
Rendered 4580/5539, time remaining: 1m 50s
Rendered 4581/5539, time remaining: 1m 50s
Rendered 4582/5539, time remaining: 1m 49s
Rendered 4583/5539, time remaining: 1m 49s
Rendered 4584/5539, time remaining: 1m 50s
Rendered 4585/5539, time remaining: 1m 50s
Rendered 4586/5539, time remaining: 1m 50s
Rendered 4587/5539, time remaining: 1m 50s
Rendered 4588/5539, time remaining: 1m 48s
Rendered 4589/5539, time remaining: 1m 48s
Rendered 4590/5539, time remaining: 1m 48s
Rendered 4591/5539, time remaining: 1m 48s
Rendered 4592/5539, time remaining: 1m 48s
Rendered 4593/5539, time remaining: 1m 48s
Rendered 4594/5539, time remaining: 1m 49s
Rendered 4595/5539, time remaining: 1m 48s
Rendered 4596/5539, time remaining: 1m 47s
Rendered 4597/5539, time remaining: 1m 47s
Rendered 4598/5539, time remaining: 1m 47s
Rendered 4599/5539, time remaining: 1m 47s
Rendered 4600/5539, time remaining: 1m 47s
Rendered 4601/5539, time remaining: 1m 48s
Rendered 4602/5539, time remaining: 1m 49s
Rendered 4603/5539, time remaining: 1m 48s
Rendered 4604/5539, time remaining: 1m 46s
Rendered 4605/5539, time remaining: 1m 46s
Rendered 4606/5539, time remaining: 1m 45s
Rendered 4607/5539, time remaining: 1m 45s
Rendered 4608/5539, time remaining: 1m 45s
Rendered 4609/5539, time remaining: 1m 46s
Rendered 4610/5539, time remaining: 1m 48s
Rendered 4611/5539, time remaining: 1m 48s
Rendered 4612/5539, time remaining: 1m 45s
Rendered 4613/5539, time remaining: 1m 45s
Rendered 4614/5539, time remaining: 1m 44s
Rendered 4615/5539, time remaining: 1m 44s
Rendered 4616/5539, time remaining: 1m 44s
Rendered 4617/5539, time remaining: 1m 44s
Rendered 4618/5539, time remaining: 1m 47s
Rendered 4619/5539, time remaining: 1m 46s
Rendered 4620/5539, time remaining: 1m 43s
Rendered 4621/5539, time remaining: 1m 43s
Rendered 4622/5539, time remaining: 1m 43s
Rendered 4623/5539, time remaining: 1m 43s
Rendered 4624/5539, time remaining: 1m 43s
Rendered 4625/5539, time remaining: 1m 43s
Rendered 4626/5539, time remaining: 1m 45s
Rendered 4627/5539, time remaining: 1m 45s
Rendered 4628/5539, time remaining: 1m 42s
Rendered 4629/5539, time remaining: 1m 42s
Rendered 4630/5539, time remaining: 1m 43s
Rendered 4631/5539, time remaining: 1m 42s
Rendered 4632/5539, time remaining: 1m 43s
Rendered 4633/5539, time remaining: 1m 42s
Rendered 4634/5539, time remaining: 1m 44s
Rendered 4635/5539, time remaining: 1m 43s
Rendered 4636/5539, time remaining: 1m 42s
Rendered 4637/5539, time remaining: 1m 42s
Rendered 4638/5539, time remaining: 1m 42s
Rendered 4639/5539, time remaining: 1m 42s
Rendered 4640/5539, time remaining: 1m 41s
Rendered 4641/5539, time remaining: 1m 41s
Rendered 4642/5539, time remaining: 1m 43s
Rendered 4643/5539, time remaining: 1m 42s
Rendered 4644/5539, time remaining: 1m 41s
Rendered 4645/5539, time remaining: 1m 41s
Rendered 4646/5539, time remaining: 1m 41s
Rendered 4647/5539, time remaining: 1m 40s
Rendered 4648/5539, time remaining: 1m 41s
Rendered 4649/5539, time remaining: 1m 41s
Rendered 4650/5539, time remaining: 1m 42s
Rendered 4651/5539, time remaining: 1m 41s
Rendered 4652/5539, time remaining: 1m 41s
Rendered 4653/5539, time remaining: 1m 41s
Rendered 4654/5539, time remaining: 1m 40s
Rendered 4655/5539, time remaining: 1m 40s
Rendered 4656/5539, time remaining: 1m 40s
Rendered 4657/5539, time remaining: 1m 40s
Rendered 4658/5539, time remaining: 1m 40s
Rendered 4659/5539, time remaining: 1m 40s
Rendered 4660/5539, time remaining: 1m 40s
Rendered 4661/5539, time remaining: 1m 40s
Rendered 4662/5539, time remaining: 1m 39s
Rendered 4663/5539, time remaining: 1m 39s
Rendered 4664/5539, time remaining: 1m 39s
Rendered 4665/5539, time remaining: 1m 39s
Rendered 4666/5539, time remaining: 1m 39s
Rendered 4667/5539, time remaining: 1m 39s
Rendered 4668/5539, time remaining: 1m 38s
Rendered 4669/5539, time remaining: 1m 38s
Rendered 4670/5539, time remaining: 1m 37s
Rendered 4671/5539, time remaining: 1m 37s
Rendered 4672/5539, time remaining: 1m 37s
Rendered 4673/5539, time remaining: 1m 37s
Rendered 4674/5539, time remaining: 1m 37s
Rendered 4675/5539, time remaining: 1m 38s
Rendered 4676/5539, time remaining: 1m 38s
Rendered 4677/5539, time remaining: 1m 39s
Rendered 4678/5539, time remaining: 1m 36s
Rendered 4679/5539, time remaining: 1m 36s
Rendered 4680/5539, time remaining: 1m 36s
Rendered 4681/5539, time remaining: 1m 36s
Rendered 4682/5539, time remaining: 1m 37s
Rendered 4683/5539, time remaining: 1m 37s
Rendered 4684/5539, time remaining: 1m 37s
Rendered 4685/5539, time remaining: 1m 37s
Rendered 4686/5539, time remaining: 1m 34s
Rendered 4687/5539, time remaining: 1m 35s
Rendered 4688/5539, time remaining: 1m 35s
Rendered 4689/5539, time remaining: 1m 35s
Rendered 4690/5539, time remaining: 1m 36s
Rendered 4691/5539, time remaining: 1m 37s
Rendered 4692/5539, time remaining: 1m 36s
Rendered 4693/5539, time remaining: 1m 37s
Rendered 4694/5539, time remaining: 1m 34s
Rendered 4695/5539, time remaining: 1m 34s
Rendered 4696/5539, time remaining: 1m 34s
Rendered 4697/5539, time remaining: 1m 34s
Rendered 4698/5539, time remaining: 1m 34s
Rendered 4699/5539, time remaining: 1m 36s
Rendered 4700/5539, time remaining: 1m 36s
Rendered 4701/5539, time remaining: 1m 35s
Rendered 4702/5539, time remaining: 1m 34s
Rendered 4703/5539, time remaining: 1m 33s
Rendered 4704/5539, time remaining: 1m 33s
Rendered 4705/5539, time remaining: 1m 33s
Rendered 4706/5539, time remaining: 1m 33s
Rendered 4707/5539, time remaining: 1m 35s
Rendered 4708/5539, time remaining: 1m 35s
Rendered 4709/5539, time remaining: 1m 34s
Rendered 4710/5539, time remaining: 1m 32s
Rendered 4711/5539, time remaining: 1m 32s
Rendered 4712/5539, time remaining: 1m 32s
Rendered 4713/5539, time remaining: 1m 32s
Rendered 4714/5539, time remaining: 1m 33s
Rendered 4715/5539, time remaining: 1m 33s
Rendered 4716/5539, time remaining: 1m 33s
Rendered 4717/5539, time remaining: 1m 34s
Rendered 4718/5539, time remaining: 1m 31s
Rendered 4719/5539, time remaining: 1m 31s
Rendered 4720/5539, time remaining: 1m 31s
Rendered 4721/5539, time remaining: 1m 31s
Rendered 4722/5539, time remaining: 1m 32s
Rendered 4723/5539, time remaining: 1m 32s
Rendered 4724/5539, time remaining: 1m 32s
Rendered 4725/5539, time remaining: 1m 32s
Rendered 4726/5539, time remaining: 1m 30s
Rendered 4727/5539, time remaining: 1m 30s
Rendered 4728/5539, time remaining: 1m 30s
Rendered 4729/5539, time remaining: 1m 30s
Rendered 4730/5539, time remaining: 1m 31s
Rendered 4731/5539, time remaining: 1m 31s
Rendered 4732/5539, time remaining: 1m 31s
Rendered 4733/5539, time remaining: 1m 31s
Rendered 4734/5539, time remaining: 1m 30s
Rendered 4735/5539, time remaining: 1m 30s
Rendered 4736/5539, time remaining: 1m 29s
Rendered 4737/5539, time remaining: 1m 29s
Rendered 4738/5539, time remaining: 1m 30s
Rendered 4739/5539, time remaining: 1m 30s
Rendered 4740/5539, time remaining: 1m 30s
Rendered 4741/5539, time remaining: 1m 30s
Rendered 4742/5539, time remaining: 1m 30s
Rendered 4743/5539, time remaining: 1m 29s
Rendered 4744/5539, time remaining: 1m 29s
Rendered 4745/5539, time remaining: 1m 28s
Rendered 4746/5539, time remaining: 1m 29s
Rendered 4747/5539, time remaining: 1m 29s
Rendered 4748/5539, time remaining: 1m 29s
Rendered 4749/5539, time remaining: 1m 29s
Rendered 4750/5539, time remaining: 1m 29s
Rendered 4751/5539, time remaining: 1m 28s
Rendered 4752/5539, time remaining: 1m 26s
Rendered 4753/5539, time remaining: 1m 27s
Rendered 4754/5539, time remaining: 1m 28s
Rendered 4755/5539, time remaining: 1m 28s
Rendered 4756/5539, time remaining: 1m 29s
Rendered 4757/5539, time remaining: 1m 28s
Rendered 4758/5539, time remaining: 1m 28s
Rendered 4759/5539, time remaining: 1m 27s
Rendered 4760/5539, time remaining: 1m 26s
Rendered 4761/5539, time remaining: 1m 26s
Rendered 4762/5539, time remaining: 1m 28s
Rendered 4763/5539, time remaining: 1m 28s
Rendered 4764/5539, time remaining: 1m 28s
Rendered 4765/5539, time remaining: 1m 27s
Rendered 4766/5539, time remaining: 1m 27s
Rendered 4767/5539, time remaining: 1m 27s
Rendered 4768/5539, time remaining: 1m 25s
Rendered 4769/5539, time remaining: 1m 25s
Rendered 4770/5539, time remaining: 1m 27s
Rendered 4771/5539, time remaining: 1m 27s
Rendered 4772/5539, time remaining: 1m 27s
Rendered 4773/5539, time remaining: 1m 27s
Rendered 4774/5539, time remaining: 1m 27s
Rendered 4775/5539, time remaining: 1m 26s
Rendered 4776/5539, time remaining: 1m 25s
Rendered 4777/5539, time remaining: 1m 25s
Rendered 4778/5539, time remaining: 1m 27s
Rendered 4779/5539, time remaining: 1m 26s
Rendered 4780/5539, time remaining: 1m 26s
Rendered 4781/5539, time remaining: 1m 26s
Rendered 4782/5539, time remaining: 1m 25s
Rendered 4783/5539, time remaining: 1m 25s
Rendered 4784/5539, time remaining: 1m 24s
Rendered 4785/5539, time remaining: 1m 23s
Rendered 4786/5539, time remaining: 1m 26s
Rendered 4787/5539, time remaining: 1m 25s
Rendered 4788/5539, time remaining: 1m 25s
Rendered 4789/5539, time remaining: 1m 25s
Rendered 4790/5539, time remaining: 1m 25s
Rendered 4791/5539, time remaining: 1m 25s
Rendered 4792/5539, time remaining: 1m 23s
Rendered 4793/5539, time remaining: 1m 23s
Rendered 4794/5539, time remaining: 1m 25s
Rendered 4795/5539, time remaining: 1m 25s
Rendered 4796/5539, time remaining: 1m 25s
Rendered 4797/5539, time remaining: 1m 25s
Rendered 4798/5539, time remaining: 1m 24s
Rendered 4799/5539, time remaining: 1m 24s
Rendered 4800/5539, time remaining: 1m 23s
Rendered 4801/5539, time remaining: 1m 23s
Rendered 4802/5539, time remaining: 1m 23s
Rendered 4803/5539, time remaining: 1m 23s
Rendered 4804/5539, time remaining: 1m 23s
Rendered 4805/5539, time remaining: 1m 23s
Rendered 4806/5539, time remaining: 1m 24s
Rendered 4807/5539, time remaining: 1m 23s
Rendered 4808/5539, time remaining: 1m 22s
Rendered 4809/5539, time remaining: 1m 22s
Rendered 4810/5539, time remaining: 1m 23s
Rendered 4811/5539, time remaining: 1m 22s
Rendered 4812/5539, time remaining: 1m 23s
Rendered 4813/5539, time remaining: 1m 22s
Rendered 4814/5539, time remaining: 1m 22s
Rendered 4815/5539, time remaining: 1m 21s
Rendered 4816/5539, time remaining: 1m 21s
Rendered 4817/5539, time remaining: 1m 21s
Rendered 4818/5539, time remaining: 1m 23s
Rendered 4819/5539, time remaining: 1m 22s
Rendered 4820/5539, time remaining: 1m 22s
Rendered 4821/5539, time remaining: 1m 21s
Rendered 4822/5539, time remaining: 1m 21s
Rendered 4823/5539, time remaining: 1m 21s
Rendered 4824/5539, time remaining: 1m 21s
Rendered 4825/5539, time remaining: 1m 20s
Rendered 4826/5539, time remaining: 1m 21s
Rendered 4827/5539, time remaining: 1m 21s
Rendered 4828/5539, time remaining: 1m 21s
Rendered 4829/5539, time remaining: 1m 20s
Rendered 4830/5539, time remaining: 1m 20s
Rendered 4831/5539, time remaining: 1m 20s
Rendered 4832/5539, time remaining: 1m 19s
Rendered 4833/5539, time remaining: 1m 19s
Rendered 4834/5539, time remaining: 1m 20s
Rendered 4835/5539, time remaining: 1m 20s
Rendered 4836/5539, time remaining: 1m 20s
Rendered 4837/5539, time remaining: 1m 20s
Rendered 4838/5539, time remaining: 1m 20s
Rendered 4839/5539, time remaining: 1m 19s
Rendered 4840/5539, time remaining: 1m 18s
Rendered 4841/5539, time remaining: 1m 18s
Rendered 4842/5539, time remaining: 1m 18s
Rendered 4843/5539, time remaining: 1m 19s
Rendered 4844/5539, time remaining: 1m 19s
Rendered 4845/5539, time remaining: 1m 19s
Rendered 4846/5539, time remaining: 1m 19s
Rendered 4847/5539, time remaining: 1m 18s
Rendered 4848/5539, time remaining: 1m 18s
Rendered 4849/5539, time remaining: 1m 17s
Rendered 4850/5539, time remaining: 1m 17s
Rendered 4851/5539, time remaining: 1m 18s
Rendered 4852/5539, time remaining: 1m 18s
Rendered 4853/5539, time remaining: 1m 18s
Rendered 4854/5539, time remaining: 1m 18s
Rendered 4855/5539, time remaining: 1m 18s
Rendered 4856/5539, time remaining: 1m 17s
Rendered 4857/5539, time remaining: 1m 16s
Rendered 4858/5539, time remaining: 1m 17s
Rendered 4859/5539, time remaining: 1m 17s
Rendered 4860/5539, time remaining: 1m 17s
Rendered 4861/5539, time remaining: 1m 17s
Rendered 4862/5539, time remaining: 1m 17s
Rendered 4863/5539, time remaining: 1m 16s
Rendered 4864/5539, time remaining: 1m 16s
Rendered 4865/5539, time remaining: 1m 16s
Rendered 4866/5539, time remaining: 1m 16s
Rendered 4867/5539, time remaining: 1m 16s
Rendered 4868/5539, time remaining: 1m 16s
Rendered 4869/5539, time remaining: 1m 16s
Rendered 4870/5539, time remaining: 1m 16s
Rendered 4871/5539, time remaining: 1m 16s
Rendered 4872/5539, time remaining: 1m 15s
Rendered 4873/5539, time remaining: 1m 15s
Rendered 4874/5539, time remaining: 1m 15s
Rendered 4875/5539, time remaining: 1m 15s
Rendered 4876/5539, time remaining: 1m 16s
Rendered 4877/5539, time remaining: 1m 15s
Rendered 4878/5539, time remaining: 1m 15s
Rendered 4879/5539, time remaining: 1m 15s
Rendered 4880/5539, time remaining: 1m 14s
Rendered 4881/5539, time remaining: 1m 14s
Rendered 4882/5539, time remaining: 1m 13s
Rendered 4883/5539, time remaining: 1m 13s
Rendered 4884/5539, time remaining: 1m 15s
Rendered 4885/5539, time remaining: 1m 15s
Rendered 4886/5539, time remaining: 1m 15s
Rendered 4887/5539, time remaining: 1m 14s
Rendered 4888/5539, time remaining: 1m 13s
Rendered 4889/5539, time remaining: 1m 12s
Rendered 4890/5539, time remaining: 1m 12s
Rendered 4891/5539, time remaining: 1m 12s
Rendered 4892/5539, time remaining: 1m 13s
Rendered 4893/5539, time remaining: 1m 13s
Rendered 4894/5539, time remaining: 1m 14s
Rendered 4895/5539, time remaining: 1m 13s
Rendered 4896/5539, time remaining: 1m 12s
Rendered 4897/5539, time remaining: 1m 12s
Rendered 4898/5539, time remaining: 1m 12s
Rendered 4899/5539, time remaining: 1m 12s
Rendered 4900/5539, time remaining: 1m 13s
Rendered 4901/5539, time remaining: 1m 13s
Rendered 4902/5539, time remaining: 1m 13s
Rendered 4903/5539, time remaining: 1m 13s
Rendered 4904/5539, time remaining: 1m 11s
Rendered 4905/5539, time remaining: 1m 11s
Rendered 4906/5539, time remaining: 1m 11s
Rendered 4907/5539, time remaining: 1m 11s
Rendered 4908/5539, time remaining: 1m 12s
Rendered 4909/5539, time remaining: 1m 12s
Rendered 4910/5539, time remaining: 1m 12s
Rendered 4911/5539, time remaining: 1m 12s
Rendered 4912/5539, time remaining: 1m 10s
Rendered 4913/5539, time remaining: 1m 10s
Rendered 4914/5539, time remaining: 1m 10s
Rendered 4915/5539, time remaining: 1m 10s
Rendered 4916/5539, time remaining: 1m 11s
Rendered 4917/5539, time remaining: 1m 11s
Rendered 4918/5539, time remaining: 1m 11s
Rendered 4919/5539, time remaining: 1m 11s
Rendered 4920/5539, time remaining: 1m 9s
Rendered 4921/5539, time remaining: 1m 9s
Rendered 4922/5539, time remaining: 1m 9s
Rendered 4923/5539, time remaining: 1m 9s
Rendered 4924/5539, time remaining: 1m 11s
Rendered 4925/5539, time remaining: 1m 11s
Rendered 4926/5539, time remaining: 1m 11s
Rendered 4927/5539, time remaining: 1m 10s
Rendered 4928/5539, time remaining: 1m 9s
Rendered 4929/5539, time remaining: 1m 8s
Rendered 4930/5539, time remaining: 1m 8s
Rendered 4931/5539, time remaining: 1m 8s
Rendered 4932/5539, time remaining: 1m 10s
Rendered 4933/5539, time remaining: 1m 10s
Rendered 4934/5539, time remaining: 1m 10s
Rendered 4935/5539, time remaining: 1m 9s
Rendered 4936/5539, time remaining: 1m 7s
Rendered 4937/5539, time remaining: 1m 7s
Rendered 4938/5539, time remaining: 1m 7s
Rendered 4939/5539, time remaining: 1m 8s
Rendered 4940/5539, time remaining: 1m 8s
Rendered 4941/5539, time remaining: 1m 8s
Rendered 4942/5539, time remaining: 1m 8s
Rendered 4943/5539, time remaining: 1m 8s
Rendered 4944/5539, time remaining: 1m 7s
Rendered 4945/5539, time remaining: 1m 6s
Rendered 4946/5539, time remaining: 1m 6s
Rendered 4947/5539, time remaining: 1m 6s
Rendered 4948/5539, time remaining: 1m 7s
Rendered 4949/5539, time remaining: 1m 7s
Rendered 4950/5539, time remaining: 1m 7s
Rendered 4951/5539, time remaining: 1m 6s
Rendered 4952/5539, time remaining: 1m 6s
Rendered 4953/5539, time remaining: 1m 6s
Rendered 4954/5539, time remaining: 1m 6s
Rendered 4955/5539, time remaining: 1m 6s
Rendered 4956/5539, time remaining: 1m 6s
Rendered 4957/5539, time remaining: 1m 6s
Rendered 4958/5539, time remaining: 1m 6s
Rendered 4959/5539, time remaining: 1m 5s
Rendered 4960/5539, time remaining: 1m 5s
Rendered 4961/5539, time remaining: 1m 4s
Rendered 4962/5539, time remaining: 1m 4s
Rendered 4963/5539, time remaining: 1m 5s
Rendered 4964/5539, time remaining: 1m 4s
Rendered 4965/5539, time remaining: 1m 4s
Rendered 4966/5539, time remaining: 1m 5s
Rendered 4967/5539, time remaining: 1m 5s
Rendered 4968/5539, time remaining: 1m 4s
Rendered 4969/5539, time remaining: 1m 4s
Rendered 4970/5539, time remaining: 1m 4s
Rendered 4971/5539, time remaining: 1m 4s
Rendered 4972/5539, time remaining: 1m 4s
Rendered 4973/5539, time remaining: 1m 4s
Rendered 4974/5539, time remaining: 1m 4s
Rendered 4975/5539, time remaining: 1m 4s
Rendered 4976/5539, time remaining: 1m 4s
Rendered 4977/5539, time remaining: 1m 4s
Rendered 4978/5539, time remaining: 1m 4s
Rendered 4979/5539, time remaining: 1m 4s
Rendered 4980/5539, time remaining: 1m 4s
Rendered 4981/5539, time remaining: 1m 3s
Rendered 4982/5539, time remaining: 1m 3s
Rendered 4983/5539, time remaining: 1m 3s
Rendered 4984/5539, time remaining: 1m 3s
Rendered 4985/5539, time remaining: 1m 3s
Rendered 4986/5539, time remaining: 1m 3s
Rendered 4987/5539, time remaining: 1m 3s
Rendered 4988/5539, time remaining: 1m 3s
Rendered 4989/5539, time remaining: 1m 3s
Rendered 4990/5539, time remaining: 1m 3s
Rendered 4991/5539, time remaining: 1m 3s
Rendered 4992/5539, time remaining: 1m 3s
Rendered 4993/5539, time remaining: 1m 2s
Rendered 4994/5539, time remaining: 1m 2s
Rendered 4995/5539, time remaining: 1m 2s
Rendered 4996/5539, time remaining: 1m 2s
Rendered 4997/5539, time remaining: 1m 2s
Rendered 4998/5539, time remaining: 1m 1s
Rendered 4999/5539, time remaining: 1m 1s
Rendered 5000/5539, time remaining: 1m 2s
Rendered 5001/5539, time remaining: 1m 1s
Rendered 5002/5539, time remaining: 1m 1s
Rendered 5003/5539, time remaining: 1m 1s
Rendered 5004/5539, time remaining: 1m 1s
Rendered 5005/5539, time remaining: 1m 1s
Rendered 5006/5539, time remaining: 1m 1s
Rendered 5007/5539, time remaining: 1m 2s
Rendered 5008/5539, time remaining: 1m 1s
Rendered 5009/5539, time remaining: 1m 1s
Rendered 5010/5539, time remaining: 1m 1s
Rendered 5011/5539, time remaining: 1m 1s
Rendered 5012/5539, time remaining: 1m 1s
Rendered 5013/5539, time remaining: 1m 1s
Rendered 5014/5539, time remaining: 1m 1s
Rendered 5015/5539, time remaining: 1m 1s
Rendered 5016/5539, time remaining: 1m 0s
Rendered 5017/5539, time remaining: 1m 0s
Rendered 5018/5539, time remaining: 1m 0s
Rendered 5019/5539, time remaining: 1m 0s
Rendered 5020/5539, time remaining: 1m 0s
Rendered 5021/5539, time remaining: 1m 0s
Rendered 5022/5539, time remaining: 1m 0s
Rendered 5023/5539, time remaining: 1m 0s
Rendered 5024/5539, time remaining: 59s
Rendered 5025/5539, time remaining: 59s
Rendered 5026/5539, time remaining: 58s
Rendered 5027/5539, time remaining: 58s
Rendered 5028/5539, time remaining: 59s
Rendered 5029/5539, time remaining: 59s
Rendered 5030/5539, time remaining: 59s
Rendered 5031/5539, time remaining: 59s
Rendered 5032/5539, time remaining: 59s
Rendered 5033/5539, time remaining: 59s
Rendered 5034/5539, time remaining: 57s
Rendered 5035/5539, time remaining: 57s
Rendered 5036/5539, time remaining: 57s
Rendered 5037/5539, time remaining: 59s
Rendered 5038/5539, time remaining: 58s
Rendered 5039/5539, time remaining: 58s
Rendered 5040/5539, time remaining: 58s
Rendered 5041/5539, time remaining: 58s
Rendered 5042/5539, time remaining: 57s
Rendered 5043/5539, time remaining: 57s
Rendered 5044/5539, time remaining: 56s
Rendered 5045/5539, time remaining: 58s
Rendered 5046/5539, time remaining: 58s
Rendered 5047/5539, time remaining: 58s
Rendered 5048/5539, time remaining: 58s
Rendered 5049/5539, time remaining: 57s
Rendered 5050/5539, time remaining: 56s
Rendered 5051/5539, time remaining: 56s
Rendered 5052/5539, time remaining: 56s
Rendered 5053/5539, time remaining: 57s
Rendered 5054/5539, time remaining: 57s
Rendered 5055/5539, time remaining: 57s
Rendered 5056/5539, time remaining: 57s
Rendered 5057/5539, time remaining: 57s
Rendered 5058/5539, time remaining: 56s
Rendered 5059/5539, time remaining: 56s
Rendered 5060/5539, time remaining: 55s
Rendered 5061/5539, time remaining: 56s
Rendered 5062/5539, time remaining: 56s
Rendered 5063/5539, time remaining: 56s
Rendered 5064/5539, time remaining: 56s
Rendered 5065/5539, time remaining: 56s
Rendered 5066/5539, time remaining: 55s
Rendered 5067/5539, time remaining: 55s
Rendered 5068/5539, time remaining: 55s
Rendered 5069/5539, time remaining: 55s
Rendered 5070/5539, time remaining: 55s
Rendered 5071/5539, time remaining: 55s
Rendered 5072/5539, time remaining: 55s
Rendered 5073/5539, time remaining: 55s
Rendered 5074/5539, time remaining: 53s
Rendered 5075/5539, time remaining: 53s
Rendered 5076/5539, time remaining: 53s
Rendered 5077/5539, time remaining: 53s
Rendered 5078/5539, time remaining: 54s
Rendered 5079/5539, time remaining: 54s
Rendered 5080/5539, time remaining: 54s
Rendered 5081/5539, time remaining: 54s
Rendered 5082/5539, time remaining: 53s
Rendered 5083/5539, time remaining: 52s
Rendered 5084/5539, time remaining: 52s
Rendered 5085/5539, time remaining: 52s
Rendered 5086/5539, time remaining: 52s
Rendered 5087/5539, time remaining: 53s
Rendered 5088/5539, time remaining: 53s
Rendered 5089/5539, time remaining: 52s
Rendered 5090/5539, time remaining: 52s
Rendered 5091/5539, time remaining: 52s
Rendered 5092/5539, time remaining: 51s
Rendered 5093/5539, time remaining: 52s
Rendered 5094/5539, time remaining: 52s
Rendered 5095/5539, time remaining: 52s
Rendered 5096/5539, time remaining: 52s
Rendered 5097/5539, time remaining: 52s
Rendered 5098/5539, time remaining: 51s
Rendered 5099/5539, time remaining: 51s
Rendered 5100/5539, time remaining: 51s
Rendered 5101/5539, time remaining: 51s
Rendered 5102/5539, time remaining: 52s
Rendered 5103/5539, time remaining: 51s
Rendered 5104/5539, time remaining: 51s
Rendered 5105/5539, time remaining: 50s
Rendered 5106/5539, time remaining: 50s
Rendered 5107/5539, time remaining: 50s
Rendered 5108/5539, time remaining: 50s
Rendered 5109/5539, time remaining: 50s
Rendered 5110/5539, time remaining: 51s
Rendered 5111/5539, time remaining: 51s
Rendered 5112/5539, time remaining: 51s
Rendered 5113/5539, time remaining: 50s
Rendered 5114/5539, time remaining: 50s
Rendered 5115/5539, time remaining: 50s
Rendered 5116/5539, time remaining: 49s
Rendered 5117/5539, time remaining: 49s
Rendered 5118/5539, time remaining: 49s
Rendered 5119/5539, time remaining: 49s
Rendered 5120/5539, time remaining: 49s
Rendered 5121/5539, time remaining: 49s
Rendered 5122/5539, time remaining: 49s
Rendered 5123/5539, time remaining: 48s
Rendered 5124/5539, time remaining: 48s
Rendered 5125/5539, time remaining: 48s
Rendered 5126/5539, time remaining: 47s
Rendered 5127/5539, time remaining: 48s
Rendered 5128/5539, time remaining: 48s
Rendered 5129/5539, time remaining: 48s
Rendered 5130/5539, time remaining: 48s
Rendered 5131/5539, time remaining: 48s
Rendered 5132/5539, time remaining: 47s
Rendered 5133/5539, time remaining: 47s
Rendered 5134/5539, time remaining: 46s
Rendered 5135/5539, time remaining: 47s
Rendered 5136/5539, time remaining: 47s
Rendered 5137/5539, time remaining: 47s
Rendered 5138/5539, time remaining: 47s
Rendered 5139/5539, time remaining: 47s
Rendered 5140/5539, time remaining: 46s
Rendered 5141/5539, time remaining: 46s
Rendered 5142/5539, time remaining: 45s
Rendered 5143/5539, time remaining: 46s
Rendered 5144/5539, time remaining: 46s
Rendered 5145/5539, time remaining: 46s
Rendered 5146/5539, time remaining: 46s
Rendered 5147/5539, time remaining: 46s
Rendered 5148/5539, time remaining: 46s
Rendered 5149/5539, time remaining: 45s
Rendered 5150/5539, time remaining: 44s
Rendered 5151/5539, time remaining: 45s
Rendered 5152/5539, time remaining: 45s
Rendered 5153/5539, time remaining: 45s
Rendered 5154/5539, time remaining: 45s
Rendered 5155/5539, time remaining: 44s
Rendered 5156/5539, time remaining: 44s
Rendered 5157/5539, time remaining: 43s
Rendered 5158/5539, time remaining: 43s
Rendered 5159/5539, time remaining: 44s
Rendered 5160/5539, time remaining: 44s
Rendered 5161/5539, time remaining: 44s
Rendered 5162/5539, time remaining: 43s
Rendered 5163/5539, time remaining: 43s
Rendered 5164/5539, time remaining: 43s
Rendered 5165/5539, time remaining: 42s
Rendered 5166/5539, time remaining: 42s
Rendered 5167/5539, time remaining: 43s
Rendered 5168/5539, time remaining: 43s
Rendered 5169/5539, time remaining: 43s
Rendered 5170/5539, time remaining: 42s
Rendered 5171/5539, time remaining: 42s
Rendered 5172/5539, time remaining: 42s
Rendered 5173/5539, time remaining: 41s
Rendered 5174/5539, time remaining: 41s
Rendered 5175/5539, time remaining: 42s
Rendered 5176/5539, time remaining: 42s
Rendered 5177/5539, time remaining: 42s
Rendered 5178/5539, time remaining: 41s
Rendered 5179/5539, time remaining: 41s
Rendered 5180/5539, time remaining: 41s
Rendered 5181/5539, time remaining: 41s
Rendered 5182/5539, time remaining: 40s
Rendered 5183/5539, time remaining: 41s
Rendered 5184/5539, time remaining: 41s
Rendered 5185/5539, time remaining: 41s
Rendered 5186/5539, time remaining: 41s
Rendered 5187/5539, time remaining: 40s
Rendered 5188/5539, time remaining: 40s
Rendered 5189/5539, time remaining: 40s
Rendered 5190/5539, time remaining: 39s
Rendered 5191/5539, time remaining: 40s
Rendered 5192/5539, time remaining: 40s
Rendered 5193/5539, time remaining: 40s
Rendered 5194/5539, time remaining: 40s
Rendered 5195/5539, time remaining: 39s
Rendered 5196/5539, time remaining: 39s
Rendered 5197/5539, time remaining: 39s
Rendered 5198/5539, time remaining: 39s
Rendered 5199/5539, time remaining: 39s
Rendered 5200/5539, time remaining: 39s
Rendered 5201/5539, time remaining: 39s
Rendered 5202/5539, time remaining: 39s
Rendered 5203/5539, time remaining: 38s
Rendered 5204/5539, time remaining: 38s
Rendered 5205/5539, time remaining: 37s
Rendered 5206/5539, time remaining: 37s
Rendered 5207/5539, time remaining: 38s
Rendered 5208/5539, time remaining: 38s
Rendered 5209/5539, time remaining: 38s
Rendered 5210/5539, time remaining: 38s
Rendered 5211/5539, time remaining: 37s
Rendered 5212/5539, time remaining: 37s
Rendered 5213/5539, time remaining: 37s
Rendered 5214/5539, time remaining: 37s
Rendered 5215/5539, time remaining: 37s
Rendered 5216/5539, time remaining: 37s
Rendered 5217/5539, time remaining: 37s
Rendered 5218/5539, time remaining: 37s
Rendered 5219/5539, time remaining: 36s
Rendered 5220/5539, time remaining: 36s
Rendered 5221/5539, time remaining: 36s
Rendered 5222/5539, time remaining: 36s
Rendered 5223/5539, time remaining: 36s
Rendered 5224/5539, time remaining: 36s
Rendered 5225/5539, time remaining: 36s
Rendered 5226/5539, time remaining: 36s
Rendered 5227/5539, time remaining: 36s
Rendered 5228/5539, time remaining: 35s
Rendered 5229/5539, time remaining: 35s
Rendered 5230/5539, time remaining: 35s
Rendered 5231/5539, time remaining: 35s
Rendered 5232/5539, time remaining: 35s
Rendered 5233/5539, time remaining: 35s
Rendered 5234/5539, time remaining: 35s
Rendered 5235/5539, time remaining: 35s
Rendered 5236/5539, time remaining: 35s
Rendered 5237/5539, time remaining: 34s
Rendered 5238/5539, time remaining: 34s
Rendered 5239/5539, time remaining: 34s
Rendered 5240/5539, time remaining: 34s
Rendered 5241/5539, time remaining: 34s
Rendered 5242/5539, time remaining: 34s
Rendered 5243/5539, time remaining: 34s
Rendered 5244/5539, time remaining: 34s
Rendered 5245/5539, time remaining: 33s
Rendered 5246/5539, time remaining: 33s
Rendered 5247/5539, time remaining: 33s
Rendered 5248/5539, time remaining: 33s
Rendered 5249/5539, time remaining: 33s
Rendered 5250/5539, time remaining: 32s
Rendered 5251/5539, time remaining: 33s
Rendered 5252/5539, time remaining: 32s
Rendered 5253/5539, time remaining: 32s
Rendered 5254/5539, time remaining: 32s
Rendered 5255/5539, time remaining: 32s
Rendered 5256/5539, time remaining: 32s
Rendered 5257/5539, time remaining: 32s
Rendered 5258/5539, time remaining: 32s
Rendered 5259/5539, time remaining: 32s
Rendered 5260/5539, time remaining: 31s
Rendered 5261/5539, time remaining: 31s
Rendered 5262/5539, time remaining: 31s
Rendered 5263/5539, time remaining: 31s
Rendered 5264/5539, time remaining: 31s
Rendered 5265/5539, time remaining: 31s
Rendered 5266/5539, time remaining: 31s
Rendered 5267/5539, time remaining: 31s
Rendered 5268/5539, time remaining: 30s
Rendered 5269/5539, time remaining: 30s
Rendered 5270/5539, time remaining: 30s
Rendered 5271/5539, time remaining: 30s
Rendered 5272/5539, time remaining: 30s
Rendered 5273/5539, time remaining: 30s
Rendered 5274/5539, time remaining: 30s
Rendered 5275/5539, time remaining: 30s
Rendered 5276/5539, time remaining: 30s
Rendered 5277/5539, time remaining: 29s
Rendered 5278/5539, time remaining: 29s
Rendered 5279/5539, time remaining: 29s
Rendered 5280/5539, time remaining: 29s
Rendered 5281/5539, time remaining: 29s
Rendered 5282/5539, time remaining: 29s
Rendered 5283/5539, time remaining: 29s
Rendered 5284/5539, time remaining: 29s
Rendered 5285/5539, time remaining: 28s
Rendered 5286/5539, time remaining: 28s
Rendered 5287/5539, time remaining: 28s
Rendered 5288/5539, time remaining: 28s
Rendered 5289/5539, time remaining: 28s
Rendered 5290/5539, time remaining: 28s
Rendered 5291/5539, time remaining: 28s
Rendered 5292/5539, time remaining: 28s
Rendered 5293/5539, time remaining: 27s
Rendered 5294/5539, time remaining: 27s
Rendered 5295/5539, time remaining: 27s
Rendered 5296/5539, time remaining: 27s
Rendered 5297/5539, time remaining: 28s
Rendered 5298/5539, time remaining: 27s
Rendered 5299/5539, time remaining: 27s
Rendered 5300/5539, time remaining: 27s
Rendered 5301/5539, time remaining: 27s
Rendered 5302/5539, time remaining: 27s
Rendered 5303/5539, time remaining: 26s
Rendered 5304/5539, time remaining: 26s
Rendered 5305/5539, time remaining: 27s
Rendered 5306/5539, time remaining: 27s
Rendered 5307/5539, time remaining: 27s
Rendered 5308/5539, time remaining: 27s
Rendered 5309/5539, time remaining: 26s
Rendered 5310/5539, time remaining: 26s
Rendered 5311/5539, time remaining: 26s
Rendered 5312/5539, time remaining: 26s
Rendered 5313/5539, time remaining: 26s
Rendered 5314/5539, time remaining: 26s
Rendered 5315/5539, time remaining: 26s
Rendered 5316/5539, time remaining: 26s
Rendered 5317/5539, time remaining: 25s
Rendered 5318/5539, time remaining: 25s
Rendered 5319/5539, time remaining: 25s
Rendered 5320/5539, time remaining: 25s
Rendered 5321/5539, time remaining: 25s
Rendered 5322/5539, time remaining: 25s
Rendered 5323/5539, time remaining: 25s
Rendered 5324/5539, time remaining: 25s
Rendered 5325/5539, time remaining: 24s
Rendered 5326/5539, time remaining: 24s
Rendered 5327/5539, time remaining: 24s
Rendered 5328/5539, time remaining: 24s
Rendered 5329/5539, time remaining: 24s
Rendered 5330/5539, time remaining: 24s
Rendered 5331/5539, time remaining: 24s
Rendered 5332/5539, time remaining: 24s
Rendered 5333/5539, time remaining: 23s
Rendered 5334/5539, time remaining: 23s
Rendered 5335/5539, time remaining: 23s
Rendered 5336/5539, time remaining: 23s
Rendered 5337/5539, time remaining: 23s
Rendered 5338/5539, time remaining: 23s
Rendered 5339/5539, time remaining: 23s
Rendered 5340/5539, time remaining: 23s
Rendered 5341/5539, time remaining: 22s
Rendered 5342/5539, time remaining: 22s
Rendered 5343/5539, time remaining: 22s
Rendered 5344/5539, time remaining: 22s
Rendered 5345/5539, time remaining: 22s
Rendered 5346/5539, time remaining: 22s
Rendered 5347/5539, time remaining: 22s
Rendered 5348/5539, time remaining: 22s
Rendered 5349/5539, time remaining: 21s
Rendered 5350/5539, time remaining: 21s
Rendered 5351/5539, time remaining: 21s
Rendered 5352/5539, time remaining: 21s
Rendered 5353/5539, time remaining: 21s
Rendered 5354/5539, time remaining: 21s
Rendered 5355/5539, time remaining: 21s
Rendered 5356/5539, time remaining: 21s
Rendered 5357/5539, time remaining: 20s
Rendered 5358/5539, time remaining: 20s
Rendered 5359/5539, time remaining: 20s
Rendered 5360/5539, time remaining: 20s
Rendered 5361/5539, time remaining: 20s
Rendered 5362/5539, time remaining: 20s
Rendered 5363/5539, time remaining: 20s
Rendered 5364/5539, time remaining: 20s
Rendered 5365/5539, time remaining: 20s
Rendered 5366/5539, time remaining: 19s
Rendered 5367/5539, time remaining: 19s
Rendered 5368/5539, time remaining: 19s
Rendered 5369/5539, time remaining: 19s
Rendered 5370/5539, time remaining: 19s
Rendered 5371/5539, time remaining: 19s
Rendered 5372/5539, time remaining: 19s
Rendered 5373/5539, time remaining: 19s
Rendered 5374/5539, time remaining: 19s
Rendered 5375/5539, time remaining: 18s
Rendered 5376/5539, time remaining: 18s
Rendered 5377/5539, time remaining: 18s
Rendered 5378/5539, time remaining: 18s
Rendered 5379/5539, time remaining: 18s
Rendered 5380/5539, time remaining: 18s
Rendered 5381/5539, time remaining: 18s
Rendered 5382/5539, time remaining: 18s
Rendered 5383/5539, time remaining: 17s
Rendered 5384/5539, time remaining: 17s
Rendered 5385/5539, time remaining: 17s
Rendered 5386/5539, time remaining: 17s
Rendered 5387/5539, time remaining: 17s
Rendered 5388/5539, time remaining: 17s
Rendered 5389/5539, time remaining: 17s
Rendered 5390/5539, time remaining: 17s
Rendered 5391/5539, time remaining: 17s
Rendered 5392/5539, time remaining: 16s
Rendered 5393/5539, time remaining: 16s
Rendered 5394/5539, time remaining: 16s
Rendered 5395/5539, time remaining: 16s
Rendered 5396/5539, time remaining: 16s
Rendered 5397/5539, time remaining: 16s
Rendered 5398/5539, time remaining: 16s
Rendered 5399/5539, time remaining: 16s
Rendered 5400/5539, time remaining: 16s
Rendered 5401/5539, time remaining: 15s
Rendered 5402/5539, time remaining: 15s
Rendered 5403/5539, time remaining: 15s
Rendered 5404/5539, time remaining: 15s
Rendered 5405/5539, time remaining: 15s
Rendered 5406/5539, time remaining: 15s
Rendered 5407/5539, time remaining: 15s
Rendered 5408/5539, time remaining: 15s
Rendered 5409/5539, time remaining: 14s
Rendered 5410/5539, time remaining: 15s
Rendered 5411/5539, time remaining: 14s
Rendered 5412/5539, time remaining: 14s
Rendered 5413/5539, time remaining: 14s
Rendered 5414/5539, time remaining: 14s
Rendered 5415/5539, time remaining: 14s
Rendered 5416/5539, time remaining: 14s
Rendered 5417/5539, time remaining: 13s
Rendered 5418/5539, time remaining: 14s
Rendered 5419/5539, time remaining: 14s
Rendered 5420/5539, time remaining: 13s
Rendered 5421/5539, time remaining: 13s
Rendered 5422/5539, time remaining: 13s
Rendered 5423/5539, time remaining: 13s
Rendered 5424/5539, time remaining: 13s
Rendered 5425/5539, time remaining: 13s
Rendered 5426/5539, time remaining: 13s
Rendered 5427/5539, time remaining: 12s
Rendered 5428/5539, time remaining: 12s
Rendered 5429/5539, time remaining: 12s
Rendered 5430/5539, time remaining: 12s
Rendered 5431/5539, time remaining: 12s
Rendered 5432/5539, time remaining: 12s
Rendered 5433/5539, time remaining: 12s
Rendered 5434/5539, time remaining: 12s
Rendered 5435/5539, time remaining: 12s
Rendered 5436/5539, time remaining: 12s
Rendered 5437/5539, time remaining: 11s
Rendered 5438/5539, time remaining: 11s
Rendered 5439/5539, time remaining: 11s
Rendered 5440/5539, time remaining: 11s
Rendered 5441/5539, time remaining: 11s
Rendered 5442/5539, time remaining: 11s
Rendered 5443/5539, time remaining: 11s
Rendered 5444/5539, time remaining: 11s
Rendered 5445/5539, time remaining: 11s
Rendered 5446/5539, time remaining: 10s
Rendered 5447/5539, time remaining: 10s
Rendered 5448/5539, time remaining: 10s
Rendered 5449/5539, time remaining: 10s
Rendered 5450/5539, time remaining: 10s
Rendered 5451/5539, time remaining: 10s
Rendered 5452/5539, time remaining: 10s
Rendered 5453/5539, time remaining: 10s
Rendered 5454/5539, time remaining: 9s
Rendered 5455/5539, time remaining: 9s
Rendered 5456/5539, time remaining: 9s
Rendered 5457/5539, time remaining: 9s
Rendered 5458/5539, time remaining: 9s
Rendered 5459/5539, time remaining: 9s
Rendered 5460/5539, time remaining: 9s
Rendered 5461/5539, time remaining: 8s
Rendered 5462/5539, time remaining: 8s
Rendered 5463/5539, time remaining: 8s
Rendered 5464/5539, time remaining: 8s
Rendered 5465/5539, time remaining: 8s
Rendered 5466/5539, time remaining: 8s
Rendered 5467/5539, time remaining: 8s
Rendered 5468/5539, time remaining: 8s
Rendered 5469/5539, time remaining: 8s
Rendered 5470/5539, time remaining: 7s
Rendered 5471/5539, time remaining: 7s
Rendered 5472/5539, time remaining: 7s
Rendered 5473/5539, time remaining: 7s
Rendered 5474/5539, time remaining: 7s
Rendered 5475/5539, time remaining: 7s
Rendered 5476/5539, time remaining: 7s
Rendered 5477/5539, time remaining: 7s
Rendered 5478/5539, time remaining: 7s
Rendered 5479/5539, time remaining: 6s
Rendered 5480/5539, time remaining: 6s
Rendered 5481/5539, time remaining: 6s
Rendered 5482/5539, time remaining: 6s
Rendered 5483/5539, time remaining: 6s
Rendered 5484/5539, time remaining: 6s
Rendered 5485/5539, time remaining: 6s
Rendered 5486/5539, time remaining: 6s
Rendered 5487/5539, time remaining: 6s
Rendered 5488/5539, time remaining: 5s
Rendered 5489/5539, time remaining: 5s
Rendered 5490/5539, time remaining: 5s
Rendered 5491/5539, time remaining: 5s
Rendered 5492/5539, time remaining: 5s
Rendered 5493/5539, time remaining: 5s
Rendered 5494/5539, time remaining: 5s
Rendered 5495/5539, time remaining: 5s
Rendered 5496/5539, time remaining: 4s
Rendered 5497/5539, time remaining: 4s
Rendered 5498/5539, time remaining: 4s
Rendered 5499/5539, time remaining: 4s
Rendered 5500/5539, time remaining: 4s
Rendered 5501/5539, time remaining: 4s
Rendered 5502/5539, time remaining: 4s
Rendered 5503/5539, time remaining: 4s
Rendered 5504/5539, time remaining: 3s
Rendered 5505/5539, time remaining: 3s
Rendered 5506/5539, time remaining: 3s
Rendered 5507/5539, time remaining: 3s
Rendered 5508/5539, time remaining: 3s
Rendered 5509/5539, time remaining: 3s
Rendered 5510/5539, time remaining: 3s
Rendered 5511/5539, time remaining: 3s
Rendered 5512/5539, time remaining: 3s
Rendered 5513/5539, time remaining: 2s
Rendered 5514/5539, time remaining: 2s
Rendered 5515/5539, time remaining: 2s
Rendered 5516/5539, time remaining: 2s
Rendered 5517/5539, time remaining: 2s
Rendered 5518/5539, time remaining: 2s
Rendered 5519/5539, time remaining: 2s
Rendered 5520/5539, time remaining: 2s
Rendered 5521/5539, time remaining: 2s
Rendered 5522/5539, time remaining: 1s
Rendered 5523/5539, time remaining: 1s
Rendered 5524/5539, time remaining: 1s
Rendered 5525/5539, time remaining: 1s
Rendered 5526/5539, time remaining: 1s
Rendered 5527/5539, time remaining: 1s
Rendered 5528/5539, time remaining: 1s
Rendered 5529/5539, time remaining: 1s
Rendered 5530/5539, time remaining: 1s
Rendered 5531/5539, time remaining: 0s
Rendered 5532/5539, time remaining: 0s
Rendered 5533/5539, time remaining: 0s
Rendered 5534/5539, time remaining: 0s
Rendered 5535/5539, time remaining: 0s
Rendered 5536/5539, time remaining: 0s
Rendered 5537/5539, time remaining: 0s
Rendered 5538/5539, time remaining: 0s
Rendered 5539/5539
Encoded 56/5539
Encoded 97/5539
Encoded 119/5539
Encoded 137/5539
Encoded 163/5539
Encoded 184/5539
Encoded 215/5539
Encoded 244/5539
Encoded 261/5539
Encoded 280/5539
Encoded 307/5539
Encoded 325/5539
Encoded 361/5539
Encoded 401/5539
Encoded 453/5539
Encoded 505/5539
Encoded 559/5539
Encoded 617/5539
Encoded 663/5539
Encoded 709/5539
Encoded 754/5539
Encoded 799/5539
Encoded 848/5539
Encoded 896/5539
Encoded 947/5539
Encoded 997/5539
Encoded 1047/5539
Encoded 1100/5539
Encoded 1141/5539
Encoded 1198/5539
Encoded 1245/5539
Encoded 1292/5539
Encoded 1344/5539
Encoded 1397/5539
Encoded 1449/5539
Encoded 1500/5539
Encoded 1552/5539
Encoded 1605/5539
Encoded 1658/5539
Encoded 1714/5539
Encoded 1760/5539
Encoded 1811/5539
Encoded 1863/5539
Encoded 1916/5539
Encoded 1968/5539
Encoded 2022/5539
Encoded 2076/5539
Encoded 2128/5539
Encoded 2182/5539
Encoded 2227/5539
Encoded 2276/5539
Encoded 2312/5539
Encoded 2352/5539
Encoded 2398/5539
Encoded 2445/5539
Encoded 2495/5539
Encoded 2544/5539
Encoded 2589/5539
Encoded 2621/5539
Encoded 2666/5539
Encoded 2713/5539
Encoded 2759/5539
Encoded 2810/5539
Encoded 2856/5539
Encoded 2908/5539
Encoded 2955/5539
Encoded 3000/5539
Encoded 3052/5539
Encoded 3105/5539
Encoded 3159/5539
Encoded 3213/5539
Encoded 3266/5539
Encoded 3327/5539
Encoded 3375/5539
Encoded 3422/5539
Encoded 3475/5539
Encoded 3529/5539
Encoded 3583/5539
Encoded 3635/5539
Encoded 3690/5539
Encoded 3741/5539
Encoded 3794/5539
Encoded 3844/5539
Encoded 3900/5539
Encoded 3948/5539
Encoded 3997/5539
Encoded 4044/5539
Encoded 4093/5539
Encoded 4143/5539
Encoded 4193/5539
Encoded 4244/5539
Encoded 4293/5539
Encoded 4344/5539
Encoded 4398/5539
Encoded 4446/5539
Encoded 4498/5539
Encoded 4552/5539
Encoded 4606/5539
Encoded 4657/5539
Encoded 4709/5539
Encoded 4763/5539
Encoded 4815/5539
Encoded 4869/5539
Encoded 4927/5539
Encoded 4975/5539
Encoded 5027/5539
Encoded 5080/5539
Encoded 5128/5539
Encoded 5175/5539
Encoded 5223/5539
Encoded 5272/5539
Encoded 5326/5539
Encoded 5379/5539
Encoded 5432/5539
Encoded 5503/5539
Encoded 5539/5539
[34m+                    out\magnesium-normalos-aoede-upload-fast.mp4[39m [90m18.1 MB[39m
## DONE MagnesiumEvidenceDeepDive 2026-06-27T08:14:53.0710508+02:00
## START VitaminD3K2EvidenceDeepDive 2026-06-27T08:14:53.0740528+02:00
Bundling 6%
Bundling 18%
Bundling 64%
Bundling 69%
Bundling 74%
Bundling 80%
Bundling 85%
Bundling 90%
Bundling 95%
Bundling 100%
Copying public dir 10.9 MB
Copying public dir 14.5 MB
Copying public dir 23 MB
Copying public dir 31.3 MB
Copying public dir 40.1 MB
Copying public dir 48.8 MB
Copying public dir 59.8 MB
Copying public dir 62.2 MB
Copying public dir 72.7 MB
Copying public dir 73.9 MB
Copying public dir 85.4 MB
Copying public dir 96.3 MB
Copying public dir 97.4 MB
Copying public dir 113.6 MB
Copying public dir 127.8 MB
Copying public dir 143.2 MB
Copying public dir 160.8 MB
Copying public dir 171.8 MB
Copying public dir 180.6 MB
Copying public dir 192.5 MB
Copying public dir 204.5 MB
Copying public dir 207.6 MB
Copying public dir 212 MB
Copying public dir 218 MB
Copying public dir 224.8 MB
Copying public dir 232.2 MB
Copying public dir 237.4 MB
Copying public dir 245.9 MB
Copying public dir 251.7 MB
Copying public dir 253.8 MB
Copying public dir 262.5 MB
Copying public dir 263 MB
Getting composition
[90mComposition          VitaminD3K2EvidenceDeepDive[39m
[90mCodec                h264[39m
[90mOutput               out\vitamin-d3-k2-normalos-aoede-upload-fast.mp4[39m
[90mConcurrency          8x[39m
Rendered 0/5513
Rendered 1/5513, time remaining: 1h 51m 31s
Rendered 2/5513, time remaining: 1h 13m 53s
Rendered 3/5513, time remaining: 51m 51s
Rendered 4/5513, time remaining: 40m 37s
Rendered 5/5513, time remaining: 33m 20s
Rendered 6/5513, time remaining: 29m 1s
Rendered 7/5513, time remaining: 25m 29s
Rendered 8/5513, time remaining: 23m 18s
Rendered 9/5513, time remaining: 24m 5s
Rendered 10/5513, time remaining: 25m 6s
Rendered 11/5513, time remaining: 23m 15s
Rendered 12/5513, time remaining: 21m 42s
Rendered 13/5513, time remaining: 20m 22s
Rendered 14/5513, time remaining: 19m 14s
Rendered 15/5513, time remaining: 18m 15s
Rendered 16/5513, time remaining: 17m 35s
Rendered 17/5513, time remaining: 18m 8s
Rendered 18/5513, time remaining: 18m 30s
Rendered 19/5513, time remaining: 17m 43s
Rendered 20/5513, time remaining: 17m 3s
Rendered 21/5513, time remaining: 16m 27s
Rendered 22/5513, time remaining: 15m 53s
Rendered 23/5513, time remaining: 15m 23s
Rendered 24/5513, time remaining: 14m 56s
Rendered 25/5513, time remaining: 16m 28s
Rendered 26/5513, time remaining: 16m 0s
Rendered 27/5513, time remaining: 15m 34s
Rendered 28/5513, time remaining: 15m 10s
Rendered 29/5513, time remaining: 14m 53s
Rendered 30/5513, time remaining: 14m 29s
Rendered 31/5513, time remaining: 14m 12s
Rendered 32/5513, time remaining: 13m 58s
Rendered 33/5513, time remaining: 14m 47s
Rendered 34/5513, time remaining: 14m 50s
Rendered 35/5513, time remaining: 14m 32s
Rendered 36/5513, time remaining: 14m 14s
Rendered 37/5513, time remaining: 13m 58s
Rendered 38/5513, time remaining: 13m 42s
Rendered 39/5513, time remaining: 13m 28s
Rendered 40/5513, time remaining: 13m 21s
Rendered 41/5513, time remaining: 14m 12s
Rendered 42/5513, time remaining: 14m 6s
Rendered 43/5513, time remaining: 13m 57s
Rendered 44/5513, time remaining: 13m 44s
Rendered 45/5513, time remaining: 13m 32s
Rendered 46/5513, time remaining: 13m 20s
Rendered 47/5513, time remaining: 13m 8s
Rendered 48/5513, time remaining: 12m 57s
Rendered 49/5513, time remaining: 13m 46s
Rendered 50/5513, time remaining: 13m 34s
Rendered 51/5513, time remaining: 13m 23s
Rendered 52/5513, time remaining: 13m 13s
Rendered 53/5513, time remaining: 13m 3s
Rendered 54/5513, time remaining: 12m 53s
Rendered 55/5513, time remaining: 12m 44s
Rendered 56/5513, time remaining: 12m 36s
Rendered 57/5513, time remaining: 13m 15s
Rendered 58/5513, time remaining: 13m 6s
Rendered 59/5513, time remaining: 12m 56s
Rendered 60/5513, time remaining: 12m 47s
Rendered 61/5513, time remaining: 12m 39s
Rendered 62/5513, time remaining: 12m 31s
Rendered 63/5513, time remaining: 12m 25s
Rendered 64/5513, time remaining: 12m 17s
Rendered 65/5513, time remaining: 12m 52s
Rendered 66/5513, time remaining: 12m 44s
Rendered 67/5513, time remaining: 12m 36s
Rendered 68/5513, time remaining: 12m 29s
Rendered 69/5513, time remaining: 12m 21s
Rendered 70/5513, time remaining: 12m 14s
Rendered 71/5513, time remaining: 12m 8s
Rendered 72/5513, time remaining: 12m 1s
Rendered 73/5513, time remaining: 12m 31s
Rendered 74/5513, time remaining: 12m 26s
Rendered 75/5513, time remaining: 12m 20s
Rendered 76/5513, time remaining: 12m 13s
Rendered 77/5513, time remaining: 12m 8s
Rendered 78/5513, time remaining: 12m 4s
Rendered 79/5513, time remaining: 11m 58s
Rendered 80/5513, time remaining: 11m 52s
Rendered 81/5513, time remaining: 12m 12s
Rendered 82/5513, time remaining: 12m 10s
Rendered 83/5513, time remaining: 12m 8s
Rendered 84/5513, time remaining: 12m 2s
Rendered 85/5513, time remaining: 11m 59s
Rendered 86/5513, time remaining: 11m 54s
Rendered 87/5513, time remaining: 11m 48s
Rendered 88/5513, time remaining: 11m 43s
Rendered 89/5513, time remaining: 12m 4s
Rendered 90/5513, time remaining: 12m 1s
Rendered 91/5513, time remaining: 11m 55s
Rendered 92/5513, time remaining: 11m 50s
Rendered 93/5513, time remaining: 11m 46s
Rendered 94/5513, time remaining: 11m 40s
Rendered 95/5513, time remaining: 11m 40s
Rendered 96/5513, time remaining: 11m 37s
Rendered 97/5513, time remaining: 11m 54s
Rendered 98/5513, time remaining: 11m 51s
Rendered 99/5513, time remaining: 11m 46s
Rendered 100/5513, time remaining: 11m 42s
Rendered 101/5513, time remaining: 11m 38s
Rendered 102/5513, time remaining: 11m 34s
Rendered 103/5513, time remaining: 11m 32s
Rendered 104/5513, time remaining: 11m 29s
Rendered 105/5513, time remaining: 11m 54s
Rendered 106/5513, time remaining: 11m 49s
Rendered 107/5513, time remaining: 11m 45s
Rendered 108/5513, time remaining: 11m 41s
Rendered 109/5513, time remaining: 11m 37s
Rendered 110/5513, time remaining: 11m 33s
Rendered 111/5513, time remaining: 11m 31s
Rendered 112/5513, time remaining: 11m 31s
Rendered 113/5513, time remaining: 11m 45s
Rendered 114/5513, time remaining: 11m 41s
Rendered 115/5513, time remaining: 11m 40s
Rendered 116/5513, time remaining: 11m 36s
Rendered 117/5513, time remaining: 11m 32s
Rendered 118/5513, time remaining: 11m 30s
Rendered 119/5513, time remaining: 11m 29s
Rendered 120/5513, time remaining: 11m 25s
Rendered 121/5513, time remaining: 11m 37s
Rendered 122/5513, time remaining: 11m 34s
Rendered 123/5513, time remaining: 11m 31s
Rendered 124/5513, time remaining: 11m 29s
Rendered 125/5513, time remaining: 11m 25s
Rendered 126/5513, time remaining: 11m 21s
Rendered 127/5513, time remaining: 11m 18s
Rendered 128/5513, time remaining: 11m 15s
Rendered 129/5513, time remaining: 11m 31s
Rendered 130/5513, time remaining: 11m 28s
Rendered 131/5513, time remaining: 11m 26s
Rendered 132/5513, time remaining: 11m 22s
Rendered 133/5513, time remaining: 11m 19s
Rendered 134/5513, time remaining: 11m 16s
Rendered 135/5513, time remaining: 11m 13s
Rendered 136/5513, time remaining: 11m 10s
Rendered 137/5513, time remaining: 11m 26s
Rendered 138/5513, time remaining: 11m 22s
Rendered 139/5513, time remaining: 11m 19s
Rendered 140/5513, time remaining: 11m 16s
Rendered 141/5513, time remaining: 11m 13s
Rendered 142/5513, time remaining: 11m 10s
Rendered 143/5513, time remaining: 11m 7s
Rendered 144/5513, time remaining: 11m 4s
Rendered 145/5513, time remaining: 11m 21s
Rendered 146/5513, time remaining: 11m 18s
Rendered 147/5513, time remaining: 11m 15s
Rendered 148/5513, time remaining: 11m 12s
Rendered 149/5513, time remaining: 11m 9s
Rendered 150/5513, time remaining: 11m 6s
Rendered 151/5513, time remaining: 10m 24s
Rendered 152/5513, time remaining: 10m 12s
Rendered 153/5513, time remaining: 10m 29s
Rendered 154/5513, time remaining: 10m 27s
Rendered 155/5513, time remaining: 10m 27s
Rendered 156/5513, time remaining: 10m 26s
Rendered 157/5513, time remaining: 10m 26s
Rendered 158/5513, time remaining: 10m 24s
Rendered 159/5513, time remaining: 10m 14s
Rendered 160/5513, time remaining: 10m 3s
Rendered 161/5513, time remaining: 10m 21s
Rendered 162/5513, time remaining: 10m 20s
Rendered 163/5513, time remaining: 10m 20s
Rendered 164/5513, time remaining: 10m 20s
Rendered 165/5513, time remaining: 10m 20s
Rendered 166/5513, time remaining: 10m 19s
Rendered 167/5513, time remaining: 10m 10s
Rendered 168/5513, time remaining: 10m 2s
Rendered 169/5513, time remaining: 10m 19s
Rendered 170/5513, time remaining: 10m 19s
Rendered 171/5513, time remaining: 10m 19s
Rendered 172/5513, time remaining: 10m 19s
Rendered 173/5513, time remaining: 10m 19s
Rendered 174/5513, time remaining: 10m 19s
Rendered 175/5513, time remaining: 10m 0s
Rendered 176/5513, time remaining: 9m 59s
Rendered 177/5513, time remaining: 10m 17s
Rendered 178/5513, time remaining: 10m 17s
Rendered 179/5513, time remaining: 10m 16s
Rendered 180/5513, time remaining: 10m 17s
Rendered 181/5513, time remaining: 10m 16s
Rendered 182/5513, time remaining: 10m 15s
Rendered 183/5513, time remaining: 10m 0s
Rendered 184/5513, time remaining: 9m 56s
Rendered 185/5513, time remaining: 10m 14s
Rendered 186/5513, time remaining: 10m 14s
Rendered 187/5513, time remaining: 10m 14s
Rendered 188/5513, time remaining: 10m 14s
Rendered 189/5513, time remaining: 10m 13s
Rendered 190/5513, time remaining: 10m 14s
Rendered 191/5513, time remaining: 9m 57s
Rendered 192/5513, time remaining: 9m 55s
Rendered 193/5513, time remaining: 10m 10s
Rendered 194/5513, time remaining: 10m 10s
Rendered 195/5513, time remaining: 10m 10s
Rendered 196/5513, time remaining: 10m 10s
Rendered 197/5513, time remaining: 10m 10s
Rendered 198/5513, time remaining: 10m 10s
Rendered 199/5513, time remaining: 9m 51s
Rendered 200/5513, time remaining: 9m 51s
Rendered 201/5513, time remaining: 10m 9s
Rendered 202/5513, time remaining: 10m 8s
Rendered 203/5513, time remaining: 10m 8s
Rendered 204/5513, time remaining: 10m 8s
Rendered 205/5513, time remaining: 10m 8s
Rendered 206/5513, time remaining: 10m 9s
Rendered 207/5513, time remaining: 9m 53s
Rendered 208/5513, time remaining: 9m 53s
Rendered 209/5513, time remaining: 10m 3s
Rendered 210/5513, time remaining: 10m 5s
Rendered 211/5513, time remaining: 10m 6s
Rendered 212/5513, time remaining: 10m 6s
Rendered 213/5513, time remaining: 10m 7s
Rendered 214/5513, time remaining: 10m 7s
Rendered 215/5513, time remaining: 9m 49s
Rendered 216/5513, time remaining: 9m 54s
Rendered 217/5513, time remaining: 9m 59s
Rendered 218/5513, time remaining: 10m 4s
Rendered 219/5513, time remaining: 10m 4s
Rendered 220/5513, time remaining: 10m 4s
Rendered 221/5513, time remaining: 10m 7s
Rendered 222/5513, time remaining: 10m 7s
Rendered 223/5513, time remaining: 9m 52s
Rendered 224/5513, time remaining: 9m 58s
Rendered 225/5513, time remaining: 9m 59s
Rendered 226/5513, time remaining: 10m 3s
Rendered 227/5513, time remaining: 10m 5s
Rendered 228/5513, time remaining: 10m 3s
Rendered 229/5513, time remaining: 10m 3s
Rendered 230/5513, time remaining: 10m 3s
Rendered 231/5513, time remaining: 9m 51s
Rendered 232/5513, time remaining: 9m 53s
Rendered 233/5513, time remaining: 9m 54s
Rendered 234/5513, time remaining: 10m 2s
Rendered 235/5513, time remaining: 10m 3s
Rendered 236/5513, time remaining: 10m 2s
Rendered 237/5513, time remaining: 10m 4s
Rendered 238/5513, time remaining: 10m 4s
Rendered 239/5513, time remaining: 9m 51s
Rendered 240/5513, time remaining: 9m 54s
Rendered 241/5513, time remaining: 9m 58s
Rendered 242/5513, time remaining: 10m 1s
Rendered 243/5513, time remaining: 10m 4s
Rendered 244/5513, time remaining: 10m 4s
Rendered 245/5513, time remaining: 10m 2s
Rendered 246/5513, time remaining: 10m 1s
Rendered 247/5513, time remaining: 9m 48s
Rendered 248/5513, time remaining: 9m 48s
Rendered 249/5513, time remaining: 9m 51s
Rendered 250/5513, time remaining: 10m 3s
Rendered 251/5513, time remaining: 10m 3s
Rendered 252/5513, time remaining: 10m 4s
Rendered 253/5513, time remaining: 10m 2s
Rendered 254/5513, time remaining: 10m 3s
Rendered 255/5513, time remaining: 9m 43s
Rendered 256/5513, time remaining: 9m 45s
Rendered 257/5513, time remaining: 9m 49s
Rendered 258/5513, time remaining: 9m 54s
Rendered 259/5513, time remaining: 9m 57s
Rendered 260/5513, time remaining: 10m 0s
Rendered 261/5513, time remaining: 9m 59s
Rendered 262/5513, time remaining: 9m 57s
Rendered 263/5513, time remaining: 9m 45s
Rendered 264/5513, time remaining: 9m 47s
Rendered 265/5513, time remaining: 9m 46s
Rendered 266/5513, time remaining: 9m 50s
Rendered 267/5513, time remaining: 9m 56s
Rendered 268/5513, time remaining: 9m 55s
Rendered 269/5513, time remaining: 9m 53s
Rendered 270/5513, time remaining: 9m 56s
Rendered 271/5513, time remaining: 9m 44s
Rendered 272/5513, time remaining: 9m 43s
Rendered 273/5513, time remaining: 9m 44s
Rendered 274/5513, time remaining: 9m 45s
Rendered 275/5513, time remaining: 9m 56s
Rendered 276/5513, time remaining: 9m 56s
Rendered 277/5513, time remaining: 9m 57s
Rendered 278/5513, time remaining: 9m 57s
Rendered 279/5513, time remaining: 9m 41s
Rendered 280/5513, time remaining: 9m 42s
Rendered 281/5513, time remaining: 9m 45s
Rendered 282/5513, time remaining: 9m 48s
Rendered 283/5513, time remaining: 9m 51s
Rendered 284/5513, time remaining: 9m 51s
Rendered 285/5513, time remaining: 9m 51s
Rendered 286/5513, time remaining: 9m 55s
Rendered 287/5513, time remaining: 9m 44s
Rendered 288/5513, time remaining: 9m 44s
Rendered 289/5513, time remaining: 9m 48s
Rendered 290/5513, time remaining: 9m 49s
Rendered 291/5513, time remaining: 9m 51s
Rendered 292/5513, time remaining: 9m 51s
Rendered 293/5513, time remaining: 9m 51s
Rendered 294/5513, time remaining: 9m 55s
Rendered 295/5513, time remaining: 9m 44s
Rendered 296/5513, time remaining: 9m 44s
Rendered 297/5513, time remaining: 9m 48s
Rendered 298/5513, time remaining: 9m 47s
Rendered 299/5513, time remaining: 9m 49s
Rendered 300/5513, time remaining: 9m 52s
Rendered 301/5513, time remaining: 9m 52s
Rendered 302/5513, time remaining: 9m 53s
Rendered 303/5513, time remaining: 9m 42s
Rendered 304/5513, time remaining: 9m 47s
Rendered 305/5513, time remaining: 9m 47s
Rendered 306/5513, time remaining: 9m 48s
Rendered 307/5513, time remaining: 9m 49s
Rendered 308/5513, time remaining: 9m 52s
Rendered 309/5513, time remaining: 9m 52s
Rendered 310/5513, time remaining: 9m 54s
Rendered 311/5513, time remaining: 9m 38s
Rendered 312/5513, time remaining: 9m 45s
Rendered 313/5513, time remaining: 9m 45s
Rendered 314/5513, time remaining: 9m 45s
Rendered 315/5513, time remaining: 9m 48s
Rendered 316/5513, time remaining: 9m 48s
Rendered 317/5513, time remaining: 9m 52s
Rendered 318/5513, time remaining: 9m 53s
Rendered 319/5513, time remaining: 9m 45s
Rendered 320/5513, time remaining: 9m 45s
Rendered 321/5513, time remaining: 9m 45s
Rendered 322/5513, time remaining: 9m 45s
Rendered 323/5513, time remaining: 9m 46s
Rendered 324/5513, time remaining: 9m 48s
Rendered 325/5513, time remaining: 9m 48s
Rendered 326/5513, time remaining: 9m 51s
Rendered 327/5513, time remaining: 9m 42s
Rendered 328/5513, time remaining: 9m 46s
Rendered 329/5513, time remaining: 9m 45s
Rendered 330/5513, time remaining: 9m 45s
Rendered 331/5513, time remaining: 9m 46s
Rendered 332/5513, time remaining: 9m 47s
Rendered 333/5513, time remaining: 9m 47s
Rendered 334/5513, time remaining: 9m 46s
Rendered 335/5513, time remaining: 9m 39s
Rendered 336/5513, time remaining: 9m 41s
Rendered 337/5513, time remaining: 9m 41s
Rendered 338/5513, time remaining: 9m 45s
Rendered 339/5513, time remaining: 9m 45s
Rendered 340/5513, time remaining: 9m 44s
Rendered 341/5513, time remaining: 9m 43s
Rendered 342/5513, time remaining: 9m 43s
Rendered 343/5513, time remaining: 9m 29s
Rendered 344/5513, time remaining: 9m 41s
Rendered 345/5513, time remaining: 9m 41s
Rendered 346/5513, time remaining: 9m 44s
Rendered 347/5513, time remaining: 9m 44s
Rendered 348/5513, time remaining: 9m 46s
Rendered 349/5513, time remaining: 9m 46s
Rendered 350/5513, time remaining: 9m 46s
Rendered 351/5513, time remaining: 9m 28s
Rendered 352/5513, time remaining: 9m 37s
Rendered 353/5513, time remaining: 9m 39s
Rendered 354/5513, time remaining: 9m 42s
Rendered 355/5513, time remaining: 9m 45s
Rendered 356/5513, time remaining: 9m 46s
Rendered 357/5513, time remaining: 9m 44s
Rendered 358/5513, time remaining: 9m 44s
Rendered 359/5513, time remaining: 9m 35s
Rendered 360/5513, time remaining: 9m 37s
Rendered 361/5513, time remaining: 9m 36s
Rendered 362/5513, time remaining: 9m 42s
Rendered 363/5513, time remaining: 9m 44s
Rendered 364/5513, time remaining: 9m 44s
Rendered 365/5513, time remaining: 9m 44s
Rendered 366/5513, time remaining: 9m 44s
Rendered 367/5513, time remaining: 9m 39s
Rendered 368/5513, time remaining: 9m 42s
Rendered 369/5513, time remaining: 9m 42s
Rendered 370/5513, time remaining: 9m 45s
Rendered 371/5513, time remaining: 9m 48s
Rendered 372/5513, time remaining: 9m 47s
Rendered 373/5513, time remaining: 9m 45s
Rendered 374/5513, time remaining: 9m 42s
Rendered 375/5513, time remaining: 9m 41s
Rendered 376/5513, time remaining: 9m 42s
Rendered 377/5513, time remaining: 9m 40s
Rendered 378/5513, time remaining: 9m 48s
Rendered 379/5513, time remaining: 9m 48s
Rendered 380/5513, time remaining: 9m 49s
Rendered 381/5513, time remaining: 9m 49s
Rendered 382/5513, time remaining: 9m 49s
Rendered 383/5513, time remaining: 9m 45s
Rendered 384/5513, time remaining: 9m 41s
Rendered 385/5513, time remaining: 9m 38s
Rendered 386/5513, time remaining: 9m 41s
Rendered 387/5513, time remaining: 9m 41s
Rendered 388/5513, time remaining: 9m 40s
Rendered 389/5513, time remaining: 9m 39s
Rendered 390/5513, time remaining: 9m 45s
Rendered 391/5513, time remaining: 9m 44s
Rendered 392/5513, time remaining: 9m 41s
Rendered 393/5513, time remaining: 9m 42s
Rendered 394/5513, time remaining: 9m 46s
Rendered 395/5513, time remaining: 9m 46s
Rendered 396/5513, time remaining: 9m 46s
Rendered 397/5513, time remaining: 9m 45s
Rendered 398/5513, time remaining: 9m 52s
Rendered 399/5513, time remaining: 9m 49s
Rendered 400/5513, time remaining: 9m 39s
Rendered 401/5513, time remaining: 9m 38s
Rendered 402/5513, time remaining: 9m 40s
Rendered 403/5513, time remaining: 9m 40s
Rendered 404/5513, time remaining: 9m 38s
Rendered 405/5513, time remaining: 9m 38s
Rendered 406/5513, time remaining: 9m 51s
Rendered 407/5513, time remaining: 9m 47s
Rendered 408/5513, time remaining: 9m 44s
Rendered 409/5513, time remaining: 9m 41s
Rendered 410/5513, time remaining: 9m 38s
Rendered 411/5513, time remaining: 9m 38s
Rendered 412/5513, time remaining: 9m 38s
Rendered 413/5513, time remaining: 9m 41s
Rendered 414/5513, time remaining: 9m 51s
Rendered 415/5513, time remaining: 9m 50s
Rendered 416/5513, time remaining: 9m 45s
Rendered 417/5513, time remaining: 9m 39s
Rendered 418/5513, time remaining: 9m 40s
Rendered 419/5513, time remaining: 9m 40s
Rendered 420/5513, time remaining: 9m 36s
Rendered 421/5513, time remaining: 9m 39s
Rendered 422/5513, time remaining: 9m 53s
Rendered 423/5513, time remaining: 9m 52s
Rendered 424/5513, time remaining: 9m 50s
Rendered 425/5513, time remaining: 9m 40s
Rendered 426/5513, time remaining: 9m 39s
Rendered 427/5513, time remaining: 9m 38s
Rendered 428/5513, time remaining: 9m 37s
Rendered 429/5513, time remaining: 9m 37s
Rendered 430/5513, time remaining: 9m 53s
Rendered 431/5513, time remaining: 9m 49s
Rendered 432/5513, time remaining: 9m 46s
Rendered 433/5513, time remaining: 9m 42s
Rendered 434/5513, time remaining: 9m 43s
Rendered 435/5513, time remaining: 9m 42s
Rendered 436/5513, time remaining: 9m 38s
Rendered 437/5513, time remaining: 9m 32s
Rendered 438/5513, time remaining: 9m 48s
Rendered 439/5513, time remaining: 9m 44s
Rendered 440/5513, time remaining: 9m 42s
Rendered 441/5513, time remaining: 9m 41s
Rendered 442/5513, time remaining: 9m 41s
Rendered 443/5513, time remaining: 9m 41s
Rendered 444/5513, time remaining: 9m 37s
Rendered 445/5513, time remaining: 9m 30s
Rendered 446/5513, time remaining: 9m 46s
Rendered 447/5513, time remaining: 9m 42s
Rendered 448/5513, time remaining: 9m 42s
Rendered 449/5513, time remaining: 9m 41s
Rendered 450/5513, time remaining: 9m 37s
Rendered 451/5513, time remaining: 9m 37s
Rendered 452/5513, time remaining: 9m 36s
Rendered 453/5513, time remaining: 9m 30s
Rendered 454/5513, time remaining: 9m 41s
Rendered 455/5513, time remaining: 9m 41s
Rendered 456/5513, time remaining: 9m 41s
Rendered 457/5513, time remaining: 9m 40s
Rendered 458/5513, time remaining: 9m 37s
Rendered 459/5513, time remaining: 9m 37s
Rendered 460/5513, time remaining: 9m 34s
Rendered 461/5513, time remaining: 9m 32s
Rendered 462/5513, time remaining: 9m 43s
Rendered 463/5513, time remaining: 9m 43s
Rendered 464/5513, time remaining: 9m 42s
Rendered 465/5513, time remaining: 9m 40s
Rendered 466/5513, time remaining: 9m 39s
Rendered 467/5513, time remaining: 9m 36s
Rendered 468/5513, time remaining: 9m 37s
Rendered 469/5513, time remaining: 9m 29s
Rendered 470/5513, time remaining: 9m 38s
Rendered 471/5513, time remaining: 9m 37s
Rendered 472/5513, time remaining: 9m 38s
Rendered 473/5513, time remaining: 9m 40s
Rendered 474/5513, time remaining: 9m 37s
Rendered 475/5513, time remaining: 9m 41s
Rendered 476/5513, time remaining: 9m 38s
Rendered 477/5513, time remaining: 9m 35s
Rendered 478/5513, time remaining: 9m 32s
Rendered 479/5513, time remaining: 9m 32s
Rendered 480/5513, time remaining: 9m 33s
Rendered 481/5513, time remaining: 9m 40s
Rendered 482/5513, time remaining: 9m 39s
Rendered 483/5513, time remaining: 9m 42s
Rendered 484/5513, time remaining: 9m 47s
Rendered 485/5513, time remaining: 9m 39s
Rendered 486/5513, time remaining: 9m 39s
Rendered 487/5513, time remaining: 9m 39s
Rendered 488/5513, time remaining: 9m 36s
Rendered 489/5513, time remaining: 9m 36s
Rendered 490/5513, time remaining: 9m 34s
Rendered 491/5513, time remaining: 9m 45s
Rendered 492/5513, time remaining: 9m 49s
Rendered 493/5513, time remaining: 9m 47s
Rendered 494/5513, time remaining: 9m 36s
Rendered 495/5513, time remaining: 9m 37s
Rendered 496/5513, time remaining: 9m 34s
Rendered 497/5513, time remaining: 9m 35s
Rendered 498/5513, time remaining: 9m 33s
Rendered 499/5513, time remaining: 9m 37s
Rendered 500/5513, time remaining: 9m 50s
Rendered 501/5513, time remaining: 9m 52s
Rendered 502/5513, time remaining: 9m 44s
Rendered 503/5513, time remaining: 9m 40s
Rendered 504/5513, time remaining: 9m 37s
Rendered 505/5513, time remaining: 9m 34s
Rendered 506/5513, time remaining: 9m 36s
Rendered 507/5513, time remaining: 9m 36s
Rendered 508/5513, time remaining: 9m 50s
Rendered 509/5513, time remaining: 9m 50s
Rendered 510/5513, time remaining: 9m 46s
Rendered 511/5513, time remaining: 9m 46s
Rendered 512/5513, time remaining: 9m 40s
Rendered 513/5513, time remaining: 9m 36s
Rendered 514/5513, time remaining: 9m 36s
Rendered 515/5513, time remaining: 9m 36s
Rendered 516/5513, time remaining: 9m 48s
Rendered 517/5513, time remaining: 9m 49s
Rendered 518/5513, time remaining: 9m 43s
Rendered 519/5513, time remaining: 9m 41s
Rendered 520/5513, time remaining: 9m 36s
Rendered 521/5513, time remaining: 9m 30s
Rendered 522/5513, time remaining: 9m 30s
Rendered 523/5513, time remaining: 9m 30s
Rendered 524/5513, time remaining: 9m 39s
Rendered 525/5513, time remaining: 9m 43s
Rendered 526/5513, time remaining: 9m 38s
Rendered 527/5513, time remaining: 9m 38s
Rendered 528/5513, time remaining: 9m 29s
Rendered 529/5513, time remaining: 9m 31s
Rendered 530/5513, time remaining: 9m 30s
Rendered 531/5513, time remaining: 9m 29s
Rendered 532/5513, time remaining: 9m 41s
Rendered 533/5513, time remaining: 9m 42s
Rendered 534/5513, time remaining: 9m 40s
Rendered 535/5513, time remaining: 9m 40s
Rendered 536/5513, time remaining: 9m 36s
Rendered 537/5513, time remaining: 9m 35s
Rendered 538/5513, time remaining: 9m 36s
Rendered 539/5513, time remaining: 9m 37s
Rendered 540/5513, time remaining: 9m 27s
Rendered 541/5513, time remaining: 9m 32s
Rendered 542/5513, time remaining: 9m 41s
Rendered 543/5513, time remaining: 9m 37s
Rendered 544/5513, time remaining: 9m 34s
Rendered 545/5513, time remaining: 9m 34s
Rendered 546/5513, time remaining: 9m 34s
Rendered 547/5513, time remaining: 9m 34s
Rendered 548/5513, time remaining: 9m 27s
Rendered 549/5513, time remaining: 9m 31s
Rendered 550/5513, time remaining: 9m 41s
Rendered 551/5513, time remaining: 9m 42s
Rendered 552/5513, time remaining: 9m 39s
Rendered 553/5513, time remaining: 9m 40s
Rendered 554/5513, time remaining: 9m 40s
Rendered 555/5513, time remaining: 9m 41s
Rendered 556/5513, time remaining: 9m 26s
Rendered 557/5513, time remaining: 9m 26s
Rendered 558/5513, time remaining: 9m 38s
Rendered 559/5513, time remaining: 9m 40s
Rendered 560/5513, time remaining: 9m 40s
Rendered 561/5513, time remaining: 9m 38s
Rendered 562/5513, time remaining: 9m 38s
Rendered 563/5513, time remaining: 9m 34s
Rendered 564/5513, time remaining: 9m 23s
Rendered 565/5513, time remaining: 9m 26s
Rendered 566/5513, time remaining: 9m 41s
Rendered 567/5513, time remaining: 9m 41s
Rendered 568/5513, time remaining: 9m 39s
Rendered 569/5513, time remaining: 9m 40s
Rendered 570/5513, time remaining: 9m 40s
Rendered 571/5513, time remaining: 9m 36s
Rendered 572/5513, time remaining: 9m 23s
Rendered 573/5513, time remaining: 9m 25s
Rendered 574/5513, time remaining: 9m 42s
Rendered 575/5513, time remaining: 9m 45s
Rendered 576/5513, time remaining: 9m 45s
Rendered 577/5513, time remaining: 9m 45s
Rendered 578/5513, time remaining: 9m 45s
Rendered 579/5513, time remaining: 9m 47s
Rendered 580/5513, time remaining: 9m 29s
Rendered 581/5513, time remaining: 9m 30s
Rendered 582/5513, time remaining: 9m 45s
Rendered 583/5513, time remaining: 9m 45s
Rendered 584/5513, time remaining: 9m 48s
Rendered 585/5513, time remaining: 9m 48s
Rendered 586/5513, time remaining: 9m 48s
Rendered 587/5513, time remaining: 9m 47s
Rendered 588/5513, time remaining: 9m 32s
Rendered 589/5513, time remaining: 9m 35s
Rendered 590/5513, time remaining: 9m 46s
Rendered 591/5513, time remaining: 9m 44s
Rendered 592/5513, time remaining: 9m 44s
Rendered 593/5513, time remaining: 9m 48s
Rendered 594/5513, time remaining: 9m 48s
Rendered 595/5513, time remaining: 9m 48s
Rendered 596/5513, time remaining: 9m 31s
Rendered 597/5513, time remaining: 9m 35s
Rendered 598/5513, time remaining: 9m 42s
Rendered 599/5513, time remaining: 9m 47s
Rendered 600/5513, time remaining: 9m 48s
Rendered 601/5513, time remaining: 9m 48s
Rendered 602/5513, time remaining: 9m 49s
Rendered 603/5513, time remaining: 9m 49s
Rendered 604/5513, time remaining: 9m 32s
Rendered 605/5513, time remaining: 9m 38s
Rendered 606/5513, time remaining: 9m 42s
Rendered 607/5513, time remaining: 9m 43s
Rendered 608/5513, time remaining: 9m 47s
Rendered 609/5513, time remaining: 9m 50s
Rendered 610/5513, time remaining: 9m 50s
Rendered 611/5513, time remaining: 9m 50s
Rendered 612/5513, time remaining: 9m 34s
Rendered 613/5513, time remaining: 9m 41s
Rendered 614/5513, time remaining: 9m 43s
Rendered 615/5513, time remaining: 9m 45s
Rendered 616/5513, time remaining: 9m 46s
Rendered 617/5513, time remaining: 9m 46s
Rendered 618/5513, time remaining: 9m 42s
Rendered 619/5513, time remaining: 9m 42s
Rendered 620/5513, time remaining: 9m 32s
Rendered 621/5513, time remaining: 9m 37s
Rendered 622/5513, time remaining: 9m 51s
Rendered 623/5513, time remaining: 9m 50s
Rendered 624/5513, time remaining: 9m 50s
Rendered 625/5513, time remaining: 9m 46s
Rendered 626/5513, time remaining: 9m 46s
Rendered 627/5513, time remaining: 9m 41s
Rendered 628/5513, time remaining: 9m 44s
Rendered 629/5513, time remaining: 9m 44s
Rendered 630/5513, time remaining: 9m 57s
Rendered 631/5513, time remaining: 9m 50s
Rendered 632/5513, time remaining: 9m 50s
Rendered 633/5513, time remaining: 9m 49s
Rendered 634/5513, time remaining: 9m 44s
Rendered 635/5513, time remaining: 9m 42s
Rendered 636/5513, time remaining: 9m 41s
Rendered 637/5513, time remaining: 9m 44s
Rendered 638/5513, time remaining: 9m 54s
Rendered 639/5513, time remaining: 9m 54s
Rendered 640/5513, time remaining: 9m 54s
Rendered 641/5513, time remaining: 9m 43s
Rendered 642/5513, time remaining: 9m 40s
Rendered 643/5513, time remaining: 9m 38s
Rendered 644/5513, time remaining: 9m 39s
Rendered 645/5513, time remaining: 9m 51s
Rendered 646/5513, time remaining: 9m 52s
Rendered 647/5513, time remaining: 9m 51s
Rendered 648/5513, time remaining: 9m 51s
Rendered 649/5513, time remaining: 9m 47s
Rendered 650/5513, time remaining: 9m 34s
Rendered 651/5513, time remaining: 9m 35s
Rendered 652/5513, time remaining: 9m 34s
Rendered 653/5513, time remaining: 9m 45s
Rendered 654/5513, time remaining: 9m 47s
Rendered 655/5513, time remaining: 9m 47s
Rendered 656/5513, time remaining: 9m 43s
Rendered 657/5513, time remaining: 9m 45s
Rendered 658/5513, time remaining: 9m 31s
Rendered 659/5513, time remaining: 9m 31s
Rendered 660/5513, time remaining: 9m 33s
Rendered 661/5513, time remaining: 9m 36s
Rendered 662/5513, time remaining: 9m 42s
Rendered 663/5513, time remaining: 9m 42s
Rendered 664/5513, time remaining: 9m 45s
Rendered 665/5513, time remaining: 9m 46s
Rendered 666/5513, time remaining: 9m 31s
Rendered 667/5513, time remaining: 9m 32s
Rendered 668/5513, time remaining: 9m 31s
Rendered 669/5513, time remaining: 9m 36s
Rendered 670/5513, time remaining: 9m 38s
Rendered 671/5513, time remaining: 9m 38s
Rendered 672/5513, time remaining: 9m 44s
Rendered 673/5513, time remaining: 9m 46s
Rendered 674/5513, time remaining: 9m 36s
Rendered 675/5513, time remaining: 9m 34s
Rendered 676/5513, time remaining: 9m 35s
Rendered 677/5513, time remaining: 9m 35s
Rendered 678/5513, time remaining: 9m 38s
Rendered 679/5513, time remaining: 9m 38s
Rendered 680/5513, time remaining: 9m 43s
Rendered 681/5513, time remaining: 9m 46s
Rendered 682/5513, time remaining: 9m 30s
Rendered 683/5513, time remaining: 9m 31s
Rendered 684/5513, time remaining: 9m 31s
Rendered 685/5513, time remaining: 9m 33s
Rendered 686/5513, time remaining: 9m 33s
Rendered 687/5513, time remaining: 9m 34s
Rendered 688/5513, time remaining: 9m 39s
Rendered 689/5513, time remaining: 9m 42s
Rendered 690/5513, time remaining: 9m 40s
Rendered 691/5513, time remaining: 9m 35s
Rendered 692/5513, time remaining: 9m 28s
Rendered 693/5513, time remaining: 9m 27s
Rendered 694/5513, time remaining: 9m 30s
Rendered 695/5513, time remaining: 9m 32s
Rendered 696/5513, time remaining: 9m 31s
Rendered 697/5513, time remaining: 9m 35s
Rendered 698/5513, time remaining: 9m 36s
Rendered 699/5513, time remaining: 9m 36s
Rendered 700/5513, time remaining: 9m 26s
Rendered 701/5513, time remaining: 9m 25s
Rendered 702/5513, time remaining: 9m 25s
Rendered 703/5513, time remaining: 9m 28s
Rendered 704/5513, time remaining: 9m 27s
Rendered 705/5513, time remaining: 9m 34s
Rendered 706/5513, time remaining: 9m 34s
Rendered 707/5513, time remaining: 9m 34s
Rendered 708/5513, time remaining: 9m 20s
Rendered 709/5513, time remaining: 9m 21s
Rendered 710/5513, time remaining: 9m 21s
Rendered 711/5513, time remaining: 9m 26s
Rendered 712/5513, time remaining: 9m 28s
Rendered 713/5513, time remaining: 9m 35s
Rendered 714/5513, time remaining: 9m 35s
Rendered 715/5513, time remaining: 9m 32s
Rendered 716/5513, time remaining: 9m 19s
Rendered 717/5513, time remaining: 9m 19s
Rendered 718/5513, time remaining: 9m 20s
Rendered 719/5513, time remaining: 9m 23s
Rendered 720/5513, time remaining: 9m 25s
Rendered 721/5513, time remaining: 9m 29s
Rendered 722/5513, time remaining: 9m 32s
Rendered 723/5513, time remaining: 9m 32s
Rendered 724/5513, time remaining: 9m 14s
Rendered 725/5513, time remaining: 9m 13s
Rendered 726/5513, time remaining: 9m 13s
Rendered 727/5513, time remaining: 9m 16s
Rendered 728/5513, time remaining: 9m 21s
Rendered 729/5513, time remaining: 9m 36s
Rendered 730/5513, time remaining: 9m 36s
Rendered 731/5513, time remaining: 9m 36s
Rendered 732/5513, time remaining: 9m 21s
Rendered 733/5513, time remaining: 9m 21s
Rendered 734/5513, time remaining: 9m 18s
Rendered 735/5513, time remaining: 9m 18s
Rendered 736/5513, time remaining: 9m 20s
Rendered 737/5513, time remaining: 9m 38s
Rendered 738/5513, time remaining: 9m 37s
Rendered 739/5513, time remaining: 9m 35s
Rendered 740/5513, time remaining: 9m 24s
Rendered 741/5513, time remaining: 9m 24s
Rendered 742/5513, time remaining: 9m 24s
Rendered 743/5513, time remaining: 9m 21s
Rendered 744/5513, time remaining: 9m 20s
Rendered 745/5513, time remaining: 9m 37s
Rendered 746/5513, time remaining: 9m 37s
Rendered 747/5513, time remaining: 9m 34s
Rendered 748/5513, time remaining: 9m 26s
Rendered 749/5513, time remaining: 9m 21s
Rendered 750/5513, time remaining: 9m 20s
Rendered 751/5513, time remaining: 9m 20s
Rendered 752/5513, time remaining: 9m 19s
Rendered 753/5513, time remaining: 9m 34s
Rendered 754/5513, time remaining: 9m 35s
Rendered 755/5513, time remaining: 9m 30s
Rendered 756/5513, time remaining: 9m 26s
Rendered 757/5513, time remaining: 9m 26s
Rendered 758/5513, time remaining: 9m 22s
Rendered 759/5513, time remaining: 9m 20s
Rendered 760/5513, time remaining: 9m 21s
Rendered 761/5513, time remaining: 9m 29s
Rendered 762/5513, time remaining: 9m 41s
Rendered 763/5513, time remaining: 9m 36s
Rendered 764/5513, time remaining: 9m 35s
Rendered 765/5513, time remaining: 9m 33s
Rendered 766/5513, time remaining: 9m 34s
Rendered 767/5513, time remaining: 9m 35s
Rendered 768/5513, time remaining: 9m 36s
Rendered 769/5513, time remaining: 9m 44s
Rendered 770/5513, time remaining: 9m 59s
Rendered 771/5513, time remaining: 9m 56s
Rendered 772/5513, time remaining: 9m 42s
Rendered 773/5513, time remaining: 9m 42s
Rendered 774/5513, time remaining: 9m 43s
Rendered 775/5513, time remaining: 9m 43s
Rendered 776/5513, time remaining: 9m 44s
Rendered 777/5513, time remaining: 9m 44s
Rendered 778/5513, time remaining: 10m 1s
Rendered 779/5513, time remaining: 10m 0s
Rendered 780/5513, time remaining: 9m 49s
Rendered 781/5513, time remaining: 9m 50s
Rendered 782/5513, time remaining: 9m 49s
Rendered 783/5513, time remaining: 9m 48s
Rendered 784/5513, time remaining: 9m 47s
Rendered 785/5513, time remaining: 9m 50s
Rendered 786/5513, time remaining: 10m 2s
Rendered 787/5513, time remaining: 10m 0s
Rendered 788/5513, time remaining: 9m 50s
Rendered 789/5513, time remaining: 9m 51s
Rendered 790/5513, time remaining: 9m 51s
Rendered 791/5513, time remaining: 9m 51s
Rendered 792/5513, time remaining: 9m 51s
Rendered 793/5513, time remaining: 9m 53s
Rendered 794/5513, time remaining: 10m 4s
Rendered 795/5513, time remaining: 9m 51s
Rendered 796/5513, time remaining: 9m 51s
Rendered 797/5513, time remaining: 9m 53s
Rendered 798/5513, time remaining: 9m 51s
Rendered 799/5513, time remaining: 9m 51s
Rendered 800/5513, time remaining: 9m 53s
Rendered 801/5513, time remaining: 9m 51s
Rendered 802/5513, time remaining: 10m 9s
Rendered 803/5513, time remaining: 10m 0s
Rendered 804/5513, time remaining: 10m 0s
Rendered 805/5513, time remaining: 10m 0s
Rendered 806/5513, time remaining: 10m 1s
Rendered 807/5513, time remaining: 9m 59s
Rendered 808/5513, time remaining: 10m 0s
Rendered 809/5513, time remaining: 10m 4s
Rendered 810/5513, time remaining: 10m 21s
Rendered 811/5513, time remaining: 10m 18s
Rendered 812/5513, time remaining: 10m 13s
Rendered 813/5513, time remaining: 10m 14s
Rendered 814/5513, time remaining: 10m 11s
Rendered 815/5513, time remaining: 10m 11s
Rendered 816/5513, time remaining: 10m 12s
Rendered 817/5513, time remaining: 10m 10s
Rendered 818/5513, time remaining: 10m 23s
Rendered 819/5513, time remaining: 10m 20s
Rendered 820/5513, time remaining: 10m 21s
Rendered 821/5513, time remaining: 10m 22s
Rendered 822/5513, time remaining: 10m 16s
Rendered 823/5513, time remaining: 10m 14s
Rendered 824/5513, time remaining: 10m 13s
Rendered 825/5513, time remaining: 10m 14s
Rendered 826/5513, time remaining: 10m 25s
Rendered 827/5513, time remaining: 10m 27s
Rendered 828/5513, time remaining: 10m 25s
Rendered 829/5513, time remaining: 10m 25s
Rendered 830/5513, time remaining: 10m 19s
Rendered 831/5513, time remaining: 10m 17s
Rendered 832/5513, time remaining: 10m 18s
Rendered 833/5513, time remaining: 10m 17s
Rendered 834/5513, time remaining: 10m 26s
Rendered 835/5513, time remaining: 10m 28s
Rendered 836/5513, time remaining: 10m 28s
Rendered 837/5513, time remaining: 10m 28s
Rendered 838/5513, time remaining: 10m 25s
Rendered 839/5513, time remaining: 10m 21s
Rendered 840/5513, time remaining: 10m 24s
Rendered 841/5513, time remaining: 10m 24s
Rendered 842/5513, time remaining: 10m 29s
Rendered 843/5513, time remaining: 10m 38s
Rendered 844/5513, time remaining: 10m 36s
Rendered 845/5513, time remaining: 10m 36s
Rendered 846/5513, time remaining: 10m 35s
Rendered 847/5513, time remaining: 10m 32s
Rendered 848/5513, time remaining: 10m 31s
Rendered 849/5513, time remaining: 10m 28s
Rendered 850/5513, time remaining: 10m 26s
Rendered 851/5513, time remaining: 10m 38s
Rendered 852/5513, time remaining: 10m 39s
Rendered 853/5513, time remaining: 10m 38s
Rendered 854/5513, time remaining: 10m 38s
Rendered 855/5513, time remaining: 10m 31s
Rendered 856/5513, time remaining: 10m 31s
Rendered 857/5513, time remaining: 10m 36s
Rendered 858/5513, time remaining: 10m 35s
Rendered 859/5513, time remaining: 10m 48s
Rendered 860/5513, time remaining: 10m 47s
Rendered 861/5513, time remaining: 10m 42s
Rendered 862/5513, time remaining: 10m 42s
Rendered 863/5513, time remaining: 10m 36s
Rendered 864/5513, time remaining: 10m 35s
Rendered 865/5513, time remaining: 10m 41s
Rendered 866/5513, time remaining: 10m 43s
Rendered 867/5513, time remaining: 10m 46s
Rendered 868/5513, time remaining: 10m 45s
Rendered 869/5513, time remaining: 10m 43s
Rendered 870/5513, time remaining: 10m 43s
Rendered 871/5513, time remaining: 10m 39s
Rendered 872/5513, time remaining: 10m 45s
Rendered 873/5513, time remaining: 10m 43s
Rendered 874/5513, time remaining: 10m 47s
Rendered 875/5513, time remaining: 10m 45s
Rendered 876/5513, time remaining: 10m 45s
Rendered 877/5513, time remaining: 10m 44s
Rendered 878/5513, time remaining: 10m 40s
Rendered 879/5513, time remaining: 10m 23s
Rendered 880/5513, time remaining: 10m 36s
Rendered 881/5513, time remaining: 10m 39s
Rendered 882/5513, time remaining: 10m 39s
Rendered 883/5513, time remaining: 10m 39s
Rendered 884/5513, time remaining: 10m 39s
Rendered 885/5513, time remaining: 10m 41s
Rendered 886/5513, time remaining: 10m 39s
Rendered 887/5513, time remaining: 10m 22s
Rendered 888/5513, time remaining: 10m 31s
Rendered 889/5513, time remaining: 10m 35s
Rendered 890/5513, time remaining: 10m 37s
Rendered 891/5513, time remaining: 10m 37s
Rendered 892/5513, time remaining: 10m 37s
Rendered 893/5513, time remaining: 10m 37s
Rendered 894/5513, time remaining: 10m 43s
Rendered 895/5513, time remaining: 10m 27s
Rendered 896/5513, time remaining: 10m 33s
Rendered 897/5513, time remaining: 10m 35s
Rendered 898/5513, time remaining: 10m 36s
Rendered 899/5513, time remaining: 10m 36s
Rendered 900/5513, time remaining: 10m 36s
Rendered 901/5513, time remaining: 10m 36s
Rendered 902/5513, time remaining: 10m 37s
Rendered 903/5513, time remaining: 10m 22s
Rendered 904/5513, time remaining: 10m 32s
Rendered 905/5513, time remaining: 10m 33s
Rendered 906/5513, time remaining: 10m 34s
Rendered 907/5513, time remaining: 10m 33s
Rendered 908/5513, time remaining: 10m 34s
Rendered 909/5513, time remaining: 10m 33s
Rendered 910/5513, time remaining: 10m 32s
Rendered 911/5513, time remaining: 10m 24s
Rendered 912/5513, time remaining: 10m 21s
Rendered 913/5513, time remaining: 10m 20s
Rendered 914/5513, time remaining: 10m 23s
Rendered 915/5513, time remaining: 10m 22s
Rendered 916/5513, time remaining: 10m 20s
Rendered 917/5513, time remaining: 10m 19s
Rendered 918/5513, time remaining: 10m 18s
Rendered 919/5513, time remaining: 10m 10s
Rendered 920/5513, time remaining: 9m 58s
Rendered 921/5513, time remaining: 10m 10s
Rendered 922/5513, time remaining: 10m 9s
Rendered 923/5513, time remaining: 10m 7s
Rendered 924/5513, time remaining: 10m 5s
Rendered 925/5513, time remaining: 10m 5s
Rendered 926/5513, time remaining: 10m 4s
Rendered 927/5513, time remaining: 10m 4s
Rendered 928/5513, time remaining: 9m 49s
Rendered 929/5513, time remaining: 10m 0s
Rendered 930/5513, time remaining: 9m 57s
Rendered 931/5513, time remaining: 9m 57s
Rendered 932/5513, time remaining: 9m 56s
Rendered 933/5513, time remaining: 9m 56s
Rendered 934/5513, time remaining: 9m 56s
Rendered 935/5513, time remaining: 9m 53s
Rendered 936/5513, time remaining: 9m 41s
Rendered 937/5513, time remaining: 9m 52s
Rendered 938/5513, time remaining: 9m 51s
Rendered 939/5513, time remaining: 9m 53s
Rendered 940/5513, time remaining: 9m 52s
Rendered 941/5513, time remaining: 9m 52s
Rendered 942/5513, time remaining: 9m 52s
Rendered 943/5513, time remaining: 9m 51s
Rendered 944/5513, time remaining: 9m 40s
Rendered 945/5513, time remaining: 9m 54s
Rendered 946/5513, time remaining: 9m 52s
Rendered 947/5513, time remaining: 9m 50s
Rendered 948/5513, time remaining: 9m 50s
Rendered 949/5513, time remaining: 9m 50s
Rendered 950/5513, time remaining: 9m 48s
Rendered 951/5513, time remaining: 9m 48s
Rendered 952/5513, time remaining: 9m 31s
Rendered 953/5513, time remaining: 9m 44s
Rendered 954/5513, time remaining: 9m 41s
Rendered 955/5513, time remaining: 9m 42s
Rendered 956/5513, time remaining: 9m 41s
Rendered 957/5513, time remaining: 9m 41s
Rendered 958/5513, time remaining: 9m 40s
Rendered 959/5513, time remaining: 9m 36s
Rendered 960/5513, time remaining: 9m 20s
Rendered 961/5513, time remaining: 9m 30s
Rendered 962/5513, time remaining: 9m 30s
Rendered 963/5513, time remaining: 9m 30s
Rendered 964/5513, time remaining: 9m 30s
Rendered 965/5513, time remaining: 9m 28s
Rendered 966/5513, time remaining: 9m 26s
Rendered 967/5513, time remaining: 9m 25s
Rendered 968/5513, time remaining: 9m 13s
Rendered 969/5513, time remaining: 9m 29s
Rendered 970/5513, time remaining: 9m 27s
Rendered 971/5513, time remaining: 9m 26s
Rendered 972/5513, time remaining: 9m 29s
Rendered 973/5513, time remaining: 9m 28s
Rendered 974/5513, time remaining: 9m 27s
Rendered 975/5513, time remaining: 9m 23s
Rendered 976/5513, time remaining: 9m 12s
Rendered 977/5513, time remaining: 9m 26s
Rendered 978/5513, time remaining: 9m 26s
Rendered 979/5513, time remaining: 9m 24s
Rendered 980/5513, time remaining: 9m 24s
Rendered 981/5513, time remaining: 9m 23s
Rendered 982/5513, time remaining: 9m 22s
Rendered 983/5513, time remaining: 9m 21s
Rendered 984/5513, time remaining: 9m 12s
Rendered 985/5513, time remaining: 9m 17s
Rendered 986/5513, time remaining: 9m 23s
Rendered 987/5513, time remaining: 9m 22s
Rendered 988/5513, time remaining: 9m 18s
Rendered 989/5513, time remaining: 9m 18s
Rendered 990/5513, time remaining: 9m 15s
Rendered 991/5513, time remaining: 9m 13s
Rendered 992/5513, time remaining: 9m 7s
Rendered 993/5513, time remaining: 9m 10s
Rendered 994/5513, time remaining: 9m 12s
Rendered 995/5513, time remaining: 9m 9s
Rendered 996/5513, time remaining: 9m 9s
Rendered 997/5513, time remaining: 9m 8s
Rendered 998/5513, time remaining: 9m 7s
Rendered 999/5513, time remaining: 9m 7s
Rendered 1000/5513, time remaining: 9m 7s
Rendered 1001/5513, time remaining: 9m 7s
Rendered 1002/5513, time remaining: 9m 6s
Rendered 1003/5513, time remaining: 9m 3s
Rendered 1004/5513, time remaining: 9m 3s
Rendered 1005/5513, time remaining: 9m 3s
Rendered 1006/5513, time remaining: 9m 5s
Rendered 1007/5513, time remaining: 9m 0s
Rendered 1008/5513, time remaining: 9m 1s
Rendered 1009/5513, time remaining: 8m 51s
Rendered 1010/5513, time remaining: 8m 50s
Rendered 1011/5513, time remaining: 8m 55s
Rendered 1012/5513, time remaining: 8m 52s
Rendered 1013/5513, time remaining: 8m 54s
Rendered 1014/5513, time remaining: 9m 1s
Rendered 1015/5513, time remaining: 8m 55s
Rendered 1016/5513, time remaining: 8m 53s
Rendered 1017/5513, time remaining: 8m 53s
Rendered 1018/5513, time remaining: 8m 53s
Rendered 1019/5513, time remaining: 8m 53s
Rendered 1020/5513, time remaining: 8m 54s
Rendered 1021/5513, time remaining: 8m 55s
Rendered 1022/5513, time remaining: 8m 52s
Rendered 1023/5513, time remaining: 8m 55s
Rendered 1024/5513, time remaining: 8m 53s
Rendered 1025/5513, time remaining: 8m 53s
Rendered 1026/5513, time remaining: 8m 54s
Rendered 1027/5513, time remaining: 8m 52s
Rendered 1028/5513, time remaining: 8m 55s
Rendered 1029/5513, time remaining: 8m 55s
Rendered 1030/5513, time remaining: 8m 47s
Rendered 1031/5513, time remaining: 8m 45s
Rendered 1032/5513, time remaining: 8m 48s
Rendered 1033/5513, time remaining: 8m 49s
Rendered 1034/5513, time remaining: 8m 51s
Rendered 1035/5513, time remaining: 8m 48s
Rendered 1036/5513, time remaining: 8m 50s
Rendered 1037/5513, time remaining: 8m 50s
Rendered 1038/5513, time remaining: 8m 44s
Rendered 1039/5513, time remaining: 8m 43s
Rendered 1040/5513, time remaining: 8m 41s
Rendered 1041/5513, time remaining: 8m 42s
Rendered 1042/5513, time remaining: 8m 49s
Rendered 1043/5513, time remaining: 8m 49s
Rendered 1044/5513, time remaining: 8m 42s
Rendered 1045/5513, time remaining: 8m 43s
Rendered 1046/5513, time remaining: 8m 43s
Rendered 1047/5513, time remaining: 8m 41s
Rendered 1048/5513, time remaining: 8m 41s
Rendered 1049/5513, time remaining: 8m 47s
Rendered 1050/5513, time remaining: 8m 49s
Rendered 1051/5513, time remaining: 8m 49s
Rendered 1052/5513, time remaining: 8m 47s
Rendered 1053/5513, time remaining: 8m 49s
Rendered 1054/5513, time remaining: 8m 38s
Rendered 1055/5513, time remaining: 8m 40s
Rendered 1056/5513, time remaining: 8m 45s
Rendered 1057/5513, time remaining: 8m 51s
Rendered 1058/5513, time remaining: 8m 49s
Rendered 1059/5513, time remaining: 8m 51s
Rendered 1060/5513, time remaining: 8m 51s
Rendered 1061/5513, time remaining: 8m 51s
Rendered 1062/5513, time remaining: 8m 44s
Rendered 1063/5513, time remaining: 8m 44s
Rendered 1064/5513, time remaining: 8m 40s
Rendered 1065/5513, time remaining: 8m 45s
Rendered 1066/5513, time remaining: 8m 45s
Rendered 1067/5513, time remaining: 8m 47s
Rendered 1068/5513, time remaining: 8m 50s
Rendered 1069/5513, time remaining: 8m 52s
Rendered 1070/5513, time remaining: 8m 53s
Rendered 1071/5513, time remaining: 8m 43s
Rendered 1072/5513, time remaining: 8m 43s
Rendered 1073/5513, time remaining: 8m 43s
Rendered 1074/5513, time remaining: 8m 44s
Rendered 1075/5513, time remaining: 8m 44s
Rendered 1076/5513, time remaining: 8m 43s
Rendered 1077/5513, time remaining: 8m 47s
Rendered 1078/5513, time remaining: 8m 53s
Rendered 1079/5513, time remaining: 8m 43s
Rendered 1080/5513, time remaining: 8m 43s
Rendered 1081/5513, time remaining: 8m 43s
Rendered 1082/5513, time remaining: 8m 44s
Rendered 1083/5513, time remaining: 8m 44s
Rendered 1084/5513, time remaining: 8m 43s
Rendered 1085/5513, time remaining: 8m 43s
Rendered 1086/5513, time remaining: 8m 54s
Rendered 1087/5513, time remaining: 8m 43s
Rendered 1088/5513, time remaining: 8m 43s
Rendered 1089/5513, time remaining: 8m 41s
Rendered 1090/5513, time remaining: 8m 41s
Rendered 1091/5513, time remaining: 8m 41s
Rendered 1092/5513, time remaining: 8m 42s
Rendered 1093/5513, time remaining: 8m 40s
Rendered 1094/5513, time remaining: 8m 53s
Rendered 1095/5513, time remaining: 8m 40s
Rendered 1096/5513, time remaining: 8m 40s
Rendered 1097/5513, time remaining: 8m 40s
Rendered 1098/5513, time remaining: 8m 39s
Rendered 1099/5513, time remaining: 8m 41s
Rendered 1100/5513, time remaining: 8m 41s
Rendered 1101/5513, time remaining: 8m 40s
Rendered 1102/5513, time remaining: 8m 53s
Rendered 1103/5513, time remaining: 8m 41s
Rendered 1104/5513, time remaining: 8m 41s
Rendered 1105/5513, time remaining: 8m 40s
Rendered 1106/5513, time remaining: 8m 40s
Rendered 1107/5513, time remaining: 8m 40s
Rendered 1108/5513, time remaining: 8m 39s
Rendered 1109/5513, time remaining: 8m 40s
Rendered 1110/5513, time remaining: 8m 52s
Rendered 1111/5513, time remaining: 8m 43s
Rendered 1112/5513, time remaining: 8m 42s
Rendered 1113/5513, time remaining: 8m 41s
Rendered 1114/5513, time remaining: 8m 40s
Rendered 1115/5513, time remaining: 8m 40s
Rendered 1116/5513, time remaining: 8m 40s
Rendered 1117/5513, time remaining: 8m 41s
Rendered 1118/5513, time remaining: 8m 55s
Rendered 1119/5513, time remaining: 8m 37s
Rendered 1120/5513, time remaining: 8m 37s
Rendered 1121/5513, time remaining: 8m 37s
Rendered 1122/5513, time remaining: 8m 34s
Rendered 1123/5513, time remaining: 8m 34s
Rendered 1124/5513, time remaining: 8m 34s
Rendered 1125/5513, time remaining: 8m 34s
Rendered 1126/5513, time remaining: 8m 48s
Rendered 1127/5513, time remaining: 8m 33s
Rendered 1128/5513, time remaining: 8m 32s
Rendered 1129/5513, time remaining: 8m 32s
Rendered 1130/5513, time remaining: 8m 32s
Rendered 1131/5513, time remaining: 8m 31s
Rendered 1132/5513, time remaining: 8m 31s
Rendered 1133/5513, time remaining: 8m 31s
Rendered 1134/5513, time remaining: 8m 44s
Rendered 1135/5513, time remaining: 8m 35s
Rendered 1136/5513, time remaining: 8m 30s
Rendered 1137/5513, time remaining: 8m 30s
Rendered 1138/5513, time remaining: 8m 29s
Rendered 1139/5513, time remaining: 8m 29s
Rendered 1140/5513, time remaining: 8m 29s
Rendered 1141/5513, time remaining: 8m 30s
Rendered 1142/5513, time remaining: 8m 45s
Rendered 1143/5513, time remaining: 8m 33s
Rendered 1144/5513, time remaining: 8m 29s
Rendered 1145/5513, time remaining: 8m 29s
Rendered 1146/5513, time remaining: 8m 29s
Rendered 1147/5513, time remaining: 8m 29s
Rendered 1148/5513, time remaining: 8m 29s
Rendered 1149/5513, time remaining: 8m 28s
Rendered 1150/5513, time remaining: 8m 38s
Rendered 1151/5513, time remaining: 8m 32s
Rendered 1152/5513, time remaining: 8m 32s
Rendered 1153/5513, time remaining: 8m 31s
Rendered 1154/5513, time remaining: 8m 30s
Rendered 1155/5513, time remaining: 8m 30s
Rendered 1156/5513, time remaining: 8m 27s
Rendered 1157/5513, time remaining: 8m 27s
Rendered 1158/5513, time remaining: 8m 34s
Rendered 1159/5513, time remaining: 8m 36s
Rendered 1160/5513, time remaining: 8m 36s
Rendered 1161/5513, time remaining: 8m 31s
Rendered 1162/5513, time remaining: 8m 32s
Rendered 1163/5513, time remaining: 8m 31s
Rendered 1164/5513, time remaining: 8m 23s
Rendered 1165/5513, time remaining: 8m 23s
Rendered 1166/5513, time remaining: 8m 33s
Rendered 1167/5513, time remaining: 8m 31s
Rendered 1168/5513, time remaining: 8m 32s
Rendered 1169/5513, time remaining: 8m 31s
Rendered 1170/5513, time remaining: 8m 28s
Rendered 1171/5513, time remaining: 8m 28s
Rendered 1172/5513, time remaining: 8m 23s
Rendered 1173/5513, time remaining: 8m 20s
Rendered 1174/5513, time remaining: 8m 29s
Rendered 1175/5513, time remaining: 8m 30s
Rendered 1176/5513, time remaining: 8m 30s
Rendered 1177/5513, time remaining: 8m 30s
Rendered 1178/5513, time remaining: 8m 25s
Rendered 1179/5513, time remaining: 8m 27s
Rendered 1180/5513, time remaining: 8m 22s
Rendered 1181/5513, time remaining: 8m 21s
Rendered 1182/5513, time remaining: 8m 32s
Rendered 1183/5513, time remaining: 8m 30s
Rendered 1184/5513, time remaining: 8m 27s
Rendered 1185/5513, time remaining: 8m 27s
Rendered 1186/5513, time remaining: 8m 26s
Rendered 1187/5513, time remaining: 8m 25s
Rendered 1188/5513, time remaining: 8m 21s
Rendered 1189/5513, time remaining: 8m 18s
Rendered 1190/5513, time remaining: 8m 34s
Rendered 1191/5513, time remaining: 8m 32s
Rendered 1192/5513, time remaining: 8m 25s
Rendered 1193/5513, time remaining: 8m 24s
Rendered 1194/5513, time remaining: 8m 24s
Rendered 1195/5513, time remaining: 8m 23s
Rendered 1196/5513, time remaining: 8m 17s
Rendered 1197/5513, time remaining: 8m 17s
Rendered 1198/5513, time remaining: 8m 30s
Rendered 1199/5513, time remaining: 8m 24s
Rendered 1200/5513, time remaining: 8m 22s
Rendered 1201/5513, time remaining: 8m 21s
Rendered 1202/5513, time remaining: 8m 21s
Rendered 1203/5513, time remaining: 8m 20s
Rendered 1204/5513, time remaining: 8m 19s
Rendered 1205/5513, time remaining: 8m 16s
Rendered 1206/5513, time remaining: 8m 22s
Rendered 1207/5513, time remaining: 8m 18s
Rendered 1208/5513, time remaining: 8m 17s
Rendered 1209/5513, time remaining: 8m 16s
Rendered 1210/5513, time remaining: 8m 15s
Rendered 1211/5513, time remaining: 8m 15s
Rendered 1212/5513, time remaining: 8m 12s
Rendered 1213/5513, time remaining: 8m 11s
Rendered 1214/5513, time remaining: 8m 23s
Rendered 1215/5513, time remaining: 8m 20s
Rendered 1216/5513, time remaining: 8m 20s
Rendered 1217/5513, time remaining: 8m 18s
Rendered 1218/5513, time remaining: 8m 15s
Rendered 1219/5513, time remaining: 8m 14s
Rendered 1220/5513, time remaining: 8m 9s
Rendered 1221/5513, time remaining: 8m 8s
Rendered 1222/5513, time remaining: 8m 20s
Rendered 1223/5513, time remaining: 8m 21s
Rendered 1224/5513, time remaining: 8m 20s
Rendered 1225/5513, time remaining: 8m 20s
Rendered 1226/5513, time remaining: 8m 20s
Rendered 1227/5513, time remaining: 8m 16s
Rendered 1228/5513, time remaining: 8m 7s
Rendered 1229/5513, time remaining: 8m 5s
Rendered 1230/5513, time remaining: 8m 18s
Rendered 1231/5513, time remaining: 8m 18s
Rendered 1232/5513, time remaining: 8m 17s
Rendered 1233/5513, time remaining: 8m 17s
Rendered 1234/5513, time remaining: 8m 17s
Rendered 1235/5513, time remaining: 8m 16s
Rendered 1236/5513, time remaining: 8m 4s
Rendered 1237/5513, time remaining: 8m 3s
Rendered 1238/5513, time remaining: 8m 16s
Rendered 1239/5513, time remaining: 8m 17s
Rendered 1240/5513, time remaining: 8m 17s
Rendered 1241/5513, time remaining: 8m 17s
Rendered 1242/5513, time remaining: 8m 15s
Rendered 1243/5513, time remaining: 8m 15s
Rendered 1244/5513, time remaining: 8m 3s
Rendered 1245/5513, time remaining: 8m 2s
Rendered 1246/5513, time remaining: 8m 16s
Rendered 1247/5513, time remaining: 8m 16s
Rendered 1248/5513, time remaining: 8m 16s
Rendered 1249/5513, time remaining: 8m 15s
Rendered 1250/5513, time remaining: 8m 15s
Rendered 1251/5513, time remaining: 8m 14s
Rendered 1252/5513, time remaining: 8m 2s
Rendered 1253/5513, time remaining: 8m 1s
Rendered 1254/5513, time remaining: 8m 14s
Rendered 1255/5513, time remaining: 8m 14s
Rendered 1256/5513, time remaining: 8m 14s
Rendered 1257/5513, time remaining: 8m 14s
Rendered 1258/5513, time remaining: 8m 14s
Rendered 1259/5513, time remaining: 8m 13s
Rendered 1260/5513, time remaining: 7m 58s
Rendered 1261/5513, time remaining: 7m 58s
Rendered 1262/5513, time remaining: 8m 11s
Rendered 1263/5513, time remaining: 8m 11s
Rendered 1264/5513, time remaining: 8m 11s
Rendered 1265/5513, time remaining: 8m 11s
Rendered 1266/5513, time remaining: 8m 11s
Rendered 1267/5513, time remaining: 8m 9s
Rendered 1268/5513, time remaining: 7m 55s
Rendered 1269/5513, time remaining: 7m 56s
Rendered 1270/5513, time remaining: 8m 10s
Rendered 1271/5513, time remaining: 8m 10s
Rendered 1272/5513, time remaining: 8m 9s
Rendered 1273/5513, time remaining: 8m 9s
Rendered 1274/5513, time remaining: 8m 9s
Rendered 1275/5513, time remaining: 8m 9s
Rendered 1276/5513, time remaining: 7m 55s
Rendered 1277/5513, time remaining: 7m 54s
Rendered 1278/5513, time remaining: 8m 10s
Rendered 1279/5513, time remaining: 8m 10s
Rendered 1280/5513, time remaining: 8m 10s
Rendered 1281/5513, time remaining: 8m 10s
Rendered 1282/5513, time remaining: 8m 10s
Rendered 1283/5513, time remaining: 8m 11s
Rendered 1284/5513, time remaining: 7m 56s
Rendered 1285/5513, time remaining: 7m 56s
Rendered 1286/5513, time remaining: 8m 9s
Rendered 1287/5513, time remaining: 8m 10s
Rendered 1288/5513, time remaining: 8m 10s
Rendered 1289/5513, time remaining: 8m 10s
Rendered 1290/5513, time remaining: 8m 10s
Rendered 1291/5513, time remaining: 8m 9s
Rendered 1292/5513, time remaining: 7m 54s
Rendered 1293/5513, time remaining: 7m 55s
Rendered 1294/5513, time remaining: 8m 3s
Rendered 1295/5513, time remaining: 8m 8s
Rendered 1296/5513, time remaining: 8m 8s
Rendered 1297/5513, time remaining: 8m 8s
Rendered 1298/5513, time remaining: 8m 7s
Rendered 1299/5513, time remaining: 8m 7s
Rendered 1300/5513, time remaining: 7m 56s
Rendered 1301/5513, time remaining: 7m 53s
Rendered 1302/5513, time remaining: 8m 5s
Rendered 1303/5513, time remaining: 8m 6s
Rendered 1304/5513, time remaining: 8m 6s
Rendered 1305/5513, time remaining: 8m 6s
Rendered 1306/5513, time remaining: 8m 7s
Rendered 1307/5513, time remaining: 8m 7s
Rendered 1308/5513, time remaining: 7m 58s
Rendered 1309/5513, time remaining: 7m 54s
Rendered 1310/5513, time remaining: 8m 2s
Rendered 1311/5513, time remaining: 8m 3s
Rendered 1312/5513, time remaining: 8m 4s
Rendered 1313/5513, time remaining: 8m 4s
Rendered 1314/5513, time remaining: 8m 4s
Rendered 1315/5513, time remaining: 8m 3s
Rendered 1316/5513, time remaining: 7m 52s
Rendered 1317/5513, time remaining: 7m 55s
Rendered 1318/5513, time remaining: 8m 3s
Rendered 1319/5513, time remaining: 8m 2s
Rendered 1320/5513, time remaining: 8m 3s
Rendered 1321/5513, time remaining: 8m 1s
Rendered 1322/5513, time remaining: 8m 0s
Rendered 1323/5513, time remaining: 7m 59s
Rendered 1324/5513, time remaining: 7m 50s
Rendered 1325/5513, time remaining: 7m 50s
Rendered 1326/5513, time remaining: 7m 59s
Rendered 1327/5513, time remaining: 7m 59s
Rendered 1328/5513, time remaining: 8m 1s
Rendered 1329/5513, time remaining: 8m 0s
Rendered 1330/5513, time remaining: 8m 0s
Rendered 1331/5513, time remaining: 8m 0s
Rendered 1332/5513, time remaining: 7m 46s
Rendered 1333/5513, time remaining: 7m 49s
Rendered 1334/5513, time remaining: 7m 58s
Rendered 1335/5513, time remaining: 7m 58s
Rendered 1336/5513, time remaining: 7m 59s
Rendered 1337/5513, time remaining: 7m 59s
Rendered 1338/5513, time remaining: 8m 2s
Rendered 1339/5513, time remaining: 8m 2s
Rendered 1340/5513, time remaining: 7m 47s
Rendered 1341/5513, time remaining: 7m 47s
Rendered 1342/5513, time remaining: 7m 54s
Rendered 1343/5513, time remaining: 7m 54s
Rendered 1344/5513, time remaining: 7m 57s
Rendered 1345/5513, time remaining: 7m 58s
Rendered 1346/5513, time remaining: 7m 58s
Rendered 1347/5513, time remaining: 7m 57s
Rendered 1348/5513, time remaining: 7m 45s
Rendered 1349/5513, time remaining: 7m 45s
Rendered 1350/5513, time remaining: 7m 55s
Rendered 1351/5513, time remaining: 7m 56s
Rendered 1352/5513, time remaining: 7m 56s
Rendered 1353/5513, time remaining: 7m 58s
Rendered 1354/5513, time remaining: 8m 0s
Rendered 1355/5513, time remaining: 8m 0s
Rendered 1356/5513, time remaining: 7m 47s
Rendered 1357/5513, time remaining: 7m 47s
Rendered 1358/5513, time remaining: 7m 57s
Rendered 1359/5513, time remaining: 7m 58s
Rendered 1360/5513, time remaining: 7m 58s
Rendered 1361/5513, time remaining: 7m 58s
Rendered 1362/5513, time remaining: 7m 58s
Rendered 1363/5513, time remaining: 7m 58s
Rendered 1364/5513, time remaining: 7m 46s
Rendered 1365/5513, time remaining: 7m 43s
Rendered 1366/5513, time remaining: 7m 57s
Rendered 1367/5513, time remaining: 8m 0s
Rendered 1368/5513, time remaining: 8m 0s
Rendered 1369/5513, time remaining: 8m 0s
Rendered 1370/5513, time remaining: 8m 0s
Rendered 1371/5513, time remaining: 8m 0s
Rendered 1372/5513, time remaining: 7m 48s
Rendered 1373/5513, time remaining: 7m 48s
Rendered 1374/5513, time remaining: 7m 55s
Rendered 1375/5513, time remaining: 8m 0s
Rendered 1376/5513, time remaining: 8m 0s
Rendered 1377/5513, time remaining: 8m 0s
Rendered 1378/5513, time remaining: 8m 0s
Rendered 1379/5513, time remaining: 8m 0s
Rendered 1380/5513, time remaining: 7m 47s
Rendered 1381/5513, time remaining: 7m 47s
Rendered 1382/5513, time remaining: 7m 51s
Rendered 1383/5513, time remaining: 7m 58s
Rendered 1384/5513, time remaining: 8m 0s
Rendered 1385/5513, time remaining: 8m 1s
Rendered 1386/5513, time remaining: 8m 1s
Rendered 1387/5513, time remaining: 8m 0s
Rendered 1388/5513, time remaining: 7m 47s
Rendered 1389/5513, time remaining: 7m 46s
Rendered 1390/5513, time remaining: 7m 58s
Rendered 1391/5513, time remaining: 7m 59s
Rendered 1392/5513, time remaining: 8m 0s
Rendered 1393/5513, time remaining: 8m 0s
Rendered 1394/5513, time remaining: 7m 59s
Rendered 1395/5513, time remaining: 7m 59s
Rendered 1396/5513, time remaining: 7m 46s
Rendered 1397/5513, time remaining: 7m 46s
Rendered 1398/5513, time remaining: 7m 54s
Rendered 1399/5513, time remaining: 7m 58s
Rendered 1400/5513, time remaining: 7m 58s
Rendered 1401/5513, time remaining: 7m 59s
Rendered 1402/5513, time remaining: 7m 58s
Rendered 1403/5513, time remaining: 7m 57s
Rendered 1404/5513, time remaining: 7m 44s
Rendered 1405/5513, time remaining: 7m 45s
Rendered 1406/5513, time remaining: 7m 53s
Rendered 1407/5513, time remaining: 7m 55s
Rendered 1408/5513, time remaining: 7m 55s
Rendered 1409/5513, time remaining: 7m 56s
Rendered 1410/5513, time remaining: 7m 56s
Rendered 1411/5513, time remaining: 7m 55s
Rendered 1412/5513, time remaining: 7m 42s
Rendered 1413/5513, time remaining: 7m 44s
Rendered 1414/5513, time remaining: 7m 48s
Rendered 1415/5513, time remaining: 7m 54s
Rendered 1416/5513, time remaining: 7m 54s
Rendered 1417/5513, time remaining: 7m 54s
Rendered 1418/5513, time remaining: 7m 55s
Rendered 1419/5513, time remaining: 7m 57s
Rendered 1420/5513, time remaining: 7m 43s
Rendered 1421/5513, time remaining: 7m 44s
Rendered 1422/5513, time remaining: 7m 50s
Rendered 1423/5513, time remaining: 7m 53s
Rendered 1424/5513, time remaining: 7m 52s
Rendered 1425/5513, time remaining: 7m 53s
Rendered 1426/5513, time remaining: 7m 52s
Rendered 1427/5513, time remaining: 7m 54s
Rendered 1428/5513, time remaining: 7m 39s
Rendered 1429/5513, time remaining: 7m 42s
Rendered 1430/5513, time remaining: 7m 50s
Rendered 1431/5513, time remaining: 7m 50s
Rendered 1432/5513, time remaining: 7m 50s
Rendered 1433/5513, time remaining: 7m 49s
Rendered 1434/5513, time remaining: 7m 50s
Rendered 1435/5513, time remaining: 7m 50s
Rendered 1436/5513, time remaining: 7m 37s
Rendered 1437/5513, time remaining: 7m 39s
Rendered 1438/5513, time remaining: 7m 48s
Rendered 1439/5513, time remaining: 7m 48s
Rendered 1440/5513, time remaining: 7m 47s
Rendered 1441/5513, time remaining: 7m 47s
Rendered 1442/5513, time remaining: 7m 49s
Rendered 1443/5513, time remaining: 7m 48s
Rendered 1444/5513, time remaining: 7m 40s
Rendered 1445/5513, time remaining: 7m 35s
Rendered 1446/5513, time remaining: 7m 48s
Rendered 1447/5513, time remaining: 7m 48s
Rendered 1448/5513, time remaining: 7m 48s
Rendered 1449/5513, time remaining: 7m 48s
Rendered 1450/5513, time remaining: 7m 48s
Rendered 1451/5513, time remaining: 7m 47s
Rendered 1452/5513, time remaining: 7m 35s
Rendered 1453/5513, time remaining: 7m 37s
Rendered 1454/5513, time remaining: 7m 42s
Rendered 1455/5513, time remaining: 7m 46s
Rendered 1456/5513, time remaining: 7m 45s
Rendered 1457/5513, time remaining: 7m 48s
Rendered 1458/5513, time remaining: 7m 48s
Rendered 1459/5513, time remaining: 7m 46s
Rendered 1460/5513, time remaining: 7m 40s
Rendered 1461/5513, time remaining: 7m 40s
Rendered 1462/5513, time remaining: 7m 43s
Rendered 1463/5513, time remaining: 7m 42s
Rendered 1464/5513, time remaining: 7m 46s
Rendered 1465/5513, time remaining: 7m 47s
Rendered 1466/5513, time remaining: 7m 47s
Rendered 1467/5513, time remaining: 7m 42s
Rendered 1468/5513, time remaining: 7m 34s
Rendered 1469/5513, time remaining: 7m 36s
Rendered 1470/5513, time remaining: 7m 43s
Rendered 1471/5513, time remaining: 7m 43s
Rendered 1472/5513, time remaining: 7m 44s
Rendered 1473/5513, time remaining: 7m 44s
Rendered 1474/5513, time remaining: 7m 44s
Rendered 1475/5513, time remaining: 7m 45s
Rendered 1476/5513, time remaining: 7m 34s
Rendered 1477/5513, time remaining: 7m 37s
Rendered 1478/5513, time remaining: 7m 42s
Rendered 1479/5513, time remaining: 7m 40s
Rendered 1480/5513, time remaining: 7m 42s
Rendered 1481/5513, time remaining: 7m 42s
Rendered 1482/5513, time remaining: 7m 44s
Rendered 1483/5513, time remaining: 7m 41s
Rendered 1484/5513, time remaining: 7m 34s
Rendered 1485/5513, time remaining: 7m 36s
Rendered 1486/5513, time remaining: 7m 40s
Rendered 1487/5513, time remaining: 7m 40s
Rendered 1488/5513, time remaining: 7m 38s
Rendered 1489/5513, time remaining: 7m 38s
Rendered 1490/5513, time remaining: 7m 44s
Rendered 1491/5513, time remaining: 7m 44s
Rendered 1492/5513, time remaining: 7m 39s
Rendered 1493/5513, time remaining: 7m 39s
Rendered 1494/5513, time remaining: 7m 38s
Rendered 1495/5513, time remaining: 7m 37s
Rendered 1496/5513, time remaining: 7m 37s
Rendered 1497/5513, time remaining: 7m 38s
Rendered 1498/5513, time remaining: 7m 39s
Rendered 1499/5513, time remaining: 7m 38s
Rendered 1500/5513, time remaining: 7m 33s
Rendered 1501/5513, time remaining: 7m 39s
Rendered 1502/5513, time remaining: 7m 41s
Rendered 1503/5513, time remaining: 7m 38s
Rendered 1504/5513, time remaining: 7m 36s
Rendered 1505/5513, time remaining: 7m 36s
Rendered 1506/5513, time remaining: 7m 38s
Rendered 1507/5513, time remaining: 7m 36s
Rendered 1508/5513, time remaining: 7m 30s
Rendered 1509/5513, time remaining: 7m 33s
Rendered 1510/5513, time remaining: 7m 35s
Rendered 1511/5513, time remaining: 7m 36s
Rendered 1512/5513, time remaining: 7m 36s
Rendered 1513/5513, time remaining: 7m 35s
Rendered 1514/5513, time remaining: 7m 36s
Rendered 1515/5513, time remaining: 7m 38s
Rendered 1516/5513, time remaining: 7m 28s
Rendered 1517/5513, time remaining: 7m 29s
Rendered 1518/5513, time remaining: 7m 29s
Rendered 1519/5513, time remaining: 7m 31s
Rendered 1520/5513, time remaining: 7m 31s
Rendered 1521/5513, time remaining: 7m 33s
Rendered 1522/5513, time remaining: 7m 33s
Rendered 1523/5513, time remaining: 7m 32s
Rendered 1524/5513, time remaining: 7m 29s
Rendered 1525/5513, time remaining: 7m 26s
Rendered 1526/5513, time remaining: 7m 28s
Rendered 1527/5513, time remaining: 7m 27s
Rendered 1528/5513, time remaining: 7m 28s
Rendered 1529/5513, time remaining: 7m 30s
Rendered 1530/5513, time remaining: 7m 30s
Rendered 1531/5513, time remaining: 7m 30s
Rendered 1532/5513, time remaining: 7m 31s
Rendered 1533/5513, time remaining: 7m 24s
Rendered 1534/5513, time remaining: 7m 25s
Rendered 1535/5513, time remaining: 7m 24s
Rendered 1536/5513, time remaining: 7m 24s
Rendered 1537/5513, time remaining: 7m 28s
Rendered 1538/5513, time remaining: 7m 29s
Rendered 1539/5513, time remaining: 7m 33s
Rendered 1540/5513, time remaining: 7m 26s
Rendered 1541/5513, time remaining: 7m 26s
Rendered 1542/5513, time remaining: 7m 25s
Rendered 1543/5513, time remaining: 7m 27s
Rendered 1544/5513, time remaining: 7m 27s
Rendered 1545/5513, time remaining: 7m 31s
Rendered 1546/5513, time remaining: 7m 31s
Rendered 1547/5513, time remaining: 7m 33s
Rendered 1548/5513, time remaining: 7m 28s
Rendered 1549/5513, time remaining: 7m 28s
Rendered 1550/5513, time remaining: 7m 28s
Rendered 1551/5513, time remaining: 7m 27s
Rendered 1552/5513, time remaining: 7m 27s
Rendered 1553/5513, time remaining: 7m 31s
Rendered 1554/5513, time remaining: 7m 31s
Rendered 1555/5513, time remaining: 7m 33s
Rendered 1556/5513, time remaining: 7m 25s
Rendered 1557/5513, time remaining: 7m 27s
Rendered 1558/5513, time remaining: 7m 27s
Rendered 1559/5513, time remaining: 7m 26s
Rendered 1560/5513, time remaining: 7m 27s
Rendered 1561/5513, time remaining: 7m 29s
Rendered 1562/5513, time remaining: 7m 35s
Rendered 1563/5513, time remaining: 7m 33s
Rendered 1564/5513, time remaining: 7m 30s
Rendered 1565/5513, time remaining: 7m 26s
Rendered 1566/5513, time remaining: 7m 26s
Rendered 1567/5513, time remaining: 7m 25s
Rendered 1568/5513, time remaining: 7m 24s
Rendered 1569/5513, time remaining: 7m 24s
Rendered 1570/5513, time remaining: 7m 30s
Rendered 1571/5513, time remaining: 7m 29s
Rendered 1572/5513, time remaining: 7m 23s
Rendered 1573/5513, time remaining: 7m 24s
Rendered 1574/5513, time remaining: 7m 24s
Rendered 1575/5513, time remaining: 7m 24s
Rendered 1576/5513, time remaining: 7m 26s
Rendered 1577/5513, time remaining: 7m 26s
Rendered 1578/5513, time remaining: 7m 28s
Rendered 1579/5513, time remaining: 7m 25s
Rendered 1580/5513, time remaining: 7m 17s
Rendered 1581/5513, time remaining: 7m 20s
Rendered 1582/5513, time remaining: 7m 25s
Rendered 1583/5513, time remaining: 7m 24s
Rendered 1584/5513, time remaining: 7m 29s
Rendered 1585/5513, time remaining: 7m 32s
Rendered 1586/5513, time remaining: 7m 33s
Rendered 1587/5513, time remaining: 7m 29s
Rendered 1588/5513, time remaining: 7m 23s
Rendered 1589/5513, time remaining: 7m 23s
Rendered 1590/5513, time remaining: 7m 24s
Rendered 1591/5513, time remaining: 7m 25s
Rendered 1592/5513, time remaining: 7m 29s
Rendered 1593/5513, time remaining: 7m 33s
Rendered 1594/5513, time remaining: 7m 33s
Rendered 1595/5513, time remaining: 7m 33s
Rendered 1596/5513, time remaining: 7m 23s
Rendered 1597/5513, time remaining: 7m 23s
Rendered 1598/5513, time remaining: 7m 23s
Rendered 1599/5513, time remaining: 7m 23s
Rendered 1600/5513, time remaining: 7m 26s
Rendered 1601/5513, time remaining: 7m 35s
Rendered 1602/5513, time remaining: 7m 35s
Rendered 1603/5513, time remaining: 7m 32s
Rendered 1604/5513, time remaining: 7m 27s
Rendered 1605/5513, time remaining: 7m 25s
Rendered 1606/5513, time remaining: 7m 25s
Rendered 1607/5513, time remaining: 7m 22s
Rendered 1608/5513, time remaining: 7m 27s
Rendered 1609/5513, time remaining: 7m 33s
Rendered 1610/5513, time remaining: 7m 34s
Rendered 1611/5513, time remaining: 7m 34s
Rendered 1612/5513, time remaining: 7m 29s
Rendered 1613/5513, time remaining: 7m 30s
Rendered 1614/5513, time remaining: 7m 26s
Rendered 1615/5513, time remaining: 7m 28s
Rendered 1616/5513, time remaining: 7m 32s
Rendered 1617/5513, time remaining: 7m 36s
Rendered 1618/5513, time remaining: 7m 35s
Rendered 1619/5513, time remaining: 7m 38s
Rendered 1620/5513, time remaining: 7m 28s
Rendered 1621/5513, time remaining: 7m 29s
Rendered 1622/5513, time remaining: 7m 27s
Rendered 1623/5513, time remaining: 7m 27s
Rendered 1624/5513, time remaining: 7m 40s
Rendered 1625/5513, time remaining: 7m 39s
Rendered 1626/5513, time remaining: 7m 39s
Rendered 1627/5513, time remaining: 7m 38s
Rendered 1628/5513, time remaining: 7m 32s
Rendered 1629/5513, time remaining: 7m 32s
Rendered 1630/5513, time remaining: 7m 32s
Rendered 1631/5513, time remaining: 7m 33s
Rendered 1632/5513, time remaining: 7m 39s
Rendered 1633/5513, time remaining: 7m 41s
Rendered 1634/5513, time remaining: 7m 39s
Rendered 1635/5513, time remaining: 7m 39s
Rendered 1636/5513, time remaining: 7m 35s
Rendered 1637/5513, time remaining: 7m 37s
Rendered 1638/5513, time remaining: 7m 38s
Rendered 1639/5513, time remaining: 7m 39s
Rendered 1640/5513, time remaining: 7m 37s
Rendered 1641/5513, time remaining: 7m 36s
Rendered 1642/5513, time remaining: 7m 34s
Rendered 1643/5513, time remaining: 7m 35s
Rendered 1644/5513, time remaining: 7m 34s
Rendered 1645/5513, time remaining: 7m 36s
Rendered 1646/5513, time remaining: 7m 39s
Rendered 1647/5513, time remaining: 7m 40s
Rendered 1648/5513, time remaining: 7m 38s
Rendered 1649/5513, time remaining: 7m 41s
Rendered 1650/5513, time remaining: 7m 36s
Rendered 1651/5513, time remaining: 7m 30s
Rendered 1652/5513, time remaining: 7m 31s
Rendered 1653/5513, time remaining: 7m 34s
Rendered 1654/5513, time remaining: 7m 34s
Rendered 1655/5513, time remaining: 7m 38s
Rendered 1656/5513, time remaining: 7m 36s
Rendered 1657/5513, time remaining: 7m 39s
Rendered 1658/5513, time remaining: 7m 35s
Rendered 1659/5513, time remaining: 7m 31s
Rendered 1660/5513, time remaining: 7m 29s
Rendered 1661/5513, time remaining: 7m 28s
Rendered 1662/5513, time remaining: 7m 36s
Rendered 1663/5513, time remaining: 7m 37s
Rendered 1664/5513, time remaining: 7m 37s
Rendered 1665/5513, time remaining: 7m 35s
Rendered 1666/5513, time remaining: 7m 35s
Rendered 1667/5513, time remaining: 7m 31s
Rendered 1668/5513, time remaining: 7m 32s
Rendered 1669/5513, time remaining: 7m 31s
Rendered 1670/5513, time remaining: 7m 33s
Rendered 1671/5513, time remaining: 7m 31s
Rendered 1672/5513, time remaining: 7m 31s
Rendered 1673/5513, time remaining: 7m 31s
Rendered 1674/5513, time remaining: 7m 32s
Rendered 1675/5513, time remaining: 7m 32s
Rendered 1676/5513, time remaining: 7m 30s
Rendered 1677/5513, time remaining: 7m 30s
Rendered 1678/5513, time remaining: 7m 32s
Rendered 1679/5513, time remaining: 7m 30s
Rendered 1680/5513, time remaining: 7m 32s
Rendered 1681/5513, time remaining: 7m 32s
Rendered 1682/5513, time remaining: 7m 33s
Rendered 1683/5513, time remaining: 7m 32s
Rendered 1684/5513, time remaining: 7m 31s
Rendered 1685/5513, time remaining: 7m 32s
Rendered 1686/5513, time remaining: 7m 32s
Rendered 1687/5513, time remaining: 7m 29s
Rendered 1688/5513, time remaining: 7m 29s
Rendered 1689/5513, time remaining: 7m 26s
Rendered 1690/5513, time remaining: 7m 26s
Rendered 1691/5513, time remaining: 7m 28s
Rendered 1692/5513, time remaining: 7m 28s
Rendered 1693/5513, time remaining: 7m 26s
Rendered 1694/5513, time remaining: 7m 27s
Rendered 1695/5513, time remaining: 7m 22s
Rendered 1696/5513, time remaining: 7m 22s
Rendered 1697/5513, time remaining: 7m 24s
Rendered 1698/5513, time remaining: 7m 25s
Rendered 1699/5513, time remaining: 7m 22s
Rendered 1700/5513, time remaining: 7m 25s
Rendered 1701/5513, time remaining: 7m 25s
Rendered 1702/5513, time remaining: 7m 25s
Rendered 1703/5513, time remaining: 7m 20s
Rendered 1704/5513, time remaining: 7m 25s
Rendered 1705/5513, time remaining: 7m 27s
Rendered 1706/5513, time remaining: 7m 29s
Rendered 1707/5513, time remaining: 7m 24s
Rendered 1708/5513, time remaining: 7m 24s
Rendered 1709/5513, time remaining: 7m 24s
Rendered 1710/5513, time remaining: 7m 22s
Rendered 1711/5513, time remaining: 7m 19s
Rendered 1712/5513, time remaining: 7m 20s
Rendered 1713/5513, time remaining: 7m 27s
Rendered 1714/5513, time remaining: 7m 27s
Rendered 1715/5513, time remaining: 7m 25s
Rendered 1716/5513, time remaining: 7m 25s
Rendered 1717/5513, time remaining: 7m 25s
Rendered 1718/5513, time remaining: 7m 25s
Rendered 1719/5513, time remaining: 7m 22s
Rendered 1720/5513, time remaining: 7m 20s
Rendered 1721/5513, time remaining: 7m 27s
Rendered 1722/5513, time remaining: 7m 29s
Rendered 1723/5513, time remaining: 7m 25s
Rendered 1724/5513, time remaining: 7m 25s
Rendered 1725/5513, time remaining: 7m 26s
Rendered 1726/5513, time remaining: 7m 24s
Rendered 1727/5513, time remaining: 7m 22s
Rendered 1728/5513, time remaining: 7m 22s
Rendered 1729/5513, time remaining: 7m 30s
Rendered 1730/5513, time remaining: 7m 30s
Rendered 1731/5513, time remaining: 7m 27s
Rendered 1732/5513, time remaining: 7m 24s
Rendered 1733/5513, time remaining: 7m 24s
Rendered 1734/5513, time remaining: 7m 18s
Rendered 1735/5513, time remaining: 7m 15s
Rendered 1736/5513, time remaining: 7m 18s
Rendered 1737/5513, time remaining: 7m 25s
Rendered 1738/5513, time remaining: 7m 25s
Rendered 1739/5513, time remaining: 7m 24s
Rendered 1740/5513, time remaining: 7m 24s
Rendered 1741/5513, time remaining: 7m 23s
Rendered 1742/5513, time remaining: 7m 17s
Rendered 1743/5513, time remaining: 7m 13s
Rendered 1744/5513, time remaining: 7m 13s
Rendered 1745/5513, time remaining: 7m 21s
Rendered 1746/5513, time remaining: 7m 21s
Rendered 1747/5513, time remaining: 7m 23s
Rendered 1748/5513, time remaining: 7m 22s
Rendered 1749/5513, time remaining: 7m 22s
Rendered 1750/5513, time remaining: 7m 21s
Rendered 1751/5513, time remaining: 7m 12s
Rendered 1752/5513, time remaining: 7m 14s
Rendered 1753/5513, time remaining: 7m 17s
Rendered 1754/5513, time remaining: 7m 19s
Rendered 1755/5513, time remaining: 7m 17s
Rendered 1756/5513, time remaining: 7m 19s
Rendered 1757/5513, time remaining: 7m 19s
Rendered 1758/5513, time remaining: 7m 15s
Rendered 1759/5513, time remaining: 7m 10s
Rendered 1760/5513, time remaining: 7m 8s
Rendered 1761/5513, time remaining: 7m 11s
Rendered 1762/5513, time remaining: 7m 13s
Rendered 1763/5513, time remaining: 7m 13s
Rendered 1764/5513, time remaining: 7m 13s
Rendered 1765/5513, time remaining: 7m 13s
Rendered 1766/5513, time remaining: 7m 9s
Rendered 1767/5513, time remaining: 7m 5s
Rendered 1768/5513, time remaining: 7m 8s
Rendered 1769/5513, time remaining: 7m 10s
Rendered 1770/5513, time remaining: 7m 10s
Rendered 1771/5513, time remaining: 7m 10s
Rendered 1772/5513, time remaining: 7m 10s
Rendered 1773/5513, time remaining: 7m 17s
Rendered 1774/5513, time remaining: 7m 3s
Rendered 1775/5513, time remaining: 7m 1s
Rendered 1776/5513, time remaining: 7m 1s
Rendered 1777/5513, time remaining: 7m 5s
Rendered 1778/5513, time remaining: 7m 5s
Rendered 1779/5513, time remaining: 7m 4s
Rendered 1780/5513, time remaining: 7m 6s
Rendered 1781/5513, time remaining: 7m 8s
Rendered 1782/5513, time remaining: 7m 3s
Rendered 1783/5513, time remaining: 7m 2s
Rendered 1784/5513, time remaining: 7m 2s
Rendered 1785/5513, time remaining: 7m 0s
Rendered 1786/5513, time remaining: 7m 0s
Rendered 1787/5513, time remaining: 6m 58s
Rendered 1788/5513, time remaining: 6m 55s
Rendered 1789/5513, time remaining: 7m 2s
Rendered 1790/5513, time remaining: 7m 1s
Rendered 1791/5513, time remaining: 7m 3s
Rendered 1792/5513, time remaining: 7m 2s
Rendered 1793/5513, time remaining: 7m 0s
Rendered 1794/5513, time remaining: 7m 2s
Rendered 1795/5513, time remaining: 7m 0s
Rendered 1796/5513, time remaining: 6m 58s
Rendered 1797/5513, time remaining: 6m 59s
Rendered 1798/5513, time remaining: 7m 1s
Rendered 1799/5513, time remaining: 7m 1s
Rendered 1800/5513, time remaining: 7m 1s
Rendered 1801/5513, time remaining: 7m 0s
Rendered 1802/5513, time remaining: 6m 57s
Rendered 1803/5513, time remaining: 6m 57s
Rendered 1804/5513, time remaining: 6m 56s
Rendered 1805/5513, time remaining: 6m 55s
Rendered 1806/5513, time remaining: 6m 57s
Rendered 1807/5513, time remaining: 7m 1s
Rendered 1808/5513, time remaining: 7m 2s
Rendered 1809/5513, time remaining: 7m 1s
Rendered 1810/5513, time remaining: 7m 2s
Rendered 1811/5513, time remaining: 7m 2s
Rendered 1812/5513, time remaining: 6m 54s
Rendered 1813/5513, time remaining: 6m 55s
Rendered 1814/5513, time remaining: 6m 54s
Rendered 1815/5513, time remaining: 7m 4s
Rendered 1816/5513, time remaining: 7m 1s
Rendered 1817/5513, time remaining: 7m 0s
Rendered 1818/5513, time remaining: 7m 0s
Rendered 1819/5513, time remaining: 6m 58s
Rendered 1820/5513, time remaining: 6m 56s
Rendered 1821/5513, time remaining: 6m 55s
Rendered 1822/5513, time remaining: 6m 54s
Rendered 1823/5513, time remaining: 7m 3s
Rendered 1824/5513, time remaining: 7m 1s
Rendered 1825/5513, time remaining: 6m 58s
Rendered 1826/5513, time remaining: 6m 58s
Rendered 1827/5513, time remaining: 6m 58s
Rendered 1828/5513, time remaining: 6m 55s
Rendered 1829/5513, time remaining: 6m 55s
Rendered 1830/5513, time remaining: 6m 53s
Rendered 1831/5513, time remaining: 7m 1s
Rendered 1832/5513, time remaining: 6m 59s
Rendered 1833/5513, time remaining: 6m 59s
Rendered 1834/5513, time remaining: 6m 57s
Rendered 1835/5513, time remaining: 6m 56s
Rendered 1836/5513, time remaining: 6m 56s
Rendered 1837/5513, time remaining: 6m 55s
Rendered 1838/5513, time remaining: 6m 53s
Rendered 1839/5513, time remaining: 7m 5s
Rendered 1840/5513, time remaining: 7m 1s
Rendered 1841/5513, time remaining: 6m 57s
Rendered 1842/5513, time remaining: 6m 57s
Rendered 1843/5513, time remaining: 6m 56s
Rendered 1844/5513, time remaining: 6m 56s
Rendered 1845/5513, time remaining: 6m 57s
Rendered 1846/5513, time remaining: 6m 56s
Rendered 1847/5513, time remaining: 7m 4s
Rendered 1848/5513, time remaining: 6m 59s
Rendered 1849/5513, time remaining: 7m 0s
Rendered 1850/5513, time remaining: 6m 57s
Rendered 1851/5513, time remaining: 6m 56s
Rendered 1852/5513, time remaining: 6m 56s
Rendered 1853/5513, time remaining: 6m 56s
Rendered 1854/5513, time remaining: 6m 52s
Rendered 1855/5513, time remaining: 6m 59s
Rendered 1856/5513, time remaining: 6m 57s
Rendered 1857/5513, time remaining: 6m 57s
Rendered 1858/5513, time remaining: 6m 57s
Rendered 1859/5513, time remaining: 6m 56s
Rendered 1860/5513, time remaining: 6m 56s
Rendered 1861/5513, time remaining: 6m 56s
Rendered 1862/5513, time remaining: 6m 50s
Rendered 1863/5513, time remaining: 6m 55s
Rendered 1864/5513, time remaining: 6m 55s
Rendered 1865/5513, time remaining: 6m 54s
Rendered 1866/5513, time remaining: 6m 54s
Rendered 1867/5513, time remaining: 6m 54s
Rendered 1868/5513, time remaining: 6m 54s
Rendered 1869/5513, time remaining: 6m 54s
Rendered 1870/5513, time remaining: 6m 52s
Rendered 1871/5513, time remaining: 6m 55s
Rendered 1872/5513, time remaining: 6m 53s
Rendered 1873/5513, time remaining: 6m 53s
Rendered 1874/5513, time remaining: 6m 53s
Rendered 1875/5513, time remaining: 6m 52s
Rendered 1876/5513, time remaining: 6m 52s
Rendered 1877/5513, time remaining: 6m 51s
Rendered 1878/5513, time remaining: 6m 53s
Rendered 1879/5513, time remaining: 6m 52s
Rendered 1880/5513, time remaining: 6m 52s
Rendered 1881/5513, time remaining: 6m 53s
Rendered 1882/5513, time remaining: 6m 51s
Rendered 1883/5513, time remaining: 6m 51s
Rendered 1884/5513, time remaining: 6m 51s
Rendered 1885/5513, time remaining: 6m 53s
Rendered 1886/5513, time remaining: 6m 49s
Rendered 1887/5513, time remaining: 6m 51s
Rendered 1888/5513, time remaining: 6m 50s
Rendered 1889/5513, time remaining: 6m 53s
Rendered 1890/5513, time remaining: 6m 52s
Rendered 1891/5513, time remaining: 6m 52s
Rendered 1892/5513, time remaining: 6m 54s
Rendered 1893/5513, time remaining: 6m 56s
Rendered 1894/5513, time remaining: 6m 56s
Rendered 1895/5513, time remaining: 6m 54s
Rendered 1896/5513, time remaining: 6m 54s
Rendered 1897/5513, time remaining: 6m 52s
Rendered 1898/5513, time remaining: 6m 53s
Rendered 1899/5513, time remaining: 6m 53s
Rendered 1900/5513, time remaining: 6m 53s
Rendered 1901/5513, time remaining: 6m 53s
Rendered 1902/5513, time remaining: 6m 52s
Rendered 1903/5513, time remaining: 6m 56s
Rendered 1904/5513, time remaining: 6m 54s
Rendered 1905/5513, time remaining: 6m 55s
Rendered 1906/5513, time remaining: 6m 53s
Rendered 1907/5513, time remaining: 6m 53s
Rendered 1908/5513, time remaining: 6m 52s
Rendered 1909/5513, time remaining: 6m 52s
Rendered 1910/5513, time remaining: 6m 51s
Rendered 1911/5513, time remaining: 6m 58s
Rendered 1912/5513, time remaining: 6m 55s
Rendered 1913/5513, time remaining: 6m 55s
Rendered 1914/5513, time remaining: 6m 55s
Rendered 1915/5513, time remaining: 6m 54s
Rendered 1916/5513, time remaining: 6m 53s
Rendered 1917/5513, time remaining: 6m 54s
Rendered 1918/5513, time remaining: 6m 52s
Rendered 1919/5513, time remaining: 6m 53s
Rendered 1920/5513, time remaining: 6m 53s
Rendered 1921/5513, time remaining: 6m 54s
Rendered 1922/5513, time remaining: 6m 56s
Rendered 1923/5513, time remaining: 6m 49s
Rendered 1924/5513, time remaining: 6m 50s
Rendered 1925/5513, time remaining: 6m 53s
Rendered 1926/5513, time remaining: 6m 53s
Rendered 1927/5513, time remaining: 6m 52s
Rendered 1928/5513, time remaining: 6m 51s
Rendered 1929/5513, time remaining: 6m 52s
Rendered 1930/5513, time remaining: 6m 50s
Rendered 1931/5513, time remaining: 6m 52s
Rendered 1932/5513, time remaining: 6m 50s
Rendered 1933/5513, time remaining: 6m 49s
Rendered 1934/5513, time remaining: 6m 51s
Rendered 1935/5513, time remaining: 6m 51s
Rendered 1936/5513, time remaining: 6m 52s
Rendered 1937/5513, time remaining: 6m 52s
Rendered 1938/5513, time remaining: 6m 51s
Rendered 1939/5513, time remaining: 6m 50s
Rendered 1940/5513, time remaining: 6m 48s
Rendered 1941/5513, time remaining: 6m 48s
Rendered 1942/5513, time remaining: 6m 51s
Rendered 1943/5513, time remaining: 6m 51s
Rendered 1944/5513, time remaining: 6m 49s
Rendered 1945/5513, time remaining: 6m 48s
Rendered 1946/5513, time remaining: 6m 49s
Rendered 1947/5513, time remaining: 6m 52s
Rendered 1948/5513, time remaining: 6m 49s
Rendered 1949/5513, time remaining: 6m 46s
Rendered 1950/5513, time remaining: 6m 48s
Rendered 1951/5513, time remaining: 6m 48s
Rendered 1952/5513, time remaining: 6m 49s
Rendered 1953/5513, time remaining: 6m 47s
Rendered 1954/5513, time remaining: 6m 53s
Rendered 1955/5513, time remaining: 6m 53s
Rendered 1956/5513, time remaining: 6m 52s
Rendered 1957/5513, time remaining: 6m 46s
Rendered 1958/5513, time remaining: 6m 45s
Rendered 1959/5513, time remaining: 6m 45s
Rendered 1960/5513, time remaining: 6m 45s
Rendered 1961/5513, time remaining: 6m 45s
Rendered 1962/5513, time remaining: 6m 50s
Rendered 1963/5513, time remaining: 6m 53s
Rendered 1964/5513, time remaining: 6m 52s
Rendered 1965/5513, time remaining: 6m 43s
Rendered 1966/5513, time remaining: 6m 43s
Rendered 1967/5513, time remaining: 6m 43s
Rendered 1968/5513, time remaining: 6m 42s
Rendered 1969/5513, time remaining: 6m 42s
Rendered 1970/5513, time remaining: 6m 43s
Rendered 1971/5513, time remaining: 6m 52s
Rendered 1972/5513, time remaining: 6m 53s
Rendered 1973/5513, time remaining: 6m 44s
Rendered 1974/5513, time remaining: 6m 42s
Rendered 1975/5513, time remaining: 6m 42s
Rendered 1976/5513, time remaining: 6m 43s
Rendered 1977/5513, time remaining: 6m 42s
Rendered 1978/5513, time remaining: 6m 41s
Rendered 1979/5513, time remaining: 6m 51s
Rendered 1980/5513, time remaining: 6m 52s
Rendered 1981/5513, time remaining: 6m 44s
Rendered 1982/5513, time remaining: 6m 41s
Rendered 1983/5513, time remaining: 6m 41s
Rendered 1984/5513, time remaining: 6m 40s
Rendered 1985/5513, time remaining: 6m 40s
Rendered 1986/5513, time remaining: 6m 41s
Rendered 1987/5513, time remaining: 6m 52s
Rendered 1988/5513, time remaining: 6m 53s
Rendered 1989/5513, time remaining: 6m 40s
Rendered 1990/5513, time remaining: 6m 40s
Rendered 1991/5513, time remaining: 6m 41s
Rendered 1992/5513, time remaining: 6m 41s
Rendered 1993/5513, time remaining: 6m 41s
Rendered 1994/5513, time remaining: 6m 41s
Rendered 1995/5513, time remaining: 6m 43s
Rendered 1996/5513, time remaining: 6m 49s
Rendered 1997/5513, time remaining: 6m 37s
Rendered 1998/5513, time remaining: 6m 40s
Rendered 1999/5513, time remaining: 6m 41s
Rendered 2000/5513, time remaining: 6m 41s
Rendered 2001/5513, time remaining: 6m 41s
Rendered 2002/5513, time remaining: 6m 41s
Rendered 2003/5513, time remaining: 6m 41s
Rendered 2004/5513, time remaining: 6m 47s
Rendered 2005/5513, time remaining: 6m 37s
Rendered 2006/5513, time remaining: 6m 39s
Rendered 2007/5513, time remaining: 6m 39s
Rendered 2008/5513, time remaining: 6m 39s
Rendered 2009/5513, time remaining: 6m 39s
Rendered 2010/5513, time remaining: 6m 39s
Rendered 2011/5513, time remaining: 6m 39s
Rendered 2012/5513, time remaining: 6m 41s
Rendered 2013/5513, time remaining: 6m 33s
Rendered 2014/5513, time remaining: 6m 38s
Rendered 2015/5513, time remaining: 6m 38s
Rendered 2016/5513, time remaining: 6m 38s
Rendered 2017/5513, time remaining: 6m 38s
Rendered 2018/5513, time remaining: 6m 38s
Rendered 2019/5513, time remaining: 6m 38s
Rendered 2020/5513, time remaining: 6m 38s
Rendered 2021/5513, time remaining: 6m 38s
Rendered 2022/5513, time remaining: 6m 38s
Rendered 2023/5513, time remaining: 6m 38s
Rendered 2024/5513, time remaining: 6m 37s
Rendered 2025/5513, time remaining: 6m 37s
Rendered 2026/5513, time remaining: 6m 37s
Rendered 2027/5513, time remaining: 6m 37s
Rendered 2028/5513, time remaining: 6m 34s
Rendered 2029/5513, time remaining: 6m 37s
Rendered 2030/5513, time remaining: 6m 37s
Rendered 2031/5513, time remaining: 6m 36s
Rendered 2032/5513, time remaining: 6m 36s
Rendered 2033/5513, time remaining: 6m 36s
Rendered 2034/5513, time remaining: 6m 36s
Rendered 2035/5513, time remaining: 6m 34s
Rendered 2036/5513, time remaining: 6m 34s
Rendered 2037/5513, time remaining: 6m 37s
Rendered 2038/5513, time remaining: 6m 36s
Rendered 2039/5513, time remaining: 6m 33s
Rendered 2040/5513, time remaining: 6m 33s
Rendered 2041/5513, time remaining: 6m 33s
Rendered 2042/5513, time remaining: 6m 30s
Rendered 2043/5513, time remaining: 6m 28s
Rendered 2044/5513, time remaining: 6m 28s
Rendered 2045/5513, time remaining: 6m 33s
Rendered 2046/5513, time remaining: 6m 30s
Rendered 2047/5513, time remaining: 6m 30s
Rendered 2048/5513, time remaining: 6m 30s
Rendered 2049/5513, time remaining: 6m 29s
Rendered 2050/5513, time remaining: 6m 28s
Rendered 2051/5513, time remaining: 6m 28s
Rendered 2052/5513, time remaining: 6m 28s
Rendered 2053/5513, time remaining: 6m 31s
Rendered 2054/5513, time remaining: 6m 30s
Rendered 2055/5513, time remaining: 6m 29s
Rendered 2056/5513, time remaining: 6m 29s
Rendered 2057/5513, time remaining: 6m 28s
Rendered 2058/5513, time remaining: 6m 28s
Rendered 2059/5513, time remaining: 6m 27s
Rendered 2060/5513, time remaining: 6m 27s
Rendered 2061/5513, time remaining: 6m 30s
Rendered 2062/5513, time remaining: 6m 30s
Rendered 2063/5513, time remaining: 6m 29s
Rendered 2064/5513, time remaining: 6m 29s
Rendered 2065/5513, time remaining: 6m 27s
Rendered 2066/5513, time remaining: 6m 27s
Rendered 2067/5513, time remaining: 6m 26s
Rendered 2068/5513, time remaining: 6m 25s
Rendered 2069/5513, time remaining: 6m 30s
Rendered 2070/5513, time remaining: 6m 30s
Rendered 2071/5513, time remaining: 6m 29s
Rendered 2072/5513, time remaining: 6m 27s
Rendered 2073/5513, time remaining: 6m 26s
Rendered 2074/5513, time remaining: 6m 26s
Rendered 2075/5513, time remaining: 6m 23s
Rendered 2076/5513, time remaining: 6m 23s
Rendered 2077/5513, time remaining: 6m 30s
Rendered 2078/5513, time remaining: 6m 31s
Rendered 2079/5513, time remaining: 6m 30s
Rendered 2080/5513, time remaining: 6m 29s
Rendered 2081/5513, time remaining: 6m 23s
Rendered 2082/5513, time remaining: 6m 23s
Rendered 2083/5513, time remaining: 6m 22s
Rendered 2084/5513, time remaining: 6m 22s
Rendered 2085/5513, time remaining: 6m 29s
Rendered 2086/5513, time remaining: 6m 28s
Rendered 2087/5513, time remaining: 6m 28s
Rendered 2088/5513, time remaining: 6m 29s
Rendered 2089/5513, time remaining: 6m 23s
Rendered 2090/5513, time remaining: 6m 23s
Rendered 2091/5513, time remaining: 6m 21s
Rendered 2092/5513, time remaining: 6m 18s
Rendered 2093/5513, time remaining: 6m 29s
Rendered 2094/5513, time remaining: 6m 29s
Rendered 2095/5513, time remaining: 6m 29s
Rendered 2096/5513, time remaining: 6m 28s
Rendered 2097/5513, time remaining: 6m 21s
Rendered 2098/5513, time remaining: 6m 23s
Rendered 2099/5513, time remaining: 6m 22s
Rendered 2100/5513, time remaining: 6m 21s
Rendered 2101/5513, time remaining: 6m 27s
Rendered 2102/5513, time remaining: 6m 27s
Rendered 2103/5513, time remaining: 6m 31s
Rendered 2104/5513, time remaining: 6m 25s
Rendered 2105/5513, time remaining: 6m 22s
Rendered 2106/5513, time remaining: 6m 22s
Rendered 2107/5513, time remaining: 6m 22s
Rendered 2108/5513, time remaining: 6m 22s
Rendered 2109/5513, time remaining: 6m 25s
Rendered 2110/5513, time remaining: 6m 29s
Rendered 2111/5513, time remaining: 6m 30s
Rendered 2112/5513, time remaining: 6m 25s
Rendered 2113/5513, time remaining: 6m 20s
Rendered 2114/5513, time remaining: 6m 20s
Rendered 2115/5513, time remaining: 6m 22s
Rendered 2116/5513, time remaining: 6m 22s
Rendered 2117/5513, time remaining: 6m 25s
Rendered 2118/5513, time remaining: 6m 28s
Rendered 2119/5513, time remaining: 6m 28s
Rendered 2120/5513, time remaining: 6m 28s
Rendered 2121/5513, time remaining: 6m 20s
Rendered 2122/5513, time remaining: 6m 19s
Rendered 2123/5513, time remaining: 6m 19s
Rendered 2124/5513, time remaining: 6m 21s
Rendered 2125/5513, time remaining: 6m 25s
Rendered 2126/5513, time remaining: 6m 28s
Rendered 2127/5513, time remaining: 6m 28s
Rendered 2128/5513, time remaining: 6m 33s
Rendered 2129/5513, time remaining: 6m 24s
Rendered 2130/5513, time remaining: 6m 23s
Rendered 2131/5513, time remaining: 6m 22s
Rendered 2132/5513, time remaining: 6m 23s
Rendered 2133/5513, time remaining: 6m 25s
Rendered 2134/5513, time remaining: 6m 26s
Rendered 2135/5513, time remaining: 6m 27s
Rendered 2136/5513, time remaining: 6m 35s
Rendered 2137/5513, time remaining: 6m 24s
Rendered 2138/5513, time remaining: 6m 23s
Rendered 2139/5513, time remaining: 6m 23s
Rendered 2140/5513, time remaining: 6m 23s
Rendered 2141/5513, time remaining: 6m 21s
Rendered 2142/5513, time remaining: 6m 21s
Rendered 2143/5513, time remaining: 6m 21s
Rendered 2144/5513, time remaining: 6m 31s
Rendered 2145/5513, time remaining: 6m 27s
Rendered 2146/5513, time remaining: 6m 24s
Rendered 2147/5513, time remaining: 6m 24s
Rendered 2148/5513, time remaining: 6m 21s
Rendered 2149/5513, time remaining: 6m 19s
Rendered 2150/5513, time remaining: 6m 20s
Rendered 2151/5513, time remaining: 6m 22s
Rendered 2152/5513, time remaining: 6m 31s
Rendered 2153/5513, time remaining: 6m 30s
Rendered 2154/5513, time remaining: 6m 26s
Rendered 2155/5513, time remaining: 6m 24s
Rendered 2156/5513, time remaining: 6m 22s
Rendered 2157/5513, time remaining: 6m 22s
Rendered 2158/5513, time remaining: 6m 22s
Rendered 2159/5513, time remaining: 6m 25s
Rendered 2160/5513, time remaining: 6m 31s
Rendered 2161/5513, time remaining: 6m 32s
Rendered 2162/5513, time remaining: 6m 30s
Rendered 2163/5513, time remaining: 6m 26s
Rendered 2164/5513, time remaining: 6m 21s
Rendered 2165/5513, time remaining: 6m 21s
Rendered 2166/5513, time remaining: 6m 21s
Rendered 2167/5513, time remaining: 6m 21s
Rendered 2168/5513, time remaining: 6m 30s
Rendered 2169/5513, time remaining: 6m 30s
Rendered 2170/5513, time remaining: 6m 32s
Rendered 2171/5513, time remaining: 6m 22s
Rendered 2172/5513, time remaining: 6m 21s
Rendered 2173/5513, time remaining: 6m 21s
Rendered 2174/5513, time remaining: 6m 21s
Rendered 2175/5513, time remaining: 6m 23s
Rendered 2176/5513, time remaining: 6m 27s
Rendered 2177/5513, time remaining: 6m 27s
Rendered 2178/5513, time remaining: 6m 36s
Rendered 2179/5513, time remaining: 6m 24s
Rendered 2180/5513, time remaining: 6m 24s
Rendered 2181/5513, time remaining: 6m 24s
Rendered 2182/5513, time remaining: 6m 25s
Rendered 2183/5513, time remaining: 6m 25s
Rendered 2184/5513, time remaining: 6m 25s
Rendered 2185/5513, time remaining: 6m 25s
Rendered 2186/5513, time remaining: 6m 36s
Rendered 2187/5513, time remaining: 6m 25s
Rendered 2188/5513, time remaining: 6m 25s
Rendered 2189/5513, time remaining: 6m 25s
Rendered 2190/5513, time remaining: 6m 25s
Rendered 2191/5513, time remaining: 6m 25s
Rendered 2192/5513, time remaining: 6m 25s
Rendered 2193/5513, time remaining: 6m 25s
Rendered 2194/5513, time remaining: 6m 36s
Rendered 2195/5513, time remaining: 6m 26s
Rendered 2196/5513, time remaining: 6m 26s
Rendered 2197/5513, time remaining: 6m 27s
Rendered 2198/5513, time remaining: 6m 26s
Rendered 2199/5513, time remaining: 6m 26s
Rendered 2200/5513, time remaining: 6m 26s
Rendered 2201/5513, time remaining: 6m 28s
Rendered 2202/5513, time remaining: 6m 35s
Rendered 2203/5513, time remaining: 6m 25s
Rendered 2204/5513, time remaining: 6m 25s
Rendered 2205/5513, time remaining: 6m 25s
Rendered 2206/5513, time remaining: 6m 25s
Rendered 2207/5513, time remaining: 6m 26s
Rendered 2208/5513, time remaining: 6m 26s
Rendered 2209/5513, time remaining: 6m 33s
Rendered 2210/5513, time remaining: 6m 36s
Rendered 2211/5513, time remaining: 6m 25s
Rendered 2212/5513, time remaining: 6m 25s
Rendered 2213/5513, time remaining: 6m 25s
Rendered 2214/5513, time remaining: 6m 25s
Rendered 2215/5513, time remaining: 6m 27s
Rendered 2216/5513, time remaining: 6m 27s
Rendered 2217/5513, time remaining: 6m 32s
Rendered 2218/5513, time remaining: 6m 34s
Rendered 2219/5513, time remaining: 6m 23s
Rendered 2220/5513, time remaining: 6m 23s
Rendered 2221/5513, time remaining: 6m 25s
Rendered 2222/5513, time remaining: 6m 26s
Rendered 2223/5513, time remaining: 6m 26s
Rendered 2224/5513, time remaining: 6m 26s
Rendered 2225/5513, time remaining: 6m 29s
Rendered 2226/5513, time remaining: 6m 32s
Rendered 2227/5513, time remaining: 6m 24s
Rendered 2228/5513, time remaining: 6m 25s
Rendered 2229/5513, time remaining: 6m 25s
Rendered 2230/5513, time remaining: 6m 26s
Rendered 2231/5513, time remaining: 6m 25s
Rendered 2232/5513, time remaining: 6m 27s
Rendered 2233/5513, time remaining: 6m 28s
Rendered 2234/5513, time remaining: 6m 31s
Rendered 2235/5513, time remaining: 6m 23s
Rendered 2236/5513, time remaining: 6m 26s
Rendered 2237/5513, time remaining: 6m 25s
Rendered 2238/5513, time remaining: 6m 26s
Rendered 2239/5513, time remaining: 6m 26s
Rendered 2240/5513, time remaining: 6m 26s
Rendered 2241/5513, time remaining: 6m 26s
Rendered 2242/5513, time remaining: 6m 30s
Rendered 2243/5513, time remaining: 6m 19s
Rendered 2244/5513, time remaining: 6m 19s
Rendered 2245/5513, time remaining: 6m 23s
Rendered 2246/5513, time remaining: 6m 23s
Rendered 2247/5513, time remaining: 6m 24s
Rendered 2248/5513, time remaining: 6m 24s
Rendered 2249/5513, time remaining: 6m 25s
Rendered 2250/5513, time remaining: 6m 26s
Rendered 2251/5513, time remaining: 6m 21s
Rendered 2252/5513, time remaining: 6m 24s
Rendered 2253/5513, time remaining: 6m 20s
Rendered 2254/5513, time remaining: 6m 21s
Rendered 2255/5513, time remaining: 6m 24s
Rendered 2256/5513, time remaining: 6m 23s
Rendered 2257/5513, time remaining: 6m 23s
Rendered 2258/5513, time remaining: 6m 23s
Rendered 2259/5513, time remaining: 6m 18s
Rendered 2260/5513, time remaining: 6m 18s
Rendered 2261/5513, time remaining: 6m 19s
Rendered 2262/5513, time remaining: 6m 23s
Rendered 2263/5513, time remaining: 6m 23s
Rendered 2264/5513, time remaining: 6m 24s
Rendered 2265/5513, time remaining: 6m 22s
Rendered 2266/5513, time remaining: 6m 23s
Rendered 2267/5513, time remaining: 6m 20s
Rendered 2268/5513, time remaining: 6m 18s
Rendered 2269/5513, time remaining: 6m 18s
Rendered 2270/5513, time remaining: 6m 21s
Rendered 2271/5513, time remaining: 6m 21s
Rendered 2272/5513, time remaining: 6m 22s
Rendered 2273/5513, time remaining: 6m 22s
Rendered 2274/5513, time remaining: 6m 21s
Rendered 2275/5513, time remaining: 6m 16s
Rendered 2276/5513, time remaining: 6m 16s
Rendered 2277/5513, time remaining: 6m 16s
Rendered 2278/5513, time remaining: 6m 11s
Rendered 2279/5513, time remaining: 6m 16s
Rendered 2280/5513, time remaining: 6m 16s
Rendered 2281/5513, time remaining: 6m 16s
Rendered 2282/5513, time remaining: 6m 17s
Rendered 2283/5513, time remaining: 6m 17s
Rendered 2284/5513, time remaining: 6m 17s
Rendered 2285/5513, time remaining: 6m 17s
Rendered 2286/5513, time remaining: 6m 10s
Rendered 2287/5513, time remaining: 6m 11s
Rendered 2288/5513, time remaining: 6m 11s
Rendered 2289/5513, time remaining: 6m 14s
Rendered 2290/5513, time remaining: 6m 16s
Rendered 2291/5513, time remaining: 6m 19s
Rendered 2292/5513, time remaining: 6m 19s
Rendered 2293/5513, time remaining: 6m 19s
Rendered 2294/5513, time remaining: 6m 10s
Rendered 2295/5513, time remaining: 6m 10s
Rendered 2296/5513, time remaining: 6m 9s
Rendered 2297/5513, time remaining: 6m 11s
Rendered 2298/5513, time remaining: 6m 15s
Rendered 2299/5513, time remaining: 6m 17s
Rendered 2300/5513, time remaining: 6m 17s
Rendered 2301/5513, time remaining: 6m 14s
Rendered 2302/5513, time remaining: 6m 9s
Rendered 2303/5513, time remaining: 6m 10s
Rendered 2304/5513, time remaining: 6m 8s
Rendered 2305/5513, time remaining: 6m 11s
Rendered 2306/5513, time remaining: 6m 12s
Rendered 2307/5513, time remaining: 6m 13s
Rendered 2308/5513, time remaining: 6m 14s
Rendered 2309/5513, time remaining: 6m 11s
Rendered 2310/5513, time remaining: 6m 5s
Rendered 2311/5513, time remaining: 6m 6s
Rendered 2312/5513, time remaining: 6m 5s
Rendered 2313/5513, time remaining: 6m 6s
Rendered 2314/5513, time remaining: 6m 9s
Rendered 2315/5513, time remaining: 6m 13s
Rendered 2316/5513, time remaining: 6m 13s
Rendered 2317/5513, time remaining: 6m 13s
Rendered 2318/5513, time remaining: 6m 5s
Rendered 2319/5513, time remaining: 6m 4s
Rendered 2320/5513, time remaining: 6m 2s
Rendered 2321/5513, time remaining: 6m 3s
Rendered 2322/5513, time remaining: 6m 8s
Rendered 2323/5513, time remaining: 6m 12s
Rendered 2324/5513, time remaining: 6m 12s
Rendered 2325/5513, time remaining: 6m 9s
Rendered 2326/5513, time remaining: 6m 6s
Rendered 2327/5513, time remaining: 6m 5s
Rendered 2328/5513, time remaining: 5m 57s
Rendered 2329/5513, time remaining: 5m 57s
Rendered 2330/5513, time remaining: 5m 59s
Rendered 2331/5513, time remaining: 6m 6s
Rendered 2332/5513, time remaining: 6m 5s
Rendered 2333/5513, time remaining: 6m 6s
Rendered 2334/5513, time remaining: 6m 6s
Rendered 2335/5513, time remaining: 6m 6s
Rendered 2336/5513, time remaining: 5m 55s
Rendered 2337/5513, time remaining: 5m 58s
Rendered 2338/5513, time remaining: 6m 0s
Rendered 2339/5513, time remaining: 6m 4s
Rendered 2340/5513, time remaining: 6m 4s
Rendered 2341/5513, time remaining: 6m 4s
Rendered 2342/5513, time remaining: 6m 4s
Rendered 2343/5513, time remaining: 6m 7s
Rendered 2344/5513, time remaining: 5m 56s
Rendered 2345/5513, time remaining: 5m 57s
Rendered 2346/5513, time remaining: 5m 58s
Rendered 2347/5513, time remaining: 5m 58s
Rendered 2348/5513, time remaining: 5m 58s
Rendered 2349/5513, time remaining: 5m 59s
Rendered 2350/5513, time remaining: 6m 2s
Rendered 2351/5513, time remaining: 5m 59s
Rendered 2352/5513, time remaining: 5m 54s
Rendered 2353/5513, time remaining: 5m 54s
Rendered 2354/5513, time remaining: 5m 57s
Rendered 2355/5513, time remaining: 6m 0s
Rendered 2356/5513, time remaining: 6m 1s
Rendered 2357/5513, time remaining: 5m 59s
Rendered 2358/5513, time remaining: 6m 0s
Rendered 2359/5513, time remaining: 5m 54s
Rendered 2360/5513, time remaining: 5m 50s
Rendered 2361/5513, time remaining: 5m 50s
Rendered 2362/5513, time remaining: 5m 51s
Rendered 2363/5513, time remaining: 5m 56s
Rendered 2364/5513, time remaining: 5m 57s
Rendered 2365/5513, time remaining: 5m 56s
Rendered 2366/5513, time remaining: 5m 56s
Rendered 2367/5513, time remaining: 5m 51s
Rendered 2368/5513, time remaining: 5m 50s
Rendered 2369/5513, time remaining: 5m 50s
Rendered 2370/5513, time remaining: 5m 50s
Rendered 2371/5513, time remaining: 5m 57s
Rendered 2372/5513, time remaining: 5m 56s
Rendered 2373/5513, time remaining: 5m 56s
Rendered 2374/5513, time remaining: 5m 56s
Rendered 2375/5513, time remaining: 5m 54s
Rendered 2376/5513, time remaining: 5m 51s
Rendered 2377/5513, time remaining: 5m 49s
Rendered 2378/5513, time remaining: 5m 48s
Rendered 2379/5513, time remaining: 5m 53s
Rendered 2380/5513, time remaining: 5m 54s
Rendered 2381/5513, time remaining: 5m 55s
Rendered 2382/5513, time remaining: 5m 53s
Rendered 2383/5513, time remaining: 5m 52s
Rendered 2384/5513, time remaining: 5m 48s
Rendered 2385/5513, time remaining: 5m 48s
Rendered 2386/5513, time remaining: 5m 47s
Rendered 2387/5513, time remaining: 5m 54s
Rendered 2388/5513, time remaining: 5m 52s
Rendered 2389/5513, time remaining: 5m 53s
Rendered 2390/5513, time remaining: 5m 53s
Rendered 2391/5513, time remaining: 5m 53s
Rendered 2392/5513, time remaining: 5m 49s
Rendered 2393/5513, time remaining: 5m 49s
Rendered 2394/5513, time remaining: 5m 50s
Rendered 2395/5513, time remaining: 5m 52s
Rendered 2396/5513, time remaining: 5m 53s
Rendered 2397/5513, time remaining: 5m 51s
Rendered 2398/5513, time remaining: 5m 51s
Rendered 2399/5513, time remaining: 5m 51s
Rendered 2400/5513, time remaining: 5m 49s
Rendered 2401/5513, time remaining: 5m 49s
Rendered 2402/5513, time remaining: 5m 48s
Rendered 2403/5513, time remaining: 5m 49s
Rendered 2404/5513, time remaining: 5m 51s
Rendered 2405/5513, time remaining: 5m 48s
Rendered 2406/5513, time remaining: 5m 52s
Rendered 2407/5513, time remaining: 5m 55s
Rendered 2408/5513, time remaining: 5m 55s
Rendered 2409/5513, time remaining: 5m 55s
Rendered 2410/5513, time remaining: 5m 52s
Rendered 2411/5513, time remaining: 5m 50s
Rendered 2412/5513, time remaining: 5m 46s
Rendered 2413/5513, time remaining: 5m 46s
Rendered 2414/5513, time remaining: 5m 56s
Rendered 2415/5513, time remaining: 5m 56s
Rendered 2416/5513, time remaining: 5m 55s
Rendered 2417/5513, time remaining: 5m 55s
Rendered 2418/5513, time remaining: 5m 53s
Rendered 2419/5513, time remaining: 5m 53s
Rendered 2420/5513, time remaining: 5m 48s
Rendered 2421/5513, time remaining: 5m 47s
Rendered 2422/5513, time remaining: 5m 59s
Rendered 2423/5513, time remaining: 5m 59s
Rendered 2424/5513, time remaining: 5m 57s
Rendered 2425/5513, time remaining: 5m 57s
Rendered 2426/5513, time remaining: 5m 55s
Rendered 2427/5513, time remaining: 5m 54s
Rendered 2428/5513, time remaining: 5m 54s
Rendered 2429/5513, time remaining: 5m 49s
Rendered 2430/5513, time remaining: 5m 58s
Rendered 2431/5513, time remaining: 5m 59s
Rendered 2432/5513, time remaining: 5m 57s
Rendered 2433/5513, time remaining: 5m 54s
Rendered 2434/5513, time remaining: 5m 54s
Rendered 2435/5513, time remaining: 5m 53s
Rendered 2436/5513, time remaining: 5m 52s
Rendered 2437/5513, time remaining: 5m 52s
Rendered 2438/5513, time remaining: 5m 59s
Rendered 2439/5513, time remaining: 5m 59s
Rendered 2440/5513, time remaining: 5m 57s
Rendered 2441/5513, time remaining: 5m 54s
Rendered 2442/5513, time remaining: 5m 54s
Rendered 2443/5513, time remaining: 5m 55s
Rendered 2444/5513, time remaining: 5m 54s
Rendered 2445/5513, time remaining: 5m 54s
Rendered 2446/5513, time remaining: 5m 57s
Rendered 2447/5513, time remaining: 5m 59s
Rendered 2448/5513, time remaining: 5m 56s
Rendered 2449/5513, time remaining: 5m 53s
Rendered 2450/5513, time remaining: 5m 55s
Rendered 2451/5513, time remaining: 5m 55s
Rendered 2452/5513, time remaining: 5m 52s
Rendered 2453/5513, time remaining: 5m 50s
Rendered 2454/5513, time remaining: 5m 55s
Rendered 2455/5513, time remaining: 5m 52s
Rendered 2456/5513, time remaining: 5m 54s
Rendered 2457/5513, time remaining: 5m 55s
Rendered 2458/5513, time remaining: 5m 54s
Rendered 2459/5513, time remaining: 5m 55s
Rendered 2460/5513, time remaining: 5m 55s
Rendered 2461/5513, time remaining: 5m 54s
Rendered 2462/5513, time remaining: 5m 56s
Rendered 2463/5513, time remaining: 5m 58s
Rendered 2464/5513, time remaining: 5m 55s
Rendered 2465/5513, time remaining: 5m 56s
Rendered 2466/5513, time remaining: 5m 55s
Rendered 2467/5513, time remaining: 5m 56s
Rendered 2468/5513, time remaining: 5m 57s
Rendered 2469/5513, time remaining: 5m 57s
Rendered 2470/5513, time remaining: 5m 57s
Rendered 2471/5513, time remaining: 5m 57s
Rendered 2472/5513, time remaining: 5m 51s
Rendered 2473/5513, time remaining: 5m 51s
Rendered 2474/5513, time remaining: 5m 51s
Rendered 2475/5513, time remaining: 5m 54s
Rendered 2476/5513, time remaining: 5m 56s
Rendered 2477/5513, time remaining: 5m 57s
Rendered 2478/5513, time remaining: 5m 58s
Rendered 2479/5513, time remaining: 5m 58s
Rendered 2480/5513, time remaining: 5m 56s
Rendered 2481/5513, time remaining: 5m 50s
Rendered 2482/5513, time remaining: 5m 50s
Rendered 2483/5513, time remaining: 5m 51s
Rendered 2484/5513, time remaining: 5m 55s
Rendered 2485/5513, time remaining: 5m 56s
Rendered 2486/5513, time remaining: 5m 56s
Rendered 2487/5513, time remaining: 5m 54s
Rendered 2488/5513, time remaining: 5m 53s
Rendered 2489/5513, time remaining: 5m 49s
Rendered 2490/5513, time remaining: 5m 51s
Rendered 2491/5513, time remaining: 5m 53s
Rendered 2492/5513, time remaining: 5m 54s
Rendered 2493/5513, time remaining: 5m 51s
Rendered 2494/5513, time remaining: 5m 52s
Rendered 2495/5513, time remaining: 5m 53s
Rendered 2496/5513, time remaining: 5m 52s
Rendered 2497/5513, time remaining: 5m 52s
Rendered 2498/5513, time remaining: 5m 53s
Rendered 2499/5513, time remaining: 5m 53s
Rendered 2500/5513, time remaining: 5m 51s
Rendered 2501/5513, time remaining: 5m 51s
Rendered 2502/5513, time remaining: 5m 49s
Rendered 2503/5513, time remaining: 5m 56s
Rendered 2504/5513, time remaining: 5m 53s
Rendered 2505/5513, time remaining: 5m 49s
Rendered 2506/5513, time remaining: 5m 50s
Rendered 2507/5513, time remaining: 5m 51s
Rendered 2508/5513, time remaining: 5m 51s
Rendered 2509/5513, time remaining: 5m 50s
Rendered 2510/5513, time remaining: 5m 50s
Rendered 2511/5513, time remaining: 5m 55s
Rendered 2512/5513, time remaining: 5m 54s
Rendered 2513/5513, time remaining: 5m 49s
Rendered 2514/5513, time remaining: 5m 49s
Rendered 2515/5513, time remaining: 5m 49s
Rendered 2516/5513, time remaining: 5m 50s
Rendered 2517/5513, time remaining: 5m 50s
Rendered 2518/5513, time remaining: 5m 50s
Rendered 2519/5513, time remaining: 5m 51s
Rendered 2520/5513, time remaining: 5m 53s
Rendered 2521/5513, time remaining: 5m 44s
Rendered 2522/5513, time remaining: 5m 45s
Rendered 2523/5513, time remaining: 5m 46s
Rendered 2524/5513, time remaining: 5m 49s
Rendered 2525/5513, time remaining: 5m 48s
Rendered 2526/5513, time remaining: 5m 51s
Rendered 2527/5513, time remaining: 5m 50s
Rendered 2528/5513, time remaining: 5m 50s
Rendered 2529/5513, time remaining: 5m 47s
Rendered 2530/5513, time remaining: 5m 46s
Rendered 2531/5513, time remaining: 5m 46s
Rendered 2532/5513, time remaining: 5m 49s
Rendered 2533/5513, time remaining: 5m 51s
Rendered 2534/5513, time remaining: 5m 51s
Rendered 2535/5513, time remaining: 5m 50s
Rendered 2536/5513, time remaining: 5m 50s
Rendered 2537/5513, time remaining: 5m 43s
Rendered 2538/5513, time remaining: 5m 42s
Rendered 2539/5513, time remaining: 5m 41s
Rendered 2540/5513, time remaining: 5m 44s
Rendered 2541/5513, time remaining: 5m 50s
Rendered 2542/5513, time remaining: 5m 50s
Rendered 2543/5513, time remaining: 5m 50s
Rendered 2544/5513, time remaining: 5m 48s
Rendered 2545/5513, time remaining: 5m 42s
Rendered 2546/5513, time remaining: 5m 42s
Rendered 2547/5513, time remaining: 5m 43s
Rendered 2548/5513, time remaining: 5m 42s
Rendered 2549/5513, time remaining: 5m 48s
Rendered 2550/5513, time remaining: 5m 48s
Rendered 2551/5513, time remaining: 5m 47s
Rendered 2552/5513, time remaining: 5m 46s
Rendered 2553/5513, time remaining: 5m 45s
Rendered 2554/5513, time remaining: 5m 41s
Rendered 2555/5513, time remaining: 5m 41s
Rendered 2556/5513, time remaining: 5m 37s
Rendered 2557/5513, time remaining: 5m 43s
Rendered 2558/5513, time remaining: 5m 44s
Rendered 2559/5513, time remaining: 5m 43s
Rendered 2560/5513, time remaining: 5m 42s
Rendered 2561/5513, time remaining: 5m 42s
Rendered 2562/5513, time remaining: 5m 42s
Rendered 2563/5513, time remaining: 5m 40s
Rendered 2564/5513, time remaining: 5m 31s
Rendered 2565/5513, time remaining: 5m 35s
Rendered 2566/5513, time remaining: 5m 35s
Rendered 2567/5513, time remaining: 5m 40s
Rendered 2568/5513, time remaining: 5m 40s
Rendered 2569/5513, time remaining: 5m 40s
Rendered 2570/5513, time remaining: 5m 40s
Rendered 2571/5513, time remaining: 5m 40s
Rendered 2572/5513, time remaining: 5m 29s
Rendered 2573/5513, time remaining: 5m 28s
Rendered 2574/5513, time remaining: 5m 31s
Rendered 2575/5513, time remaining: 5m 36s
Rendered 2576/5513, time remaining: 5m 36s
Rendered 2577/5513, time remaining: 5m 37s
Rendered 2578/5513, time remaining: 5m 36s
Rendered 2579/5513, time remaining: 5m 37s
Rendered 2580/5513, time remaining: 5m 28s
Rendered 2581/5513, time remaining: 5m 27s
Rendered 2582/5513, time remaining: 5m 29s
Rendered 2583/5513, time remaining: 5m 37s
Rendered 2584/5513, time remaining: 5m 37s
Rendered 2585/5513, time remaining: 5m 36s
Rendered 2586/5513, time remaining: 5m 35s
Rendered 2587/5513, time remaining: 5m 36s
Rendered 2588/5513, time remaining: 5m 29s
Rendered 2589/5513, time remaining: 5m 25s
Rendered 2590/5513, time remaining: 5m 25s
Rendered 2591/5513, time remaining: 5m 33s
Rendered 2592/5513, time remaining: 5m 34s
Rendered 2593/5513, time remaining: 5m 33s
Rendered 2594/5513, time remaining: 5m 33s
Rendered 2595/5513, time remaining: 5m 33s
Rendered 2596/5513, time remaining: 5m 29s
Rendered 2597/5513, time remaining: 5m 25s
Rendered 2598/5513, time remaining: 5m 25s
Rendered 2599/5513, time remaining: 5m 28s
Rendered 2600/5513, time remaining: 5m 28s
Rendered 2601/5513, time remaining: 5m 32s
Rendered 2602/5513, time remaining: 5m 33s
Rendered 2603/5513, time remaining: 5m 33s
Rendered 2604/5513, time remaining: 5m 28s
Rendered 2605/5513, time remaining: 5m 27s
Rendered 2606/5513, time remaining: 5m 26s
Rendered 2607/5513, time remaining: 5m 25s
Rendered 2608/5513, time remaining: 5m 30s
Rendered 2609/5513, time remaining: 5m 29s
Rendered 2610/5513, time remaining: 5m 29s
Rendered 2611/5513, time remaining: 5m 30s
Rendered 2612/5513, time remaining: 5m 27s
Rendered 2613/5513, time remaining: 5m 24s
Rendered 2614/5513, time remaining: 5m 24s
Rendered 2615/5513, time remaining: 5m 23s
Rendered 2616/5513, time remaining: 5m 26s
Rendered 2617/5513, time remaining: 5m 26s
Rendered 2618/5513, time remaining: 5m 25s
Rendered 2619/5513, time remaining: 5m 25s
Rendered 2620/5513, time remaining: 5m 24s
Rendered 2621/5513, time remaining: 5m 24s
Rendered 2622/5513, time remaining: 5m 24s
Rendered 2623/5513, time remaining: 5m 26s
Rendered 2624/5513, time remaining: 5m 27s
Rendered 2625/5513, time remaining: 5m 27s
Rendered 2626/5513, time remaining: 5m 25s
Rendered 2627/5513, time remaining: 5m 23s
Rendered 2628/5513, time remaining: 5m 22s
Rendered 2629/5513, time remaining: 5m 23s
Rendered 2630/5513, time remaining: 5m 24s
Rendered 2631/5513, time remaining: 5m 25s
Rendered 2632/5513, time remaining: 5m 25s
Rendered 2633/5513, time remaining: 5m 26s
Rendered 2634/5513, time remaining: 5m 23s
Rendered 2635/5513, time remaining: 5m 24s
Rendered 2636/5513, time remaining: 5m 24s
Rendered 2637/5513, time remaining: 5m 23s
Rendered 2638/5513, time remaining: 5m 22s
Rendered 2639/5513, time remaining: 5m 21s
Rendered 2640/5513, time remaining: 5m 19s
Rendered 2641/5513, time remaining: 5m 23s
Rendered 2642/5513, time remaining: 5m 22s
Rendered 2643/5513, time remaining: 5m 25s
Rendered 2644/5513, time remaining: 5m 24s
Rendered 2645/5513, time remaining: 5m 22s
Rendered 2646/5513, time remaining: 5m 22s
Rendered 2647/5513, time remaining: 5m 21s
Rendered 2648/5513, time remaining: 5m 20s
Rendered 2649/5513, time remaining: 5m 20s
Rendered 2650/5513, time remaining: 5m 22s
Rendered 2651/5513, time remaining: 5m 25s
Rendered 2652/5513, time remaining: 5m 25s
Rendered 2653/5513, time remaining: 5m 19s
Rendered 2654/5513, time remaining: 5m 20s
Rendered 2655/5513, time remaining: 5m 20s
Rendered 2656/5513, time remaining: 5m 18s
Rendered 2657/5513, time remaining: 5m 21s
Rendered 2658/5513, time remaining: 5m 24s
Rendered 2659/5513, time remaining: 5m 24s
Rendered 2660/5513, time remaining: 5m 25s
Rendered 2661/5513, time remaining: 5m 18s
Rendered 2662/5513, time remaining: 5m 18s
Rendered 2663/5513, time remaining: 5m 17s
Rendered 2664/5513, time remaining: 5m 16s
Rendered 2665/5513, time remaining: 5m 21s
Rendered 2666/5513, time remaining: 5m 22s
Rendered 2667/5513, time remaining: 5m 22s
Rendered 2668/5513, time remaining: 5m 21s
Rendered 2669/5513, time remaining: 5m 20s
Rendered 2670/5513, time remaining: 5m 18s
Rendered 2671/5513, time remaining: 5m 18s
Rendered 2672/5513, time remaining: 5m 18s
Rendered 2673/5513, time remaining: 5m 17s
Rendered 2674/5513, time remaining: 5m 23s
Rendered 2675/5513, time remaining: 5m 23s
Rendered 2676/5513, time remaining: 5m 21s
Rendered 2677/5513, time remaining: 5m 23s
Rendered 2678/5513, time remaining: 5m 22s
Rendered 2679/5513, time remaining: 5m 20s
Rendered 2680/5513, time remaining: 5m 20s
Rendered 2681/5513, time remaining: 5m 21s
Rendered 2682/5513, time remaining: 5m 23s
Rendered 2683/5513, time remaining: 5m 21s
Rendered 2684/5513, time remaining: 5m 22s
Rendered 2685/5513, time remaining: 5m 22s
Rendered 2686/5513, time remaining: 5m 21s
Rendered 2687/5513, time remaining: 5m 21s
Rendered 2688/5513, time remaining: 5m 22s
Rendered 2689/5513, time remaining: 5m 24s
Rendered 2690/5513, time remaining: 5m 22s
Rendered 2691/5513, time remaining: 5m 20s
Rendered 2692/5513, time remaining: 5m 21s
Rendered 2693/5513, time remaining: 5m 21s
Rendered 2694/5513, time remaining: 5m 21s
Rendered 2695/5513, time remaining: 5m 22s
Rendered 2696/5513, time remaining: 5m 21s
Rendered 2697/5513, time remaining: 5m 21s
Rendered 2698/5513, time remaining: 5m 24s
Rendered 2699/5513, time remaining: 5m 19s
Rendered 2700/5513, time remaining: 5m 20s
Rendered 2701/5513, time remaining: 5m 22s
Rendered 2702/5513, time remaining: 5m 20s
Rendered 2703/5513, time remaining: 5m 20s
Rendered 2704/5513, time remaining: 5m 20s
Rendered 2705/5513, time remaining: 5m 22s
Rendered 2706/5513, time remaining: 5m 24s
Rendered 2707/5513, time remaining: 5m 16s
Rendered 2708/5513, time remaining: 5m 19s
Rendered 2709/5513, time remaining: 5m 19s
Rendered 2710/5513, time remaining: 5m 18s
Rendered 2711/5513, time remaining: 5m 19s
Rendered 2712/5513, time remaining: 5m 21s
Rendered 2713/5513, time remaining: 5m 27s
Rendered 2714/5513, time remaining: 5m 26s
Rendered 2715/5513, time remaining: 5m 23s
Rendered 2716/5513, time remaining: 5m 24s
Rendered 2717/5513, time remaining: 5m 21s
Rendered 2718/5513, time remaining: 5m 22s
Rendered 2719/5513, time remaining: 5m 21s
Rendered 2720/5513, time remaining: 5m 22s
Rendered 2721/5513, time remaining: 5m 22s
Rendered 2722/5513, time remaining: 5m 23s
Rendered 2723/5513, time remaining: 5m 25s
Rendered 2724/5513, time remaining: 5m 23s
Rendered 2725/5513, time remaining: 5m 21s
Rendered 2726/5513, time remaining: 5m 21s
Rendered 2727/5513, time remaining: 5m 19s
Rendered 2728/5513, time remaining: 5m 20s
Rendered 2729/5513, time remaining: 5m 22s
Rendered 2730/5513, time remaining: 5m 24s
Rendered 2731/5513, time remaining: 5m 25s
Rendered 2732/5513, time remaining: 5m 24s
Rendered 2733/5513, time remaining: 5m 16s
Rendered 2734/5513, time remaining: 5m 16s
Rendered 2735/5513, time remaining: 5m 16s
Rendered 2736/5513, time remaining: 5m 22s
Rendered 2737/5513, time remaining: 5m 23s
Rendered 2738/5513, time remaining: 5m 23s
Rendered 2739/5513, time remaining: 5m 23s
Rendered 2740/5513, time remaining: 5m 24s
Rendered 2741/5513, time remaining: 5m 16s
Rendered 2742/5513, time remaining: 5m 14s
Rendered 2743/5513, time remaining: 5m 15s
Rendered 2744/5513, time remaining: 5m 21s
Rendered 2745/5513, time remaining: 5m 22s
Rendered 2746/5513, time remaining: 5m 22s
Rendered 2747/5513, time remaining: 5m 22s
Rendered 2748/5513, time remaining: 5m 20s
Rendered 2749/5513, time remaining: 5m 17s
Rendered 2750/5513, time remaining: 5m 16s
Rendered 2751/5513, time remaining: 5m 13s
Rendered 2752/5513, time remaining: 5m 15s
Rendered 2753/5513, time remaining: 5m 20s
Rendered 2754/5513, time remaining: 5m 20s
Rendered 2755/5513, time remaining: 5m 20s
Rendered 2756/5513, time remaining: 5m 18s
Rendered 2757/5513, time remaining: 5m 18s
Rendered 2758/5513, time remaining: 5m 13s
Rendered 2759/5513, time remaining: 5m 12s
Rendered 2760/5513, time remaining: 5m 13s
Rendered 2761/5513, time remaining: 5m 21s
Rendered 2762/5513, time remaining: 5m 21s
Rendered 2763/5513, time remaining: 5m 21s
Rendered 2764/5513, time remaining: 5m 20s
Rendered 2765/5513, time remaining: 5m 17s
Rendered 2766/5513, time remaining: 5m 15s
Rendered 2767/5513, time remaining: 5m 14s
Rendered 2768/5513, time remaining: 5m 13s
Rendered 2769/5513, time remaining: 5m 22s
Rendered 2770/5513, time remaining: 5m 22s
Rendered 2771/5513, time remaining: 5m 22s
Rendered 2772/5513, time remaining: 5m 21s
Rendered 2773/5513, time remaining: 5m 17s
Rendered 2774/5513, time remaining: 5m 15s
Rendered 2775/5513, time remaining: 5m 12s
Rendered 2776/5513, time remaining: 5m 12s
Rendered 2777/5513, time remaining: 5m 21s
Rendered 2778/5513, time remaining: 5m 21s
Rendered 2779/5513, time remaining: 5m 20s
Rendered 2780/5513, time remaining: 5m 19s
Rendered 2781/5513, time remaining: 5m 16s
Rendered 2782/5513, time remaining: 5m 16s
Rendered 2783/5513, time remaining: 5m 13s
Rendered 2784/5513, time remaining: 5m 12s
Rendered 2785/5513, time remaining: 5m 18s
Rendered 2786/5513, time remaining: 5m 18s
Rendered 2787/5513, time remaining: 5m 18s
Rendered 2788/5513, time remaining: 5m 18s
Rendered 2789/5513, time remaining: 5m 18s
Rendered 2790/5513, time remaining: 5m 18s
Rendered 2791/5513, time remaining: 5m 14s
Rendered 2792/5513, time remaining: 5m 13s
Rendered 2793/5513, time remaining: 5m 17s
Rendered 2794/5513, time remaining: 5m 17s
Rendered 2795/5513, time remaining: 5m 19s
Rendered 2796/5513, time remaining: 5m 18s
Rendered 2797/5513, time remaining: 5m 18s
Rendered 2798/5513, time remaining: 5m 18s
Rendered 2799/5513, time remaining: 5m 19s
Rendered 2800/5513, time remaining: 5m 16s
Rendered 2801/5513, time remaining: 5m 18s
Rendered 2802/5513, time remaining: 5m 19s
Rendered 2803/5513, time remaining: 5m 19s
Rendered 2804/5513, time remaining: 5m 18s
Rendered 2805/5513, time remaining: 5m 18s
Rendered 2806/5513, time remaining: 5m 18s
Rendered 2807/5513, time remaining: 5m 15s
Rendered 2808/5513, time remaining: 5m 12s
Rendered 2809/5513, time remaining: 5m 19s
Rendered 2810/5513, time remaining: 5m 19s
Rendered 2811/5513, time remaining: 5m 19s
Rendered 2812/5513, time remaining: 5m 19s
Rendered 2813/5513, time remaining: 5m 20s
Rendered 2814/5513, time remaining: 5m 19s
Rendered 2815/5513, time remaining: 5m 14s
Rendered 2816/5513, time remaining: 5m 11s
Rendered 2817/5513, time remaining: 5m 16s
Rendered 2818/5513, time remaining: 5m 17s
Rendered 2819/5513, time remaining: 5m 18s
Rendered 2820/5513, time remaining: 5m 18s
Rendered 2821/5513, time remaining: 5m 20s
Rendered 2822/5513, time remaining: 5m 19s
Rendered 2823/5513, time remaining: 5m 17s
Rendered 2824/5513, time remaining: 5m 9s
Rendered 2825/5513, time remaining: 5m 12s
Rendered 2826/5513, time remaining: 5m 11s
Rendered 2827/5513, time remaining: 5m 10s
Rendered 2828/5513, time remaining: 5m 12s
Rendered 2829/5513, time remaining: 5m 13s
Rendered 2830/5513, time remaining: 5m 14s
Rendered 2831/5513, time remaining: 5m 12s
Rendered 2832/5513, time remaining: 5m 8s
Rendered 2833/5513, time remaining: 5m 8s
Rendered 2834/5513, time remaining: 5m 7s
Rendered 2835/5513, time remaining: 5m 10s
Rendered 2836/5513, time remaining: 5m 11s
Rendered 2837/5513, time remaining: 5m 14s
Rendered 2838/5513, time remaining: 5m 14s
Rendered 2839/5513, time remaining: 5m 12s
Rendered 2840/5513, time remaining: 5m 10s
Rendered 2841/5513, time remaining: 5m 8s
Rendered 2842/5513, time remaining: 5m 6s
Rendered 2843/5513, time remaining: 5m 7s
Rendered 2844/5513, time remaining: 5m 11s
Rendered 2845/5513, time remaining: 5m 12s
Rendered 2846/5513, time remaining: 5m 12s
Rendered 2847/5513, time remaining: 5m 11s
Rendered 2848/5513, time remaining: 5m 9s
Rendered 2849/5513, time remaining: 5m 7s
Rendered 2850/5513, time remaining: 5m 6s
Rendered 2851/5513, time remaining: 5m 4s
Rendered 2852/5513, time remaining: 5m 11s
Rendered 2853/5513, time remaining: 5m 13s
Rendered 2854/5513, time remaining: 5m 12s
Rendered 2855/5513, time remaining: 5m 10s
Rendered 2856/5513, time remaining: 5m 8s
Rendered 2857/5513, time remaining: 5m 8s
Rendered 2858/5513, time remaining: 5m 5s
Rendered 2859/5513, time remaining: 5m 4s
Rendered 2860/5513, time remaining: 5m 12s
Rendered 2861/5513, time remaining: 5m 12s
Rendered 2862/5513, time remaining: 5m 10s
Rendered 2863/5513, time remaining: 5m 4s
Rendered 2864/5513, time remaining: 5m 3s
Rendered 2865/5513, time remaining: 5m 2s
Rendered 2866/5513, time remaining: 5m 2s
Rendered 2867/5513, time remaining: 5m 0s
Rendered 2868/5513, time remaining: 5m 5s
Rendered 2869/5513, time remaining: 5m 7s
Rendered 2870/5513, time remaining: 5m 6s
Rendered 2871/5513, time remaining: 5m 5s
Rendered 2872/5513, time remaining: 5m 3s
Rendered 2873/5513, time remaining: 5m 1s
Rendered 2874/5513, time remaining: 5m 1s
Rendered 2875/5513, time remaining: 4m 59s
Rendered 2876/5513, time remaining: 5m 4s
Rendered 2877/5513, time remaining: 5m 7s
Rendered 2878/5513, time remaining: 5m 6s
Rendered 2879/5513, time remaining: 5m 3s
Rendered 2880/5513, time remaining: 5m 1s
Rendered 2881/5513, time remaining: 5m 1s
Rendered 2882/5513, time remaining: 4m 59s
Rendered 2883/5513, time remaining: 5m 0s
Rendered 2884/5513, time remaining: 5m 6s
Rendered 2885/5513, time remaining: 5m 8s
Rendered 2886/5513, time remaining: 5m 3s
Rendered 2887/5513, time remaining: 5m 1s
Rendered 2888/5513, time remaining: 5m 1s
Rendered 2889/5513, time remaining: 5m 0s
Rendered 2890/5513, time remaining: 5m 0s
Rendered 2891/5513, time remaining: 4m 59s
Rendered 2892/5513, time remaining: 5m 7s
Rendered 2893/5513, time remaining: 5m 7s
Rendered 2894/5513, time remaining: 5m 1s
Rendered 2895/5513, time remaining: 5m 0s
Rendered 2896/5513, time remaining: 5m 0s
Rendered 2897/5513, time remaining: 4m 59s
Rendered 2898/5513, time remaining: 4m 59s
Rendered 2899/5513, time remaining: 5m 1s
Rendered 2900/5513, time remaining: 5m 8s
Rendered 2901/5513, time remaining: 5m 7s
Rendered 2902/5513, time remaining: 5m 4s
Rendered 2903/5513, time remaining: 4m 59s
Rendered 2904/5513, time remaining: 4m 59s
Rendered 2905/5513, time remaining: 4m 58s
Rendered 2906/5513, time remaining: 4m 58s
Rendered 2907/5513, time remaining: 4m 58s
Rendered 2908/5513, time remaining: 5m 4s
Rendered 2909/5513, time remaining: 5m 5s
Rendered 2910/5513, time remaining: 5m 5s
Rendered 2911/5513, time remaining: 4m 56s
Rendered 2912/5513, time remaining: 4m 56s
Rendered 2913/5513, time remaining: 4m 56s
Rendered 2914/5513, time remaining: 4m 56s
Rendered 2915/5513, time remaining: 4m 55s
Rendered 2916/5513, time remaining: 4m 56s
Rendered 2917/5513, time remaining: 5m 4s
Rendered 2918/5513, time remaining: 5m 3s
Rendered 2919/5513, time remaining: 4m 55s
Rendered 2920/5513, time remaining: 4m 54s
Rendered 2921/5513, time remaining: 4m 54s
Rendered 2922/5513, time remaining: 4m 54s
Rendered 2923/5513, time remaining: 4m 53s
Rendered 2924/5513, time remaining: 4m 54s
Rendered 2925/5513, time remaining: 5m 1s
Rendered 2926/5513, time remaining: 5m 2s
Rendered 2927/5513, time remaining: 4m 53s
Rendered 2928/5513, time remaining: 4m 53s
Rendered 2929/5513, time remaining: 4m 53s
Rendered 2930/5513, time remaining: 4m 53s
Rendered 2931/5513, time remaining: 4m 52s
Rendered 2932/5513, time remaining: 4m 53s
Rendered 2933/5513, time remaining: 5m 2s
Rendered 2934/5513, time remaining: 5m 2s
Rendered 2935/5513, time remaining: 4m 55s
Rendered 2936/5513, time remaining: 4m 54s
Rendered 2937/5513, time remaining: 4m 54s
Rendered 2938/5513, time remaining: 4m 55s
Rendered 2939/5513, time remaining: 4m 55s
Rendered 2940/5513, time remaining: 4m 55s
Rendered 2941/5513, time remaining: 5m 1s
Rendered 2942/5513, time remaining: 5m 1s
Rendered 2943/5513, time remaining: 4m 55s
Rendered 2944/5513, time remaining: 4m 55s
Rendered 2945/5513, time remaining: 4m 52s
Rendered 2946/5513, time remaining: 4m 53s
Rendered 2947/5513, time remaining: 4m 52s
Rendered 2948/5513, time remaining: 4m 52s
Rendered 2949/5513, time remaining: 4m 57s
Rendered 2950/5513, time remaining: 4m 58s
Rendered 2951/5513, time remaining: 4m 53s
Rendered 2952/5513, time remaining: 4m 51s
Rendered 2953/5513, time remaining: 4m 50s
Rendered 2954/5513, time remaining: 4m 50s
Rendered 2955/5513, time remaining: 4m 50s
Rendered 2956/5513, time remaining: 4m 49s
Rendered 2957/5513, time remaining: 4m 57s
Rendered 2958/5513, time remaining: 4m 58s
Rendered 2959/5513, time remaining: 4m 51s
Rendered 2960/5513, time remaining: 4m 50s
Rendered 2961/5513, time remaining: 4m 50s
Rendered 2962/5513, time remaining: 4m 50s
Rendered 2963/5513, time remaining: 4m 49s
Rendered 2964/5513, time remaining: 4m 49s
Rendered 2965/5513, time remaining: 4m 56s
Rendered 2966/5513, time remaining: 4m 57s
Rendered 2967/5513, time remaining: 4m 52s
Rendered 2968/5513, time remaining: 4m 51s
Rendered 2969/5513, time remaining: 4m 50s
Rendered 2970/5513, time remaining: 4m 49s
Rendered 2971/5513, time remaining: 4m 47s
Rendered 2972/5513, time remaining: 4m 48s
Rendered 2973/5513, time remaining: 4m 50s
Rendered 2974/5513, time remaining: 4m 56s
Rendered 2975/5513, time remaining: 4m 53s
Rendered 2976/5513, time remaining: 4m 53s
Rendered 2977/5513, time remaining: 4m 52s
Rendered 2978/5513, time remaining: 4m 50s
Rendered 2979/5513, time remaining: 4m 48s
Rendered 2980/5513, time remaining: 4m 47s
Rendered 2981/5513, time remaining: 4m 48s
Rendered 2982/5513, time remaining: 4m 54s
Rendered 2983/5513, time remaining: 4m 54s
Rendered 2984/5513, time remaining: 4m 54s
Rendered 2985/5513, time remaining: 4m 51s
Rendered 2986/5513, time remaining: 4m 50s
Rendered 2987/5513, time remaining: 4m 47s
Rendered 2988/5513, time remaining: 4m 46s
Rendered 2989/5513, time remaining: 4m 46s
Rendered 2990/5513, time remaining: 4m 52s
Rendered 2991/5513, time remaining: 4m 52s
Rendered 2992/5513, time remaining: 4m 52s
Rendered 2993/5513, time remaining: 4m 51s
Rendered 2994/5513, time remaining: 4m 49s
Rendered 2995/5513, time remaining: 4m 48s
Rendered 2996/5513, time remaining: 4m 47s
Rendered 2997/5513, time remaining: 4m 47s
Rendered 2998/5513, time remaining: 4m 52s
Rendered 2999/5513, time remaining: 4m 52s
Rendered 3000/5513, time remaining: 4m 53s
Rendered 3001/5513, time remaining: 4m 53s
Rendered 3002/5513, time remaining: 4m 47s
Rendered 3003/5513, time remaining: 4m 46s
Rendered 3004/5513, time remaining: 4m 46s
Rendered 3005/5513, time remaining: 4m 47s
Rendered 3006/5513, time remaining: 4m 49s
Rendered 3007/5513, time remaining: 4m 50s
Rendered 3008/5513, time remaining: 4m 50s
Rendered 3009/5513, time remaining: 4m 52s
Rendered 3010/5513, time remaining: 4m 45s
Rendered 3011/5513, time remaining: 4m 46s
Rendered 3012/5513, time remaining: 4m 46s
Rendered 3013/5513, time remaining: 4m 47s
Rendered 3014/5513, time remaining: 4m 49s
Rendered 3015/5513, time remaining: 4m 51s
Rendered 3016/5513, time remaining: 4m 50s
Rendered 3017/5513, time remaining: 4m 50s
Rendered 3018/5513, time remaining: 4m 44s
Rendered 3019/5513, time remaining: 4m 43s
Rendered 3020/5513, time remaining: 4m 46s
Rendered 3021/5513, time remaining: 4m 47s
Rendered 3022/5513, time remaining: 4m 49s
Rendered 3023/5513, time remaining: 4m 50s
Rendered 3024/5513, time remaining: 4m 49s
Rendered 3025/5513, time remaining: 4m 49s
Rendered 3026/5513, time remaining: 4m 43s
Rendered 3027/5513, time remaining: 4m 41s
Rendered 3028/5513, time remaining: 4m 46s
Rendered 3029/5513, time remaining: 4m 46s
Rendered 3030/5513, time remaining: 4m 49s
Rendered 3031/5513, time remaining: 4m 48s
Rendered 3032/5513, time remaining: 4m 48s
Rendered 3033/5513, time remaining: 4m 48s
Rendered 3034/5513, time remaining: 4m 42s
Rendered 3035/5513, time remaining: 4m 40s
Rendered 3036/5513, time remaining: 4m 42s
Rendered 3037/5513, time remaining: 4m 43s
Rendered 3038/5513, time remaining: 4m 47s
Rendered 3039/5513, time remaining: 4m 47s
Rendered 3040/5513, time remaining: 4m 46s
Rendered 3041/5513, time remaining: 4m 47s
Rendered 3042/5513, time remaining: 4m 40s
Rendered 3043/5513, time remaining: 4m 39s
Rendered 3044/5513, time remaining: 4m 42s
Rendered 3045/5513, time remaining: 4m 44s
Rendered 3046/5513, time remaining: 4m 47s
Rendered 3047/5513, time remaining: 4m 47s
Rendered 3048/5513, time remaining: 4m 46s
Rendered 3049/5513, time remaining: 4m 44s
Rendered 3050/5513, time remaining: 4m 38s
Rendered 3051/5513, time remaining: 4m 39s
Rendered 3052/5513, time remaining: 4m 40s
Rendered 3053/5513, time remaining: 4m 42s
Rendered 3054/5513, time remaining: 4m 46s
Rendered 3055/5513, time remaining: 4m 45s
Rendered 3056/5513, time remaining: 4m 45s
Rendered 3057/5513, time remaining: 4m 45s
Rendered 3058/5513, time remaining: 4m 39s
Rendered 3059/5513, time remaining: 4m 39s
Rendered 3060/5513, time remaining: 4m 40s
Rendered 3061/5513, time remaining: 4m 40s
Rendered 3062/5513, time remaining: 4m 44s
Rendered 3063/5513, time remaining: 4m 44s
Rendered 3064/5513, time remaining: 4m 44s
Rendered 3065/5513, time remaining: 4m 43s
Rendered 3066/5513, time remaining: 4m 42s
Rendered 3067/5513, time remaining: 4m 36s
Rendered 3068/5513, time remaining: 4m 39s
Rendered 3069/5513, time remaining: 4m 38s
Rendered 3070/5513, time remaining: 4m 42s
Rendered 3071/5513, time remaining: 4m 42s
Rendered 3072/5513, time remaining: 4m 42s
Rendered 3073/5513, time remaining: 4m 42s
Rendered 3074/5513, time remaining: 4m 44s
Rendered 3075/5513, time remaining: 4m 38s
Rendered 3076/5513, time remaining: 4m 37s
Rendered 3077/5513, time remaining: 4m 40s
Rendered 3078/5513, time remaining: 4m 40s
Rendered 3079/5513, time remaining: 4m 41s
Rendered 3080/5513, time remaining: 4m 41s
Rendered 3081/5513, time remaining: 4m 41s
Rendered 3082/5513, time remaining: 4m 41s
Rendered 3083/5513, time remaining: 4m 34s
Rendered 3084/5513, time remaining: 4m 37s
Rendered 3085/5513, time remaining: 4m 38s
Rendered 3086/5513, time remaining: 4m 37s
Rendered 3087/5513, time remaining: 4m 37s
Rendered 3088/5513, time remaining: 4m 36s
Rendered 3089/5513, time remaining: 4m 36s
Rendered 3090/5513, time remaining: 4m 37s
Rendered 3091/5513, time remaining: 4m 32s
Rendered 3092/5513, time remaining: 4m 35s
Rendered 3093/5513, time remaining: 4m 35s
Rendered 3094/5513, time remaining: 4m 36s
Rendered 3095/5513, time remaining: 4m 35s
Rendered 3096/5513, time remaining: 4m 36s
Rendered 3097/5513, time remaining: 4m 36s
Rendered 3098/5513, time remaining: 4m 36s
Rendered 3099/5513, time remaining: 4m 31s
Rendered 3100/5513, time remaining: 4m 32s
Rendered 3101/5513, time remaining: 4m 33s
Rendered 3102/5513, time remaining: 4m 34s
Rendered 3103/5513, time remaining: 4m 35s
Rendered 3104/5513, time remaining: 4m 35s
Rendered 3105/5513, time remaining: 4m 36s
Rendered 3106/5513, time remaining: 4m 38s
Rendered 3107/5513, time remaining: 4m 32s
Rendered 3108/5513, time remaining: 4m 31s
Rendered 3109/5513, time remaining: 4m 32s
Rendered 3110/5513, time remaining: 4m 32s
Rendered 3111/5513, time remaining: 4m 33s
Rendered 3112/5513, time remaining: 4m 34s
Rendered 3113/5513, time remaining: 4m 36s
Rendered 3114/5513, time remaining: 4m 36s
Rendered 3115/5513, time remaining: 4m 31s
Rendered 3116/5513, time remaining: 4m 29s
Rendered 3117/5513, time remaining: 4m 30s
Rendered 3118/5513, time remaining: 4m 32s
Rendered 3119/5513, time remaining: 4m 32s
Rendered 3120/5513, time remaining: 4m 33s
Rendered 3121/5513, time remaining: 4m 34s
Rendered 3122/5513, time remaining: 4m 35s
Rendered 3123/5513, time remaining: 4m 33s
Rendered 3124/5513, time remaining: 4m 27s
Rendered 3125/5513, time remaining: 4m 29s
Rendered 3126/5513, time remaining: 4m 31s
Rendered 3127/5513, time remaining: 4m 31s
Rendered 3128/5513, time remaining: 4m 32s
Rendered 3129/5513, time remaining: 4m 33s
Rendered 3130/5513, time remaining: 4m 33s
Rendered 3131/5513, time remaining: 4m 32s
Rendered 3132/5513, time remaining: 4m 25s
Rendered 3133/5513, time remaining: 4m 25s
Rendered 3134/5513, time remaining: 4m 30s
Rendered 3135/5513, time remaining: 4m 29s
Rendered 3136/5513, time remaining: 4m 31s
Rendered 3137/5513, time remaining: 4m 31s
Rendered 3138/5513, time remaining: 4m 32s
Rendered 3139/5513, time remaining: 4m 31s
Rendered 3140/5513, time remaining: 4m 25s
Rendered 3141/5513, time remaining: 4m 24s
Rendered 3142/5513, time remaining: 4m 30s
Rendered 3143/5513, time remaining: 4m 30s
Rendered 3144/5513, time remaining: 4m 29s
Rendered 3145/5513, time remaining: 4m 28s
Rendered 3146/5513, time remaining: 4m 28s
Rendered 3147/5513, time remaining: 4m 28s
Rendered 3148/5513, time remaining: 4m 22s
Rendered 3149/5513, time remaining: 4m 21s
Rendered 3150/5513, time remaining: 4m 26s
Rendered 3151/5513, time remaining: 4m 28s
Rendered 3152/5513, time remaining: 4m 27s
Rendered 3153/5513, time remaining: 4m 27s
Rendered 3154/5513, time remaining: 4m 26s
Rendered 3155/5513, time remaining: 4m 25s
Rendered 3156/5513, time remaining: 4m 23s
Rendered 3157/5513, time remaining: 4m 21s
Rendered 3158/5513, time remaining: 4m 29s
Rendered 3159/5513, time remaining: 4m 27s
Rendered 3160/5513, time remaining: 4m 27s
Rendered 3161/5513, time remaining: 4m 25s
Rendered 3162/5513, time remaining: 4m 24s
Rendered 3163/5513, time remaining: 4m 23s
Rendered 3164/5513, time remaining: 4m 21s
Rendered 3165/5513, time remaining: 4m 20s
Rendered 3166/5513, time remaining: 4m 27s
Rendered 3167/5513, time remaining: 4m 27s
Rendered 3168/5513, time remaining: 4m 26s
Rendered 3169/5513, time remaining: 4m 25s
Rendered 3170/5513, time remaining: 4m 23s
Rendered 3171/5513, time remaining: 4m 22s
Rendered 3172/5513, time remaining: 4m 21s
Rendered 3173/5513, time remaining: 4m 19s
Rendered 3174/5513, time remaining: 4m 25s
Rendered 3175/5513, time remaining: 4m 26s
Rendered 3176/5513, time remaining: 4m 26s
Rendered 3177/5513, time remaining: 4m 26s
Rendered 3178/5513, time remaining: 4m 21s
Rendered 3179/5513, time remaining: 4m 21s
Rendered 3180/5513, time remaining: 4m 19s
Rendered 3181/5513, time remaining: 4m 18s
Rendered 3182/5513, time remaining: 4m 23s
Rendered 3183/5513, time remaining: 4m 24s
Rendered 3184/5513, time remaining: 4m 25s
Rendered 3185/5513, time remaining: 4m 24s
Rendered 3186/5513, time remaining: 4m 22s
Rendered 3187/5513, time remaining: 4m 21s
Rendered 3188/5513, time remaining: 4m 17s
Rendered 3189/5513, time remaining: 4m 19s
Rendered 3190/5513, time remaining: 4m 24s
Rendered 3191/5513, time remaining: 4m 23s
Rendered 3192/5513, time remaining: 4m 23s
Rendered 3193/5513, time remaining: 4m 23s
Rendered 3194/5513, time remaining: 4m 22s
Rendered 3195/5513, time remaining: 4m 20s
Rendered 3196/5513, time remaining: 4m 19s
Rendered 3197/5513, time remaining: 4m 19s
Rendered 3198/5513, time remaining: 4m 24s
Rendered 3199/5513, time remaining: 4m 24s
Rendered 3200/5513, time remaining: 4m 25s
Rendered 3201/5513, time remaining: 4m 27s
Rendered 3202/5513, time remaining: 4m 25s
Rendered 3203/5513, time remaining: 4m 24s
Rendered 3204/5513, time remaining: 4m 20s
Rendered 3205/5513, time remaining: 4m 22s
Rendered 3206/5513, time remaining: 4m 24s
Rendered 3207/5513, time remaining: 4m 24s
Rendered 3208/5513, time remaining: 4m 25s
Rendered 3209/5513, time remaining: 4m 25s
Rendered 3210/5513, time remaining: 4m 24s
Rendered 3211/5513, time remaining: 4m 23s
Rendered 3212/5513, time remaining: 4m 20s
Rendered 3213/5513, time remaining: 4m 23s
Rendered 3214/5513, time remaining: 4m 24s
Rendered 3215/5513, time remaining: 4m 26s
Rendered 3216/5513, time remaining: 4m 26s
Rendered 3217/5513, time remaining: 4m 25s
Rendered 3218/5513, time remaining: 4m 22s
Rendered 3219/5513, time remaining: 4m 22s
Rendered 3220/5513, time remaining: 4m 19s
Rendered 3221/5513, time remaining: 4m 24s
Rendered 3222/5513, time remaining: 4m 24s
Rendered 3223/5513, time remaining: 4m 26s
Rendered 3224/5513, time remaining: 4m 23s
Rendered 3225/5513, time remaining: 4m 21s
Rendered 3226/5513, time remaining: 4m 21s
Rendered 3227/5513, time remaining: 4m 18s
Rendered 3228/5513, time remaining: 4m 19s
Rendered 3229/5513, time remaining: 4m 23s
Rendered 3230/5513, time remaining: 4m 23s
Rendered 3231/5513, time remaining: 4m 23s
Rendered 3232/5513, time remaining: 4m 23s
Rendered 3233/5513, time remaining: 4m 21s
Rendered 3234/5513, time remaining: 4m 18s
Rendered 3235/5513, time remaining: 4m 17s
Rendered 3236/5513, time remaining: 4m 18s
Rendered 3237/5513, time remaining: 4m 24s
Rendered 3238/5513, time remaining: 4m 24s
Rendered 3239/5513, time remaining: 4m 24s
Rendered 3240/5513, time remaining: 4m 23s
Rendered 3241/5513, time remaining: 4m 21s
Rendered 3242/5513, time remaining: 4m 16s
Rendered 3243/5513, time remaining: 4m 16s
Rendered 3244/5513, time remaining: 4m 16s
Rendered 3245/5513, time remaining: 4m 23s
Rendered 3246/5513, time remaining: 4m 22s
Rendered 3247/5513, time remaining: 4m 22s
Rendered 3248/5513, time remaining: 4m 22s
Rendered 3249/5513, time remaining: 4m 20s
Rendered 3250/5513, time remaining: 4m 18s
Rendered 3251/5513, time remaining: 4m 17s
Rendered 3252/5513, time remaining: 4m 18s
Rendered 3253/5513, time remaining: 4m 22s
Rendered 3254/5513, time remaining: 4m 23s
Rendered 3255/5513, time remaining: 4m 21s
Rendered 3256/5513, time remaining: 4m 19s
Rendered 3257/5513, time remaining: 4m 18s
Rendered 3258/5513, time remaining: 4m 18s
Rendered 3259/5513, time remaining: 4m 18s
Rendered 3260/5513, time remaining: 4m 20s
Rendered 3261/5513, time remaining: 4m 20s
Rendered 3262/5513, time remaining: 4m 22s
Rendered 3263/5513, time remaining: 4m 21s
Rendered 3264/5513, time remaining: 4m 20s
Rendered 3265/5513, time remaining: 4m 19s
Rendered 3266/5513, time remaining: 4m 19s
Rendered 3267/5513, time remaining: 4m 18s
Rendered 3268/5513, time remaining: 4m 17s
Rendered 3269/5513, time remaining: 4m 17s
Rendered 3270/5513, time remaining: 4m 23s
Rendered 3271/5513, time remaining: 4m 23s
Rendered 3272/5513, time remaining: 4m 21s
Rendered 3273/5513, time remaining: 4m 20s
Rendered 3274/5513, time remaining: 4m 20s
Rendered 3275/5513, time remaining: 4m 18s
Rendered 3276/5513, time remaining: 4m 16s
Rendered 3277/5513, time remaining: 4m 16s
Rendered 3278/5513, time remaining: 4m 17s
Rendered 3279/5513, time remaining: 4m 21s
Rendered 3280/5513, time remaining: 4m 20s
Rendered 3281/5513, time remaining: 4m 20s
Rendered 3282/5513, time remaining: 4m 20s
Rendered 3283/5513, time remaining: 4m 20s
Rendered 3284/5513, time remaining: 4m 15s
Rendered 3285/5513, time remaining: 4m 15s
Rendered 3286/5513, time remaining: 4m 14s
Rendered 3287/5513, time remaining: 4m 19s
Rendered 3288/5513, time remaining: 4m 18s
Rendered 3289/5513, time remaining: 4m 18s
Rendered 3290/5513, time remaining: 4m 18s
Rendered 3291/5513, time remaining: 4m 18s
Rendered 3292/5513, time remaining: 4m 12s
Rendered 3293/5513, time remaining: 4m 12s
Rendered 3294/5513, time remaining: 4m 12s
Rendered 3295/5513, time remaining: 4m 17s
Rendered 3296/5513, time remaining: 4m 17s
Rendered 3297/5513, time remaining: 4m 19s
Rendered 3298/5513, time remaining: 4m 19s
Rendered 3299/5513, time remaining: 4m 20s
Rendered 3300/5513, time remaining: 4m 14s
Rendered 3301/5513, time remaining: 4m 12s
Rendered 3302/5513, time remaining: 4m 15s
Rendered 3303/5513, time remaining: 4m 19s
Rendered 3304/5513, time remaining: 4m 19s
Rendered 3305/5513, time remaining: 4m 19s
Rendered 3306/5513, time remaining: 4m 20s
Rendered 3307/5513, time remaining: 4m 20s
Rendered 3308/5513, time remaining: 4m 12s
Rendered 3309/5513, time remaining: 4m 12s
Rendered 3310/5513, time remaining: 4m 12s
Rendered 3311/5513, time remaining: 4m 20s
Rendered 3312/5513, time remaining: 4m 19s
Rendered 3313/5513, time remaining: 4m 19s
Rendered 3314/5513, time remaining: 4m 19s
Rendered 3315/5513, time remaining: 4m 19s
Rendered 3316/5513, time remaining: 4m 11s
Rendered 3317/5513, time remaining: 4m 11s
Rendered 3318/5513, time remaining: 4m 12s
Rendered 3319/5513, time remaining: 4m 18s
Rendered 3320/5513, time remaining: 4m 18s
Rendered 3321/5513, time remaining: 4m 18s
Rendered 3322/5513, time remaining: 4m 18s
Rendered 3323/5513, time remaining: 4m 18s
Rendered 3324/5513, time remaining: 4m 11s
Rendered 3325/5513, time remaining: 4m 11s
Rendered 3326/5513, time remaining: 4m 10s
Rendered 3327/5513, time remaining: 4m 17s
Rendered 3328/5513, time remaining: 4m 17s
Rendered 3329/5513, time remaining: 4m 17s
Rendered 3330/5513, time remaining: 4m 17s
Rendered 3331/5513, time remaining: 4m 16s
Rendered 3332/5513, time remaining: 4m 12s
Rendered 3333/5513, time remaining: 4m 10s
Rendered 3334/5513, time remaining: 4m 10s
Rendered 3335/5513, time remaining: 4m 18s
Rendered 3336/5513, time remaining: 4m 18s
Rendered 3337/5513, time remaining: 4m 18s
Rendered 3338/5513, time remaining: 4m 18s
Rendered 3339/5513, time remaining: 4m 16s
Rendered 3340/5513, time remaining: 4m 12s
Rendered 3341/5513, time remaining: 4m 11s
Rendered 3342/5513, time remaining: 4m 11s
Rendered 3343/5513, time remaining: 4m 18s
Rendered 3344/5513, time remaining: 4m 17s
Rendered 3345/5513, time remaining: 4m 17s
Rendered 3346/5513, time remaining: 4m 15s
Rendered 3347/5513, time remaining: 4m 16s
Rendered 3348/5513, time remaining: 4m 10s
Rendered 3349/5513, time remaining: 4m 10s
Rendered 3350/5513, time remaining: 4m 9s
Rendered 3351/5513, time remaining: 4m 12s
Rendered 3352/5513, time remaining: 4m 13s
Rendered 3353/5513, time remaining: 4m 12s
Rendered 3354/5513, time remaining: 4m 12s
Rendered 3355/5513, time remaining: 4m 11s
Rendered 3356/5513, time remaining: 4m 8s
Rendered 3357/5513, time remaining: 4m 8s
Rendered 3358/5513, time remaining: 4m 6s
Rendered 3359/5513, time remaining: 4m 11s
Rendered 3360/5513, time remaining: 4m 11s
Rendered 3361/5513, time remaining: 4m 11s
Rendered 3362/5513, time remaining: 4m 11s
Rendered 3363/5513, time remaining: 4m 8s
Rendered 3364/5513, time remaining: 4m 7s
Rendered 3365/5513, time remaining: 4m 5s
Rendered 3366/5513, time remaining: 4m 6s
Rendered 3367/5513, time remaining: 4m 11s
Rendered 3368/5513, time remaining: 4m 11s
Rendered 3369/5513, time remaining: 4m 11s
Rendered 3370/5513, time remaining: 4m 11s
Rendered 3371/5513, time remaining: 4m 6s
Rendered 3372/5513, time remaining: 4m 6s
Rendered 3373/5513, time remaining: 4m 5s
Rendered 3374/5513, time remaining: 4m 7s
Rendered 3375/5513, time remaining: 4m 10s
Rendered 3376/5513, time remaining: 4m 10s
Rendered 3377/5513, time remaining: 4m 10s
Rendered 3378/5513, time remaining: 4m 10s
Rendered 3379/5513, time remaining: 4m 5s
Rendered 3380/5513, time remaining: 4m 5s
Rendered 3381/5513, time remaining: 4m 5s
Rendered 3382/5513, time remaining: 4m 6s
Rendered 3383/5513, time remaining: 4m 9s
Rendered 3384/5513, time remaining: 4m 9s
Rendered 3385/5513, time remaining: 4m 10s
Rendered 3386/5513, time remaining: 4m 9s
Rendered 3387/5513, time remaining: 4m 3s
Rendered 3388/5513, time remaining: 4m 2s
Rendered 3389/5513, time remaining: 4m 3s
Rendered 3390/5513, time remaining: 4m 3s
Rendered 3391/5513, time remaining: 4m 8s
Rendered 3392/5513, time remaining: 4m 8s
Rendered 3393/5513, time remaining: 4m 8s
Rendered 3394/5513, time remaining: 4m 9s
Rendered 3395/5513, time remaining: 4m 2s
Rendered 3396/5513, time remaining: 4m 2s
Rendered 3397/5513, time remaining: 4m 2s
Rendered 3398/5513, time remaining: 4m 2s
Rendered 3399/5513, time remaining: 4m 6s
Rendered 3400/5513, time remaining: 4m 9s
Rendered 3401/5513, time remaining: 4m 8s
Rendered 3402/5513, time remaining: 4m 7s
Rendered 3403/5513, time remaining: 4m 2s
Rendered 3404/5513, time remaining: 4m 1s
Rendered 3405/5513, time remaining: 4m 1s
Rendered 3406/5513, time remaining: 4m 2s
Rendered 3407/5513, time remaining: 4m 2s
Rendered 3408/5513, time remaining: 4m 8s
Rendered 3409/5513, time remaining: 4m 7s
Rendered 3410/5513, time remaining: 4m 5s
Rendered 3411/5513, time remaining: 4m 3s
Rendered 3412/5513, time remaining: 4m 0s
Rendered 3413/5513, time remaining: 4m 0s
Rendered 3414/5513, time remaining: 4m 0s
Rendered 3415/5513, time remaining: 4m 0s
Rendered 3416/5513, time remaining: 4m 6s
Rendered 3417/5513, time remaining: 4m 6s
Rendered 3418/5513, time remaining: 4m 5s
Rendered 3419/5513, time remaining: 4m 5s
Rendered 3420/5513, time remaining: 3m 59s
Rendered 3421/5513, time remaining: 3m 57s
Rendered 3422/5513, time remaining: 3m 58s
Rendered 3423/5513, time remaining: 3m 58s
Rendered 3424/5513, time remaining: 4m 3s
Rendered 3425/5513, time remaining: 4m 4s
Rendered 3426/5513, time remaining: 4m 4s
Rendered 3427/5513, time remaining: 4m 3s
Rendered 3428/5513, time remaining: 4m 1s
Rendered 3429/5513, time remaining: 3m 57s
Rendered 3430/5513, time remaining: 3m 56s
Rendered 3431/5513, time remaining: 3m 56s
Rendered 3432/5513, time remaining: 4m 3s
Rendered 3433/5513, time remaining: 4m 3s
Rendered 3434/5513, time remaining: 4m 2s
Rendered 3435/5513, time remaining: 4m 2s
Rendered 3436/5513, time remaining: 4m 1s
Rendered 3437/5513, time remaining: 3m 56s
Rendered 3438/5513, time remaining: 3m 56s
Rendered 3439/5513, time remaining: 3m 55s
Rendered 3440/5513, time remaining: 4m 1s
Rendered 3441/5513, time remaining: 4m 3s
Rendered 3442/5513, time remaining: 4m 3s
Rendered 3443/5513, time remaining: 4m 3s
Rendered 3444/5513, time remaining: 4m 2s
Rendered 3445/5513, time remaining: 3m 57s
Rendered 3446/5513, time remaining: 3m 57s
Rendered 3447/5513, time remaining: 3m 55s
Rendered 3448/5513, time remaining: 4m 1s
Rendered 3449/5513, time remaining: 4m 1s
Rendered 3450/5513, time remaining: 4m 1s
Rendered 3451/5513, time remaining: 4m 1s
Rendered 3452/5513, time remaining: 3m 58s
Rendered 3453/5513, time remaining: 3m 54s
Rendered 3454/5513, time remaining: 3m 54s
Rendered 3455/5513, time remaining: 3m 54s
Rendered 3456/5513, time remaining: 4m 0s
Rendered 3457/5513, time remaining: 4m 1s
Rendered 3458/5513, time remaining: 4m 1s
Rendered 3459/5513, time remaining: 4m 1s
Rendered 3460/5513, time remaining: 4m 1s
Rendered 3461/5513, time remaining: 3m 54s
Rendered 3462/5513, time remaining: 3m 54s
Rendered 3463/5513, time remaining: 3m 54s
Rendered 3464/5513, time remaining: 4m 0s
Rendered 3465/5513, time remaining: 4m 1s
Rendered 3466/5513, time remaining: 4m 1s
Rendered 3467/5513, time remaining: 4m 1s
Rendered 3468/5513, time remaining: 4m 0s
Rendered 3469/5513, time remaining: 3m 54s
Rendered 3470/5513, time remaining: 3m 54s
Rendered 3471/5513, time remaining: 3m 54s
Rendered 3472/5513, time remaining: 3m 56s
Rendered 3473/5513, time remaining: 3m 58s
Rendered 3474/5513, time remaining: 4m 0s
Rendered 3475/5513, time remaining: 3m 59s
Rendered 3476/5513, time remaining: 4m 0s
Rendered 3477/5513, time remaining: 3m 53s
Rendered 3478/5513, time remaining: 3m 53s
Rendered 3479/5513, time remaining: 3m 53s
Rendered 3480/5513, time remaining: 3m 57s
Rendered 3481/5513, time remaining: 3m 59s
Rendered 3482/5513, time remaining: 3m 58s
Rendered 3483/5513, time remaining: 3m 58s
Rendered 3484/5513, time remaining: 3m 58s
Rendered 3485/5513, time remaining: 3m 51s
Rendered 3486/5513, time remaining: 3m 50s
Rendered 3487/5513, time remaining: 3m 51s
Rendered 3488/5513, time remaining: 3m 52s
Rendered 3489/5513, time remaining: 3m 56s
Rendered 3490/5513, time remaining: 3m 57s
Rendered 3491/5513, time remaining: 3m 57s
Rendered 3492/5513, time remaining: 3m 56s
Rendered 3493/5513, time remaining: 3m 50s
Rendered 3494/5513, time remaining: 3m 49s
Rendered 3495/5513, time remaining: 3m 49s
Rendered 3496/5513, time remaining: 3m 49s
Rendered 3497/5513, time remaining: 3m 54s
Rendered 3498/5513, time remaining: 3m 54s
Rendered 3499/5513, time remaining: 3m 55s
Rendered 3500/5513, time remaining: 3m 55s
Rendered 3501/5513, time remaining: 3m 49s
Rendered 3502/5513, time remaining: 3m 48s
Rendered 3503/5513, time remaining: 3m 50s
Rendered 3504/5513, time remaining: 3m 50s
Rendered 3505/5513, time remaining: 3m 54s
Rendered 3506/5513, time remaining: 3m 54s
Rendered 3507/5513, time remaining: 3m 53s
Rendered 3508/5513, time remaining: 3m 55s
Rendered 3509/5513, time remaining: 3m 49s
Rendered 3510/5513, time remaining: 3m 49s
Rendered 3511/5513, time remaining: 3m 50s
Rendered 3512/5513, time remaining: 3m 50s
Rendered 3513/5513, time remaining: 3m 54s
Rendered 3514/5513, time remaining: 3m 53s
Rendered 3515/5513, time remaining: 3m 53s
Rendered 3516/5513, time remaining: 3m 53s
Rendered 3517/5513, time remaining: 3m 48s
Rendered 3518/5513, time remaining: 3m 49s
Rendered 3519/5513, time remaining: 3m 48s
Rendered 3520/5513, time remaining: 3m 48s
Rendered 3521/5513, time remaining: 3m 51s
Rendered 3522/5513, time remaining: 3m 53s
Rendered 3523/5513, time remaining: 3m 52s
Rendered 3524/5513, time remaining: 3m 51s
Rendered 3525/5513, time remaining: 3m 48s
Rendered 3526/5513, time remaining: 3m 48s
Rendered 3527/5513, time remaining: 3m 48s
Rendered 3528/5513, time remaining: 3m 48s
Rendered 3529/5513, time remaining: 3m 49s
Rendered 3530/5513, time remaining: 3m 52s
Rendered 3531/5513, time remaining: 3m 52s
Rendered 3532/5513, time remaining: 3m 50s
Rendered 3533/5513, time remaining: 3m 48s
Rendered 3534/5513, time remaining: 3m 48s
Rendered 3535/5513, time remaining: 3m 48s
Rendered 3536/5513, time remaining: 3m 47s
Rendered 3537/5513, time remaining: 3m 48s
Rendered 3538/5513, time remaining: 3m 50s
Rendered 3539/5513, time remaining: 3m 49s
Rendered 3540/5513, time remaining: 3m 52s
Rendered 3541/5513, time remaining: 3m 48s
Rendered 3542/5513, time remaining: 3m 48s
Rendered 3543/5513, time remaining: 3m 48s
Rendered 3544/5513, time remaining: 3m 48s
Rendered 3545/5513, time remaining: 3m 48s
Rendered 3546/5513, time remaining: 3m 49s
Rendered 3547/5513, time remaining: 3m 48s
Rendered 3548/5513, time remaining: 3m 51s
Rendered 3549/5513, time remaining: 3m 47s
Rendered 3550/5513, time remaining: 3m 44s
Rendered 3551/5513, time remaining: 3m 45s
Rendered 3552/5513, time remaining: 3m 45s
Rendered 3553/5513, time remaining: 3m 45s
Rendered 3554/5513, time remaining: 3m 47s
Rendered 3555/5513, time remaining: 3m 49s
Rendered 3556/5513, time remaining: 3m 49s
Rendered 3557/5513, time remaining: 3m 49s
Rendered 3558/5513, time remaining: 3m 42s
Rendered 3559/5513, time remaining: 3m 42s
Rendered 3560/5513, time remaining: 3m 43s
Rendered 3561/5513, time remaining: 3m 43s
Rendered 3562/5513, time remaining: 3m 46s
Rendered 3563/5513, time remaining: 3m 47s
Rendered 3564/5513, time remaining: 3m 47s
Rendered 3565/5513, time remaining: 3m 47s
Rendered 3566/5513, time remaining: 3m 42s
Rendered 3567/5513, time remaining: 3m 41s
Rendered 3568/5513, time remaining: 3m 42s
Rendered 3569/5513, time remaining: 3m 43s
Rendered 3570/5513, time remaining: 3m 46s
Rendered 3571/5513, time remaining: 3m 46s
Rendered 3572/5513, time remaining: 3m 45s
Rendered 3573/5513, time remaining: 3m 46s
Rendered 3574/5513, time remaining: 3m 41s
Rendered 3575/5513, time remaining: 3m 40s
Rendered 3576/5513, time remaining: 3m 41s
Rendered 3577/5513, time remaining: 3m 44s
Rendered 3578/5513, time remaining: 3m 45s
Rendered 3579/5513, time remaining: 3m 46s
Rendered 3580/5513, time remaining: 3m 46s
Rendered 3581/5513, time remaining: 3m 45s
Rendered 3582/5513, time remaining: 3m 39s
Rendered 3583/5513, time remaining: 3m 39s
Rendered 3584/5513, time remaining: 3m 40s
Rendered 3585/5513, time remaining: 3m 43s
Rendered 3586/5513, time remaining: 3m 45s
Rendered 3587/5513, time remaining: 3m 45s
Rendered 3588/5513, time remaining: 3m 45s
Rendered 3589/5513, time remaining: 3m 45s
Rendered 3590/5513, time remaining: 3m 39s
Rendered 3591/5513, time remaining: 3m 37s
Rendered 3592/5513, time remaining: 3m 37s
Rendered 3593/5513, time remaining: 3m 41s
Rendered 3594/5513, time remaining: 3m 43s
Rendered 3595/5513, time remaining: 3m 43s
Rendered 3596/5513, time remaining: 3m 43s
Rendered 3597/5513, time remaining: 3m 43s
Rendered 3598/5513, time remaining: 3m 37s
Rendered 3599/5513, time remaining: 3m 36s
Rendered 3600/5513, time remaining: 3m 37s
Rendered 3601/5513, time remaining: 3m 42s
Rendered 3602/5513, time remaining: 3m 42s
Rendered 3603/5513, time remaining: 3m 42s
Rendered 3604/5513, time remaining: 3m 42s
Rendered 3605/5513, time remaining: 3m 41s
Rendered 3606/5513, time remaining: 3m 34s
Rendered 3607/5513, time remaining: 3m 33s
Rendered 3608/5513, time remaining: 3m 34s
Rendered 3609/5513, time remaining: 3m 39s
Rendered 3610/5513, time remaining: 3m 39s
Rendered 3611/5513, time remaining: 3m 39s
Rendered 3612/5513, time remaining: 3m 39s
Rendered 3613/5513, time remaining: 3m 38s
Rendered 3614/5513, time remaining: 3m 33s
Rendered 3615/5513, time remaining: 3m 32s
Rendered 3616/5513, time remaining: 3m 31s
Rendered 3617/5513, time remaining: 3m 37s
Rendered 3618/5513, time remaining: 3m 38s
Rendered 3619/5513, time remaining: 3m 38s
Rendered 3620/5513, time remaining: 3m 37s
Rendered 3621/5513, time remaining: 3m 37s
Rendered 3622/5513, time remaining: 3m 35s
Rendered 3623/5513, time remaining: 3m 33s
Rendered 3624/5513, time remaining: 3m 31s
Rendered 3625/5513, time remaining: 3m 36s
Rendered 3626/5513, time remaining: 3m 36s
Rendered 3627/5513, time remaining: 3m 37s
Rendered 3628/5513, time remaining: 3m 36s
Rendered 3629/5513, time remaining: 3m 36s
Rendered 3630/5513, time remaining: 3m 33s
Rendered 3631/5513, time remaining: 3m 31s
Rendered 3632/5513, time remaining: 3m 32s
Rendered 3633/5513, time remaining: 3m 36s
Rendered 3634/5513, time remaining: 3m 36s
Rendered 3635/5513, time remaining: 3m 36s
Rendered 3636/5513, time remaining: 3m 36s
Rendered 3637/5513, time remaining: 3m 35s
Rendered 3638/5513, time remaining: 3m 34s
Rendered 3639/5513, time remaining: 3m 30s
Rendered 3640/5513, time remaining: 3m 29s
Rendered 3641/5513, time remaining: 3m 31s
Rendered 3642/5513, time remaining: 3m 34s
Rendered 3643/5513, time remaining: 3m 35s
Rendered 3644/5513, time remaining: 3m 35s
Rendered 3645/5513, time remaining: 3m 34s
Rendered 3646/5513, time remaining: 3m 34s
Rendered 3647/5513, time remaining: 3m 30s
Rendered 3648/5513, time remaining: 3m 30s
Rendered 3649/5513, time remaining: 3m 31s
Rendered 3650/5513, time remaining: 3m 32s
Rendered 3651/5513, time remaining: 3m 34s
Rendered 3652/5513, time remaining: 3m 34s
Rendered 3653/5513, time remaining: 3m 32s
Rendered 3654/5513, time remaining: 3m 32s
Rendered 3655/5513, time remaining: 3m 29s
Rendered 3656/5513, time remaining: 3m 29s
Rendered 3657/5513, time remaining: 3m 32s
Rendered 3658/5513, time remaining: 3m 31s
Rendered 3659/5513, time remaining: 3m 32s
Rendered 3660/5513, time remaining: 3m 31s
Rendered 3661/5513, time remaining: 3m 30s
Rendered 3662/5513, time remaining: 3m 30s
Rendered 3663/5513, time remaining: 3m 26s
Rendered 3664/5513, time remaining: 3m 27s
Rendered 3665/5513, time remaining: 3m 29s
Rendered 3666/5513, time remaining: 3m 30s
Rendered 3667/5513, time remaining: 3m 30s
Rendered 3668/5513, time remaining: 3m 30s
Rendered 3669/5513, time remaining: 3m 29s
Rendered 3670/5513, time remaining: 3m 29s
Rendered 3671/5513, time remaining: 3m 26s
Rendered 3672/5513, time remaining: 3m 24s
Rendered 3673/5513, time remaining: 3m 28s
Rendered 3674/5513, time remaining: 3m 29s
Rendered 3675/5513, time remaining: 3m 28s
Rendered 3676/5513, time remaining: 3m 28s
Rendered 3677/5513, time remaining: 3m 28s
Rendered 3678/5513, time remaining: 3m 27s
Rendered 3679/5513, time remaining: 3m 26s
Rendered 3680/5513, time remaining: 3m 24s
Rendered 3681/5513, time remaining: 3m 29s
Rendered 3682/5513, time remaining: 3m 29s
Rendered 3683/5513, time remaining: 3m 27s
Rendered 3684/5513, time remaining: 3m 27s
Rendered 3685/5513, time remaining: 3m 27s
Rendered 3686/5513, time remaining: 3m 27s
Rendered 3687/5513, time remaining: 3m 25s
Rendered 3688/5513, time remaining: 3m 23s
Rendered 3689/5513, time remaining: 3m 29s
Rendered 3690/5513, time remaining: 3m 26s
Rendered 3691/5513, time remaining: 3m 26s
Rendered 3692/5513, time remaining: 3m 25s
Rendered 3693/5513, time remaining: 3m 25s
Rendered 3694/5513, time remaining: 3m 24s
Rendered 3695/5513, time remaining: 3m 24s
Rendered 3696/5513, time remaining: 3m 23s
Rendered 3697/5513, time remaining: 3m 28s
Rendered 3698/5513, time remaining: 3m 25s
Rendered 3699/5513, time remaining: 3m 25s
Rendered 3700/5513, time remaining: 3m 25s
Rendered 3701/5513, time remaining: 3m 24s
Rendered 3702/5513, time remaining: 3m 24s
Rendered 3703/5513, time remaining: 3m 24s
Rendered 3704/5513, time remaining: 3m 22s
Rendered 3705/5513, time remaining: 3m 25s
Rendered 3706/5513, time remaining: 3m 24s
Rendered 3707/5513, time remaining: 3m 24s
Rendered 3708/5513, time remaining: 3m 24s
Rendered 3709/5513, time remaining: 3m 23s
Rendered 3710/5513, time remaining: 3m 23s
Rendered 3711/5513, time remaining: 3m 23s
Rendered 3712/5513, time remaining: 3m 19s
Rendered 3713/5513, time remaining: 3m 25s
Rendered 3714/5513, time remaining: 3m 24s
Rendered 3715/5513, time remaining: 3m 24s
Rendered 3716/5513, time remaining: 3m 24s
Rendered 3717/5513, time remaining: 3m 24s
Rendered 3718/5513, time remaining: 3m 22s
Rendered 3719/5513, time remaining: 3m 22s
Rendered 3720/5513, time remaining: 3m 19s
Rendered 3721/5513, time remaining: 3m 26s
Rendered 3722/5513, time remaining: 3m 26s
Rendered 3723/5513, time remaining: 3m 25s
Rendered 3724/5513, time remaining: 3m 25s
Rendered 3725/5513, time remaining: 3m 24s
Rendered 3726/5513, time remaining: 3m 23s
Rendered 3727/5513, time remaining: 3m 21s
Rendered 3728/5513, time remaining: 3m 19s
Rendered 3729/5513, time remaining: 3m 24s
Rendered 3730/5513, time remaining: 3m 25s
Rendered 3731/5513, time remaining: 3m 24s
Rendered 3732/5513, time remaining: 3m 24s
Rendered 3733/5513, time remaining: 3m 24s
Rendered 3734/5513, time remaining: 3m 23s
Rendered 3735/5513, time remaining: 3m 20s
Rendered 3736/5513, time remaining: 3m 18s
Rendered 3737/5513, time remaining: 3m 23s
Rendered 3738/5513, time remaining: 3m 23s
Rendered 3739/5513, time remaining: 3m 23s
Rendered 3740/5513, time remaining: 3m 23s
Rendered 3741/5513, time remaining: 3m 23s
Rendered 3742/5513, time remaining: 3m 23s
Rendered 3743/5513, time remaining: 3m 19s
Rendered 3744/5513, time remaining: 3m 18s
Rendered 3745/5513, time remaining: 3m 23s
Rendered 3746/5513, time remaining: 3m 23s
Rendered 3747/5513, time remaining: 3m 22s
Rendered 3748/5513, time remaining: 3m 23s
Rendered 3749/5513, time remaining: 3m 23s
Rendered 3750/5513, time remaining: 3m 22s
Rendered 3751/5513, time remaining: 3m 17s
Rendered 3752/5513, time remaining: 3m 16s
Rendered 3753/5513, time remaining: 3m 22s
Rendered 3754/5513, time remaining: 3m 22s
Rendered 3755/5513, time remaining: 3m 22s
Rendered 3756/5513, time remaining: 3m 22s
Rendered 3757/5513, time remaining: 3m 22s
Rendered 3758/5513, time remaining: 3m 21s
Rendered 3759/5513, time remaining: 3m 16s
Rendered 3760/5513, time remaining: 3m 16s
Rendered 3761/5513, time remaining: 3m 21s
Rendered 3762/5513, time remaining: 3m 21s
Rendered 3763/5513, time remaining: 3m 21s
Rendered 3764/5513, time remaining: 3m 21s
Rendered 3765/5513, time remaining: 3m 21s
Rendered 3766/5513, time remaining: 3m 21s
Rendered 3767/5513, time remaining: 3m 16s
Rendered 3768/5513, time remaining: 3m 14s
Rendered 3769/5513, time remaining: 3m 19s
Rendered 3770/5513, time remaining: 3m 19s
Rendered 3771/5513, time remaining: 3m 19s
Rendered 3772/5513, time remaining: 3m 19s
Rendered 3773/5513, time remaining: 3m 19s
Rendered 3774/5513, time remaining: 3m 19s
Rendered 3775/5513, time remaining: 3m 14s
Rendered 3776/5513, time remaining: 3m 13s
Rendered 3777/5513, time remaining: 3m 19s
Rendered 3778/5513, time remaining: 3m 19s
Rendered 3779/5513, time remaining: 3m 18s
Rendered 3780/5513, time remaining: 3m 18s
Rendered 3781/5513, time remaining: 3m 18s
Rendered 3782/5513, time remaining: 3m 17s
Rendered 3783/5513, time remaining: 3m 13s
Rendered 3784/5513, time remaining: 3m 13s
Rendered 3785/5513, time remaining: 3m 17s
Rendered 3786/5513, time remaining: 3m 17s
Rendered 3787/5513, time remaining: 3m 17s
Rendered 3788/5513, time remaining: 3m 17s
Rendered 3789/5513, time remaining: 3m 17s
Rendered 3790/5513, time remaining: 3m 16s
Rendered 3791/5513, time remaining: 3m 15s
Rendered 3792/5513, time remaining: 3m 12s
Rendered 3793/5513, time remaining: 3m 17s
Rendered 3794/5513, time remaining: 3m 18s
Rendered 3795/5513, time remaining: 3m 18s
Rendered 3796/5513, time remaining: 3m 18s
Rendered 3797/5513, time remaining: 3m 17s
Rendered 3798/5513, time remaining: 3m 17s
Rendered 3799/5513, time remaining: 3m 15s
Rendered 3800/5513, time remaining: 3m 13s
Rendered 3801/5513, time remaining: 3m 18s
Rendered 3802/5513, time remaining: 3m 18s
Rendered 3803/5513, time remaining: 3m 18s
Rendered 3804/5513, time remaining: 3m 18s
Rendered 3805/5513, time remaining: 3m 17s
Rendered 3806/5513, time remaining: 3m 17s
Rendered 3807/5513, time remaining: 3m 15s
Rendered 3808/5513, time remaining: 3m 14s
Rendered 3809/5513, time remaining: 3m 17s
Rendered 3810/5513, time remaining: 3m 17s
Rendered 3811/5513, time remaining: 3m 17s
Rendered 3812/5513, time remaining: 3m 17s
Rendered 3813/5513, time remaining: 3m 17s
Rendered 3814/5513, time remaining: 3m 17s
Rendered 3815/5513, time remaining: 3m 14s
Rendered 3816/5513, time remaining: 3m 12s
Rendered 3817/5513, time remaining: 3m 14s
Rendered 3818/5513, time remaining: 3m 16s
Rendered 3819/5513, time remaining: 3m 16s
Rendered 3820/5513, time remaining: 3m 17s
Rendered 3821/5513, time remaining: 3m 17s
Rendered 3822/5513, time remaining: 3m 18s
Rendered 3823/5513, time remaining: 3m 14s
Rendered 3824/5513, time remaining: 3m 13s
Rendered 3825/5513, time remaining: 3m 13s
Rendered 3826/5513, time remaining: 3m 15s
Rendered 3827/5513, time remaining: 3m 15s
Rendered 3828/5513, time remaining: 3m 15s
Rendered 3829/5513, time remaining: 3m 15s
Rendered 3830/5513, time remaining: 3m 14s
Rendered 3831/5513, time remaining: 3m 10s
Rendered 3832/5513, time remaining: 3m 10s
Rendered 3833/5513, time remaining: 3m 11s
Rendered 3834/5513, time remaining: 3m 13s
Rendered 3835/5513, time remaining: 3m 15s
Rendered 3836/5513, time remaining: 3m 15s
Rendered 3837/5513, time remaining: 3m 15s
Rendered 3838/5513, time remaining: 3m 16s
Rendered 3839/5513, time remaining: 3m 10s
Rendered 3840/5513, time remaining: 3m 11s
Rendered 3841/5513, time remaining: 3m 12s
Rendered 3842/5513, time remaining: 3m 14s
Rendered 3843/5513, time remaining: 3m 14s
Rendered 3844/5513, time remaining: 3m 14s
Rendered 3845/5513, time remaining: 3m 16s
Rendered 3846/5513, time remaining: 3m 17s
Rendered 3847/5513, time remaining: 3m 11s
Rendered 3848/5513, time remaining: 3m 12s
Rendered 3849/5513, time remaining: 3m 13s
Rendered 3850/5513, time remaining: 3m 14s
Rendered 3851/5513, time remaining: 3m 14s
Rendered 3852/5513, time remaining: 3m 15s
Rendered 3853/5513, time remaining: 3m 16s
Rendered 3854/5513, time remaining: 3m 16s
Rendered 3855/5513, time remaining: 3m 11s
Rendered 3856/5513, time remaining: 3m 12s
Rendered 3857/5513, time remaining: 3m 13s
Rendered 3858/5513, time remaining: 3m 15s
Rendered 3859/5513, time remaining: 3m 15s
Rendered 3860/5513, time remaining: 3m 14s
Rendered 3861/5513, time remaining: 3m 16s
Rendered 3862/5513, time remaining: 3m 16s
Rendered 3863/5513, time remaining: 3m 10s
Rendered 3864/5513, time remaining: 3m 10s
Rendered 3865/5513, time remaining: 3m 10s
Rendered 3866/5513, time remaining: 3m 12s
Rendered 3867/5513, time remaining: 3m 13s
Rendered 3868/5513, time remaining: 3m 14s
Rendered 3869/5513, time remaining: 3m 15s
Rendered 3870/5513, time remaining: 3m 15s
Rendered 3871/5513, time remaining: 3m 9s
Rendered 3872/5513, time remaining: 3m 9s
Rendered 3873/5513, time remaining: 3m 9s
Rendered 3874/5513, time remaining: 3m 10s
Rendered 3875/5513, time remaining: 3m 10s
Rendered 3876/5513, time remaining: 3m 12s
Rendered 3877/5513, time remaining: 3m 15s
Rendered 3878/5513, time remaining: 3m 15s
Rendered 3879/5513, time remaining: 3m 9s
Rendered 3880/5513, time remaining: 3m 10s
Rendered 3881/5513, time remaining: 3m 10s
Rendered 3882/5513, time remaining: 3m 11s
Rendered 3883/5513, time remaining: 3m 10s
Rendered 3884/5513, time remaining: 3m 11s
Rendered 3885/5513, time remaining: 3m 13s
Rendered 3886/5513, time remaining: 3m 13s
Rendered 3887/5513, time remaining: 3m 8s
Rendered 3888/5513, time remaining: 3m 9s
Rendered 3889/5513, time remaining: 3m 9s
Rendered 3890/5513, time remaining: 3m 10s
Rendered 3891/5513, time remaining: 3m 11s
Rendered 3892/5513, time remaining: 3m 12s
Rendered 3893/5513, time remaining: 3m 12s
Rendered 3894/5513, time remaining: 3m 12s
Rendered 3895/5513, time remaining: 3m 7s
Rendered 3896/5513, time remaining: 3m 8s
Rendered 3897/5513, time remaining: 3m 9s
Rendered 3898/5513, time remaining: 3m 10s
Rendered 3899/5513, time remaining: 3m 11s
Rendered 3900/5513, time remaining: 3m 10s
Rendered 3901/5513, time remaining: 3m 11s
Rendered 3902/5513, time remaining: 3m 11s
Rendered 3903/5513, time remaining: 3m 6s
Rendered 3904/5513, time remaining: 3m 6s
Rendered 3905/5513, time remaining: 3m 7s
Rendered 3906/5513, time remaining: 3m 7s
Rendered 3907/5513, time remaining: 3m 9s
Rendered 3908/5513, time remaining: 3m 10s
Rendered 3909/5513, time remaining: 3m 11s
Rendered 3910/5513, time remaining: 3m 11s
Rendered 3911/5513, time remaining: 3m 6s
Rendered 3912/5513, time remaining: 3m 6s
Rendered 3913/5513, time remaining: 3m 6s
Rendered 3914/5513, time remaining: 3m 6s
Rendered 3915/5513, time remaining: 3m 7s
Rendered 3916/5513, time remaining: 3m 8s
Rendered 3917/5513, time remaining: 3m 10s
Rendered 3918/5513, time remaining: 3m 10s
Rendered 3919/5513, time remaining: 3m 6s
Rendered 3920/5513, time remaining: 3m 6s
Rendered 3921/5513, time remaining: 3m 6s
Rendered 3922/5513, time remaining: 3m 5s
Rendered 3923/5513, time remaining: 3m 8s
Rendered 3924/5513, time remaining: 3m 10s
Rendered 3925/5513, time remaining: 3m 9s
Rendered 3926/5513, time remaining: 3m 11s
Rendered 3927/5513, time remaining: 3m 5s
Rendered 3928/5513, time remaining: 3m 4s
Rendered 3929/5513, time remaining: 3m 4s
Rendered 3930/5513, time remaining: 3m 4s
Rendered 3931/5513, time remaining: 3m 6s
Rendered 3932/5513, time remaining: 3m 9s
Rendered 3933/5513, time remaining: 3m 9s
Rendered 3934/5513, time remaining: 3m 8s
Rendered 3935/5513, time remaining: 3m 3s
Rendered 3936/5513, time remaining: 3m 4s
Rendered 3937/5513, time remaining: 3m 3s
Rendered 3938/5513, time remaining: 3m 3s
Rendered 3939/5513, time remaining: 3m 6s
Rendered 3940/5513, time remaining: 3m 8s
Rendered 3941/5513, time remaining: 3m 7s
Rendered 3942/5513, time remaining: 3m 7s
Rendered 3943/5513, time remaining: 3m 1s
Rendered 3944/5513, time remaining: 3m 1s
Rendered 3945/5513, time remaining: 3m 0s
Rendered 3946/5513, time remaining: 3m 0s
Rendered 3947/5513, time remaining: 3m 2s
Rendered 3948/5513, time remaining: 3m 5s
Rendered 3949/5513, time remaining: 3m 5s
Rendered 3950/5513, time remaining: 3m 5s
Rendered 3951/5513, time remaining: 3m 0s
Rendered 3952/5513, time remaining: 2m 59s
Rendered 3953/5513, time remaining: 2m 59s
Rendered 3954/5513, time remaining: 2m 59s
Rendered 3955/5513, time remaining: 3m 3s
Rendered 3956/5513, time remaining: 3m 3s
Rendered 3957/5513, time remaining: 3m 3s
Rendered 3958/5513, time remaining: 3m 2s
Rendered 3959/5513, time remaining: 2m 59s
Rendered 3960/5513, time remaining: 2m 59s
Rendered 3961/5513, time remaining: 2m 59s
Rendered 3962/5513, time remaining: 2m 59s
Rendered 3963/5513, time remaining: 3m 2s
Rendered 3964/5513, time remaining: 3m 2s
Rendered 3965/5513, time remaining: 3m 3s
Rendered 3966/5513, time remaining: 3m 3s
Rendered 3967/5513, time remaining: 3m 1s
Rendered 3968/5513, time remaining: 3m 0s
Rendered 3969/5513, time remaining: 2m 59s
Rendered 3970/5513, time remaining: 3m 0s
Rendered 3971/5513, time remaining: 3m 2s
Rendered 3972/5513, time remaining: 3m 1s
Rendered 3973/5513, time remaining: 3m 1s
Rendered 3974/5513, time remaining: 3m 1s
Rendered 3975/5513, time remaining: 3m 1s
Rendered 3976/5513, time remaining: 2m 59s
Rendered 3977/5513, time remaining: 2m 59s
Rendered 3978/5513, time remaining: 3m 0s
Rendered 3979/5513, time remaining: 3m 3s
Rendered 3980/5513, time remaining: 3m 3s
Rendered 3981/5513, time remaining: 3m 3s
Rendered 3982/5513, time remaining: 3m 3s
Rendered 3983/5513, time remaining: 3m 1s
Rendered 3984/5513, time remaining: 3m 0s
Rendered 3985/5513, time remaining: 2m 58s
Rendered 3986/5513, time remaining: 2m 58s
Rendered 3987/5513, time remaining: 3m 2s
Rendered 3988/5513, time remaining: 3m 1s
Rendered 3989/5513, time remaining: 3m 1s
Rendered 3990/5513, time remaining: 3m 0s
Rendered 3991/5513, time remaining: 2m 59s
Rendered 3992/5513, time remaining: 2m 57s
Rendered 3993/5513, time remaining: 2m 57s
Rendered 3994/5513, time remaining: 2m 56s
Rendered 3995/5513, time remaining: 2m 59s
Rendered 3996/5513, time remaining: 2m 58s
Rendered 3997/5513, time remaining: 2m 59s
Rendered 3998/5513, time remaining: 2m 57s
Rendered 3999/5513, time remaining: 2m 57s
Rendered 4000/5513, time remaining: 2m 55s
Rendered 4001/5513, time remaining: 2m 55s
Rendered 4002/5513, time remaining: 2m 55s
Rendered 4003/5513, time remaining: 2m 58s
Rendered 4004/5513, time remaining: 2m 57s
Rendered 4005/5513, time remaining: 2m 57s
Rendered 4006/5513, time remaining: 2m 56s
Rendered 4007/5513, time remaining: 2m 55s
Rendered 4008/5513, time remaining: 2m 53s
Rendered 4009/5513, time remaining: 2m 53s
Rendered 4010/5513, time remaining: 2m 53s
Rendered 4011/5513, time remaining: 2m 56s
Rendered 4012/5513, time remaining: 2m 56s
Rendered 4013/5513, time remaining: 2m 56s
Rendered 4014/5513, time remaining: 2m 55s
Rendered 4015/5513, time remaining: 2m 55s
Rendered 4016/5513, time remaining: 2m 53s
Rendered 4017/5513, time remaining: 2m 52s
Rendered 4018/5513, time remaining: 2m 50s
Rendered 4019/5513, time remaining: 2m 54s
Rendered 4020/5513, time remaining: 2m 53s
Rendered 4021/5513, time remaining: 2m 53s
Rendered 4022/5513, time remaining: 2m 53s
Rendered 4023/5513, time remaining: 2m 53s
Rendered 4024/5513, time remaining: 2m 52s
Rendered 4025/5513, time remaining: 2m 52s
Rendered 4026/5513, time remaining: 2m 49s
Rendered 4027/5513, time remaining: 2m 51s
Rendered 4028/5513, time remaining: 2m 52s
Rendered 4029/5513, time remaining: 2m 52s
Rendered 4030/5513, time remaining: 2m 51s
Rendered 4031/5513, time remaining: 2m 51s
Rendered 4032/5513, time remaining: 2m 50s
Rendered 4033/5513, time remaining: 2m 50s
Rendered 4034/5513, time remaining: 2m 49s
Rendered 4035/5513, time remaining: 2m 50s
Rendered 4036/5513, time remaining: 2m 51s
Rendered 4037/5513, time remaining: 2m 51s
Rendered 4038/5513, time remaining: 2m 50s
Rendered 4039/5513, time remaining: 2m 50s
Rendered 4040/5513, time remaining: 2m 49s
Rendered 4041/5513, time remaining: 2m 49s
Rendered 4042/5513, time remaining: 2m 48s
Rendered 4043/5513, time remaining: 2m 51s
Rendered 4044/5513, time remaining: 2m 51s
Rendered 4045/5513, time remaining: 2m 50s
Rendered 4046/5513, time remaining: 2m 49s
Rendered 4047/5513, time remaining: 2m 48s
Rendered 4048/5513, time remaining: 2m 47s
Rendered 4049/5513, time remaining: 2m 46s
Rendered 4050/5513, time remaining: 2m 46s
Rendered 4051/5513, time remaining: 2m 51s
Rendered 4052/5513, time remaining: 2m 52s
Rendered 4053/5513, time remaining: 2m 52s
Rendered 4054/5513, time remaining: 2m 52s
Rendered 4055/5513, time remaining: 2m 50s
Rendered 4056/5513, time remaining: 2m 51s
Rendered 4057/5513, time remaining: 2m 50s
Rendered 4058/5513, time remaining: 2m 49s
Rendered 4059/5513, time remaining: 2m 52s
Rendered 4060/5513, time remaining: 2m 52s
Rendered 4061/5513, time remaining: 2m 52s
Rendered 4062/5513, time remaining: 2m 51s
Rendered 4063/5513, time remaining: 2m 51s
Rendered 4064/5513, time remaining: 2m 51s
Rendered 4065/5513, time remaining: 2m 50s
Rendered 4066/5513, time remaining: 2m 51s
Rendered 4067/5513, time remaining: 2m 51s
Rendered 4068/5513, time remaining: 2m 52s
Rendered 4069/5513, time remaining: 2m 52s
Rendered 4070/5513, time remaining: 2m 51s
Rendered 4071/5513, time remaining: 2m 50s
Rendered 4072/5513, time remaining: 2m 51s
Rendered 4073/5513, time remaining: 2m 49s
Rendered 4074/5513, time remaining: 2m 48s
Rendered 4075/5513, time remaining: 2m 51s
Rendered 4076/5513, time remaining: 2m 49s
Rendered 4077/5513, time remaining: 2m 50s
Rendered 4078/5513, time remaining: 2m 51s
Rendered 4079/5513, time remaining: 2m 51s
Rendered 4080/5513, time remaining: 2m 52s
Rendered 4081/5513, time remaining: 2m 50s
Rendered 4082/5513, time remaining: 2m 47s
Rendered 4083/5513, time remaining: 2m 49s
Rendered 4084/5513, time remaining: 2m 50s
Rendered 4085/5513, time remaining: 2m 50s
Rendered 4086/5513, time remaining: 2m 49s
Rendered 4087/5513, time remaining: 2m 51s
Rendered 4088/5513, time remaining: 2m 52s
Rendered 4089/5513, time remaining: 2m 48s
Rendered 4090/5513, time remaining: 2m 48s
Rendered 4091/5513, time remaining: 2m 50s
Rendered 4092/5513, time remaining: 2m 50s
Rendered 4093/5513, time remaining: 2m 50s
Rendered 4094/5513, time remaining: 2m 51s
Rendered 4095/5513, time remaining: 2m 50s
Rendered 4096/5513, time remaining: 2m 50s
Rendered 4097/5513, time remaining: 2m 50s
Rendered 4098/5513, time remaining: 2m 46s
Rendered 4099/5513, time remaining: 2m 49s
Rendered 4100/5513, time remaining: 2m 49s
Rendered 4101/5513, time remaining: 2m 49s
Rendered 4102/5513, time remaining: 2m 49s
Rendered 4103/5513, time remaining: 2m 50s
Rendered 4104/5513, time remaining: 2m 50s
Rendered 4105/5513, time remaining: 2m 46s
Rendered 4106/5513, time remaining: 2m 45s
Rendered 4107/5513, time remaining: 2m 48s
Rendered 4108/5513, time remaining: 2m 48s
Rendered 4109/5513, time remaining: 2m 47s
Rendered 4110/5513, time remaining: 2m 48s
Rendered 4111/5513, time remaining: 2m 47s
Rendered 4112/5513, time remaining: 2m 47s
Rendered 4113/5513, time remaining: 2m 44s
Rendered 4114/5513, time remaining: 2m 43s
Rendered 4115/5513, time remaining: 2m 47s
Rendered 4116/5513, time remaining: 2m 46s
Rendered 4117/5513, time remaining: 2m 46s
Rendered 4118/5513, time remaining: 2m 46s
Rendered 4119/5513, time remaining: 2m 46s
Rendered 4120/5513, time remaining: 2m 44s
Rendered 4121/5513, time remaining: 2m 42s
Rendered 4122/5513, time remaining: 2m 42s
Rendered 4123/5513, time remaining: 2m 45s
Rendered 4124/5513, time remaining: 2m 44s
Rendered 4125/5513, time remaining: 2m 45s
Rendered 4126/5513, time remaining: 2m 45s
Rendered 4127/5513, time remaining: 2m 45s
Rendered 4128/5513, time remaining: 2m 44s
Rendered 4129/5513, time remaining: 2m 41s
Rendered 4130/5513, time remaining: 2m 40s
Rendered 4131/5513, time remaining: 2m 42s
Rendered 4132/5513, time remaining: 2m 44s
Rendered 4133/5513, time remaining: 2m 43s
Rendered 4134/5513, time remaining: 2m 43s
Rendered 4135/5513, time remaining: 2m 43s
Rendered 4136/5513, time remaining: 2m 43s
Rendered 4137/5513, time remaining: 2m 39s
Rendered 4138/5513, time remaining: 2m 38s
Rendered 4139/5513, time remaining: 2m 42s
Rendered 4140/5513, time remaining: 2m 42s
Rendered 4141/5513, time remaining: 2m 42s
Rendered 4142/5513, time remaining: 2m 42s
Rendered 4143/5513, time remaining: 2m 42s
Rendered 4144/5513, time remaining: 2m 42s
Rendered 4145/5513, time remaining: 2m 38s
Rendered 4146/5513, time remaining: 2m 38s
Rendered 4147/5513, time remaining: 2m 41s
Rendered 4148/5513, time remaining: 2m 42s
Rendered 4149/5513, time remaining: 2m 41s
Rendered 4150/5513, time remaining: 2m 42s
Rendered 4151/5513, time remaining: 2m 41s
Rendered 4152/5513, time remaining: 2m 41s
Rendered 4153/5513, time remaining: 2m 37s
Rendered 4154/5513, time remaining: 2m 37s
Rendered 4155/5513, time remaining: 2m 40s
Rendered 4156/5513, time remaining: 2m 41s
Rendered 4157/5513, time remaining: 2m 41s
Rendered 4158/5513, time remaining: 2m 40s
Rendered 4159/5513, time remaining: 2m 40s
Rendered 4160/5513, time remaining: 2m 40s
Rendered 4161/5513, time remaining: 2m 35s
Rendered 4162/5513, time remaining: 2m 35s
Rendered 4163/5513, time remaining: 2m 39s
Rendered 4164/5513, time remaining: 2m 40s
Rendered 4165/5513, time remaining: 2m 40s
Rendered 4166/5513, time remaining: 2m 40s
Rendered 4167/5513, time remaining: 2m 40s
Rendered 4168/5513, time remaining: 2m 40s
Rendered 4169/5513, time remaining: 2m 35s
Rendered 4170/5513, time remaining: 2m 35s
Rendered 4171/5513, time remaining: 2m 38s
Rendered 4172/5513, time remaining: 2m 38s
Rendered 4173/5513, time remaining: 2m 38s
Rendered 4174/5513, time remaining: 2m 38s
Rendered 4175/5513, time remaining: 2m 40s
Rendered 4176/5513, time remaining: 2m 40s
Rendered 4177/5513, time remaining: 2m 35s
Rendered 4178/5513, time remaining: 2m 35s
Rendered 4179/5513, time remaining: 2m 36s
Rendered 4180/5513, time remaining: 2m 36s
Rendered 4181/5513, time remaining: 2m 36s
Rendered 4182/5513, time remaining: 2m 36s
Rendered 4183/5513, time remaining: 2m 37s
Rendered 4184/5513, time remaining: 2m 38s
Rendered 4185/5513, time remaining: 2m 35s
Rendered 4186/5513, time remaining: 2m 34s
Rendered 4187/5513, time remaining: 2m 36s
Rendered 4188/5513, time remaining: 2m 36s
Rendered 4189/5513, time remaining: 2m 35s
Rendered 4190/5513, time remaining: 2m 36s
Rendered 4191/5513, time remaining: 2m 37s
Rendered 4192/5513, time remaining: 2m 36s
Rendered 4193/5513, time remaining: 2m 34s
Rendered 4194/5513, time remaining: 2m 34s
Rendered 4195/5513, time remaining: 2m 34s
Rendered 4196/5513, time remaining: 2m 34s
Rendered 4197/5513, time remaining: 2m 36s
Rendered 4198/5513, time remaining: 2m 36s
Rendered 4199/5513, time remaining: 2m 36s
Rendered 4200/5513, time remaining: 2m 37s
Rendered 4201/5513, time remaining: 2m 32s
Rendered 4202/5513, time remaining: 2m 31s
Rendered 4203/5513, time remaining: 2m 31s
Rendered 4204/5513, time remaining: 2m 30s
Rendered 4205/5513, time remaining: 2m 31s
Rendered 4206/5513, time remaining: 2m 31s
Rendered 4207/5513, time remaining: 2m 31s
Rendered 4208/5513, time remaining: 2m 31s
Rendered 4209/5513, time remaining: 2m 27s
Rendered 4210/5513, time remaining: 2m 29s
Rendered 4211/5513, time remaining: 2m 29s
Rendered 4212/5513, time remaining: 2m 29s
Rendered 4213/5513, time remaining: 2m 30s
Rendered 4214/5513, time remaining: 2m 30s
Rendered 4215/5513, time remaining: 2m 30s
Rendered 4216/5513, time remaining: 2m 28s
Rendered 4217/5513, time remaining: 2m 27s
Rendered 4218/5513, time remaining: 2m 27s
Rendered 4219/5513, time remaining: 2m 27s
Rendered 4220/5513, time remaining: 2m 27s
Rendered 4221/5513, time remaining: 2m 29s
Rendered 4222/5513, time remaining: 2m 29s
Rendered 4223/5513, time remaining: 2m 29s
Rendered 4224/5513, time remaining: 2m 27s
Rendered 4225/5513, time remaining: 2m 25s
Rendered 4226/5513, time remaining: 2m 25s
Rendered 4227/5513, time remaining: 2m 25s
Rendered 4228/5513, time remaining: 2m 26s
Rendered 4229/5513, time remaining: 2m 29s
Rendered 4230/5513, time remaining: 2m 28s
Rendered 4231/5513, time remaining: 2m 28s
Rendered 4232/5513, time remaining: 2m 28s
Rendered 4233/5513, time remaining: 2m 26s
Rendered 4234/5513, time remaining: 2m 25s
Rendered 4235/5513, time remaining: 2m 25s
Rendered 4236/5513, time remaining: 2m 25s
Rendered 4237/5513, time remaining: 2m 27s
Rendered 4238/5513, time remaining: 2m 27s
Rendered 4239/5513, time remaining: 2m 27s
Rendered 4240/5513, time remaining: 2m 26s
Rendered 4241/5513, time remaining: 2m 24s
Rendered 4242/5513, time remaining: 2m 24s
Rendered 4243/5513, time remaining: 2m 24s
Rendered 4244/5513, time remaining: 2m 24s
Rendered 4245/5513, time remaining: 2m 26s
Rendered 4246/5513, time remaining: 2m 27s
Rendered 4247/5513, time remaining: 2m 26s
Rendered 4248/5513, time remaining: 2m 26s
Rendered 4249/5513, time remaining: 2m 23s
Rendered 4250/5513, time remaining: 2m 23s
Rendered 4251/5513, time remaining: 2m 23s
Rendered 4252/5513, time remaining: 2m 24s
Rendered 4253/5513, time remaining: 2m 25s
Rendered 4254/5513, time remaining: 2m 25s
Rendered 4255/5513, time remaining: 2m 25s
Rendered 4256/5513, time remaining: 2m 25s
Rendered 4257/5513, time remaining: 2m 22s
Rendered 4258/5513, time remaining: 2m 22s
Rendered 4259/5513, time remaining: 2m 22s
Rendered 4260/5513, time remaining: 2m 21s
Rendered 4261/5513, time remaining: 2m 25s
Rendered 4262/5513, time remaining: 2m 25s
Rendered 4263/5513, time remaining: 2m 25s
Rendered 4264/5513, time remaining: 2m 25s
Rendered 4265/5513, time remaining: 2m 21s
Rendered 4266/5513, time remaining: 2m 21s
Rendered 4267/5513, time remaining: 2m 21s
Rendered 4268/5513, time remaining: 2m 20s
Rendered 4269/5513, time remaining: 2m 24s
Rendered 4270/5513, time remaining: 2m 24s
Rendered 4271/5513, time remaining: 2m 24s
Rendered 4272/5513, time remaining: 2m 24s
Rendered 4273/5513, time remaining: 2m 20s
Rendered 4274/5513, time remaining: 2m 20s
Rendered 4275/5513, time remaining: 2m 19s
Rendered 4276/5513, time remaining: 2m 19s
Rendered 4277/5513, time remaining: 2m 22s
Rendered 4278/5513, time remaining: 2m 23s
Rendered 4279/5513, time remaining: 2m 22s
Rendered 4280/5513, time remaining: 2m 22s
Rendered 4281/5513, time remaining: 2m 20s
Rendered 4282/5513, time remaining: 2m 19s
Rendered 4283/5513, time remaining: 2m 19s
Rendered 4284/5513, time remaining: 2m 18s
Rendered 4285/5513, time remaining: 2m 21s
Rendered 4286/5513, time remaining: 2m 22s
Rendered 4287/5513, time remaining: 2m 22s
Rendered 4288/5513, time remaining: 2m 22s
Rendered 4289/5513, time remaining: 2m 18s
Rendered 4290/5513, time remaining: 2m 18s
Rendered 4291/5513, time remaining: 2m 18s
Rendered 4292/5513, time remaining: 2m 18s
Rendered 4293/5513, time remaining: 2m 20s
Rendered 4294/5513, time remaining: 2m 21s
Rendered 4295/5513, time remaining: 2m 21s
Rendered 4296/5513, time remaining: 2m 21s
Rendered 4297/5513, time remaining: 2m 18s
Rendered 4298/5513, time remaining: 2m 17s
Rendered 4299/5513, time remaining: 2m 17s
Rendered 4300/5513, time remaining: 2m 17s
Rendered 4301/5513, time remaining: 2m 18s
Rendered 4302/5513, time remaining: 2m 18s
Rendered 4303/5513, time remaining: 2m 20s
Rendered 4304/5513, time remaining: 2m 20s
Rendered 4305/5513, time remaining: 2m 17s
Rendered 4306/5513, time remaining: 2m 16s
Rendered 4307/5513, time remaining: 2m 16s
Rendered 4308/5513, time remaining: 2m 16s
Rendered 4309/5513, time remaining: 2m 16s
Rendered 4310/5513, time remaining: 2m 18s
Rendered 4311/5513, time remaining: 2m 19s
Rendered 4312/5513, time remaining: 2m 19s
Rendered 4313/5513, time remaining: 2m 16s
Rendered 4314/5513, time remaining: 2m 15s
Rendered 4315/5513, time remaining: 2m 15s
Rendered 4316/5513, time remaining: 2m 15s
Rendered 4317/5513, time remaining: 2m 16s
Rendered 4318/5513, time remaining: 2m 18s
Rendered 4319/5513, time remaining: 2m 18s
Rendered 4320/5513, time remaining: 2m 18s
Rendered 4321/5513, time remaining: 2m 15s
Rendered 4322/5513, time remaining: 2m 16s
Rendered 4323/5513, time remaining: 2m 16s
Rendered 4324/5513, time remaining: 2m 16s
Rendered 4325/5513, time remaining: 2m 14s
Rendered 4326/5513, time remaining: 2m 16s
Rendered 4327/5513, time remaining: 2m 15s
Rendered 4328/5513, time remaining: 2m 15s
Rendered 4329/5513, time remaining: 2m 15s
Rendered 4330/5513, time remaining: 2m 15s
Rendered 4331/5513, time remaining: 2m 14s
Rendered 4332/5513, time remaining: 2m 15s
Rendered 4333/5513, time remaining: 2m 15s
Rendered 4334/5513, time remaining: 2m 14s
Rendered 4335/5513, time remaining: 2m 15s
Rendered 4336/5513, time remaining: 2m 15s
Rendered 4337/5513, time remaining: 2m 14s
Rendered 4338/5513, time remaining: 2m 15s
Rendered 4339/5513, time remaining: 2m 15s
Rendered 4340/5513, time remaining: 2m 15s
Rendered 4341/5513, time remaining: 2m 14s
Rendered 4342/5513, time remaining: 2m 14s
Rendered 4343/5513, time remaining: 2m 13s
Rendered 4344/5513, time remaining: 2m 14s
Rendered 4345/5513, time remaining: 2m 15s
Rendered 4346/5513, time remaining: 2m 15s
Rendered 4347/5513, time remaining: 2m 14s
Rendered 4348/5513, time remaining: 2m 13s
Rendered 4349/5513, time remaining: 2m 13s
Rendered 4350/5513, time remaining: 2m 12s
Rendered 4351/5513, time remaining: 2m 12s
Rendered 4352/5513, time remaining: 2m 15s
Rendered 4353/5513, time remaining: 2m 15s
Rendered 4354/5513, time remaining: 2m 15s
Rendered 4355/5513, time remaining: 2m 14s
Rendered 4356/5513, time remaining: 2m 13s
Rendered 4357/5513, time remaining: 2m 12s
Rendered 4358/5513, time remaining: 2m 12s
Rendered 4359/5513, time remaining: 2m 12s
Rendered 4360/5513, time remaining: 2m 13s
Rendered 4361/5513, time remaining: 2m 13s
Rendered 4362/5513, time remaining: 2m 13s
Rendered 4363/5513, time remaining: 2m 12s
Rendered 4364/5513, time remaining: 2m 12s
Rendered 4365/5513, time remaining: 2m 11s
Rendered 4366/5513, time remaining: 2m 11s
Rendered 4367/5513, time remaining: 2m 10s
Rendered 4368/5513, time remaining: 2m 13s
Rendered 4369/5513, time remaining: 2m 13s
Rendered 4370/5513, time remaining: 2m 12s
Rendered 4371/5513, time remaining: 2m 10s
Rendered 4372/5513, time remaining: 2m 10s
Rendered 4373/5513, time remaining: 2m 10s
Rendered 4374/5513, time remaining: 2m 9s
Rendered 4375/5513, time remaining: 2m 9s
Rendered 4376/5513, time remaining: 2m 12s
Rendered 4377/5513, time remaining: 2m 12s
Rendered 4378/5513, time remaining: 2m 11s
Rendered 4379/5513, time remaining: 2m 8s
Rendered 4380/5513, time remaining: 2m 8s
Rendered 4381/5513, time remaining: 2m 8s
Rendered 4382/5513, time remaining: 2m 7s
Rendered 4383/5513, time remaining: 2m 7s
Rendered 4384/5513, time remaining: 2m 11s
Rendered 4385/5513, time remaining: 2m 11s
Rendered 4386/5513, time remaining: 2m 10s
Rendered 4387/5513, time remaining: 2m 7s
Rendered 4388/5513, time remaining: 2m 7s
Rendered 4389/5513, time remaining: 2m 6s
Rendered 4390/5513, time remaining: 2m 6s
Rendered 4391/5513, time remaining: 2m 6s
Rendered 4392/5513, time remaining: 2m 10s
Rendered 4393/5513, time remaining: 2m 9s
Rendered 4394/5513, time remaining: 2m 9s
Rendered 4395/5513, time remaining: 2m 7s
Rendered 4396/5513, time remaining: 2m 6s
Rendered 4397/5513, time remaining: 2m 6s
Rendered 4398/5513, time remaining: 2m 6s
Rendered 4399/5513, time remaining: 2m 6s
Rendered 4400/5513, time remaining: 2m 9s
Rendered 4401/5513, time remaining: 2m 9s
Rendered 4402/5513, time remaining: 2m 8s
Rendered 4403/5513, time remaining: 2m 6s
Rendered 4404/5513, time remaining: 2m 6s
Rendered 4405/5513, time remaining: 2m 6s
Rendered 4406/5513, time remaining: 2m 6s
Rendered 4407/5513, time remaining: 2m 6s
Rendered 4408/5513, time remaining: 2m 9s
Rendered 4409/5513, time remaining: 2m 9s
Rendered 4410/5513, time remaining: 2m 9s
Rendered 4411/5513, time remaining: 2m 5s
Rendered 4412/5513, time remaining: 2m 5s
Rendered 4413/5513, time remaining: 2m 5s
Rendered 4414/5513, time remaining: 2m 5s
Rendered 4415/5513, time remaining: 2m 5s
Rendered 4416/5513, time remaining: 2m 8s
Rendered 4417/5513, time remaining: 2m 9s
Rendered 4418/5513, time remaining: 2m 9s
Rendered 4419/5513, time remaining: 2m 5s
Rendered 4420/5513, time remaining: 2m 5s
Rendered 4421/5513, time remaining: 2m 5s
Rendered 4422/5513, time remaining: 2m 5s
Rendered 4423/5513, time remaining: 2m 5s
Rendered 4424/5513, time remaining: 2m 9s
Rendered 4425/5513, time remaining: 2m 9s
Rendered 4426/5513, time remaining: 2m 8s
Rendered 4427/5513, time remaining: 2m 5s
Rendered 4428/5513, time remaining: 2m 5s
Rendered 4429/5513, time remaining: 2m 5s
Rendered 4430/5513, time remaining: 2m 4s
Rendered 4431/5513, time remaining: 2m 5s
Rendered 4432/5513, time remaining: 2m 7s
Rendered 4433/5513, time remaining: 2m 7s
Rendered 4434/5513, time remaining: 2m 8s
Rendered 4435/5513, time remaining: 2m 5s
Rendered 4436/5513, time remaining: 2m 4s
Rendered 4437/5513, time remaining: 2m 4s
Rendered 4438/5513, time remaining: 2m 4s
Rendered 4439/5513, time remaining: 2m 4s
Rendered 4440/5513, time remaining: 2m 6s
Rendered 4441/5513, time remaining: 2m 7s
Rendered 4442/5513, time remaining: 2m 6s
Rendered 4443/5513, time remaining: 2m 4s
Rendered 4444/5513, time remaining: 2m 3s
Rendered 4445/5513, time remaining: 2m 4s
Rendered 4446/5513, time remaining: 2m 3s
Rendered 4447/5513, time remaining: 2m 3s
Rendered 4448/5513, time remaining: 2m 3s
Rendered 4449/5513, time remaining: 2m 4s
Rendered 4450/5513, time remaining: 2m 5s
Rendered 4451/5513, time remaining: 2m 4s
Rendered 4452/5513, time remaining: 2m 3s
Rendered 4453/5513, time remaining: 2m 2s
Rendered 4454/5513, time remaining: 2m 2s
Rendered 4455/5513, time remaining: 2m 2s
Rendered 4456/5513, time remaining: 2m 2s
Rendered 4457/5513, time remaining: 2m 4s
Rendered 4458/5513, time remaining: 2m 4s
Rendered 4459/5513, time remaining: 2m 4s
Rendered 4460/5513, time remaining: 2m 2s
Rendered 4461/5513, time remaining: 2m 1s
Rendered 4462/5513, time remaining: 2m 1s
Rendered 4463/5513, time remaining: 2m 1s
Rendered 4464/5513, time remaining: 2m 2s
Rendered 4465/5513, time remaining: 2m 3s
Rendered 4466/5513, time remaining: 2m 3s
Rendered 4467/5513, time remaining: 2m 2s
Rendered 4468/5513, time remaining: 2m 0s
Rendered 4469/5513, time remaining: 2m 0s
Rendered 4470/5513, time remaining: 1m 59s
Rendered 4471/5513, time remaining: 2m 0s
Rendered 4472/5513, time remaining: 1m 59s
Rendered 4473/5513, time remaining: 2m 2s
Rendered 4474/5513, time remaining: 2m 2s
Rendered 4475/5513, time remaining: 2m 2s
Rendered 4476/5513, time remaining: 2m 0s
Rendered 4477/5513, time remaining: 2m 0s
Rendered 4478/5513, time remaining: 2m 0s
Rendered 4479/5513, time remaining: 1m 59s
Rendered 4480/5513, time remaining: 1m 59s
Rendered 4481/5513, time remaining: 2m 2s
Rendered 4482/5513, time remaining: 2m 1s
Rendered 4483/5513, time remaining: 2m 0s
Rendered 4484/5513, time remaining: 1m 59s
Rendered 4485/5513, time remaining: 1m 59s
Rendered 4486/5513, time remaining: 1m 59s
Rendered 4487/5513, time remaining: 1m 58s
Rendered 4488/5513, time remaining: 1m 57s
Rendered 4489/5513, time remaining: 2m 0s
Rendered 4490/5513, time remaining: 2m 0s
Rendered 4491/5513, time remaining: 1m 59s
Rendered 4492/5513, time remaining: 1m 59s
Rendered 4493/5513, time remaining: 1m 59s
Rendered 4494/5513, time remaining: 1m 57s
Rendered 4495/5513, time remaining: 1m 56s
Rendered 4496/5513, time remaining: 1m 56s
Rendered 4497/5513, time remaining: 1m 58s
Rendered 4498/5513, time remaining: 1m 59s
Rendered 4499/5513, time remaining: 1m 59s
Rendered 4500/5513, time remaining: 1m 59s
Rendered 4501/5513, time remaining: 1m 59s
Rendered 4502/5513, time remaining: 1m 56s
Rendered 4503/5513, time remaining: 1m 56s
Rendered 4504/5513, time remaining: 1m 56s
Rendered 4505/5513, time remaining: 1m 58s
Rendered 4506/5513, time remaining: 1m 58s
Rendered 4507/5513, time remaining: 1m 58s
Rendered 4508/5513, time remaining: 1m 58s
Rendered 4509/5513, time remaining: 1m 57s
Rendered 4510/5513, time remaining: 1m 56s
Rendered 4511/5513, time remaining: 1m 54s
Rendered 4512/5513, time remaining: 1m 54s
Rendered 4513/5513, time remaining: 1m 58s
Rendered 4514/5513, time remaining: 1m 58s
Rendered 4515/5513, time remaining: 1m 57s
Rendered 4516/5513, time remaining: 1m 57s
Rendered 4517/5513, time remaining: 1m 57s
Rendered 4518/5513, time remaining: 1m 54s
Rendered 4519/5513, time remaining: 1m 54s
Rendered 4520/5513, time remaining: 1m 54s
Rendered 4521/5513, time remaining: 1m 57s
Rendered 4522/5513, time remaining: 1m 57s
Rendered 4523/5513, time remaining: 1m 57s
Rendered 4524/5513, time remaining: 1m 56s
Rendered 4525/5513, time remaining: 1m 56s
Rendered 4526/5513, time remaining: 1m 53s
Rendered 4527/5513, time remaining: 1m 53s
Rendered 4528/5513, time remaining: 1m 53s
Rendered 4529/5513, time remaining: 1m 56s
Rendered 4530/5513, time remaining: 1m 56s
Rendered 4531/5513, time remaining: 1m 56s
Rendered 4532/5513, time remaining: 1m 56s
Rendered 4533/5513, time remaining: 1m 55s
Rendered 4534/5513, time remaining: 1m 52s
Rendered 4535/5513, time remaining: 1m 52s
Rendered 4536/5513, time remaining: 1m 52s
Rendered 4537/5513, time remaining: 1m 55s
Rendered 4538/5513, time remaining: 1m 54s
Rendered 4539/5513, time remaining: 1m 54s
Rendered 4540/5513, time remaining: 1m 54s
Rendered 4541/5513, time remaining: 1m 54s
Rendered 4542/5513, time remaining: 1m 51s
Rendered 4543/5513, time remaining: 1m 51s
Rendered 4544/5513, time remaining: 1m 50s
Rendered 4545/5513, time remaining: 1m 53s
Rendered 4546/5513, time remaining: 1m 53s
Rendered 4547/5513, time remaining: 1m 53s
Rendered 4548/5513, time remaining: 1m 52s
Rendered 4549/5513, time remaining: 1m 52s
Rendered 4550/5513, time remaining: 1m 50s
Rendered 4551/5513, time remaining: 1m 49s
Rendered 4552/5513, time remaining: 1m 50s
Rendered 4553/5513, time remaining: 1m 51s
Rendered 4554/5513, time remaining: 1m 51s
Rendered 4555/5513, time remaining: 1m 51s
Rendered 4556/5513, time remaining: 1m 50s
Rendered 4557/5513, time remaining: 1m 50s
Rendered 4558/5513, time remaining: 1m 48s
Rendered 4559/5513, time remaining: 1m 49s
Rendered 4560/5513, time remaining: 1m 49s
Rendered 4561/5513, time remaining: 1m 49s
Rendered 4562/5513, time remaining: 1m 50s
Rendered 4563/5513, time remaining: 1m 49s
Rendered 4564/5513, time remaining: 1m 50s
Rendered 4565/5513, time remaining: 1m 50s
Rendered 4566/5513, time remaining: 1m 47s
Rendered 4567/5513, time remaining: 1m 48s
Rendered 4568/5513, time remaining: 1m 48s
Rendered 4569/5513, time remaining: 1m 48s
Rendered 4570/5513, time remaining: 1m 48s
Rendered 4571/5513, time remaining: 1m 48s
Rendered 4572/5513, time remaining: 1m 48s
Rendered 4573/5513, time remaining: 1m 48s
Rendered 4574/5513, time remaining: 1m 45s
Rendered 4575/5513, time remaining: 1m 46s
Rendered 4576/5513, time remaining: 1m 46s
Rendered 4577/5513, time remaining: 1m 46s
Rendered 4578/5513, time remaining: 1m 47s
Rendered 4579/5513, time remaining: 1m 47s
Rendered 4580/5513, time remaining: 1m 46s
Rendered 4581/5513, time remaining: 1m 47s
Rendered 4582/5513, time remaining: 1m 46s
Rendered 4583/5513, time remaining: 1m 45s
Rendered 4584/5513, time remaining: 1m 44s
Rendered 4585/5513, time remaining: 1m 45s
Rendered 4586/5513, time remaining: 1m 45s
Rendered 4587/5513, time remaining: 1m 45s
Rendered 4588/5513, time remaining: 1m 46s
Rendered 4589/5513, time remaining: 1m 46s
Rendered 4590/5513, time remaining: 1m 45s
Rendered 4591/5513, time remaining: 1m 44s
Rendered 4592/5513, time remaining: 1m 44s
Rendered 4593/5513, time remaining: 1m 44s
Rendered 4594/5513, time remaining: 1m 44s
Rendered 4595/5513, time remaining: 1m 43s
Rendered 4596/5513, time remaining: 1m 43s
Rendered 4597/5513, time remaining: 1m 44s
Rendered 4598/5513, time remaining: 1m 46s
Rendered 4599/5513, time remaining: 1m 44s
Rendered 4600/5513, time remaining: 1m 43s
Rendered 4601/5513, time remaining: 1m 43s
Rendered 4602/5513, time remaining: 1m 43s
Rendered 4603/5513, time remaining: 1m 42s
Rendered 4604/5513, time remaining: 1m 43s
Rendered 4605/5513, time remaining: 1m 43s
Rendered 4606/5513, time remaining: 1m 45s
Rendered 4607/5513, time remaining: 1m 43s
Rendered 4608/5513, time remaining: 1m 42s
Rendered 4609/5513, time remaining: 1m 42s
Rendered 4610/5513, time remaining: 1m 42s
Rendered 4611/5513, time remaining: 1m 42s
Rendered 4612/5513, time remaining: 1m 42s
Rendered 4613/5513, time remaining: 1m 43s
Rendered 4614/5513, time remaining: 1m 42s
Rendered 4615/5513, time remaining: 1m 42s
Rendered 4616/5513, time remaining: 1m 41s
Rendered 4617/5513, time remaining: 1m 41s
Rendered 4618/5513, time remaining: 1m 41s
Rendered 4619/5513, time remaining: 1m 41s
Rendered 4620/5513, time remaining: 1m 41s
Rendered 4621/5513, time remaining: 1m 41s
Rendered 4622/5513, time remaining: 1m 42s
Rendered 4623/5513, time remaining: 1m 40s
Rendered 4624/5513, time remaining: 1m 40s
Rendered 4625/5513, time remaining: 1m 40s
Rendered 4626/5513, time remaining: 1m 40s
Rendered 4627/5513, time remaining: 1m 40s
Rendered 4628/5513, time remaining: 1m 40s
Rendered 4629/5513, time remaining: 1m 40s
Rendered 4630/5513, time remaining: 1m 42s
Rendered 4631/5513, time remaining: 1m 40s
Rendered 4632/5513, time remaining: 1m 39s
Rendered 4633/5513, time remaining: 1m 39s
Rendered 4634/5513, time remaining: 1m 39s
Rendered 4635/5513, time remaining: 1m 39s
Rendered 4636/5513, time remaining: 1m 39s
Rendered 4637/5513, time remaining: 1m 39s
Rendered 4638/5513, time remaining: 1m 40s
Rendered 4639/5513, time remaining: 1m 38s
Rendered 4640/5513, time remaining: 1m 38s
Rendered 4641/5513, time remaining: 1m 38s
Rendered 4642/5513, time remaining: 1m 38s
Rendered 4643/5513, time remaining: 1m 38s
Rendered 4644/5513, time remaining: 1m 37s
Rendered 4645/5513, time remaining: 1m 37s
Rendered 4646/5513, time remaining: 1m 37s
Rendered 4647/5513, time remaining: 1m 38s
Rendered 4648/5513, time remaining: 1m 37s
Rendered 4649/5513, time remaining: 1m 37s
Rendered 4650/5513, time remaining: 1m 36s
Rendered 4651/5513, time remaining: 1m 36s
Rendered 4652/5513, time remaining: 1m 36s
Rendered 4653/5513, time remaining: 1m 36s
Rendered 4654/5513, time remaining: 1m 36s
Rendered 4655/5513, time remaining: 1m 36s
Rendered 4656/5513, time remaining: 1m 36s
Rendered 4657/5513, time remaining: 1m 36s
Rendered 4658/5513, time remaining: 1m 36s
Rendered 4659/5513, time remaining: 1m 36s
Rendered 4660/5513, time remaining: 1m 35s
Rendered 4661/5513, time remaining: 1m 35s
Rendered 4662/5513, time remaining: 1m 36s
Rendered 4663/5513, time remaining: 1m 34s
Rendered 4664/5513, time remaining: 1m 34s
Rendered 4665/5513, time remaining: 1m 35s
Rendered 4666/5513, time remaining: 1m 34s
Rendered 4667/5513, time remaining: 1m 35s
Rendered 4668/5513, time remaining: 1m 35s
Rendered 4669/5513, time remaining: 1m 35s
Rendered 4670/5513, time remaining: 1m 35s
Rendered 4671/5513, time remaining: 1m 34s
Rendered 4672/5513, time remaining: 1m 34s
Rendered 4673/5513, time remaining: 1m 34s
Rendered 4674/5513, time remaining: 1m 34s
Rendered 4675/5513, time remaining: 1m 34s
Rendered 4676/5513, time remaining: 1m 34s
Rendered 4677/5513, time remaining: 1m 34s
Rendered 4678/5513, time remaining: 1m 34s
Rendered 4679/5513, time remaining: 1m 33s
Rendered 4680/5513, time remaining: 1m 33s
Rendered 4681/5513, time remaining: 1m 33s
Rendered 4682/5513, time remaining: 1m 33s
Rendered 4683/5513, time remaining: 1m 33s
Rendered 4684/5513, time remaining: 1m 33s
Rendered 4685/5513, time remaining: 1m 33s
Rendered 4686/5513, time remaining: 1m 33s
Rendered 4687/5513, time remaining: 1m 32s
Rendered 4688/5513, time remaining: 1m 32s
Rendered 4689/5513, time remaining: 1m 32s
Rendered 4690/5513, time remaining: 1m 33s
Rendered 4691/5513, time remaining: 1m 32s
Rendered 4692/5513, time remaining: 1m 33s
Rendered 4693/5513, time remaining: 1m 32s
Rendered 4694/5513, time remaining: 1m 32s
Rendered 4695/5513, time remaining: 1m 31s
Rendered 4696/5513, time remaining: 1m 32s
Rendered 4697/5513, time remaining: 1m 32s
Rendered 4698/5513, time remaining: 1m 32s
Rendered 4699/5513, time remaining: 1m 32s
Rendered 4700/5513, time remaining: 1m 32s
Rendered 4701/5513, time remaining: 1m 31s
Rendered 4702/5513, time remaining: 1m 31s
Rendered 4703/5513, time remaining: 1m 30s
Rendered 4704/5513, time remaining: 1m 31s
Rendered 4705/5513, time remaining: 1m 31s
Rendered 4706/5513, time remaining: 1m 31s
Rendered 4707/5513, time remaining: 1m 31s
Rendered 4708/5513, time remaining: 1m 30s
Rendered 4709/5513, time remaining: 1m 29s
Rendered 4710/5513, time remaining: 1m 30s
Rendered 4711/5513, time remaining: 1m 30s
Rendered 4712/5513, time remaining: 1m 30s
Rendered 4713/5513, time remaining: 1m 30s
Rendered 4714/5513, time remaining: 1m 30s
Rendered 4715/5513, time remaining: 1m 29s
Rendered 4716/5513, time remaining: 1m 29s
Rendered 4717/5513, time remaining: 1m 28s
Rendered 4718/5513, time remaining: 1m 28s
Rendered 4719/5513, time remaining: 1m 30s
Rendered 4720/5513, time remaining: 1m 30s
Rendered 4721/5513, time remaining: 1m 29s
Rendered 4722/5513, time remaining: 1m 29s
Rendered 4723/5513, time remaining: 1m 29s
Rendered 4724/5513, time remaining: 1m 28s
Rendered 4725/5513, time remaining: 1m 27s
Rendered 4726/5513, time remaining: 1m 28s
Rendered 4727/5513, time remaining: 1m 29s
Rendered 4728/5513, time remaining: 1m 28s
Rendered 4729/5513, time remaining: 1m 28s
Rendered 4730/5513, time remaining: 1m 29s
Rendered 4731/5513, time remaining: 1m 28s
Rendered 4732/5513, time remaining: 1m 27s
Rendered 4733/5513, time remaining: 1m 27s
Rendered 4734/5513, time remaining: 1m 28s
Rendered 4735/5513, time remaining: 1m 28s
Rendered 4736/5513, time remaining: 1m 29s
Rendered 4737/5513, time remaining: 1m 29s
Rendered 4738/5513, time remaining: 1m 28s
Rendered 4739/5513, time remaining: 1m 28s
Rendered 4740/5513, time remaining: 1m 26s
Rendered 4741/5513, time remaining: 1m 27s
Rendered 4742/5513, time remaining: 1m 27s
Rendered 4743/5513, time remaining: 1m 28s
Rendered 4744/5513, time remaining: 1m 29s
Rendered 4745/5513, time remaining: 1m 28s
Rendered 4746/5513, time remaining: 1m 28s
Rendered 4747/5513, time remaining: 1m 28s
Rendered 4748/5513, time remaining: 1m 26s
Rendered 4749/5513, time remaining: 1m 26s
Rendered 4750/5513, time remaining: 1m 26s
Rendered 4751/5513, time remaining: 1m 27s
Rendered 4752/5513, time remaining: 1m 27s
Rendered 4753/5513, time remaining: 1m 28s
Rendered 4754/5513, time remaining: 1m 27s
Rendered 4755/5513, time remaining: 1m 27s
Rendered 4756/5513, time remaining: 1m 26s
Rendered 4757/5513, time remaining: 1m 26s
Rendered 4758/5513, time remaining: 1m 27s
Rendered 4759/5513, time remaining: 1m 26s
Rendered 4760/5513, time remaining: 1m 27s
Rendered 4761/5513, time remaining: 1m 27s
Rendered 4762/5513, time remaining: 1m 27s
Rendered 4763/5513, time remaining: 1m 26s
Rendered 4764/5513, time remaining: 1m 25s
Rendered 4765/5513, time remaining: 1m 25s
Rendered 4766/5513, time remaining: 1m 26s
Rendered 4767/5513, time remaining: 1m 26s
Rendered 4768/5513, time remaining: 1m 27s
Rendered 4769/5513, time remaining: 1m 26s
Rendered 4770/5513, time remaining: 1m 26s
Rendered 4771/5513, time remaining: 1m 26s
Rendered 4772/5513, time remaining: 1m 24s
Rendered 4773/5513, time remaining: 1m 24s
Rendered 4774/5513, time remaining: 1m 25s
Rendered 4775/5513, time remaining: 1m 25s
Rendered 4776/5513, time remaining: 1m 25s
Rendered 4777/5513, time remaining: 1m 25s
Rendered 4778/5513, time remaining: 1m 25s
Rendered 4779/5513, time remaining: 1m 25s
Rendered 4780/5513, time remaining: 1m 23s
Rendered 4781/5513, time remaining: 1m 23s
Rendered 4782/5513, time remaining: 1m 24s
Rendered 4783/5513, time remaining: 1m 25s
Rendered 4784/5513, time remaining: 1m 24s
Rendered 4785/5513, time remaining: 1m 24s
Rendered 4786/5513, time remaining: 1m 25s
Rendered 4787/5513, time remaining: 1m 24s
Rendered 4788/5513, time remaining: 1m 23s
Rendered 4789/5513, time remaining: 1m 22s
Rendered 4790/5513, time remaining: 1m 22s
Rendered 4791/5513, time remaining: 1m 22s
Rendered 4792/5513, time remaining: 1m 23s
Rendered 4793/5513, time remaining: 1m 24s
Rendered 4794/5513, time remaining: 1m 24s
Rendered 4795/5513, time remaining: 1m 24s
Rendered 4796/5513, time remaining: 1m 23s
Rendered 4797/5513, time remaining: 1m 21s
Rendered 4798/5513, time remaining: 1m 21s
Rendered 4799/5513, time remaining: 1m 21s
Rendered 4800/5513, time remaining: 1m 21s
Rendered 4801/5513, time remaining: 1m 23s
Rendered 4802/5513, time remaining: 1m 23s
Rendered 4803/5513, time remaining: 1m 23s
Rendered 4804/5513, time remaining: 1m 23s
Rendered 4805/5513, time remaining: 1m 21s
Rendered 4806/5513, time remaining: 1m 20s
Rendered 4807/5513, time remaining: 1m 20s
Rendered 4808/5513, time remaining: 1m 20s
Rendered 4809/5513, time remaining: 1m 23s
Rendered 4810/5513, time remaining: 1m 22s
Rendered 4811/5513, time remaining: 1m 22s
Rendered 4812/5513, time remaining: 1m 22s
Rendered 4813/5513, time remaining: 1m 21s
Rendered 4814/5513, time remaining: 1m 20s
Rendered 4815/5513, time remaining: 1m 20s
Rendered 4816/5513, time remaining: 1m 20s
Rendered 4817/5513, time remaining: 1m 21s
Rendered 4818/5513, time remaining: 1m 21s
Rendered 4819/5513, time remaining: 1m 21s
Rendered 4820/5513, time remaining: 1m 21s
Rendered 4821/5513, time remaining: 1m 19s
Rendered 4822/5513, time remaining: 1m 19s
Rendered 4823/5513, time remaining: 1m 19s
Rendered 4824/5513, time remaining: 1m 18s
Rendered 4825/5513, time remaining: 1m 20s
Rendered 4826/5513, time remaining: 1m 20s
Rendered 4827/5513, time remaining: 1m 20s
Rendered 4828/5513, time remaining: 1m 20s
Rendered 4829/5513, time remaining: 1m 18s
Rendered 4830/5513, time remaining: 1m 18s
Rendered 4831/5513, time remaining: 1m 18s
Rendered 4832/5513, time remaining: 1m 18s
Rendered 4833/5513, time remaining: 1m 19s
Rendered 4834/5513, time remaining: 1m 19s
Rendered 4835/5513, time remaining: 1m 19s
Rendered 4836/5513, time remaining: 1m 19s
Rendered 4837/5513, time remaining: 1m 18s
Rendered 4838/5513, time remaining: 1m 18s
Rendered 4839/5513, time remaining: 1m 17s
Rendered 4840/5513, time remaining: 1m 17s
Rendered 4841/5513, time remaining: 1m 18s
Rendered 4842/5513, time remaining: 1m 18s
Rendered 4843/5513, time remaining: 1m 18s
Rendered 4844/5513, time remaining: 1m 17s
Rendered 4845/5513, time remaining: 1m 18s
Rendered 4846/5513, time remaining: 1m 17s
Rendered 4847/5513, time remaining: 1m 16s
Rendered 4848/5513, time remaining: 1m 16s
Rendered 4849/5513, time remaining: 1m 17s
Rendered 4850/5513, time remaining: 1m 17s
Rendered 4851/5513, time remaining: 1m 17s
Rendered 4852/5513, time remaining: 1m 17s
Rendered 4853/5513, time remaining: 1m 16s
Rendered 4854/5513, time remaining: 1m 15s
Rendered 4855/5513, time remaining: 1m 15s
Rendered 4856/5513, time remaining: 1m 16s
Rendered 4857/5513, time remaining: 1m 17s
Rendered 4858/5513, time remaining: 1m 17s
Rendered 4859/5513, time remaining: 1m 16s
Rendered 4860/5513, time remaining: 1m 16s
Rendered 4861/5513, time remaining: 1m 15s
Rendered 4862/5513, time remaining: 1m 15s
Rendered 4863/5513, time remaining: 1m 14s
Rendered 4864/5513, time remaining: 1m 14s
Rendered 4865/5513, time remaining: 1m 16s
Rendered 4866/5513, time remaining: 1m 16s
Rendered 4867/5513, time remaining: 1m 16s
Rendered 4868/5513, time remaining: 1m 15s
Rendered 4869/5513, time remaining: 1m 14s
Rendered 4870/5513, time remaining: 1m 13s
Rendered 4871/5513, time remaining: 1m 13s
Rendered 4872/5513, time remaining: 1m 13s
Rendered 4873/5513, time remaining: 1m 15s
Rendered 4874/5513, time remaining: 1m 15s
Rendered 4875/5513, time remaining: 1m 15s
Rendered 4876/5513, time remaining: 1m 13s
Rendered 4877/5513, time remaining: 1m 13s
Rendered 4878/5513, time remaining: 1m 12s
Rendered 4879/5513, time remaining: 1m 13s
Rendered 4880/5513, time remaining: 1m 12s
Rendered 4881/5513, time remaining: 1m 13s
Rendered 4882/5513, time remaining: 1m 13s
Rendered 4883/5513, time remaining: 1m 13s
Rendered 4884/5513, time remaining: 1m 12s
Rendered 4885/5513, time remaining: 1m 12s
Rendered 4886/5513, time remaining: 1m 11s
Rendered 4887/5513, time remaining: 1m 11s
Rendered 4888/5513, time remaining: 1m 11s
Rendered 4889/5513, time remaining: 1m 12s
Rendered 4890/5513, time remaining: 1m 12s
Rendered 4891/5513, time remaining: 1m 11s
Rendered 4892/5513, time remaining: 1m 12s
Rendered 4893/5513, time remaining: 1m 10s
Rendered 4894/5513, time remaining: 1m 10s
Rendered 4895/5513, time remaining: 1m 10s
Rendered 4896/5513, time remaining: 1m 11s
Rendered 4897/5513, time remaining: 1m 11s
Rendered 4898/5513, time remaining: 1m 10s
Rendered 4899/5513, time remaining: 1m 10s
Rendered 4900/5513, time remaining: 1m 10s
Rendered 4901/5513, time remaining: 1m 10s
Rendered 4902/5513, time remaining: 1m 10s
Rendered 4903/5513, time remaining: 1m 9s
Rendered 4904/5513, time remaining: 1m 10s
Rendered 4905/5513, time remaining: 1m 10s
Rendered 4906/5513, time remaining: 1m 9s
Rendered 4907/5513, time remaining: 1m 10s
Rendered 4908/5513, time remaining: 1m 9s
Rendered 4909/5513, time remaining: 1m 9s
Rendered 4910/5513, time remaining: 1m 8s
Rendered 4911/5513, time remaining: 1m 9s
Rendered 4912/5513, time remaining: 1m 9s
Rendered 4913/5513, time remaining: 1m 9s
Rendered 4914/5513, time remaining: 1m 9s
Rendered 4915/5513, time remaining: 1m 9s
Rendered 4916/5513, time remaining: 1m 8s
Rendered 4917/5513, time remaining: 1m 8s
Rendered 4918/5513, time remaining: 1m 7s
Rendered 4919/5513, time remaining: 1m 8s
Rendered 4920/5513, time remaining: 1m 8s
Rendered 4921/5513, time remaining: 1m 8s
Rendered 4922/5513, time remaining: 1m 8s
Rendered 4923/5513, time remaining: 1m 8s
Rendered 4924/5513, time remaining: 1m 7s
Rendered 4925/5513, time remaining: 1m 7s
Rendered 4926/5513, time remaining: 1m 6s
Rendered 4927/5513, time remaining: 1m 7s
Rendered 4928/5513, time remaining: 1m 7s
Rendered 4929/5513, time remaining: 1m 7s
Rendered 4930/5513, time remaining: 1m 7s
Rendered 4931/5513, time remaining: 1m 7s
Rendered 4932/5513, time remaining: 1m 6s
Rendered 4933/5513, time remaining: 1m 5s
Rendered 4934/5513, time remaining: 1m 5s
Rendered 4935/5513, time remaining: 1m 5s
Rendered 4936/5513, time remaining: 1m 5s
Rendered 4937/5513, time remaining: 1m 6s
Rendered 4938/5513, time remaining: 1m 6s
Rendered 4939/5513, time remaining: 1m 7s
Rendered 4940/5513, time remaining: 1m 6s
Rendered 4941/5513, time remaining: 1m 6s
Rendered 4942/5513, time remaining: 1m 6s
Rendered 4943/5513, time remaining: 1m 4s
Rendered 4944/5513, time remaining: 1m 5s
Rendered 4945/5513, time remaining: 1m 5s
Rendered 4946/5513, time remaining: 1m 5s
Rendered 4947/5513, time remaining: 1m 6s
Rendered 4948/5513, time remaining: 1m 6s
Rendered 4949/5513, time remaining: 1m 5s
Rendered 4950/5513, time remaining: 1m 5s
Rendered 4951/5513, time remaining: 1m 3s
Rendered 4952/5513, time remaining: 1m 3s
Rendered 4953/5513, time remaining: 1m 5s
Rendered 4954/5513, time remaining: 1m 5s
Rendered 4955/5513, time remaining: 1m 5s
Rendered 4956/5513, time remaining: 1m 4s
Rendered 4957/5513, time remaining: 1m 4s
Rendered 4958/5513, time remaining: 1m 4s
Rendered 4959/5513, time remaining: 1m 2s
Rendered 4960/5513, time remaining: 1m 2s
Rendered 4961/5513, time remaining: 1m 3s
Rendered 4962/5513, time remaining: 1m 4s
Rendered 4963/5513, time remaining: 1m 4s
Rendered 4964/5513, time remaining: 1m 3s
Rendered 4965/5513, time remaining: 1m 3s
Rendered 4966/5513, time remaining: 1m 3s
Rendered 4967/5513, time remaining: 1m 1s
Rendered 4968/5513, time remaining: 1m 1s
Rendered 4969/5513, time remaining: 1m 1s
Rendered 4970/5513, time remaining: 1m 3s
Rendered 4971/5513, time remaining: 1m 3s
Rendered 4972/5513, time remaining: 1m 3s
Rendered 4973/5513, time remaining: 1m 3s
Rendered 4974/5513, time remaining: 1m 2s
Rendered 4975/5513, time remaining: 1m 1s
Rendered 4976/5513, time remaining: 1m 1s
Rendered 4977/5513, time remaining: 1m 0s
Rendered 4978/5513, time remaining: 1m 2s
Rendered 4979/5513, time remaining: 1m 2s
Rendered 4980/5513, time remaining: 1m 2s
Rendered 4981/5513, time remaining: 1m 2s
Rendered 4982/5513, time remaining: 1m 2s
Rendered 4983/5513, time remaining: 1m 0s
Rendered 4984/5513, time remaining: 1m 0s
Rendered 4985/5513, time remaining: 1m 0s
Rendered 4986/5513, time remaining: 1m 2s
Rendered 4987/5513, time remaining: 1m 1s
Rendered 4988/5513, time remaining: 1m 1s
Rendered 4989/5513, time remaining: 1m 1s
Rendered 4990/5513, time remaining: 1m 1s
Rendered 4991/5513, time remaining: 1m 0s
Rendered 4992/5513, time remaining: 59s
Rendered 4993/5513, time remaining: 59s
Rendered 4994/5513, time remaining: 1m 1s
Rendered 4995/5513, time remaining: 1m 0s
Rendered 4996/5513, time remaining: 1m 0s
Rendered 4997/5513, time remaining: 1m 0s
Rendered 4998/5513, time remaining: 1m 0s
Rendered 4999/5513, time remaining: 59s
Rendered 5000/5513, time remaining: 58s
Rendered 5001/5513, time remaining: 58s
Rendered 5002/5513, time remaining: 1m 0s
Rendered 5003/5513, time remaining: 59s
Rendered 5004/5513, time remaining: 59s
Rendered 5005/5513, time remaining: 59s
Rendered 5006/5513, time remaining: 59s
Rendered 5007/5513, time remaining: 58s
Rendered 5008/5513, time remaining: 58s
Rendered 5009/5513, time remaining: 58s
Rendered 5010/5513, time remaining: 59s
Rendered 5011/5513, time remaining: 59s
Rendered 5012/5513, time remaining: 58s
Rendered 5013/5513, time remaining: 59s
Rendered 5014/5513, time remaining: 59s
Rendered 5015/5513, time remaining: 58s
Rendered 5016/5513, time remaining: 58s
Rendered 5017/5513, time remaining: 58s
Rendered 5018/5513, time remaining: 58s
Rendered 5019/5513, time remaining: 58s
Rendered 5020/5513, time remaining: 58s
Rendered 5021/5513, time remaining: 58s
Rendered 5022/5513, time remaining: 58s
Rendered 5023/5513, time remaining: 57s
Rendered 5024/5513, time remaining: 57s
Rendered 5025/5513, time remaining: 57s
Rendered 5026/5513, time remaining: 57s
Rendered 5027/5513, time remaining: 57s
Rendered 5028/5513, time remaining: 58s
Rendered 5029/5513, time remaining: 57s
Rendered 5030/5513, time remaining: 57s
Rendered 5031/5513, time remaining: 56s
Rendered 5032/5513, time remaining: 56s
Rendered 5033/5513, time remaining: 56s
Rendered 5034/5513, time remaining: 57s
Rendered 5035/5513, time remaining: 57s
Rendered 5036/5513, time remaining: 57s
Rendered 5037/5513, time remaining: 56s
Rendered 5038/5513, time remaining: 56s
Rendered 5039/5513, time remaining: 55s
Rendered 5040/5513, time remaining: 56s
Rendered 5041/5513, time remaining: 56s
Rendered 5042/5513, time remaining: 56s
Rendered 5043/5513, time remaining: 56s
Rendered 5044/5513, time remaining: 55s
Rendered 5045/5513, time remaining: 55s
Rendered 5046/5513, time remaining: 55s
Rendered 5047/5513, time remaining: 54s
Rendered 5048/5513, time remaining: 55s
Rendered 5049/5513, time remaining: 55s
Rendered 5050/5513, time remaining: 54s
Rendered 5051/5513, time remaining: 54s
Rendered 5052/5513, time remaining: 54s
Rendered 5053/5513, time remaining: 54s
Rendered 5054/5513, time remaining: 53s
Rendered 5055/5513, time remaining: 54s
Rendered 5056/5513, time remaining: 54s
Rendered 5057/5513, time remaining: 53s
Rendered 5058/5513, time remaining: 53s
Rendered 5059/5513, time remaining: 53s
Rendered 5060/5513, time remaining: 53s
Rendered 5061/5513, time remaining: 53s
Rendered 5062/5513, time remaining: 52s
Rendered 5063/5513, time remaining: 53s
Rendered 5064/5513, time remaining: 52s
Rendered 5065/5513, time remaining: 52s
Rendered 5066/5513, time remaining: 52s
Rendered 5067/5513, time remaining: 52s
Rendered 5068/5513, time remaining: 52s
Rendered 5069/5513, time remaining: 51s
Rendered 5070/5513, time remaining: 51s
Rendered 5071/5513, time remaining: 52s
Rendered 5072/5513, time remaining: 51s
Rendered 5073/5513, time remaining: 51s
Rendered 5074/5513, time remaining: 51s
Rendered 5075/5513, time remaining: 51s
Rendered 5076/5513, time remaining: 51s
Rendered 5077/5513, time remaining: 51s
Rendered 5078/5513, time remaining: 50s
Rendered 5079/5513, time remaining: 50s
Rendered 5080/5513, time remaining: 50s
Rendered 5081/5513, time remaining: 50s
Rendered 5082/5513, time remaining: 51s
Rendered 5083/5513, time remaining: 51s
Rendered 5084/5513, time remaining: 50s
Rendered 5085/5513, time remaining: 50s
Rendered 5086/5513, time remaining: 50s
Rendered 5087/5513, time remaining: 49s
Rendered 5088/5513, time remaining: 49s
Rendered 5089/5513, time remaining: 48s
Rendered 5090/5513, time remaining: 49s
Rendered 5091/5513, time remaining: 49s
Rendered 5092/5513, time remaining: 49s
Rendered 5093/5513, time remaining: 49s
Rendered 5094/5513, time remaining: 49s
Rendered 5095/5513, time remaining: 48s
Rendered 5096/5513, time remaining: 48s
Rendered 5097/5513, time remaining: 47s
Rendered 5098/5513, time remaining: 48s
Rendered 5099/5513, time remaining: 48s
Rendered 5100/5513, time remaining: 48s
Rendered 5101/5513, time remaining: 48s
Rendered 5102/5513, time remaining: 48s
Rendered 5103/5513, time remaining: 47s
Rendered 5104/5513, time remaining: 47s
Rendered 5105/5513, time remaining: 48s
Rendered 5106/5513, time remaining: 48s
Rendered 5107/5513, time remaining: 48s
Rendered 5108/5513, time remaining: 48s
Rendered 5109/5513, time remaining: 48s
Rendered 5110/5513, time remaining: 48s
Rendered 5111/5513, time remaining: 47s
Rendered 5112/5513, time remaining: 46s
Rendered 5113/5513, time remaining: 47s
Rendered 5114/5513, time remaining: 46s
Rendered 5115/5513, time remaining: 47s
Rendered 5116/5513, time remaining: 47s
Rendered 5117/5513, time remaining: 47s
Rendered 5118/5513, time remaining: 47s
Rendered 5119/5513, time remaining: 47s
Rendered 5120/5513, time remaining: 45s
Rendered 5121/5513, time remaining: 45s
Rendered 5122/5513, time remaining: 46s
Rendered 5123/5513, time remaining: 45s
Rendered 5124/5513, time remaining: 45s
Rendered 5125/5513, time remaining: 46s
Rendered 5126/5513, time remaining: 46s
Rendered 5127/5513, time remaining: 46s
Rendered 5128/5513, time remaining: 44s
Rendered 5129/5513, time remaining: 44s
Rendered 5130/5513, time remaining: 44s
Rendered 5131/5513, time remaining: 44s
Rendered 5132/5513, time remaining: 44s
Rendered 5133/5513, time remaining: 45s
Rendered 5134/5513, time remaining: 45s
Rendered 5135/5513, time remaining: 45s
Rendered 5136/5513, time remaining: 43s
Rendered 5137/5513, time remaining: 43s
Rendered 5138/5513, time remaining: 43s
Rendered 5139/5513, time remaining: 43s
Rendered 5140/5513, time remaining: 43s
Rendered 5141/5513, time remaining: 44s
Rendered 5142/5513, time remaining: 44s
Rendered 5143/5513, time remaining: 44s
Rendered 5144/5513, time remaining: 42s
Rendered 5145/5513, time remaining: 42s
Rendered 5146/5513, time remaining: 42s
Rendered 5147/5513, time remaining: 42s
Rendered 5148/5513, time remaining: 42s
Rendered 5149/5513, time remaining: 43s
Rendered 5150/5513, time remaining: 43s
Rendered 5151/5513, time remaining: 43s
Rendered 5152/5513, time remaining: 42s
Rendered 5153/5513, time remaining: 41s
Rendered 5154/5513, time remaining: 41s
Rendered 5155/5513, time remaining: 41s
Rendered 5156/5513, time remaining: 41s
Rendered 5157/5513, time remaining: 41s
Rendered 5158/5513, time remaining: 41s
Rendered 5159/5513, time remaining: 41s
Rendered 5160/5513, time remaining: 40s
Rendered 5161/5513, time remaining: 40s
Rendered 5162/5513, time remaining: 40s
Rendered 5163/5513, time remaining: 40s
Rendered 5164/5513, time remaining: 40s
Rendered 5165/5513, time remaining: 40s
Rendered 5166/5513, time remaining: 40s
Rendered 5167/5513, time remaining: 40s
Rendered 5168/5513, time remaining: 40s
Rendered 5169/5513, time remaining: 39s
Rendered 5170/5513, time remaining: 39s
Rendered 5171/5513, time remaining: 39s
Rendered 5172/5513, time remaining: 39s
Rendered 5173/5513, time remaining: 39s
Rendered 5174/5513, time remaining: 39s
Rendered 5175/5513, time remaining: 39s
Rendered 5176/5513, time remaining: 38s
Rendered 5177/5513, time remaining: 38s
Rendered 5178/5513, time remaining: 38s
Rendered 5179/5513, time remaining: 38s
Rendered 5180/5513, time remaining: 38s
Rendered 5181/5513, time remaining: 38s
Rendered 5182/5513, time remaining: 38s
Rendered 5183/5513, time remaining: 38s
Rendered 5184/5513, time remaining: 37s
Rendered 5185/5513, time remaining: 37s
Rendered 5186/5513, time remaining: 37s
Rendered 5187/5513, time remaining: 37s
Rendered 5188/5513, time remaining: 37s
Rendered 5189/5513, time remaining: 37s
Rendered 5190/5513, time remaining: 37s
Rendered 5191/5513, time remaining: 36s
Rendered 5192/5513, time remaining: 36s
Rendered 5193/5513, time remaining: 36s
Rendered 5194/5513, time remaining: 36s
Rendered 5195/5513, time remaining: 36s
Rendered 5196/5513, time remaining: 36s
Rendered 5197/5513, time remaining: 35s
Rendered 5198/5513, time remaining: 35s
Rendered 5199/5513, time remaining: 36s
Rendered 5200/5513, time remaining: 35s
Rendered 5201/5513, time remaining: 35s
Rendered 5202/5513, time remaining: 35s
Rendered 5203/5513, time remaining: 35s
Rendered 5204/5513, time remaining: 35s
Rendered 5205/5513, time remaining: 35s
Rendered 5206/5513, time remaining: 34s
Rendered 5207/5513, time remaining: 35s
Rendered 5208/5513, time remaining: 35s
Rendered 5209/5513, time remaining: 34s
Rendered 5210/5513, time remaining: 34s
Rendered 5211/5513, time remaining: 34s
Rendered 5212/5513, time remaining: 34s
Rendered 5213/5513, time remaining: 33s
Rendered 5214/5513, time remaining: 34s
Rendered 5215/5513, time remaining: 34s
Rendered 5216/5513, time remaining: 34s
Rendered 5217/5513, time remaining: 33s
Rendered 5218/5513, time remaining: 33s
Rendered 5219/5513, time remaining: 33s
Rendered 5220/5513, time remaining: 33s
Rendered 5221/5513, time remaining: 33s
Rendered 5222/5513, time remaining: 33s
Rendered 5223/5513, time remaining: 33s
Rendered 5224/5513, time remaining: 33s
Rendered 5225/5513, time remaining: 32s
Rendered 5226/5513, time remaining: 32s
Rendered 5227/5513, time remaining: 32s
Rendered 5228/5513, time remaining: 32s
Rendered 5229/5513, time remaining: 32s
Rendered 5230/5513, time remaining: 32s
Rendered 5231/5513, time remaining: 33s
Rendered 5232/5513, time remaining: 32s
Rendered 5233/5513, time remaining: 31s
Rendered 5234/5513, time remaining: 31s
Rendered 5235/5513, time remaining: 31s
Rendered 5236/5513, time remaining: 31s
Rendered 5237/5513, time remaining: 31s
Rendered 5238/5513, time remaining: 31s
Rendered 5239/5513, time remaining: 31s
Rendered 5240/5513, time remaining: 31s
Rendered 5241/5513, time remaining: 31s
Rendered 5242/5513, time remaining: 30s
Rendered 5243/5513, time remaining: 30s
Rendered 5244/5513, time remaining: 30s
Rendered 5245/5513, time remaining: 30s
Rendered 5246/5513, time remaining: 30s
Rendered 5247/5513, time remaining: 31s
Rendered 5248/5513, time remaining: 30s
Rendered 5249/5513, time remaining: 30s
Rendered 5250/5513, time remaining: 29s
Rendered 5251/5513, time remaining: 29s
Rendered 5252/5513, time remaining: 29s
Rendered 5253/5513, time remaining: 29s
Rendered 5254/5513, time remaining: 28s
Rendered 5255/5513, time remaining: 28s
Rendered 5256/5513, time remaining: 28s
Rendered 5257/5513, time remaining: 28s
Rendered 5258/5513, time remaining: 28s
Rendered 5259/5513, time remaining: 28s
Rendered 5260/5513, time remaining: 27s
Rendered 5261/5513, time remaining: 27s
Rendered 5262/5513, time remaining: 28s
Rendered 5263/5513, time remaining: 27s
Rendered 5264/5513, time remaining: 28s
Rendered 5265/5513, time remaining: 27s
Rendered 5266/5513, time remaining: 27s
Rendered 5267/5513, time remaining: 27s
Rendered 5268/5513, time remaining: 27s
Rendered 5269/5513, time remaining: 27s
Rendered 5270/5513, time remaining: 27s
Rendered 5271/5513, time remaining: 26s
Rendered 5272/5513, time remaining: 27s
Rendered 5273/5513, time remaining: 27s
Rendered 5274/5513, time remaining: 27s
Rendered 5275/5513, time remaining: 26s
Rendered 5276/5513, time remaining: 26s
Rendered 5277/5513, time remaining: 26s
Rendered 5278/5513, time remaining: 26s
Rendered 5279/5513, time remaining: 26s
Rendered 5280/5513, time remaining: 26s
Rendered 5281/5513, time remaining: 26s
Rendered 5282/5513, time remaining: 26s
Rendered 5283/5513, time remaining: 25s
Rendered 5284/5513, time remaining: 25s
Rendered 5285/5513, time remaining: 25s
Rendered 5286/5513, time remaining: 25s
Rendered 5287/5513, time remaining: 25s
Rendered 5288/5513, time remaining: 25s
Rendered 5289/5513, time remaining: 25s
Rendered 5290/5513, time remaining: 25s
Rendered 5291/5513, time remaining: 24s
Rendered 5292/5513, time remaining: 24s
Rendered 5293/5513, time remaining: 24s
Rendered 5294/5513, time remaining: 24s
Rendered 5295/5513, time remaining: 24s
Rendered 5296/5513, time remaining: 24s
Rendered 5297/5513, time remaining: 24s
Rendered 5298/5513, time remaining: 24s
Rendered 5299/5513, time remaining: 23s
Rendered 5300/5513, time remaining: 23s
Rendered 5301/5513, time remaining: 23s
Rendered 5302/5513, time remaining: 23s
Rendered 5303/5513, time remaining: 23s
Rendered 5304/5513, time remaining: 23s
Rendered 5305/5513, time remaining: 23s
Rendered 5306/5513, time remaining: 23s
Rendered 5307/5513, time remaining: 23s
Rendered 5308/5513, time remaining: 22s
Rendered 5309/5513, time remaining: 22s
Rendered 5310/5513, time remaining: 22s
Rendered 5311/5513, time remaining: 22s
Rendered 5312/5513, time remaining: 22s
Rendered 5313/5513, time remaining: 22s
Rendered 5314/5513, time remaining: 22s
Rendered 5315/5513, time remaining: 22s
Rendered 5316/5513, time remaining: 21s
Rendered 5317/5513, time remaining: 21s
Rendered 5318/5513, time remaining: 21s
Rendered 5319/5513, time remaining: 21s
Rendered 5320/5513, time remaining: 21s
Rendered 5321/5513, time remaining: 21s
Rendered 5322/5513, time remaining: 21s
Rendered 5323/5513, time remaining: 21s
Rendered 5324/5513, time remaining: 21s
Rendered 5325/5513, time remaining: 20s
Rendered 5326/5513, time remaining: 20s
Rendered 5327/5513, time remaining: 20s
Rendered 5328/5513, time remaining: 20s
Rendered 5329/5513, time remaining: 20s
Rendered 5330/5513, time remaining: 20s
Rendered 5331/5513, time remaining: 20s
Rendered 5332/5513, time remaining: 20s
Rendered 5333/5513, time remaining: 20s
Rendered 5334/5513, time remaining: 20s
Rendered 5335/5513, time remaining: 19s
Rendered 5336/5513, time remaining: 19s
Rendered 5337/5513, time remaining: 19s
Rendered 5338/5513, time remaining: 19s
Rendered 5339/5513, time remaining: 19s
Rendered 5340/5513, time remaining: 19s
Rendered 5341/5513, time remaining: 19s
Rendered 5342/5513, time remaining: 19s
Rendered 5343/5513, time remaining: 19s
Rendered 5344/5513, time remaining: 18s
Rendered 5345/5513, time remaining: 18s
Rendered 5346/5513, time remaining: 18s
Rendered 5347/5513, time remaining: 18s
Rendered 5348/5513, time remaining: 18s
Rendered 5349/5513, time remaining: 18s
Rendered 5350/5513, time remaining: 18s
Rendered 5351/5513, time remaining: 18s
Rendered 5352/5513, time remaining: 17s
Rendered 5353/5513, time remaining: 17s
Rendered 5354/5513, time remaining: 17s
Rendered 5355/5513, time remaining: 17s
Rendered 5356/5513, time remaining: 17s
Rendered 5357/5513, time remaining: 17s
Rendered 5358/5513, time remaining: 17s
Rendered 5359/5513, time remaining: 17s
Rendered 5360/5513, time remaining: 17s
Rendered 5361/5513, time remaining: 17s
Rendered 5362/5513, time remaining: 17s
Rendered 5363/5513, time remaining: 17s
Rendered 5364/5513, time remaining: 16s
Rendered 5365/5513, time remaining: 16s
Rendered 5366/5513, time remaining: 16s
Rendered 5367/5513, time remaining: 16s
Rendered 5368/5513, time remaining: 16s
Rendered 5369/5513, time remaining: 16s
Rendered 5370/5513, time remaining: 16s
Rendered 5371/5513, time remaining: 16s
Rendered 5372/5513, time remaining: 16s
Rendered 5373/5513, time remaining: 15s
Rendered 5374/5513, time remaining: 15s
Rendered 5375/5513, time remaining: 15s
Rendered 5376/5513, time remaining: 15s
Rendered 5377/5513, time remaining: 15s
Rendered 5378/5513, time remaining: 15s
Rendered 5379/5513, time remaining: 15s
Rendered 5380/5513, time remaining: 15s
Rendered 5381/5513, time remaining: 14s
Rendered 5382/5513, time remaining: 14s
Rendered 5383/5513, time remaining: 14s
Rendered 5384/5513, time remaining: 14s
Rendered 5385/5513, time remaining: 14s
Rendered 5386/5513, time remaining: 14s
Rendered 5387/5513, time remaining: 14s
Rendered 5388/5513, time remaining: 14s
Rendered 5389/5513, time remaining: 13s
Rendered 5390/5513, time remaining: 13s
Rendered 5391/5513, time remaining: 13s
Rendered 5392/5513, time remaining: 13s
Rendered 5393/5513, time remaining: 13s
Rendered 5394/5513, time remaining: 13s
Rendered 5395/5513, time remaining: 13s
Rendered 5396/5513, time remaining: 13s
Rendered 5397/5513, time remaining: 12s
Rendered 5398/5513, time remaining: 12s
Rendered 5399/5513, time remaining: 12s
Rendered 5400/5513, time remaining: 12s
Rendered 5401/5513, time remaining: 12s
Rendered 5402/5513, time remaining: 12s
Rendered 5403/5513, time remaining: 12s
Rendered 5404/5513, time remaining: 12s
Rendered 5405/5513, time remaining: 12s
Rendered 5406/5513, time remaining: 12s
Rendered 5407/5513, time remaining: 11s
Rendered 5408/5513, time remaining: 11s
Rendered 5409/5513, time remaining: 11s
Rendered 5410/5513, time remaining: 11s
Rendered 5411/5513, time remaining: 11s
Rendered 5412/5513, time remaining: 11s
Rendered 5413/5513, time remaining: 11s
Rendered 5414/5513, time remaining: 11s
Rendered 5415/5513, time remaining: 10s
Rendered 5416/5513, time remaining: 10s
Rendered 5417/5513, time remaining: 10s
Rendered 5418/5513, time remaining: 10s
Rendered 5419/5513, time remaining: 10s
Rendered 5420/5513, time remaining: 10s
Rendered 5421/5513, time remaining: 10s
Rendered 5422/5513, time remaining: 10s
Rendered 5423/5513, time remaining: 9s
Rendered 5424/5513, time remaining: 9s
Rendered 5425/5513, time remaining: 9s
Rendered 5426/5513, time remaining: 9s
Rendered 5427/5513, time remaining: 9s
Rendered 5428/5513, time remaining: 9s
Rendered 5429/5513, time remaining: 9s
Rendered 5430/5513, time remaining: 9s
Rendered 5431/5513, time remaining: 9s
Rendered 5432/5513, time remaining: 8s
Rendered 5433/5513, time remaining: 8s
Rendered 5434/5513, time remaining: 8s
Rendered 5435/5513, time remaining: 8s
Rendered 5436/5513, time remaining: 8s
Rendered 5437/5513, time remaining: 8s
Rendered 5438/5513, time remaining: 8s
Rendered 5439/5513, time remaining: 8s
Rendered 5440/5513, time remaining: 8s
Rendered 5441/5513, time remaining: 7s
Rendered 5442/5513, time remaining: 7s
Rendered 5443/5513, time remaining: 7s
Rendered 5444/5513, time remaining: 7s
Rendered 5445/5513, time remaining: 7s
Rendered 5446/5513, time remaining: 7s
Rendered 5447/5513, time remaining: 7s
Rendered 5448/5513, time remaining: 7s
Rendered 5449/5513, time remaining: 7s
Rendered 5450/5513, time remaining: 7s
Rendered 5451/5513, time remaining: 7s
Rendered 5452/5513, time remaining: 6s
Rendered 5453/5513, time remaining: 6s
Rendered 5454/5513, time remaining: 6s
Rendered 5455/5513, time remaining: 6s
Rendered 5456/5513, time remaining: 6s
Rendered 5457/5513, time remaining: 6s
Rendered 5458/5513, time remaining: 6s
Rendered 5459/5513, time remaining: 6s
Rendered 5460/5513, time remaining: 6s
Rendered 5461/5513, time remaining: 5s
Rendered 5462/5513, time remaining: 5s
Rendered 5463/5513, time remaining: 5s
Rendered 5464/5513, time remaining: 5s
Rendered 5465/5513, time remaining: 5s
Rendered 5466/5513, time remaining: 5s
Rendered 5467/5513, time remaining: 5s
Rendered 5468/5513, time remaining: 5s
Rendered 5469/5513, time remaining: 5s
Rendered 5470/5513, time remaining: 4s
Rendered 5471/5513, time remaining: 4s
Rendered 5472/5513, time remaining: 4s
Rendered 5473/5513, time remaining: 4s
Rendered 5474/5513, time remaining: 4s
Rendered 5475/5513, time remaining: 4s
Rendered 5476/5513, time remaining: 4s
Rendered 5477/5513, time remaining: 4s
Rendered 5478/5513, time remaining: 4s
Rendered 5479/5513, time remaining: 3s
Rendered 5480/5513, time remaining: 3s
Rendered 5481/5513, time remaining: 3s
Rendered 5482/5513, time remaining: 3s
Rendered 5483/5513, time remaining: 3s
Rendered 5484/5513, time remaining: 3s
Rendered 5485/5513, time remaining: 3s
Rendered 5486/5513, time remaining: 3s
Rendered 5487/5513, time remaining: 2s
Rendered 5488/5513, time remaining: 2s
Rendered 5489/5513, time remaining: 2s
Rendered 5490/5513, time remaining: 2s
Rendered 5491/5513, time remaining: 2s
Rendered 5492/5513, time remaining: 2s
Rendered 5493/5513, time remaining: 2s
Rendered 5494/5513, time remaining: 2s
Rendered 5495/5513, time remaining: 2s
Rendered 5496/5513, time remaining: 1s
Rendered 5497/5513, time remaining: 1s
Rendered 5498/5513, time remaining: 1s
Rendered 5499/5513, time remaining: 1s
Rendered 5500/5513, time remaining: 1s
Rendered 5501/5513, time remaining: 1s
Rendered 5502/5513, time remaining: 1s
Rendered 5503/5513, time remaining: 1s
Rendered 5504/5513, time remaining: 1s
Rendered 5505/5513, time remaining: 0s
Rendered 5506/5513, time remaining: 0s
Rendered 5507/5513, time remaining: 0s
Rendered 5508/5513, time remaining: 0s
Rendered 5509/5513, time remaining: 0s
Rendered 5510/5513, time remaining: 0s
Rendered 5511/5513, time remaining: 0s
Rendered 5512/5513, time remaining: 0s
Rendered 5513/5513
Encoded 42/5513
Encoded 97/5513
Encoded 121/5513
Encoded 149/5513
Encoded 183/5513
Encoded 208/5513
Encoded 244/5513
Encoded 247/5513
Encoded 269/5513
Encoded 295/5513
Encoded 324/5513
Encoded 341/5513
Encoded 375/5513
Encoded 387/5513
Encoded 425/5513
Encoded 460/5513
Encoded 514/5513
Encoded 561/5513
Encoded 610/5513
Encoded 658/5513
Encoded 698/5513
Encoded 746/5513
Encoded 794/5513
Encoded 839/5513
Encoded 888/5513
Encoded 931/5513
Encoded 966/5513
Encoded 1003/5513
Encoded 1036/5513
Encoded 1080/5513
Encoded 1124/5513
Encoded 1171/5513
Encoded 1218/5513
Encoded 1265/5513
Encoded 1309/5513
Encoded 1353/5513
Encoded 1402/5513
Encoded 1449/5513
Encoded 1499/5513
Encoded 1553/5513
Encoded 1602/5513
Encoded 1654/5513
Encoded 1706/5513
Encoded 1758/5513
Encoded 1811/5513
Encoded 1864/5513
Encoded 1919/5513
Encoded 1973/5513
Encoded 2027/5513
Encoded 2081/5513
Encoded 2134/5513
Encoded 2174/5513
Encoded 2217/5513
Encoded 2263/5513
Encoded 2311/5513
Encoded 2358/5513
Encoded 2407/5513
Encoded 2455/5513
Encoded 2501/5513
Encoded 2551/5513
Encoded 2600/5513
Encoded 2648/5513
Encoded 2704/5513
Encoded 2745/5513
Encoded 2789/5513
Encoded 2842/5513
Encoded 2894/5513
Encoded 2947/5513
Encoded 3002/5513
Encoded 3057/5513
Encoded 3110/5513
Encoded 3165/5513
Encoded 3219/5513
Encoded 3276/5513
Encoded 3323/5513
Encoded 3374/5513
Encoded 3427/5513
Encoded 3478/5513
Encoded 3524/5513
Encoded 3577/5513
Encoded 3631/5513
Encoded 3685/5513
Encoded 3737/5513
Encoded 3793/5513
Encoded 3840/5513
Encoded 3892/5513
Encoded 3944/5513
Encoded 3998/5513
Encoded 4051/5513
Encoded 4104/5513
Encoded 4157/5513
Encoded 4211/5513
Encoded 4265/5513
Encoded 4326/5513
Encoded 4375/5513
Encoded 4421/5513
Encoded 4471/5513
Encoded 4525/5513
Encoded 4578/5513
Encoded 4632/5513
Encoded 4686/5513
Encoded 4740/5513
Encoded 4792/5513
Encoded 4846/5513
Encoded 4901/5513
Encoded 4949/5513
Encoded 5002/5513
Encoded 5055/5513
Encoded 5108/5513
Encoded 5153/5513
Encoded 5200/5513
Encoded 5250/5513
Encoded 5300/5513
Encoded 5354/5513
Encoded 5407/5513
Encoded 5473/5513
Encoded 5513/5513
[34m+                    out\vitamin-d3-k2-normalos-aoede-upload-fast.mp4[39m [90m17.5 MB[39m
## DONE VitaminD3K2EvidenceDeepDive 2026-06-27T08:26:52.7396143+02:00
## START Omega3EvidenceDeepDive 2026-06-27T08:26:52.7416131+02:00
Bundling 6%
Bundling 17%
Bundling 64%
Bundling 69%
Bundling 74%
Bundling 80%
Bundling 85%
Bundling 90%
Bundling 95%
Bundling 100%
Copying public dir 10.9 MB
Copying public dir 14.5 MB
Copying public dir 23 MB
Copying public dir 31.3 MB
Copying public dir 40.1 MB
Copying public dir 48.8 MB
Copying public dir 59.8 MB
Copying public dir 62.2 MB
Copying public dir 72.7 MB
Copying public dir 73.9 MB
Copying public dir 85.4 MB
Copying public dir 96.3 MB
Copying public dir 97.4 MB
Copying public dir 113.6 MB
Copying public dir 127.8 MB
Copying public dir 143.2 MB
Copying public dir 160.8 MB
Copying public dir 171.8 MB
Copying public dir 180.6 MB
Copying public dir 192.5 MB
Copying public dir 204.5 MB
Copying public dir 207.6 MB
Copying public dir 212 MB
Copying public dir 218 MB
Copying public dir 224.8 MB
Copying public dir 232.2 MB
Copying public dir 237.4 MB
Copying public dir 245.9 MB
Copying public dir 251.7 MB
Copying public dir 253.8 MB
Copying public dir 262.5 MB
Copying public dir 263 MB
Getting composition
[90mComposition          Omega3EvidenceDeepDive[39m
[90mCodec                h264[39m
[90mOutput               out\omega-3-normalos-aoede-upload-fast.mp4[39m
[90mConcurrency          8x[39m
Rendered 0/5615

