
> ashwagandha-affiliate-short@1.0.0 render:spermidin-deepdive:dynamisch
> remotion render src/index.ts SpermidinEvidenceDeepDive out/spermidin-evidence-deepdive-dynamisch-final.mp4 --concurrency=6

Bundling 6%
Bundling 20%
Bundling 62%
Bundling 69%
Bundling 74%
Bundling 80%
Bundling 85%
Bundling 90%
Bundling 95%
Bundling 100%
Copying public dir 12.7 MB
Copying public dir 32.6 MB
Copying public dir 45 MB
Copying public dir 49.2 MB
Copying public dir 55.7 MB
Copying public dir 64.2 MB
Copying public dir 70 MB
Copying public dir 72.1 MB
Copying public dir 80.8 MB
Copying public dir 81.3 MB
Getting composition
[90mComposition          SpermidinEvidenceDeepDive[39m
[90mCodec                h264[39m
[90mOutput               out/spermidin-evidence-deepdive-dynamisch-final.mp4[39m
[90mConcurrency          6x[39m
Rendered 0/7176
Rendered 1/7176, time remaining: 8h 6m 49s
Rendered 2/7176, time remaining: 4h 37m 12s
Rendered 3/7176, time remaining: 3h 15m 42s
Rendered 4/7176, time remaining: 2h 27m 55s
Rendered 5/7176, time remaining: 2h 4m 42s
Rendered 6/7176, time remaining: 1h 55m 14s
Rendered 7/7176, time remaining: 1h 58m 18s
Rendered 8/7176, time remaining: 1h 53m 39s
Rendered 9/7176, time remaining: 1h 46m 17s
Rendered 10/7176, time remaining: 1h 38m 9s
Rendered 11/7176, time remaining: 1h 32m 0s
Rendered 12/7176, time remaining: 1h 26m 40s
Rendered 13/7176, time remaining: 1h 24m 8s
Rendered 14/7176, time remaining: 1h 32m 9s
Rendered 15/7176, time remaining: 1h 28m 24s
Rendered 16/7176, time remaining: 1h 24m 13s
Rendered 17/7176, time remaining: 1h 20m 59s
Rendered 18/7176, time remaining: 1h 18m 16s
Rendered 19/7176, time remaining: 1h 16m 35s
Rendered 20/7176, time remaining: 1h 18m 39s
Rendered 21/7176, time remaining: 1h 16m 11s
Rendered 22/7176, time remaining: 1h 13m 31s
Rendered 23/7176, time remaining: 1h 11m 18s
Rendered 24/7176, time remaining: 1h 9m 31s
Rendered 25/7176, time remaining: 1h 7m 56s
Rendered 26/7176, time remaining: 1h 12m 42s
Rendered 27/7176, time remaining: 1h 11m 21s
Rendered 28/7176, time remaining: 1h 9m 38s
Rendered 29/7176, time remaining: 1h 8m 16s
Rendered 30/7176, time remaining: 1h 7m 35s
Rendered 31/7176, time remaining: 1h 6m 44s
Rendered 32/7176, time remaining: 1h 7m 42s
Rendered 33/7176, time remaining: 1h 6m 6s
Rendered 34/7176, time remaining: 1h 4m 36s
Rendered 35/7176, time remaining: 1h 3m 34s
Rendered 36/7176, time remaining: 1h 2m 19s
Rendered 37/7176, time remaining: 1h 1m 7s
Rendered 38/7176, time remaining: 1h 3m 15s
Rendered 39/7176, time remaining: 1h 3m 55s
Rendered 40/7176, time remaining: 1h 2m 51s
Rendered 41/7176, time remaining: 1h 2m 2s
Rendered 42/7176, time remaining: 1h 1m 3s
Rendered 43/7176, time remaining: 1h 41s
Rendered 44/7176, time remaining: 1h 1m 37s
Rendered 45/7176, time remaining: 1h 33s
Rendered 46/7176, time remaining: 59m 45s
Rendered 47/7176, time remaining: 59m 0s
Rendered 48/7176, time remaining: 58m 10s
Rendered 49/7176, time remaining: 57m 27s
Rendered 50/7176, time remaining: 59m 38s
Rendered 51/7176, time remaining: 59m 0s
Rendered 52/7176, time remaining: 58m 57s
Rendered 53/7176, time remaining: 58m 20s
Rendered 54/7176, time remaining: 57m 44s
Rendered 55/7176, time remaining: 58m 55s
Rendered 56/7176, time remaining: 58m 35s
Rendered 57/7176, time remaining: 58m 11s
Rendered 58/7176, time remaining: 57m 29s
Rendered 59/7176, time remaining: 57m 16s
Rendered 60/7176, time remaining: 56m 33s
Rendered 61/7176, time remaining: 57m 0s
Rendered 62/7176, time remaining: 56m 31s
Rendered 63/7176, time remaining: 56m 2s
Rendered 64/7176, time remaining: 55m 51s
Rendered 65/7176, time remaining: 55m 20s
Rendered 66/7176, time remaining: 54m 50s
Rendered 67/7176, time remaining: 56m 42s
Rendered 68/7176, time remaining: 56m 27s
Rendered 69/7176, time remaining: 56m 0s
Rendered 70/7176, time remaining: 55m 26s
Rendered 71/7176, time remaining: 54m 52s
Rendered 72/7176, time remaining: 54m 36s
Rendered 73/7176, time remaining: 55m 1s
Rendered 74/7176, time remaining: 54m 42s
Rendered 75/7176, time remaining: 54m 29s
Rendered 76/7176, time remaining: 54m 11s
Rendered 77/7176, time remaining: 54m 10s
Rendered 78/7176, time remaining: 53m 51s
Rendered 79/7176, time remaining: 54m 52s
Rendered 80/7176, time remaining: 55m 4s
Rendered 81/7176, time remaining: 54m 37s
Rendered 82/7176, time remaining: 54m 47s
Rendered 83/7176, time remaining: 54m 29s
Rendered 84/7176, time remaining: 54m 3s
Rendered 85/7176, time remaining: 54m 10s
Rendered 86/7176, time remaining: 54m 18s
Rendered 87/7176, time remaining: 53m 57s
Rendered 88/7176, time remaining: 53m 34s
Rendered 89/7176, time remaining: 53m 46s
Rendered 90/7176, time remaining: 53m 28s
Rendered 91/7176, time remaining: 53m 50s
Rendered 92/7176, time remaining: 54m 25s
Rendered 93/7176, time remaining: 54m 5s
Rendered 94/7176, time remaining: 53m 43s
Rendered 95/7176, time remaining: 53m 41s
Rendered 96/7176, time remaining: 53m 30s
Rendered 97/7176, time remaining: 54m 2s
Rendered 98/7176, time remaining: 53m 45s
Rendered 99/7176, time remaining: 53m 22s
Rendered 100/7176, time remaining: 52m 58s
Rendered 101/7176, time remaining: 52m 34s
Rendered 102/7176, time remaining: 52m 17s
Rendered 103/7176, time remaining: 53m 7s
Rendered 104/7176, time remaining: 53m 1s
Rendered 105/7176, time remaining: 52m 45s
Rendered 106/7176, time remaining: 52m 34s
Rendered 107/7176, time remaining: 52m 35s
Rendered 108/7176, time remaining: 52m 21s
Rendered 109/7176, time remaining: 52m 55s
Rendered 110/7176, time remaining: 52m 47s
Rendered 111/7176, time remaining: 52m 26s
Rendered 112/7176, time remaining: 52m 8s
Rendered 113/7176, time remaining: 51m 58s
Rendered 114/7176, time remaining: 51m 39s
Rendered 115/7176, time remaining: 52m 6s
Rendered 116/7176, time remaining: 51m 51s
Rendered 117/7176, time remaining: 51m 37s
Rendered 118/7176, time remaining: 51m 36s
Rendered 119/7176, time remaining: 51m 34s
Rendered 120/7176, time remaining: 51m 49s
Rendered 121/7176, time remaining: 51m 51s
Rendered 122/7176, time remaining: 51m 43s
Rendered 123/7176, time remaining: 51m 38s
Rendered 124/7176, time remaining: 51m 23s
Rendered 125/7176, time remaining: 51m 16s
Rendered 126/7176, time remaining: 51m 27s
Rendered 127/7176, time remaining: 51m 28s
Rendered 128/7176, time remaining: 51m 17s
Rendered 129/7176, time remaining: 51m 18s
Rendered 130/7176, time remaining: 51m 6s
Rendered 131/7176, time remaining: 51m 16s
Rendered 132/7176, time remaining: 51m 12s
Rendered 133/7176, time remaining: 51m 23s
Rendered 134/7176, time remaining: 51m 8s
Rendered 135/7176, time remaining: 51m 8s
Rendered 136/7176, time remaining: 50m 53s
Rendered 137/7176, time remaining: 50m 45s
Rendered 138/7176, time remaining: 51m 7s
Rendered 139/7176, time remaining: 50m 55s
Rendered 140/7176, time remaining: 50m 40s
Rendered 141/7176, time remaining: 50m 25s
Rendered 142/7176, time remaining: 50m 13s
Rendered 143/7176, time remaining: 50m 0s
Rendered 144/7176, time remaining: 51m 3s
Rendered 145/7176, time remaining: 50m 48s
Rendered 146/7176, time remaining: 50m 36s
Rendered 147/7176, time remaining: 50m 22s
Rendered 148/7176, time remaining: 50m 11s
Rendered 149/7176, time remaining: 50m 2s
Rendered 150/7176, time remaining: 50m 41s
Rendered 151/7176, time remaining: 47m 36s
Rendered 152/7176, time remaining: 47m 15s
Rendered 153/7176, time remaining: 47m 9s
Rendered 154/7176, time remaining: 47m 14s
Rendered 155/7176, time remaining: 47m 11s
Rendered 156/7176, time remaining: 47m 41s
Rendered 157/7176, time remaining: 47m 5s
Rendered 158/7176, time remaining: 46m 44s
Rendered 159/7176, time remaining: 46m 36s
Rendered 160/7176, time remaining: 46m 42s
Rendered 161/7176, time remaining: 46m 40s
Rendered 162/7176, time remaining: 47m 16s
Rendered 163/7176, time remaining: 47m 4s
Rendered 164/7176, time remaining: 45m 54s
Rendered 165/7176, time remaining: 45m 47s
Rendered 166/7176, time remaining: 45m 45s
Rendered 167/7176, time remaining: 45m 39s
Rendered 168/7176, time remaining: 46m 17s
Rendered 169/7176, time remaining: 46m 21s
Rendered 170/7176, time remaining: 45m 45s
Rendered 171/7176, time remaining: 45m 52s
Rendered 172/7176, time remaining: 45m 56s
Rendered 173/7176, time remaining: 45m 58s
Rendered 174/7176, time remaining: 46m 23s
Rendered 175/7176, time remaining: 46m 32s
Rendered 176/7176, time remaining: 45m 32s
Rendered 177/7176, time remaining: 45m 25s
Rendered 178/7176, time remaining: 45m 25s
Rendered 179/7176, time remaining: 45m 19s
Rendered 180/7176, time remaining: 45m 24s
Rendered 181/7176, time remaining: 45m 49s
Rendered 182/7176, time remaining: 45m 21s
Rendered 183/7176, time remaining: 45m 26s
Rendered 184/7176, time remaining: 45m 39s
Rendered 185/7176, time remaining: 45m 31s
Rendered 186/7176, time remaining: 45m 46s
Rendered 187/7176, time remaining: 46m 21s
Rendered 188/7176, time remaining: 45m 31s
Rendered 189/7176, time remaining: 45m 6s
Rendered 190/7176, time remaining: 45m 4s
Rendered 191/7176, time remaining: 44m 59s
Rendered 192/7176, time remaining: 44m 59s
Rendered 193/7176, time remaining: 45m 29s
Rendered 194/7176, time remaining: 45m 16s
Rendered 195/7176, time remaining: 45m 18s
Rendered 196/7176, time remaining: 45m 19s
Rendered 197/7176, time remaining: 45m 19s
Rendered 198/7176, time remaining: 45m 21s
Rendered 199/7176, time remaining: 46m 7s
Rendered 200/7176, time remaining: 45m 18s
Rendered 201/7176, time remaining: 45m 16s
Rendered 202/7176, time remaining: 45m 0s
Rendered 203/7176, time remaining: 44m 56s
Rendered 204/7176, time remaining: 44m 56s
Rendered 205/7176, time remaining: 45m 13s
Rendered 206/7176, time remaining: 45m 7s
Rendered 207/7176, time remaining: 45m 5s
Rendered 208/7176, time remaining: 45m 9s
Rendered 209/7176, time remaining: 44m 59s
Rendered 210/7176, time remaining: 45m 7s
Rendered 211/7176, time remaining: 45m 43s
Rendered 212/7176, time remaining: 45m 40s
Rendered 213/7176, time remaining: 45m 37s
Rendered 214/7176, time remaining: 45m 26s
Rendered 215/7176, time remaining: 45m 29s
Rendered 216/7176, time remaining: 45m 25s
Rendered 217/7176, time remaining: 45m 17s
Rendered 218/7176, time remaining: 45m 8s
Rendered 219/7176, time remaining: 45m 12s
Rendered 220/7176, time remaining: 45m 16s
Rendered 221/7176, time remaining: 45m 21s
Rendered 222/7176, time remaining: 45m 35s
Rendered 223/7176, time remaining: 45m 34s
Rendered 224/7176, time remaining: 45m 31s
Rendered 225/7176, time remaining: 45m 36s
Rendered 226/7176, time remaining: 45m 32s
Rendered 227/7176, time remaining: 45m 29s
Rendered 228/7176, time remaining: 45m 25s
Rendered 229/7176, time remaining: 45m 4s
Rendered 230/7176, time remaining: 44m 45s
Rendered 231/7176, time remaining: 45m 7s
Rendered 232/7176, time remaining: 45m 19s
Rendered 233/7176, time remaining: 45m 18s
Rendered 234/7176, time remaining: 45m 22s
Rendered 235/7176, time remaining: 45m 19s
Rendered 236/7176, time remaining: 45m 2s
Rendered 237/7176, time remaining: 45m 25s
Rendered 238/7176, time remaining: 45m 44s
Rendered 239/7176, time remaining: 45m 24s
Rendered 240/7176, time remaining: 45m 28s
Rendered 241/7176, time remaining: 45m 2s
Rendered 242/7176, time remaining: 44m 27s
Rendered 243/7176, time remaining: 44m 45s
Rendered 244/7176, time remaining: 45m 8s
Rendered 245/7176, time remaining: 45m 11s
Rendered 246/7176, time remaining: 45m 4s
Rendered 247/7176, time remaining: 44m 43s
Rendered 248/7176, time remaining: 44m 41s
Rendered 249/7176, time remaining: 44m 56s
Rendered 250/7176, time remaining: 45m 28s
Rendered 251/7176, time remaining: 45m 30s
Rendered 252/7176, time remaining: 45m 31s
Rendered 253/7176, time remaining: 44m 52s
Rendered 254/7176, time remaining: 44m 42s
Rendered 255/7176, time remaining: 45m 16s
Rendered 256/7176, time remaining: 45m 16s
Rendered 257/7176, time remaining: 45m 4s
Rendered 258/7176, time remaining: 45m 1s
Rendered 259/7176, time remaining: 44m 24s
Rendered 260/7176, time remaining: 44m 22s
Rendered 261/7176, time remaining: 45m 10s
Rendered 262/7176, time remaining: 45m 24s
Rendered 263/7176, time remaining: 45m 20s
Rendered 264/7176, time remaining: 45m 20s
Rendered 265/7176, time remaining: 44m 54s
Rendered 266/7176, time remaining: 44m 55s
Rendered 267/7176, time remaining: 45m 29s
Rendered 268/7176, time remaining: 45m 19s
Rendered 269/7176, time remaining: 45m 7s
Rendered 270/7176, time remaining: 44m 43s
Rendered 271/7176, time remaining: 44m 30s
Rendered 272/7176, time remaining: 44m 25s
Rendered 273/7176, time remaining: 45m 10s
Rendered 274/7176, time remaining: 45m 15s
Rendered 275/7176, time remaining: 45m 10s
Rendered 276/7176, time remaining: 44m 54s
Rendered 277/7176, time remaining: 44m 42s
Rendered 278/7176, time remaining: 44m 41s
Rendered 279/7176, time remaining: 45m 40s
Rendered 280/7176, time remaining: 45m 40s
Rendered 281/7176, time remaining: 45m 22s
Rendered 282/7176, time remaining: 45m 15s
Rendered 283/7176, time remaining: 44m 54s
Rendered 284/7176, time remaining: 44m 57s
Rendered 285/7176, time remaining: 45m 51s
Rendered 286/7176, time remaining: 45m 55s
Rendered 287/7176, time remaining: 45m 52s
Rendered 288/7176, time remaining: 45m 22s
Rendered 289/7176, time remaining: 45m 26s
Rendered 290/7176, time remaining: 45m 31s
Rendered 291/7176, time remaining: 46m 52s
Rendered 292/7176, time remaining: 46m 51s
Rendered 293/7176, time remaining: 46m 56s
Rendered 294/7176, time remaining: 45m 47s
Rendered 295/7176, time remaining: 45m 48s
Rendered 296/7176, time remaining: 45m 55s
Rendered 297/7176, time remaining: 46m 54s
Rendered 298/7176, time remaining: 46m 59s
Rendered 299/7176, time remaining: 46m 55s
Rendered 300/7176, time remaining: 46m 3s
Rendered 301/7176, time remaining: 46m 5s
Rendered 302/7176, time remaining: 46m 9s
Rendered 303/7176, time remaining: 46m 59s
Rendered 304/7176, time remaining: 47m 4s
Rendered 305/7176, time remaining: 47m 0s
Rendered 306/7176, time remaining: 46m 12s
Rendered 307/7176, time remaining: 46m 3s
Rendered 308/7176, time remaining: 45m 59s
Rendered 309/7176, time remaining: 46m 37s
Rendered 310/7176, time remaining: 46m 36s
Rendered 311/7176, time remaining: 46m 33s
Rendered 312/7176, time remaining: 45m 55s
Rendered 313/7176, time remaining: 45m 53s
Rendered 314/7176, time remaining: 45m 51s
Rendered 315/7176, time remaining: 46m 35s
Rendered 316/7176, time remaining: 46m 41s
Rendered 317/7176, time remaining: 46m 42s
Rendered 318/7176, time remaining: 45m 59s
Rendered 319/7176, time remaining: 45m 43s
Rendered 320/7176, time remaining: 45m 39s
Rendered 321/7176, time remaining: 45m 47s
Rendered 322/7176, time remaining: 46m 18s
Rendered 323/7176, time remaining: 46m 19s
Rendered 324/7176, time remaining: 45m 49s
Rendered 325/7176, time remaining: 45m 34s
Rendered 326/7176, time remaining: 45m 25s
Rendered 327/7176, time remaining: 45m 39s
Rendered 328/7176, time remaining: 46m 16s
Rendered 329/7176, time remaining: 46m 17s
Rendered 330/7176, time remaining: 46m 0s
Rendered 331/7176, time remaining: 45m 25s
Rendered 332/7176, time remaining: 45m 20s
Rendered 333/7176, time remaining: 45m 23s
Rendered 334/7176, time remaining: 46m 3s
Rendered 335/7176, time remaining: 46m 8s
Rendered 336/7176, time remaining: 45m 55s
Rendered 337/7176, time remaining: 45m 29s
Rendered 338/7176, time remaining: 45m 38s
Rendered 339/7176, time remaining: 45m 35s
Rendered 340/7176, time remaining: 46m 26s
Rendered 341/7176, time remaining: 46m 25s
Rendered 342/7176, time remaining: 46m 21s
Rendered 343/7176, time remaining: 45m 41s
Rendered 344/7176, time remaining: 45m 21s
Rendered 345/7176, time remaining: 45m 23s
Rendered 346/7176, time remaining: 46m 9s
Rendered 347/7176, time remaining: 46m 10s
Rendered 348/7176, time remaining: 46m 6s
Rendered 349/7176, time remaining: 45m 20s
Rendered 350/7176, time remaining: 45m 22s
Rendered 351/7176, time remaining: 45m 14s
Rendered 352/7176, time remaining: 45m 54s
Rendered 353/7176, time remaining: 46m 0s
Rendered 354/7176, time remaining: 45m 56s
Rendered 355/7176, time remaining: 45m 6s
Rendered 356/7176, time remaining: 45m 16s
Rendered 357/7176, time remaining: 45m 39s
Rendered 358/7176, time remaining: 45m 50s
Rendered 359/7176, time remaining: 46m 2s
Rendered 360/7176, time remaining: 45m 59s
Rendered 361/7176, time remaining: 44m 58s
Rendered 362/7176, time remaining: 45m 4s
Rendered 363/7176, time remaining: 45m 46s
Rendered 364/7176, time remaining: 45m 45s
Rendered 365/7176, time remaining: 45m 40s
Rendered 366/7176, time remaining: 45m 42s
Rendered 367/7176, time remaining: 44m 47s
Rendered 368/7176, time remaining: 44m 47s
Rendered 369/7176, time remaining: 45m 41s
Rendered 370/7176, time remaining: 45m 41s
Rendered 371/7176, time remaining: 45m 39s
Rendered 372/7176, time remaining: 45m 20s
Rendered 373/7176, time remaining: 44m 56s
Rendered 374/7176, time remaining: 44m 58s
Rendered 375/7176, time remaining: 44m 56s
Rendered 376/7176, time remaining: 45m 35s
Rendered 377/7176, time remaining: 45m 23s
Rendered 378/7176, time remaining: 45m 21s
Rendered 379/7176, time remaining: 45m 3s
Rendered 380/7176, time remaining: 45m 2s
Rendered 381/7176, time remaining: 44m 58s
Rendered 382/7176, time remaining: 44m 40s
Rendered 383/7176, time remaining: 44m 38s
Rendered 384/7176, time remaining: 44m 36s
Rendered 385/7176, time remaining: 44m 38s
Rendered 386/7176, time remaining: 45m 4s
Rendered 387/7176, time remaining: 44m 55s
Rendered 388/7176, time remaining: 44m 42s
Rendered 389/7176, time remaining: 44m 46s
Rendered 390/7176, time remaining: 44m 37s
Rendered 391/7176, time remaining: 44m 38s
Rendered 392/7176, time remaining: 44m 55s
Rendered 393/7176, time remaining: 44m 46s
Rendered 394/7176, time remaining: 44m 24s
Rendered 395/7176, time remaining: 44m 7s
Rendered 396/7176, time remaining: 44m 13s
Rendered 397/7176, time remaining: 44m 6s
Rendered 398/7176, time remaining: 44m 27s
Rendered 399/7176, time remaining: 44m 41s
Rendered 400/7176, time remaining: 44m 27s
Rendered 401/7176, time remaining: 44m 27s
Rendered 402/7176, time remaining: 44m 33s
Rendered 403/7176, time remaining: 44m 27s
Rendered 404/7176, time remaining: 44m 41s
Rendered 405/7176, time remaining: 44m 19s
Rendered 406/7176, time remaining: 44m 17s
Rendered 407/7176, time remaining: 44m 11s
Rendered 408/7176, time remaining: 44m 13s
Rendered 409/7176, time remaining: 44m 17s
Rendered 410/7176, time remaining: 44m 28s
Rendered 411/7176, time remaining: 44m 0s
Rendered 412/7176, time remaining: 43m 58s
Rendered 413/7176, time remaining: 44m 5s
Rendered 414/7176, time remaining: 44m 15s
Rendered 415/7176, time remaining: 44m 19s
Rendered 416/7176, time remaining: 44m 40s
Rendered 417/7176, time remaining: 44m 8s
Rendered 418/7176, time remaining: 44m 6s
Rendered 419/7176, time remaining: 44m 6s
Rendered 420/7176, time remaining: 44m 9s
Rendered 421/7176, time remaining: 44m 5s
Rendered 422/7176, time remaining: 44m 29s
Rendered 423/7176, time remaining: 43m 47s
Rendered 424/7176, time remaining: 43m 42s
Rendered 425/7176, time remaining: 43m 49s
Rendered 426/7176, time remaining: 43m 46s
Rendered 427/7176, time remaining: 43m 47s
Rendered 428/7176, time remaining: 44m 2s
Rendered 429/7176, time remaining: 43m 22s
Rendered 430/7176, time remaining: 43m 20s
Rendered 431/7176, time remaining: 43m 23s
Rendered 432/7176, time remaining: 43m 21s
Rendered 433/7176, time remaining: 43m 20s
Rendered 434/7176, time remaining: 43m 30s
Rendered 435/7176, time remaining: 42m 45s
Rendered 436/7176, time remaining: 42m 44s
Rendered 437/7176, time remaining: 42m 52s
Rendered 438/7176, time remaining: 42m 50s
Rendered 439/7176, time remaining: 42m 45s
Rendered 440/7176, time remaining: 43m 7s
Rendered 441/7176, time remaining: 42m 11s
Rendered 442/7176, time remaining: 42m 27s
Rendered 443/7176, time remaining: 42m 20s
Rendered 444/7176, time remaining: 42m 18s
Rendered 445/7176, time remaining: 42m 23s
Rendered 446/7176, time remaining: 42m 21s
Rendered 447/7176, time remaining: 41m 40s
Rendered 448/7176, time remaining: 41m 42s
Rendered 449/7176, time remaining: 41m 40s
Rendered 450/7176, time remaining: 41m 44s
Rendered 451/7176, time remaining: 41m 54s
Rendered 452/7176, time remaining: 41m 53s
Rendered 453/7176, time remaining: 41m 39s
Rendered 454/7176, time remaining: 41m 50s
Rendered 455/7176, time remaining: 41m 56s
Rendered 456/7176, time remaining: 42m 6s
Rendered 457/7176, time remaining: 42m 7s
Rendered 458/7176, time remaining: 42m 13s
Rendered 459/7176, time remaining: 41m 48s
Rendered 460/7176, time remaining: 41m 42s
Rendered 461/7176, time remaining: 41m 45s
Rendered 462/7176, time remaining: 41m 46s
Rendered 463/7176, time remaining: 41m 45s
Rendered 464/7176, time remaining: 42m 20s
Rendered 465/7176, time remaining: 41m 56s
Rendered 466/7176, time remaining: 41m 56s
Rendered 467/7176, time remaining: 42m 4s
Rendered 468/7176, time remaining: 42m 19s
Rendered 469/7176, time remaining: 42m 19s
Rendered 470/7176, time remaining: 42m 47s
Rendered 471/7176, time remaining: 42m 28s
Rendered 472/7176, time remaining: 41m 54s
Rendered 473/7176, time remaining: 41m 50s
Rendered 474/7176, time remaining: 41m 50s
Rendered 475/7176, time remaining: 41m 55s
Rendered 476/7176, time remaining: 42m 27s
Rendered 477/7176, time remaining: 42m 22s
Rendered 478/7176, time remaining: 41m 45s
Rendered 479/7176, time remaining: 41m 46s
Rendered 480/7176, time remaining: 41m 50s
Rendered 481/7176, time remaining: 42m 11s
Rendered 482/7176, time remaining: 42m 46s
Rendered 483/7176, time remaining: 42m 46s
Rendered 484/7176, time remaining: 41m 56s
Rendered 485/7176, time remaining: 41m 54s
Rendered 486/7176, time remaining: 41m 52s
Rendered 487/7176, time remaining: 41m 53s
Rendered 488/7176, time remaining: 42m 13s
Rendered 489/7176, time remaining: 42m 10s
Rendered 490/7176, time remaining: 41m 29s
Rendered 491/7176, time remaining: 41m 31s
Rendered 492/7176, time remaining: 41m 51s
Rendered 493/7176, time remaining: 41m 55s
Rendered 494/7176, time remaining: 42m 28s
Rendered 495/7176, time remaining: 42m 27s
Rendered 496/7176, time remaining: 41m 55s
Rendered 497/7176, time remaining: 42m 2s
Rendered 498/7176, time remaining: 42m 0s
Rendered 499/7176, time remaining: 41m 57s
Rendered 500/7176, time remaining: 41m 57s
Rendered 501/7176, time remaining: 42m 15s
Rendered 502/7176, time remaining: 41m 45s
Rendered 503/7176, time remaining: 41m 44s
Rendered 504/7176, time remaining: 41m 44s
Rendered 505/7176, time remaining: 41m 40s
Rendered 506/7176, time remaining: 41m 39s
Rendered 507/7176, time remaining: 41m 22s
Rendered 508/7176, time remaining: 41m 30s
Rendered 509/7176, time remaining: 41m 36s
Rendered 510/7176, time remaining: 41m 30s
Rendered 511/7176, time remaining: 41m 31s
Rendered 512/7176, time remaining: 41m 31s
Rendered 513/7176, time remaining: 41m 0s
Rendered 514/7176, time remaining: 41m 31s
Rendered 515/7176, time remaining: 41m 30s
Rendered 516/7176, time remaining: 41m 35s
Rendered 517/7176, time remaining: 41m 35s
Rendered 518/7176, time remaining: 41m 36s
Rendered 519/7176, time remaining: 40m 37s
Rendered 520/7176, time remaining: 41m 30s
Rendered 521/7176, time remaining: 41m 35s
Rendered 522/7176, time remaining: 41m 35s
Rendered 523/7176, time remaining: 41m 33s
Rendered 524/7176, time remaining: 41m 27s
Rendered 525/7176, time remaining: 41m 19s
Rendered 526/7176, time remaining: 41m 23s
Rendered 527/7176, time remaining: 41m 30s
Rendered 528/7176, time remaining: 41m 29s
Rendered 529/7176, time remaining: 41m 22s
Rendered 530/7176, time remaining: 41m 24s
Rendered 531/7176, time remaining: 41m 5s
Rendered 532/7176, time remaining: 41m 5s
Rendered 533/7176, time remaining: 41m 43s
Rendered 534/7176, time remaining: 41m 57s
Rendered 535/7176, time remaining: 41m 43s
Rendered 536/7176, time remaining: 41m 15s
Rendered 537/7176, time remaining: 41m 9s
Rendered 538/7176, time remaining: 41m 2s
Rendered 539/7176, time remaining: 41m 34s
Rendered 540/7176, time remaining: 41m 37s
Rendered 541/7176, time remaining: 41m 33s
Rendered 542/7176, time remaining: 41m 15s
Rendered 543/7176, time remaining: 41m 3s
Rendered 544/7176, time remaining: 41m 0s
Rendered 545/7176, time remaining: 41m 45s
Rendered 546/7176, time remaining: 41m 46s
Rendered 547/7176, time remaining: 41m 42s
Rendered 548/7176, time remaining: 41m 27s
Rendered 549/7176, time remaining: 41m 2s
Rendered 550/7176, time remaining: 40m 56s
Rendered 551/7176, time remaining: 41m 55s
Rendered 552/7176, time remaining: 41m 53s
Rendered 553/7176, time remaining: 41m 53s
Rendered 554/7176, time remaining: 41m 44s
Rendered 555/7176, time remaining: 41m 32s
Rendered 556/7176, time remaining: 41m 29s
Rendered 557/7176, time remaining: 42m 9s
Rendered 558/7176, time remaining: 42m 12s
Rendered 559/7176, time remaining: 42m 7s
Rendered 560/7176, time remaining: 41m 55s
Rendered 561/7176, time remaining: 41m 40s
Rendered 562/7176, time remaining: 41m 32s
Rendered 563/7176, time remaining: 41m 48s
Rendered 564/7176, time remaining: 42m 15s
Rendered 565/7176, time remaining: 42m 15s
Rendered 566/7176, time remaining: 41m 52s
Rendered 567/7176, time remaining: 41m 52s
Rendered 568/7176, time remaining: 42m 2s
Rendered 569/7176, time remaining: 42m 3s
Rendered 570/7176, time remaining: 42m 20s
Rendered 571/7176, time remaining: 42m 34s
Rendered 572/7176, time remaining: 42m 9s
Rendered 573/7176, time remaining: 42m 4s
Rendered 574/7176, time remaining: 42m 2s
Rendered 575/7176, time remaining: 41m 59s
Rendered 576/7176, time remaining: 42m 9s
Rendered 577/7176, time remaining: 42m 33s
Rendered 578/7176, time remaining: 42m 25s
Rendered 579/7176, time remaining: 42m 2s
Rendered 580/7176, time remaining: 42m 3s
Rendered 581/7176, time remaining: 41m 58s
Rendered 582/7176, time remaining: 42m 7s
Rendered 583/7176, time remaining: 42m 28s
Rendered 584/7176, time remaining: 42m 12s
Rendered 585/7176, time remaining: 41m 56s
Rendered 586/7176, time remaining: 41m 53s
Rendered 587/7176, time remaining: 41m 43s
Rendered 588/7176, time remaining: 42m 23s
Rendered 589/7176, time remaining: 42m 35s
Rendered 590/7176, time remaining: 42m 22s
Rendered 591/7176, time remaining: 42m 2s
Rendered 592/7176, time remaining: 42m 1s
Rendered 593/7176, time remaining: 42m 4s
Rendered 594/7176, time remaining: 42m 45s
Rendered 595/7176, time remaining: 42m 56s
Rendered 596/7176, time remaining: 42m 48s
Rendered 597/7176, time remaining: 42m 29s
Rendered 598/7176, time remaining: 42m 22s
Rendered 599/7176, time remaining: 42m 49s
Rendered 600/7176, time remaining: 43m 9s
Rendered 601/7176, time remaining: 43m 2s
Rendered 602/7176, time remaining: 43m 6s
Rendered 603/7176, time remaining: 42m 40s
Rendered 604/7176, time remaining: 42m 27s
Rendered 605/7176, time remaining: 42m 43s
Rendered 606/7176, time remaining: 42m 52s
Rendered 607/7176, time remaining: 42m 49s
Rendered 608/7176, time remaining: 42m 57s
Rendered 609/7176, time remaining: 42m 46s
Rendered 610/7176, time remaining: 42m 46s
Rendered 611/7176, time remaining: 42m 59s
Rendered 612/7176, time remaining: 43m 15s
Rendered 613/7176, time remaining: 43m 22s
Rendered 614/7176, time remaining: 43m 3s
Rendered 615/7176, time remaining: 42m 44s
Rendered 616/7176, time remaining: 42m 46s
Rendered 617/7176, time remaining: 43m 5s
Rendered 618/7176, time remaining: 42m 52s
Rendered 619/7176, time remaining: 42m 53s
Rendered 620/7176, time remaining: 42m 28s
Rendered 621/7176, time remaining: 42m 28s
Rendered 622/7176, time remaining: 42m 38s
Rendered 623/7176, time remaining: 43m 20s
Rendered 624/7176, time remaining: 43m 25s
Rendered 625/7176, time remaining: 43m 23s
Rendered 626/7176, time remaining: 42m 52s
Rendered 627/7176, time remaining: 42m 42s
Rendered 628/7176, time remaining: 42m 42s
Rendered 629/7176, time remaining: 43m 22s
Rendered 630/7176, time remaining: 43m 25s
Rendered 631/7176, time remaining: 43m 6s
Rendered 632/7176, time remaining: 42m 33s
Rendered 633/7176, time remaining: 42m 29s
Rendered 634/7176, time remaining: 42m 41s
Rendered 635/7176, time remaining: 43m 17s
Rendered 636/7176, time remaining: 44m 6s
Rendered 637/7176, time remaining: 44m 1s
Rendered 638/7176, time remaining: 43m 36s
Rendered 639/7176, time remaining: 43m 46s
Rendered 640/7176, time remaining: 43m 50s
Rendered 641/7176, time remaining: 44m 28s
Rendered 642/7176, time remaining: 44m 43s
Rendered 643/7176, time remaining: 44m 39s
Rendered 644/7176, time remaining: 44m 13s
Rendered 645/7176, time remaining: 44m 10s
Rendered 646/7176, time remaining: 44m 1s
Rendered 647/7176, time remaining: 44m 5s
Rendered 648/7176, time remaining: 44m 15s
Rendered 649/7176, time remaining: 44m 29s
Rendered 650/7176, time remaining: 44m 19s
Rendered 651/7176, time remaining: 44m 5s
Rendered 652/7176, time remaining: 44m 5s
Rendered 653/7176, time remaining: 43m 59s
Rendered 654/7176, time remaining: 43m 54s
Rendered 655/7176, time remaining: 44m 46s
Rendered 656/7176, time remaining: 44m 33s
Rendered 657/7176, time remaining: 44m 32s
Rendered 658/7176, time remaining: 44m 10s
Rendered 659/7176, time remaining: 43m 52s
Rendered 660/7176, time remaining: 43m 54s
Rendered 661/7176, time remaining: 44m 20s
Rendered 662/7176, time remaining: 44m 32s
Rendered 663/7176, time remaining: 45m 6s
Rendered 664/7176, time remaining: 44m 40s
Rendered 665/7176, time remaining: 44m 49s
Rendered 666/7176, time remaining: 44m 51s
Rendered 667/7176, time remaining: 45m 12s
Rendered 668/7176, time remaining: 45m 29s
Rendered 669/7176, time remaining: 45m 51s
Rendered 670/7176, time remaining: 45m 7s
Rendered 671/7176, time remaining: 45m 2s
Rendered 672/7176, time remaining: 45m 0s
Rendered 673/7176, time remaining: 45m 7s
Rendered 674/7176, time remaining: 45m 6s
Rendered 675/7176, time remaining: 45m 32s
Rendered 676/7176, time remaining: 45m 8s
Rendered 677/7176, time remaining: 45m 5s
Rendered 678/7176, time remaining: 45m 29s
Rendered 679/7176, time remaining: 45m 32s
Rendered 680/7176, time remaining: 45m 35s
Rendered 681/7176, time remaining: 46m 8s
Rendered 682/7176, time remaining: 46m 9s
Rendered 683/7176, time remaining: 45m 28s
Rendered 684/7176, time remaining: 45m 10s
Rendered 685/7176, time remaining: 45m 5s
Rendered 686/7176, time remaining: 45m 11s
Rendered 687/7176, time remaining: 45m 29s
Rendered 688/7176, time remaining: 45m 52s
Rendered 689/7176, time remaining: 45m 25s
Rendered 690/7176, time remaining: 45m 26s
Rendered 691/7176, time remaining: 45m 31s
Rendered 692/7176, time remaining: 45m 38s
Rendered 693/7176, time remaining: 45m 55s
Rendered 694/7176, time remaining: 46m 36s
Rendered 695/7176, time remaining: 45m 51s
Rendered 696/7176, time remaining: 45m 45s
Rendered 697/7176, time remaining: 45m 42s
Rendered 698/7176, time remaining: 45m 37s
Rendered 699/7176, time remaining: 45m 34s
Rendered 700/7176, time remaining: 46m 5s
Rendered 701/7176, time remaining: 45m 13s
Rendered 702/7176, time remaining: 45m 7s
Rendered 703/7176, time remaining: 45m 7s
Rendered 704/7176, time remaining: 45m 5s
Rendered 705/7176, time remaining: 45m 5s
Rendered 706/7176, time remaining: 45m 59s
Rendered 707/7176, time remaining: 45m 21s
Rendered 708/7176, time remaining: 45m 18s
Rendered 709/7176, time remaining: 45m 17s
Rendered 710/7176, time remaining: 45m 10s
Rendered 711/7176, time remaining: 45m 6s
Rendered 712/7176, time remaining: 45m 38s
Rendered 713/7176, time remaining: 45m 13s
Rendered 714/7176, time remaining: 44m 50s
Rendered 715/7176, time remaining: 44m 41s
Rendered 716/7176, time remaining: 44m 42s
Rendered 717/7176, time remaining: 44m 54s
Rendered 718/7176, time remaining: 45m 19s
Rendered 719/7176, time remaining: 45m 16s
Rendered 720/7176, time remaining: 45m 12s
Rendered 721/7176, time remaining: 45m 0s
Rendered 722/7176, time remaining: 44m 58s
Rendered 723/7176, time remaining: 45m 2s
Rendered 724/7176, time remaining: 45m 28s
Rendered 725/7176, time remaining: 45m 22s
Rendered 726/7176, time remaining: 45m 7s
Rendered 727/7176, time remaining: 44m 42s
Rendered 728/7176, time remaining: 44m 36s
Rendered 729/7176, time remaining: 44m 47s
Rendered 730/7176, time remaining: 45m 40s
Rendered 731/7176, time remaining: 45m 39s
Rendered 732/7176, time remaining: 45m 36s
Rendered 733/7176, time remaining: 45m 16s
Rendered 734/7176, time remaining: 45m 19s
Rendered 735/7176, time remaining: 45m 19s
Rendered 736/7176, time remaining: 45m 54s
Rendered 737/7176, time remaining: 45m 53s
Rendered 738/7176, time remaining: 45m 14s
Rendered 739/7176, time remaining: 45m 0s
Rendered 740/7176, time remaining: 44m 47s
Rendered 741/7176, time remaining: 45m 0s
Rendered 742/7176, time remaining: 45m 28s
Rendered 743/7176, time remaining: 45m 27s
Rendered 744/7176, time remaining: 44m 52s
Rendered 745/7176, time remaining: 44m 36s
Rendered 746/7176, time remaining: 44m 35s
Rendered 747/7176, time remaining: 44m 54s
Rendered 748/7176, time remaining: 45m 23s
Rendered 749/7176, time remaining: 45m 5s
Rendered 750/7176, time remaining: 44m 40s
Rendered 751/7176, time remaining: 44m 33s
Rendered 752/7176, time remaining: 44m 33s
Rendered 753/7176, time remaining: 44m 26s
Rendered 754/7176, time remaining: 44m 40s
Rendered 755/7176, time remaining: 44m 45s
Rendered 756/7176, time remaining: 44m 32s
Rendered 757/7176, time remaining: 44m 46s
Rendered 758/7176, time remaining: 44m 33s
Rendered 759/7176, time remaining: 44m 28s
Rendered 760/7176, time remaining: 45m 3s
Rendered 761/7176, time remaining: 44m 45s
Rendered 762/7176, time remaining: 44m 31s
Rendered 763/7176, time remaining: 44m 26s
Rendered 764/7176, time remaining: 44m 7s
Rendered 765/7176, time remaining: 44m 5s
Rendered 766/7176, time remaining: 44m 41s
Rendered 767/7176, time remaining: 44m 22s
Rendered 768/7176, time remaining: 44m 24s
Rendered 769/7176, time remaining: 44m 25s
Rendered 770/7176, time remaining: 44m 34s
Rendered 771/7176, time remaining: 44m 36s
Rendered 772/7176, time remaining: 45m 4s
Rendered 773/7176, time remaining: 44m 28s
Rendered 774/7176, time remaining: 44m 23s
Rendered 775/7176, time remaining: 44m 20s
Rendered 776/7176, time remaining: 44m 19s
Rendered 777/7176, time remaining: 44m 24s
Rendered 778/7176, time remaining: 44m 39s
Rendered 779/7176, time remaining: 44m 13s
Rendered 780/7176, time remaining: 44m 13s
Rendered 781/7176, time remaining: 44m 15s
Rendered 782/7176, time remaining: 44m 17s
Rendered 783/7176, time remaining: 44m 18s
Rendered 784/7176, time remaining: 44m 5s
Rendered 785/7176, time remaining: 44m 22s
Rendered 786/7176, time remaining: 43m 38s
Rendered 787/7176, time remaining: 43m 36s
Rendered 788/7176, time remaining: 43m 34s
Rendered 789/7176, time remaining: 43m 29s
Rendered 790/7176, time remaining: 43m 21s
Rendered 791/7176, time remaining: 43m 17s
Rendered 792/7176, time remaining: 42m 43s
Rendered 793/7176, time remaining: 42m 42s
Rendered 794/7176, time remaining: 42m 34s
Rendered 795/7176, time remaining: 42m 37s
Rendered 796/7176, time remaining: 42m 34s
Rendered 797/7176, time remaining: 43m 18s
Rendered 798/7176, time remaining: 43m 16s
Rendered 799/7176, time remaining: 43m 3s
Rendered 800/7176, time remaining: 43m 5s
Rendered 801/7176, time remaining: 43m 10s
Rendered 802/7176, time remaining: 43m 3s
Rendered 803/7176, time remaining: 43m 40s
Rendered 804/7176, time remaining: 43m 49s
Rendered 805/7176, time remaining: 43m 16s
Rendered 806/7176, time remaining: 43m 19s
Rendered 807/7176, time remaining: 43m 12s
Rendered 808/7176, time remaining: 43m 13s
Rendered 809/7176, time remaining: 44m 16s
Rendered 810/7176, time remaining: 44m 30s
Rendered 811/7176, time remaining: 44m 6s
Rendered 812/7176, time remaining: 43m 51s
Rendered 813/7176, time remaining: 43m 11s
Rendered 814/7176, time remaining: 43m 21s
Rendered 815/7176, time remaining: 43m 37s
Rendered 816/7176, time remaining: 43m 42s
Rendered 817/7176, time remaining: 43m 18s
Rendered 818/7176, time remaining: 42m 59s
Rendered 819/7176, time remaining: 42m 38s
Rendered 820/7176, time remaining: 42m 33s
Rendered 821/7176, time remaining: 43m 37s
Rendered 822/7176, time remaining: 43m 42s
Rendered 823/7176, time remaining: 43m 33s
Rendered 824/7176, time remaining: 43m 35s
Rendered 825/7176, time remaining: 43m 7s
Rendered 826/7176, time remaining: 42m 48s
Rendered 827/7176, time remaining: 42m 59s
Rendered 828/7176, time remaining: 43m 33s
Rendered 829/7176, time remaining: 43m 34s
Rendered 830/7176, time remaining: 43m 33s
Rendered 831/7176, time remaining: 43m 6s
Rendered 832/7176, time remaining: 42m 55s
Rendered 833/7176, time remaining: 43m 0s
Rendered 834/7176, time remaining: 43m 53s
Rendered 835/7176, time remaining: 43m 52s
Rendered 836/7176, time remaining: 43m 57s
Rendered 837/7176, time remaining: 43m 31s
Rendered 838/7176, time remaining: 43m 7s
Rendered 839/7176, time remaining: 43m 28s
Rendered 840/7176, time remaining: 43m 43s
Rendered 841/7176, time remaining: 43m 40s
Rendered 842/7176, time remaining: 43m 37s
Rendered 843/7176, time remaining: 43m 26s
Rendered 844/7176, time remaining: 42m 55s
Rendered 845/7176, time remaining: 43m 11s
Rendered 846/7176, time remaining: 44m 2s
Rendered 847/7176, time remaining: 44m 12s
Rendered 848/7176, time remaining: 44m 15s
Rendered 849/7176, time remaining: 44m 26s
Rendered 850/7176, time remaining: 43m 48s
Rendered 851/7176, time remaining: 43m 44s
Rendered 852/7176, time remaining: 44m 0s
Rendered 853/7176, time remaining: 44m 17s
Rendered 854/7176, time remaining: 44m 28s
Rendered 855/7176, time remaining: 44m 26s
Rendered 856/7176, time remaining: 43m 39s
Rendered 857/7176, time remaining: 43m 39s
Rendered 858/7176, time remaining: 43m 36s
Rendered 859/7176, time remaining: 44m 2s
Rendered 860/7176, time remaining: 44m 25s
Rendered 861/7176, time remaining: 44m 34s
Rendered 862/7176, time remaining: 44m 5s
Rendered 863/7176, time remaining: 44m 9s
Rendered 864/7176, time remaining: 43m 57s
Rendered 865/7176, time remaining: 44m 7s
Rendered 866/7176, time remaining: 44m 11s
Rendered 867/7176, time remaining: 44m 10s
Rendered 868/7176, time remaining: 43m 47s
Rendered 869/7176, time remaining: 43m 56s
Rendered 870/7176, time remaining: 43m 40s
Rendered 871/7176, time remaining: 43m 43s
Rendered 872/7176, time remaining: 43m 50s
Rendered 873/7176, time remaining: 43m 51s
Rendered 874/7176, time remaining: 43m 35s
Rendered 875/7176, time remaining: 43m 48s
Rendered 876/7176, time remaining: 43m 49s
Rendered 877/7176, time remaining: 43m 50s
Rendered 878/7176, time remaining: 43m 56s
Rendered 879/7176, time remaining: 43m 42s
Rendered 880/7176, time remaining: 43m 17s
Rendered 881/7176, time remaining: 43m 34s
Rendered 882/7176, time remaining: 43m 26s
Rendered 883/7176, time remaining: 43m 24s
Rendered 884/7176, time remaining: 43m 28s
Rendered 885/7176, time remaining: 43m 26s
Rendered 886/7176, time remaining: 43m 3s
Rendered 887/7176, time remaining: 43m 40s
Rendered 888/7176, time remaining: 43m 42s
Rendered 889/7176, time remaining: 43m 59s
Rendered 890/7176, time remaining: 44m 1s
Rendered 891/7176, time remaining: 43m 46s
Rendered 892/7176, time remaining: 43m 37s
Rendered 893/7176, time remaining: 43m 49s
Rendered 894/7176, time remaining: 43m 54s
Rendered 895/7176, time remaining: 43m 53s
Rendered 896/7176, time remaining: 43m 52s
Rendered 897/7176, time remaining: 43m 47s
Rendered 898/7176, time remaining: 43m 27s
Rendered 899/7176, time remaining: 44m 3s
Rendered 900/7176, time remaining: 44m 15s
Rendered 901/7176, time remaining: 44m 21s
Rendered 902/7176, time remaining: 44m 16s
Rendered 903/7176, time remaining: 44m 23s
Rendered 904/7176, time remaining: 44m 13s
Rendered 905/7176, time remaining: 44m 9s
Rendered 906/7176, time remaining: 44m 7s
Rendered 907/7176, time remaining: 44m 2s
Rendered 908/7176, time remaining: 44m 1s
Rendered 909/7176, time remaining: 44m 9s
Rendered 910/7176, time remaining: 43m 39s
Rendered 911/7176, time remaining: 44m 1s
Rendered 912/7176, time remaining: 44m 8s
Rendered 913/7176, time remaining: 44m 5s
Rendered 914/7176, time remaining: 44m 7s
Rendered 915/7176, time remaining: 44m 26s
Rendered 916/7176, time remaining: 43m 42s
Rendered 917/7176, time remaining: 43m 57s
Rendered 918/7176, time remaining: 44m 6s
Rendered 919/7176, time remaining: 44m 1s
Rendered 920/7176, time remaining: 43m 51s
Rendered 921/7176, time remaining: 43m 56s
Rendered 922/7176, time remaining: 43m 20s
Rendered 923/7176, time remaining: 43m 40s
Rendered 924/7176, time remaining: 43m 50s
Rendered 925/7176, time remaining: 43m 53s
Rendered 926/7176, time remaining: 43m 54s
Rendered 927/7176, time remaining: 44m 2s
Rendered 928/7176, time remaining: 44m 14s
Rendered 929/7176, time remaining: 44m 9s
Rendered 930/7176, time remaining: 44m 3s
Rendered 931/7176, time remaining: 43m 59s
Rendered 932/7176, time remaining: 44m 12s
Rendered 933/7176, time remaining: 44m 13s
Rendered 934/7176, time remaining: 45m 0s
Rendered 935/7176, time remaining: 44m 26s
Rendered 936/7176, time remaining: 44m 27s
Rendered 937/7176, time remaining: 44m 27s
Rendered 938/7176, time remaining: 44m 27s
Rendered 939/7176, time remaining: 44m 31s
Rendered 940/7176, time remaining: 45m 12s
Rendered 941/7176, time remaining: 44m 50s
Rendered 942/7176, time remaining: 45m 2s
Rendered 943/7176, time remaining: 45m 5s
Rendered 944/7176, time remaining: 45m 25s
Rendered 945/7176, time remaining: 45m 27s
Rendered 946/7176, time remaining: 45m 50s
Rendered 947/7176, time remaining: 44m 54s
Rendered 948/7176, time remaining: 44m 54s
Rendered 949/7176, time remaining: 45m 7s
Rendered 950/7176, time remaining: 45m 35s
Rendered 951/7176, time remaining: 45m 40s
Rendered 952/7176, time remaining: 45m 40s
Rendered 953/7176, time remaining: 45m 9s
Rendered 954/7176, time remaining: 45m 3s
Rendered 955/7176, time remaining: 44m 50s
Rendered 956/7176, time remaining: 45m 23s
Rendered 957/7176, time remaining: 45m 25s
Rendered 958/7176, time remaining: 45m 21s
Rendered 959/7176, time remaining: 44m 17s
Rendered 960/7176, time remaining: 44m 1s
Rendered 961/7176, time remaining: 43m 59s
Rendered 962/7176, time remaining: 44m 15s
Rendered 963/7176, time remaining: 44m 35s
Rendered 964/7176, time remaining: 44m 20s
Rendered 965/7176, time remaining: 44m 1s
Rendered 966/7176, time remaining: 43m 49s
Rendered 967/7176, time remaining: 43m 54s
Rendered 968/7176, time remaining: 44m 27s
Rendered 969/7176, time remaining: 44m 42s
Rendered 970/7176, time remaining: 44m 35s
Rendered 971/7176, time remaining: 43m 28s
Rendered 972/7176, time remaining: 43m 22s
Rendered 973/7176, time remaining: 43m 35s
Rendered 974/7176, time remaining: 44m 4s
Rendered 975/7176, time remaining: 44m 24s
Rendered 976/7176, time remaining: 44m 30s
Rendered 977/7176, time remaining: 44m 20s
Rendered 978/7176, time remaining: 43m 40s
Rendered 979/7176, time remaining: 43m 42s
Rendered 980/7176, time remaining: 44m 17s
Rendered 981/7176, time remaining: 44m 38s
Rendered 982/7176, time remaining: 44m 55s
Rendered 983/7176, time remaining: 44m 54s
Rendered 984/7176, time remaining: 44m 5s
Rendered 985/7176, time remaining: 44m 29s
Rendered 986/7176, time remaining: 44m 47s
Rendered 987/7176, time remaining: 45m 2s
Rendered 988/7176, time remaining: 45m 3s
Rendered 989/7176, time remaining: 44m 45s
Rendered 990/7176, time remaining: 44m 25s
Rendered 991/7176, time remaining: 44m 25s
Rendered 992/7176, time remaining: 44m 56s
Rendered 993/7176, time remaining: 45m 1s
Rendered 994/7176, time remaining: 44m 54s
Rendered 995/7176, time remaining: 44m 39s
Rendered 996/7176, time remaining: 43m 53s
Rendered 997/7176, time remaining: 43m 44s
Rendered 998/7176, time remaining: 44m 14s
Rendered 999/7176, time remaining: 44m 10s
Rendered 1000/7176, time remaining: 44m 11s
Rendered 1001/7176, time remaining: 44m 7s
Rendered 1002/7176, time remaining: 43m 49s
Rendered 1003/7176, time remaining: 43m 37s
Rendered 1004/7176, time remaining: 43m 35s
Rendered 1005/7176, time remaining: 43m 59s
Rendered 1006/7176, time remaining: 43m 58s
Rendered 1007/7176, time remaining: 43m 57s
Rendered 1008/7176, time remaining: 43m 55s
Rendered 1009/7176, time remaining: 43m 30s
Rendered 1010/7176, time remaining: 43m 15s
Rendered 1011/7176, time remaining: 43m 50s
Rendered 1012/7176, time remaining: 43m 44s
Rendered 1013/7176, time remaining: 43m 42s
Rendered 1014/7176, time remaining: 43m 41s
Rendered 1015/7176, time remaining: 43m 29s
Rendered 1016/7176, time remaining: 43m 26s
Rendered 1017/7176, time remaining: 43m 29s
Rendered 1018/7176, time remaining: 43m 47s
Rendered 1019/7176, time remaining: 43m 54s
Rendered 1020/7176, time remaining: 43m 52s
Rendered 1021/7176, time remaining: 43m 49s
Rendered 1022/7176, time remaining: 43m 51s
Rendered 1023/7176, time remaining: 43m 42s
Rendered 1024/7176, time remaining: 43m 45s
Rendered 1025/7176, time remaining: 44m 12s
Rendered 1026/7176, time remaining: 44m 16s
Rendered 1027/7176, time remaining: 44m 13s
Rendered 1028/7176, time remaining: 44m 10s
Rendered 1029/7176, time remaining: 44m 5s
Rendered 1030/7176, time remaining: 43m 36s
Rendered 1031/7176, time remaining: 44m 26s
Rendered 1032/7176, time remaining: 44m 26s
Rendered 1033/7176, time remaining: 44m 27s
Rendered 1034/7176, time remaining: 44m 21s
Rendered 1035/7176, time remaining: 44m 19s
Rendered 1036/7176, time remaining: 44m 12s
Rendered 1037/7176, time remaining: 44m 27s
Rendered 1038/7176, time remaining: 44m 24s
Rendered 1039/7176, time remaining: 44m 8s
Rendered 1040/7176, time remaining: 44m 5s
Rendered 1041/7176, time remaining: 44m 0s
Rendered 1042/7176, time remaining: 43m 31s
Rendered 1043/7176, time remaining: 43m 34s
Rendered 1044/7176, time remaining: 44m 8s
Rendered 1045/7176, time remaining: 44m 18s
Rendered 1046/7176, time remaining: 44m 17s
Rendered 1047/7176, time remaining: 44m 3s
Rendered 1048/7176, time remaining: 43m 55s
Rendered 1049/7176, time remaining: 43m 12s
Rendered 1050/7176, time remaining: 43m 23s
Rendered 1051/7176, time remaining: 43m 34s
Rendered 1052/7176, time remaining: 43m 42s
Rendered 1053/7176, time remaining: 43m 33s
Rendered 1054/7176, time remaining: 43m 27s
Rendered 1055/7176, time remaining: 43m 3s
Rendered 1056/7176, time remaining: 43m 6s
Rendered 1057/7176, time remaining: 43m 36s
Rendered 1058/7176, time remaining: 43m 37s
Rendered 1059/7176, time remaining: 43m 35s
Rendered 1060/7176, time remaining: 43m 28s
Rendered 1061/7176, time remaining: 43m 8s
Rendered 1062/7176, time remaining: 42m 55s
Rendered 1063/7176, time remaining: 43m 35s
Rendered 1064/7176, time remaining: 43m 33s
Rendered 1065/7176, time remaining: 43m 14s
Rendered 1066/7176, time remaining: 43m 15s
Rendered 1067/7176, time remaining: 42m 52s
Rendered 1068/7176, time remaining: 42m 41s
Rendered 1069/7176, time remaining: 43m 27s
Rendered 1070/7176, time remaining: 43m 27s
Rendered 1071/7176, time remaining: 43m 18s
Rendered 1072/7176, time remaining: 43m 15s
Rendered 1073/7176, time remaining: 42m 54s
Rendered 1074/7176, time remaining: 42m 45s
Rendered 1075/7176, time remaining: 43m 25s
Rendered 1076/7176, time remaining: 43m 58s
Rendered 1077/7176, time remaining: 43m 46s
Rendered 1078/7176, time remaining: 43m 20s
Rendered 1079/7176, time remaining: 43m 21s
Rendered 1080/7176, time remaining: 43m 22s
Rendered 1081/7176, time remaining: 44m 3s
Rendered 1082/7176, time remaining: 43m 56s
Rendered 1083/7176, time remaining: 43m 50s
Rendered 1084/7176, time remaining: 43m 5s
Rendered 1085/7176, time remaining: 42m 56s
Rendered 1086/7176, time remaining: 42m 52s
Rendered 1087/7176, time remaining: 43m 42s
Rendered 1088/7176, time remaining: 43m 39s
Rendered 1089/7176, time remaining: 43m 36s
Rendered 1090/7176, time remaining: 42m 53s
Rendered 1091/7176, time remaining: 42m 43s
Rendered 1092/7176, time remaining: 42m 34s
Rendered 1093/7176, time remaining: 43m 18s
Rendered 1094/7176, time remaining: 43m 3s
Rendered 1095/7176, time remaining: 43m 0s
Rendered 1096/7176, time remaining: 42m 32s
Rendered 1097/7176, time remaining: 42m 28s
Rendered 1098/7176, time remaining: 42m 30s
Rendered 1099/7176, time remaining: 42m 54s
Rendered 1100/7176, time remaining: 42m 25s
Rendered 1101/7176, time remaining: 42m 14s
Rendered 1102/7176, time remaining: 42m 12s
Rendered 1103/7176, time remaining: 42m 7s
Rendered 1104/7176, time remaining: 42m 9s
Rendered 1105/7176, time remaining: 42m 46s
Rendered 1106/7176, time remaining: 42m 10s
Rendered 1107/7176, time remaining: 42m 3s
Rendered 1108/7176, time remaining: 42m 4s
Rendered 1109/7176, time remaining: 42m 4s
Rendered 1110/7176, time remaining: 42m 5s
Rendered 1111/7176, time remaining: 42m 52s
Rendered 1112/7176, time remaining: 42m 32s
Rendered 1113/7176, time remaining: 42m 10s
Rendered 1114/7176, time remaining: 42m 11s
Rendered 1115/7176, time remaining: 42m 5s
Rendered 1116/7176, time remaining: 42m 8s
Rendered 1117/7176, time remaining: 42m 57s
Rendered 1118/7176, time remaining: 42m 28s
Rendered 1119/7176, time remaining: 42m 19s
Rendered 1120/7176, time remaining: 42m 22s
Rendered 1121/7176, time remaining: 42m 26s
Rendered 1122/7176, time remaining: 42m 26s
Rendered 1123/7176, time remaining: 42m 53s
Rendered 1124/7176, time remaining: 42m 27s
Rendered 1125/7176, time remaining: 42m 8s
Rendered 1126/7176, time remaining: 42m 7s
Rendered 1127/7176, time remaining: 42m 2s
Rendered 1128/7176, time remaining: 41m 51s
Rendered 1129/7176, time remaining: 42m 5s
Rendered 1130/7176, time remaining: 41m 50s
Rendered 1131/7176, time remaining: 41m 31s
Rendered 1132/7176, time remaining: 41m 11s
Rendered 1133/7176, time remaining: 41m 11s
Rendered 1134/7176, time remaining: 41m 15s
Rendered 1135/7176, time remaining: 41m 12s
Rendered 1136/7176, time remaining: 40m 56s
Rendered 1137/7176, time remaining: 40m 39s
Rendered 1138/7176, time remaining: 40m 37s
Rendered 1139/7176, time remaining: 40m 32s
Rendered 1140/7176, time remaining: 40m 36s
Rendered 1141/7176, time remaining: 40m 56s
Rendered 1142/7176, time remaining: 40m 29s
Rendered 1143/7176, time remaining: 40m 20s
Rendered 1144/7176, time remaining: 40m 28s
Rendered 1145/7176, time remaining: 40m 29s
Rendered 1146/7176, time remaining: 40m 24s
Rendered 1147/7176, time remaining: 40m 34s
Rendered 1148/7176, time remaining: 40m 19s
Rendered 1149/7176, time remaining: 40m 12s
Rendered 1150/7176, time remaining: 40m 10s
Rendered 1151/7176, time remaining: 40m 18s
Rendered 1152/7176, time remaining: 40m 19s
Rendered 1153/7176, time remaining: 40m 38s
Rendered 1154/7176, time remaining: 40m 36s
Rendered 1155/7176, time remaining: 40m 12s
Rendered 1156/7176, time remaining: 40m 3s
Rendered 1157/7176, time remaining: 40m 12s
Rendered 1158/7176, time remaining: 40m 15s
Rendered 1159/7176, time remaining: 40m 41s
Rendered 1160/7176, time remaining: 40m 42s
Rendered 1161/7176, time remaining: 39m 57s
Rendered 1162/7176, time remaining: 39m 58s
Rendered 1163/7176, time remaining: 40m 1s
Rendered 1164/7176, time remaining: 40m 16s
Rendered 1165/7176, time remaining: 40m 24s
Rendered 1166/7176, time remaining: 40m 36s
Rendered 1167/7176, time remaining: 40m 21s
Rendered 1168/7176, time remaining: 40m 3s
Rendered 1169/7176, time remaining: 39m 50s
Rendered 1170/7176, time remaining: 39m 47s
Rendered 1171/7176, time remaining: 39m 53s
Rendered 1172/7176, time remaining: 40m 18s
Rendered 1173/7176, time remaining: 40m 14s
Rendered 1174/7176, time remaining: 40m 1s
Rendered 1175/7176, time remaining: 39m 25s
Rendered 1176/7176, time remaining: 39m 22s
Rendered 1177/7176, time remaining: 39m 21s
Rendered 1178/7176, time remaining: 39m 52s
Rendered 1179/7176, time remaining: 39m 56s
Rendered 1180/7176, time remaining: 39m 54s
Rendered 1181/7176, time remaining: 38m 46s
Rendered 1182/7176, time remaining: 38m 45s
Rendered 1183/7176, time remaining: 38m 42s
Rendered 1184/7176, time remaining: 39m 17s
Rendered 1185/7176, time remaining: 39m 16s
Rendered 1186/7176, time remaining: 39m 22s
Rendered 1187/7176, time remaining: 38m 29s
Rendered 1188/7176, time remaining: 38m 26s
Rendered 1189/7176, time remaining: 38m 27s
Rendered 1190/7176, time remaining: 39m 12s
Rendered 1191/7176, time remaining: 39m 15s
Rendered 1192/7176, time remaining: 39m 14s
Rendered 1193/7176, time remaining: 38m 58s
Rendered 1194/7176, time remaining: 38m 13s
Rendered 1195/7176, time remaining: 38m 8s
Rendered 1196/7176, time remaining: 38m 30s
Rendered 1197/7176, time remaining: 38m 30s
Rendered 1198/7176, time remaining: 38m 40s
Rendered 1199/7176, time remaining: 38m 39s
Rendered 1200/7176, time remaining: 38m 30s
Rendered 1201/7176, time remaining: 38m 32s
Rendered 1202/7176, time remaining: 38m 24s
Rendered 1203/7176, time remaining: 38m 24s
Rendered 1204/7176, time remaining: 38m 27s
Rendered 1205/7176, time remaining: 38m 36s
Rendered 1206/7176, time remaining: 38m 46s
Rendered 1207/7176, time remaining: 38m 16s
Rendered 1208/7176, time remaining: 38m 13s
Rendered 1209/7176, time remaining: 38m 6s
Rendered 1210/7176, time remaining: 38m 11s
Rendered 1211/7176, time remaining: 38m 25s
Rendered 1212/7176, time remaining: 38m 57s
Rendered 1213/7176, time remaining: 38m 19s
Rendered 1214/7176, time remaining: 38m 20s
Rendered 1215/7176, time remaining: 38m 20s
Rendered 1216/7176, time remaining: 38m 21s
Rendered 1217/7176, time remaining: 38m 23s
Rendered 1218/7176, time remaining: 39m 7s
Rendered 1219/7176, time remaining: 38m 23s
Rendered 1220/7176, time remaining: 38m 22s
Rendered 1221/7176, time remaining: 38m 23s
Rendered 1222/7176, time remaining: 38m 24s
Rendered 1223/7176, time remaining: 38m 18s
Rendered 1224/7176, time remaining: 38m 59s
Rendered 1225/7176, time remaining: 38m 17s
Rendered 1226/7176, time remaining: 37m 45s
Rendered 1227/7176, time remaining: 37m 43s
Rendered 1228/7176, time remaining: 37m 42s
Rendered 1229/7176, time remaining: 37m 29s
Rendered 1230/7176, time remaining: 38m 4s
Rendered 1231/7176, time remaining: 37m 24s
Rendered 1232/7176, time remaining: 37m 19s
Rendered 1233/7176, time remaining: 37m 19s
Rendered 1234/7176, time remaining: 37m 15s
Rendered 1235/7176, time remaining: 37m 7s
Rendered 1236/7176, time remaining: 37m 35s
Rendered 1237/7176, time remaining: 36m 42s
Rendered 1238/7176, time remaining: 36m 44s
Rendered 1239/7176, time remaining: 36m 40s
Rendered 1240/7176, time remaining: 36m 38s
Rendered 1241/7176, time remaining: 36m 43s
Rendered 1242/7176, time remaining: 37m 7s
Rendered 1243/7176, time remaining: 36m 28s
Rendered 1244/7176, time remaining: 36m 26s
Rendered 1245/7176, time remaining: 36m 23s
Rendered 1246/7176, time remaining: 36m 24s
Rendered 1247/7176, time remaining: 36m 28s
Rendered 1248/7176, time remaining: 37m 3s
Rendered 1249/7176, time remaining: 36m 27s
Rendered 1250/7176, time remaining: 36m 31s
Rendered 1251/7176, time remaining: 36m 31s
Rendered 1252/7176, time remaining: 36m 30s
Rendered 1253/7176, time remaining: 36m 30s
Rendered 1254/7176, time remaining: 36m 52s
Rendered 1255/7176, time remaining: 36m 27s
Rendered 1256/7176, time remaining: 36m 26s
Rendered 1257/7176, time remaining: 36m 34s
Rendered 1258/7176, time remaining: 36m 34s
Rendered 1259/7176, time remaining: 36m 34s
Rendered 1260/7176, time remaining: 36m 48s
Rendered 1261/7176, time remaining: 36m 14s
Rendered 1262/7176, time remaining: 36m 12s
Rendered 1263/7176, time remaining: 36m 20s
Rendered 1264/7176, time remaining: 36m 23s
Rendered 1265/7176, time remaining: 36m 30s
Rendered 1266/7176, time remaining: 36m 28s
Rendered 1267/7176, time remaining: 35m 48s
Rendered 1268/7176, time remaining: 35m 46s
Rendered 1269/7176, time remaining: 36m 6s
Rendered 1270/7176, time remaining: 35m 59s
Rendered 1271/7176, time remaining: 36m 2s
Rendered 1272/7176, time remaining: 36m 2s
Rendered 1273/7176, time remaining: 35m 34s
Rendered 1274/7176, time remaining: 35m 29s
Rendered 1275/7176, time remaining: 35m 46s
Rendered 1276/7176, time remaining: 35m 39s
Rendered 1277/7176, time remaining: 35m 48s
Rendered 1278/7176, time remaining: 35m 43s
Rendered 1279/7176, time remaining: 35m 49s
Rendered 1280/7176, time remaining: 35m 24s
Rendered 1281/7176, time remaining: 35m 20s
Rendered 1282/7176, time remaining: 35m 19s
Rendered 1283/7176, time remaining: 35m 21s
Rendered 1284/7176, time remaining: 35m 13s
Rendered 1285/7176, time remaining: 35m 27s
Rendered 1286/7176, time remaining: 35m 17s
Rendered 1287/7176, time remaining: 35m 17s
Rendered 1288/7176, time remaining: 35m 20s
Rendered 1289/7176, time remaining: 35m 13s
Rendered 1290/7176, time remaining: 35m 22s
Rendered 1291/7176, time remaining: 35m 22s
Rendered 1292/7176, time remaining: 35m 16s
Rendered 1293/7176, time remaining: 35m 14s
Rendered 1294/7176, time remaining: 35m 6s
Rendered 1295/7176, time remaining: 35m 3s
Rendered 1296/7176, time remaining: 35m 18s
Rendered 1297/7176, time remaining: 35m 20s
Rendered 1298/7176, time remaining: 35m 5s
Rendered 1299/7176, time remaining: 35m 4s
Rendered 1300/7176, time remaining: 35m 2s
Rendered 1301/7176, time remaining: 35m 5s
Rendered 1302/7176, time remaining: 35m 21s
Rendered 1303/7176, time remaining: 35m 4s
Rendered 1304/7176, time remaining: 34m 59s
Rendered 1305/7176, time remaining: 34m 55s
Rendered 1306/7176, time remaining: 34m 56s
Rendered 1307/7176, time remaining: 34m 49s
Rendered 1308/7176, time remaining: 34m 53s
Rendered 1309/7176, time remaining: 34m 43s
Rendered 1310/7176, time remaining: 34m 42s
Rendered 1311/7176, time remaining: 34m 59s
Rendered 1312/7176, time remaining: 35m 16s
Rendered 1313/7176, time remaining: 35m 12s
Rendered 1314/7176, time remaining: 35m 12s
Rendered 1315/7176, time remaining: 35m 9s
Rendered 1316/7176, time remaining: 34m 59s
Rendered 1317/7176, time remaining: 34m 56s
Rendered 1318/7176, time remaining: 35m 47s
Rendered 1319/7176, time remaining: 35m 51s
Rendered 1320/7176, time remaining: 35m 53s
Rendered 1321/7176, time remaining: 35m 48s
Rendered 1322/7176, time remaining: 35m 14s
Rendered 1323/7176, time remaining: 35m 22s
Rendered 1324/7176, time remaining: 35m 55s
Rendered 1325/7176, time remaining: 35m 50s
Rendered 1326/7176, time remaining: 35m 47s
Rendered 1327/7176, time remaining: 35m 48s
Rendered 1328/7176, time remaining: 35m 16s
Rendered 1329/7176, time remaining: 35m 14s
Rendered 1330/7176, time remaining: 36m 7s
Rendered 1331/7176, time remaining: 36m 10s
Rendered 1332/7176, time remaining: 36m 12s
Rendered 1333/7176, time remaining: 36m 14s
Rendered 1334/7176, time remaining: 35m 39s
Rendered 1335/7176, time remaining: 35m 37s
Rendered 1336/7176, time remaining: 35m 59s
Rendered 1337/7176, time remaining: 36m 5s
Rendered 1338/7176, time remaining: 36m 7s
Rendered 1339/7176, time remaining: 36m 5s
Rendered 1340/7176, time remaining: 35m 20s
Rendered 1341/7176, time remaining: 35m 15s
Rendered 1342/7176, time remaining: 35m 36s
Rendered 1343/7176, time remaining: 35m 43s
Rendered 1344/7176, time remaining: 35m 41s
Rendered 1345/7176, time remaining: 35m 36s
Rendered 1346/7176, time remaining: 35m 17s
Rendered 1347/7176, time remaining: 35m 18s
Rendered 1348/7176, time remaining: 35m 38s
Rendered 1349/7176, time remaining: 35m 53s
Rendered 1350/7176, time remaining: 35m 46s
Rendered 1351/7176, time remaining: 35m 34s
Rendered 1352/7176, time remaining: 35m 37s
Rendered 1353/7176, time remaining: 35m 35s
Rendered 1354/7176, time remaining: 36m 4s
Rendered 1355/7176, time remaining: 35m 55s
Rendered 1356/7176, time remaining: 35m 44s
Rendered 1357/7176, time remaining: 35m 35s
Rendered 1358/7176, time remaining: 35m 40s
Rendered 1359/7176, time remaining: 35m 39s
Rendered 1360/7176, time remaining: 36m 14s
Rendered 1361/7176, time remaining: 35m 59s
Rendered 1362/7176, time remaining: 35m 34s
Rendered 1363/7176, time remaining: 35m 33s
Rendered 1364/7176, time remaining: 35m 32s
Rendered 1365/7176, time remaining: 35m 38s
Rendered 1366/7176, time remaining: 36m 2s
Rendered 1367/7176, time remaining: 36m 4s
Rendered 1368/7176, time remaining: 35m 31s
Rendered 1369/7176, time remaining: 35m 30s
Rendered 1370/7176, time remaining: 35m 29s
Rendered 1371/7176, time remaining: 35m 28s
Rendered 1372/7176, time remaining: 35m 47s
Rendered 1373/7176, time remaining: 36m 9s
Rendered 1374/7176, time remaining: 35m 34s
Rendered 1375/7176, time remaining: 35m 34s
Rendered 1376/7176, time remaining: 35m 30s
Rendered 1377/7176, time remaining: 35m 39s
Rendered 1378/7176, time remaining: 35m 55s
Rendered 1379/7176, time remaining: 36m 1s
Rendered 1380/7176, time remaining: 35m 31s
Rendered 1381/7176, time remaining: 35m 33s
Rendered 1382/7176, time remaining: 35m 30s
Rendered 1383/7176, time remaining: 36m 3s
Rendered 1384/7176, time remaining: 36m 9s
Rendered 1385/7176, time remaining: 36m 8s
Rendered 1386/7176, time remaining: 35m 43s
Rendered 1387/7176, time remaining: 35m 42s
Rendered 1388/7176, time remaining: 35m 39s
Rendered 1389/7176, time remaining: 35m 50s
Rendered 1390/7176, time remaining: 36m 21s
Rendered 1391/7176, time remaining: 36m 12s
Rendered 1392/7176, time remaining: 35m 50s
Rendered 1393/7176, time remaining: 35m 42s
Rendered 1394/7176, time remaining: 35m 40s
Rendered 1395/7176, time remaining: 35m 42s
Rendered 1396/7176, time remaining: 36m 11s
Rendered 1397/7176, time remaining: 36m 14s
Rendered 1398/7176, time remaining: 35m 30s
Rendered 1399/7176, time remaining: 35m 29s
Rendered 1400/7176, time remaining: 35m 27s
Rendered 1401/7176, time remaining: 35m 26s
Rendered 1402/7176, time remaining: 36m 0s
Rendered 1403/7176, time remaining: 36m 2s
Rendered 1404/7176, time remaining: 35m 37s
Rendered 1405/7176, time remaining: 35m 18s
Rendered 1406/7176, time remaining: 35m 23s
Rendered 1407/7176, time remaining: 35m 16s
Rendered 1408/7176, time remaining: 36m 0s
Rendered 1409/7176, time remaining: 36m 2s
Rendered 1410/7176, time remaining: 35m 46s
Rendered 1411/7176, time remaining: 35m 33s
Rendered 1412/7176, time remaining: 35m 36s
Rendered 1413/7176, time remaining: 35m 28s
Rendered 1414/7176, time remaining: 36m 4s
Rendered 1415/7176, time remaining: 35m 59s
Rendered 1416/7176, time remaining: 35m 56s
Rendered 1417/7176, time remaining: 35m 43s
Rendered 1418/7176, time remaining: 35m 43s
Rendered 1419/7176, time remaining: 35m 17s
Rendered 1420/7176, time remaining: 35m 52s
Rendered 1421/7176, time remaining: 35m 45s
Rendered 1422/7176, time remaining: 35m 51s
Rendered 1423/7176, time remaining: 35m 38s
Rendered 1424/7176, time remaining: 35m 39s
Rendered 1425/7176, time remaining: 35m 19s
Rendered 1426/7176, time remaining: 35m 54s
Rendered 1427/7176, time remaining: 35m 50s
Rendered 1428/7176, time remaining: 35m 50s
Rendered 1429/7176, time remaining: 35m 23s
Rendered 1430/7176, time remaining: 35m 23s
Rendered 1431/7176, time remaining: 35m 20s
Rendered 1432/7176, time remaining: 35m 29s
Rendered 1433/7176, time remaining: 35m 54s
Rendered 1434/7176, time remaining: 35m 55s
Rendered 1435/7176, time remaining: 35m 21s
Rendered 1436/7176, time remaining: 35m 18s
Rendered 1437/7176, time remaining: 35m 18s
Rendered 1438/7176, time remaining: 35m 15s
Rendered 1439/7176, time remaining: 35m 58s
Rendered 1440/7176, time remaining: 35m 45s
Rendered 1441/7176, time remaining: 35m 25s
Rendered 1442/7176, time remaining: 35m 22s
Rendered 1443/7176, time remaining: 35m 26s
Rendered 1444/7176, time remaining: 35m 24s
Rendered 1445/7176, time remaining: 36m 2s
Rendered 1446/7176, time remaining: 35m 45s
Rendered 1447/7176, time remaining: 35m 31s
Rendered 1448/7176, time remaining: 35m 24s
Rendered 1449/7176, time remaining: 35m 25s
Rendered 1450/7176, time remaining: 35m 27s
Rendered 1451/7176, time remaining: 35m 53s
Rendered 1452/7176, time remaining: 35m 38s
Rendered 1453/7176, time remaining: 35m 28s
Rendered 1454/7176, time remaining: 35m 23s
Rendered 1455/7176, time remaining: 35m 24s
Rendered 1456/7176, time remaining: 35m 22s
Rendered 1457/7176, time remaining: 35m 57s
Rendered 1458/7176, time remaining: 35m 52s
Rendered 1459/7176, time remaining: 35m 36s
Rendered 1460/7176, time remaining: 35m 28s
Rendered 1461/7176, time remaining: 35m 10s
Rendered 1462/7176, time remaining: 34m 53s
Rendered 1463/7176, time remaining: 35m 10s
Rendered 1464/7176, time remaining: 35m 29s
Rendered 1465/7176, time remaining: 35m 26s
Rendered 1466/7176, time remaining: 35m 24s
Rendered 1467/7176, time remaining: 35m 25s
Rendered 1468/7176, time remaining: 34m 25s
Rendered 1469/7176, time remaining: 34m 20s
Rendered 1470/7176, time remaining: 34m 24s
Rendered 1471/7176, time remaining: 34m 50s
Rendered 1472/7176, time remaining: 34m 59s
Rendered 1473/7176, time remaining: 34m 54s
Rendered 1474/7176, time remaining: 34m 24s
Rendered 1475/7176, time remaining: 34m 25s
Rendered 1476/7176, time remaining: 34m 41s
Rendered 1477/7176, time remaining: 35m 11s
Rendered 1478/7176, time remaining: 35m 9s
Rendered 1479/7176, time remaining: 35m 7s
Rendered 1480/7176, time remaining: 34m 18s
Rendered 1481/7176, time remaining: 34m 23s
Rendered 1482/7176, time remaining: 34m 28s
Rendered 1483/7176, time remaining: 34m 56s
Rendered 1484/7176, time remaining: 35m 1s
Rendered 1485/7176, time remaining: 35m 1s
Rendered 1486/7176, time remaining: 34m 29s
Rendered 1487/7176, time remaining: 34m 30s
Rendered 1488/7176, time remaining: 34m 30s
Rendered 1489/7176, time remaining: 35m 3s
Rendered 1490/7176, time remaining: 35m 16s
Rendered 1491/7176, time remaining: 35m 18s
Rendered 1492/7176, time remaining: 34m 57s
Rendered 1493/7176, time remaining: 34m 49s
Rendered 1494/7176, time remaining: 34m 51s
Rendered 1495/7176, time remaining: 35m 5s
Rendered 1496/7176, time remaining: 35m 49s
Rendered 1497/7176, time remaining: 35m 47s
Rendered 1498/7176, time remaining: 35m 18s
Rendered 1499/7176, time remaining: 35m 1s
Rendered 1500/7176, time remaining: 34m 54s
Rendered 1501/7176, time remaining: 34m 51s
Rendered 1502/7176, time remaining: 35m 18s
Rendered 1503/7176, time remaining: 35m 17s
Rendered 1504/7176, time remaining: 34m 50s
Rendered 1505/7176, time remaining: 34m 50s
Rendered 1506/7176, time remaining: 34m 43s
Rendered 1507/7176, time remaining: 35m 0s
Rendered 1508/7176, time remaining: 35m 8s
Rendered 1509/7176, time remaining: 35m 12s
Rendered 1510/7176, time remaining: 34m 33s
Rendered 1511/7176, time remaining: 34m 34s
Rendered 1512/7176, time remaining: 34m 36s
Rendered 1513/7176, time remaining: 34m 46s
Rendered 1514/7176, time remaining: 34m 54s
Rendered 1515/7176, time remaining: 35m 12s
Rendered 1516/7176, time remaining: 34m 50s
Rendered 1517/7176, time remaining: 34m 59s
Rendered 1518/7176, time remaining: 34m 48s
Rendered 1519/7176, time remaining: 35m 6s
Rendered 1520/7176, time remaining: 35m 6s
Rendered 1521/7176, time remaining: 35m 24s
Rendered 1522/7176, time remaining: 35m 9s
Rendered 1523/7176, time remaining: 35m 2s
Rendered 1524/7176, time remaining: 34m 56s
Rendered 1525/7176, time remaining: 35m 4s
Rendered 1526/7176, time remaining: 35m 3s
Rendered 1527/7176, time remaining: 35m 2s
Rendered 1528/7176, time remaining: 34m 45s
Rendered 1529/7176, time remaining: 34m 58s
Rendered 1530/7176, time remaining: 34m 56s
Rendered 1531/7176, time remaining: 35m 8s
Rendered 1532/7176, time remaining: 35m 9s
Rendered 1533/7176, time remaining: 34m 51s
Rendered 1534/7176, time remaining: 34m 51s
Rendered 1535/7176, time remaining: 35m 7s
Rendered 1536/7176, time remaining: 35m 2s
Rendered 1537/7176, time remaining: 35m 11s
Rendered 1538/7176, time remaining: 35m 9s
Rendered 1539/7176, time remaining: 35m 11s
Rendered 1540/7176, time remaining: 34m 43s
Rendered 1541/7176, time remaining: 34m 41s
Rendered 1542/7176, time remaining: 34m 52s
Rendered 1543/7176, time remaining: 35m 2s
Rendered 1544/7176, time remaining: 35m 14s
Rendered 1545/7176, time remaining: 35m 21s
Rendered 1546/7176, time remaining: 35m 2s
Rendered 1547/7176, time remaining: 35m 2s
Rendered 1548/7176, time remaining: 35m 17s
Rendered 1549/7176, time remaining: 35m 27s
Rendered 1550/7176, time remaining: 35m 20s
Rendered 1551/7176, time remaining: 35m 25s
Rendered 1552/7176, time remaining: 34m 53s
Rendered 1553/7176, time remaining: 34m 49s
Rendered 1554/7176, time remaining: 35m 11s
Rendered 1555/7176, time remaining: 35m 9s
Rendered 1556/7176, time remaining: 35m 13s
Rendered 1557/7176, time remaining: 35m 13s
Rendered 1558/7176, time remaining: 34m 31s
Rendered 1559/7176, time remaining: 34m 31s
Rendered 1560/7176, time remaining: 35m 14s
Rendered 1561/7176, time remaining: 35m 17s
Rendered 1562/7176, time remaining: 35m 22s
Rendered 1563/7176, time remaining: 35m 22s
Rendered 1564/7176, time remaining: 34m 44s
Rendered 1565/7176, time remaining: 34m 41s
Rendered 1566/7176, time remaining: 34m 51s
Rendered 1567/7176, time remaining: 35m 0s
Rendered 1568/7176, time remaining: 35m 19s
Rendered 1569/7176, time remaining: 35m 18s
Rendered 1570/7176, time remaining: 34m 49s
Rendered 1571/7176, time remaining: 34m 51s
Rendered 1572/7176, time remaining: 34m 48s
Rendered 1573/7176, time remaining: 35m 45s
Rendered 1574/7176, time remaining: 35m 47s
Rendered 1575/7176, time remaining: 35m 48s
Rendered 1576/7176, time remaining: 35m 14s
Rendered 1577/7176, time remaining: 35m 12s
Rendered 1578/7176, time remaining: 35m 13s
Rendered 1579/7176, time remaining: 35m 46s
Rendered 1580/7176, time remaining: 35m 44s
Rendered 1581/7176, time remaining: 35m 45s
Rendered 1582/7176, time remaining: 35m 35s
Rendered 1583/7176, time remaining: 35m 4s
Rendered 1584/7176, time remaining: 35m 5s
Rendered 1585/7176, time remaining: 35m 53s
Rendered 1586/7176, time remaining: 35m 53s
Rendered 1587/7176, time remaining: 35m 55s
Rendered 1588/7176, time remaining: 35m 54s
Rendered 1589/7176, time remaining: 35m 13s
Rendered 1590/7176, time remaining: 35m 16s
Rendered 1591/7176, time remaining: 35m 50s
Rendered 1592/7176, time remaining: 35m 52s
Rendered 1593/7176, time remaining: 35m 49s
Rendered 1594/7176, time remaining: 35m 47s
Rendered 1595/7176, time remaining: 35m 8s
Rendered 1596/7176, time remaining: 35m 7s
Rendered 1597/7176, time remaining: 35m 48s
Rendered 1598/7176, time remaining: 36m 2s
Rendered 1599/7176, time remaining: 36m 5s
Rendered 1600/7176, time remaining: 36m 3s
Rendered 1601/7176, time remaining: 35m 27s
Rendered 1602/7176, time remaining: 35m 26s
Rendered 1603/7176, time remaining: 36m 0s
Rendered 1604/7176, time remaining: 35m 58s
Rendered 1605/7176, time remaining: 36m 3s
Rendered 1606/7176, time remaining: 36m 2s
Rendered 1607/7176, time remaining: 35m 26s
Rendered 1608/7176, time remaining: 35m 23s
Rendered 1609/7176, time remaining: 36m 5s
Rendered 1610/7176, time remaining: 36m 9s
Rendered 1611/7176, time remaining: 36m 12s
Rendered 1612/7176, time remaining: 36m 13s
Rendered 1613/7176, time remaining: 35m 55s
Rendered 1614/7176, time remaining: 35m 27s
Rendered 1615/7176, time remaining: 35m 59s
Rendered 1616/7176, time remaining: 35m 56s
Rendered 1617/7176, time remaining: 35m 48s
Rendered 1618/7176, time remaining: 35m 46s
Rendered 1619/7176, time remaining: 35m 42s
Rendered 1620/7176, time remaining: 35m 39s
Rendered 1621/7176, time remaining: 35m 45s
Rendered 1622/7176, time remaining: 35m 35s
Rendered 1623/7176, time remaining: 35m 36s
Rendered 1624/7176, time remaining: 35m 34s
Rendered 1625/7176, time remaining: 35m 33s
Rendered 1626/7176, time remaining: 35m 21s
Rendered 1627/7176, time remaining: 35m 43s
Rendered 1628/7176, time remaining: 35m 40s
Rendered 1629/7176, time remaining: 35m 45s
Rendered 1630/7176, time remaining: 35m 42s
Rendered 1631/7176, time remaining: 35m 33s
Rendered 1632/7176, time remaining: 35m 26s
Rendered 1633/7176, time remaining: 35m 36s
Rendered 1634/7176, time remaining: 35m 32s
Rendered 1635/7176, time remaining: 35m 47s
Rendered 1636/7176, time remaining: 35m 48s
Rendered 1637/7176, time remaining: 35m 45s
Rendered 1638/7176, time remaining: 35m 45s
Rendered 1639/7176, time remaining: 36m 8s
Rendered 1640/7176, time remaining: 35m 57s
Rendered 1641/7176, time remaining: 35m 58s
Rendered 1642/7176, time remaining: 35m 57s
Rendered 1643/7176, time remaining: 35m 56s
Rendered 1644/7176, time remaining: 36m 2s
Rendered 1645/7176, time remaining: 36m 21s
Rendered 1646/7176, time remaining: 35m 38s
Rendered 1647/7176, time remaining: 35m 41s
Rendered 1648/7176, time remaining: 35m 41s
Rendered 1649/7176, time remaining: 35m 44s
Rendered 1650/7176, time remaining: 35m 49s
Rendered 1651/7176, time remaining: 36m 26s
Rendered 1652/7176, time remaining: 36m 4s
Rendered 1653/7176, time remaining: 36m 13s
Rendered 1654/7176, time remaining: 36m 7s
Rendered 1655/7176, time remaining: 36m 7s
Rendered 1656/7176, time remaining: 36m 6s
Rendered 1657/7176, time remaining: 36m 3s
Rendered 1658/7176, time remaining: 36m 16s
Rendered 1659/7176, time remaining: 36m 13s
Rendered 1660/7176, time remaining: 36m 16s
Rendered 1661/7176, time remaining: 36m 15s
Rendered 1662/7176, time remaining: 36m 9s
Rendered 1663/7176, time remaining: 36m 10s
Rendered 1664/7176, time remaining: 36m 36s
Rendered 1665/7176, time remaining: 36m 23s
Rendered 1666/7176, time remaining: 36m 30s
Rendered 1667/7176, time remaining: 36m 16s
Rendered 1668/7176, time remaining: 36m 13s
Rendered 1669/7176, time remaining: 36m 0s
Rendered 1670/7176, time remaining: 36m 9s
Rendered 1671/7176, time remaining: 35m 58s
Rendered 1672/7176, time remaining: 35m 56s
Rendered 1673/7176, time remaining: 35m 47s
Rendered 1674/7176, time remaining: 35m 56s
Rendered 1675/7176, time remaining: 35m 48s
Rendered 1676/7176, time remaining: 36m 0s
Rendered 1677/7176, time remaining: 36m 19s
Rendered 1678/7176, time remaining: 36m 25s
Rendered 1679/7176, time remaining: 36m 12s
Rendered 1680/7176, time remaining: 36m 7s
Rendered 1681/7176, time remaining: 35m 53s
Rendered 1682/7176, time remaining: 35m 58s
Rendered 1683/7176, time remaining: 35m 59s
Rendered 1684/7176, time remaining: 35m 59s
Rendered 1685/7176, time remaining: 35m 43s
Rendered 1686/7176, time remaining: 35m 41s
Rendered 1687/7176, time remaining: 35m 37s
Rendered 1688/7176, time remaining: 35m 43s
Rendered 1689/7176, time remaining: 35m 54s
Rendered 1690/7176, time remaining: 36m 15s
Rendered 1691/7176, time remaining: 36m 19s
Rendered 1692/7176, time remaining: 36m 5s
Rendered 1693/7176, time remaining: 36m 2s
Rendered 1694/7176, time remaining: 35m 58s
Rendered 1695/7176, time remaining: 35m 49s
Rendered 1696/7176, time remaining: 35m 50s
Rendered 1697/7176, time remaining: 35m 53s
Rendered 1698/7176, time remaining: 35m 37s
Rendered 1699/7176, time remaining: 35m 36s
Rendered 1700/7176, time remaining: 35m 36s
Rendered 1701/7176, time remaining: 35m 32s
Rendered 1702/7176, time remaining: 35m 57s
Rendered 1703/7176, time remaining: 36m 19s
Rendered 1704/7176, time remaining: 35m 59s
Rendered 1705/7176, time remaining: 36m 6s
Rendered 1706/7176, time remaining: 35m 58s
Rendered 1707/7176, time remaining: 36m 15s
Rendered 1708/7176, time remaining: 36m 27s
Rendered 1709/7176, time remaining: 36m 28s
Rendered 1710/7176, time remaining: 35m 47s
Rendered 1711/7176, time remaining: 35m 41s
Rendered 1712/7176, time remaining: 35m 33s
Rendered 1713/7176, time remaining: 35m 47s
Rendered 1714/7176, time remaining: 36m 1s
Rendered 1715/7176, time remaining: 36m 8s
Rendered 1716/7176, time remaining: 36m 1s
Rendered 1717/7176, time remaining: 36m 4s
Rendered 1718/7176, time remaining: 35m 45s
Rendered 1719/7176, time remaining: 36m 5s
Rendered 1720/7176, time remaining: 36m 25s
Rendered 1721/7176, time remaining: 36m 24s
Rendered 1722/7176, time remaining: 36m 26s
Rendered 1723/7176, time remaining: 35m 32s
Rendered 1724/7176, time remaining: 35m 35s
Rendered 1725/7176, time remaining: 35m 37s
Rendered 1726/7176, time remaining: 36m 10s
Rendered 1727/7176, time remaining: 36m 9s
Rendered 1728/7176, time remaining: 36m 16s
Rendered 1729/7176, time remaining: 35m 47s
Rendered 1730/7176, time remaining: 35m 50s
Rendered 1731/7176, time remaining: 36m 3s
Rendered 1732/7176, time remaining: 36m 24s
Rendered 1733/7176, time remaining: 36m 23s
Rendered 1734/7176, time remaining: 36m 27s
Rendered 1735/7176, time remaining: 35m 42s
Rendered 1736/7176, time remaining: 35m 48s
Rendered 1737/7176, time remaining: 35m 45s
Rendered 1738/7176, time remaining: 35m 57s
Rendered 1739/7176, time remaining: 35m 57s
Rendered 1740/7176, time remaining: 36m 13s
Rendered 1741/7176, time remaining: 35m 48s
Rendered 1742/7176, time remaining: 36m 1s
Rendered 1743/7176, time remaining: 36m 13s
Rendered 1744/7176, time remaining: 36m 27s
Rendered 1745/7176, time remaining: 36m 30s
Rendered 1746/7176, time remaining: 36m 37s
Rendered 1747/7176, time remaining: 35m 55s
Rendered 1748/7176, time remaining: 35m 46s
Rendered 1749/7176, time remaining: 35m 53s
Rendered 1750/7176, time remaining: 35m 55s
Rendered 1751/7176, time remaining: 36m 12s
Rendered 1752/7176, time remaining: 36m 22s
Rendered 1753/7176, time remaining: 35m 50s
Rendered 1754/7176, time remaining: 36m 5s
Rendered 1755/7176, time remaining: 36m 4s
Rendered 1756/7176, time remaining: 36m 16s
Rendered 1757/7176, time remaining: 36m 23s
Rendered 1758/7176, time remaining: 36m 25s
Rendered 1759/7176, time remaining: 36m 21s
Rendered 1760/7176, time remaining: 36m 15s
Rendered 1761/7176, time remaining: 36m 18s
Rendered 1762/7176, time remaining: 36m 15s
Rendered 1763/7176, time remaining: 36m 14s
Rendered 1764/7176, time remaining: 36m 7s
Rendered 1765/7176, time remaining: 36m 19s
Rendered 1766/7176, time remaining: 36m 28s
Rendered 1767/7176, time remaining: 36m 30s
Rendered 1768/7176, time remaining: 36m 31s
Rendered 1769/7176, time remaining: 36m 32s
Rendered 1770/7176, time remaining: 36m 33s
Rendered 1771/7176, time remaining: 36m 10s
Rendered 1772/7176, time remaining: 36m 44s
Rendered 1773/7176, time remaining: 36m 40s
Rendered 1774/7176, time remaining: 36m 37s
Rendered 1775/7176, time remaining: 36m 34s
Rendered 1776/7176, time remaining: 36m 28s
Rendered 1777/7176, time remaining: 35m 34s
Rendered 1778/7176, time remaining: 36m 20s
Rendered 1779/7176, time remaining: 36m 18s
Rendered 1780/7176, time remaining: 36m 29s
Rendered 1781/7176, time remaining: 36m 30s
Rendered 1782/7176, time remaining: 36m 30s
Rendered 1783/7176, time remaining: 35m 54s
Rendered 1784/7176, time remaining: 36m 26s
Rendered 1785/7176, time remaining: 36m 7s
Rendered 1786/7176, time remaining: 36m 3s
Rendered 1787/7176, time remaining: 36m 3s
Rendered 1788/7176, time remaining: 35m 59s
Rendered 1789/7176, time remaining: 35m 4s
Rendered 1790/7176, time remaining: 35m 40s
Rendered 1791/7176, time remaining: 35m 45s
Rendered 1792/7176, time remaining: 35m 46s
Rendered 1793/7176, time remaining: 35m 47s
Rendered 1794/7176, time remaining: 35m 42s
Rendered 1795/7176, time remaining: 35m 10s
Rendered 1796/7176, time remaining: 35m 53s
Rendered 1797/7176, time remaining: 35m 50s
Rendered 1798/7176, time remaining: 35m 46s
Rendered 1799/7176, time remaining: 35m 45s
Rendered 1800/7176, time remaining: 35m 40s
Rendered 1801/7176, time remaining: 35m 2s
Rendered 1802/7176, time remaining: 35m 29s
Rendered 1803/7176, time remaining: 35m 24s
Rendered 1804/7176, time remaining: 35m 25s
Rendered 1805/7176, time remaining: 35m 25s
Rendered 1806/7176, time remaining: 35m 29s
Rendered 1807/7176, time remaining: 35m 18s
Rendered 1808/7176, time remaining: 35m 36s
Rendered 1809/7176, time remaining: 35m 38s
Rendered 1810/7176, time remaining: 35m 33s
Rendered 1811/7176, time remaining: 35m 36s
Rendered 1812/7176, time remaining: 35m 33s
Rendered 1813/7176, time remaining: 35m 22s
Rendered 1814/7176, time remaining: 34m 58s
Rendered 1815/7176, time remaining: 34m 52s
Rendered 1816/7176, time remaining: 34m 59s
Rendered 1817/7176, time remaining: 35m 15s
Rendered 1818/7176, time remaining: 35m 21s
Rendered 1819/7176, time remaining: 35m 19s
Rendered 1820/7176, time remaining: 35m 12s
Rendered 1821/7176, time remaining: 35m 12s
Rendered 1822/7176, time remaining: 35m 34s
Rendered 1823/7176, time remaining: 35m 35s
Rendered 1824/7176, time remaining: 35m 23s
Rendered 1825/7176, time remaining: 35m 21s
Rendered 1826/7176, time remaining: 35m 10s
Rendered 1827/7176, time remaining: 34m 46s
Rendered 1828/7176, time remaining: 35m 4s
Rendered 1829/7176, time remaining: 35m 4s
Rendered 1830/7176, time remaining: 35m 8s
Rendered 1831/7176, time remaining: 35m 9s
Rendered 1832/7176, time remaining: 35m 2s
Rendered 1833/7176, time remaining: 34m 56s
Rendered 1834/7176, time remaining: 35m 22s
Rendered 1835/7176, time remaining: 35m 27s
Rendered 1836/7176, time remaining: 35m 29s
Rendered 1837/7176, time remaining: 35m 25s
Rendered 1838/7176, time remaining: 35m 24s
Rendered 1839/7176, time remaining: 35m 5s
Rendered 1840/7176, time remaining: 34m 56s
Rendered 1841/7176, time remaining: 34m 55s
Rendered 1842/7176, time remaining: 35m 0s
Rendered 1843/7176, time remaining: 35m 6s
Rendered 1844/7176, time remaining: 34m 59s
Rendered 1845/7176, time remaining: 35m 5s
Rendered 1846/7176, time remaining: 35m 13s
Rendered 1847/7176, time remaining: 35m 3s
Rendered 1848/7176, time remaining: 35m 18s
Rendered 1849/7176, time remaining: 35m 15s
Rendered 1850/7176, time remaining: 35m 23s
Rendered 1851/7176, time remaining: 35m 25s
Rendered 1852/7176, time remaining: 35m 7s
Rendered 1853/7176, time remaining: 34m 44s
Rendered 1854/7176, time remaining: 34m 45s
Rendered 1855/7176, time remaining: 34m 46s
Rendered 1856/7176, time remaining: 35m 9s
Rendered 1857/7176, time remaining: 34m 51s
Rendered 1858/7176, time remaining: 34m 48s
Rendered 1859/7176, time remaining: 34m 46s
Rendered 1860/7176, time remaining: 35m 1s
Rendered 1861/7176, time remaining: 35m 16s
Rendered 1862/7176, time remaining: 35m 22s
Rendered 1863/7176, time remaining: 35m 5s
Rendered 1864/7176, time remaining: 34m 49s
Rendered 1865/7176, time remaining: 34m 45s
Rendered 1866/7176, time remaining: 35m 20s
Rendered 1867/7176, time remaining: 35m 2s
Rendered 1868/7176, time remaining: 34m 54s
Rendered 1869/7176, time remaining: 34m 28s
Rendered 1870/7176, time remaining: 34m 3s
Rendered 1871/7176, time remaining: 34m 2s
Rendered 1872/7176, time remaining: 35m 4s
Rendered 1873/7176, time remaining: 35m 4s
Rendered 1874/7176, time remaining: 34m 58s
Rendered 1875/7176, time remaining: 34m 55s
Rendered 1876/7176, time remaining: 34m 24s
Rendered 1877/7176, time remaining: 34m 25s
Rendered 1878/7176, time remaining: 35m 16s
Rendered 1879/7176, time remaining: 35m 16s
Rendered 1880/7176, time remaining: 35m 17s
Rendered 1881/7176, time remaining: 35m 3s
Rendered 1882/7176, time remaining: 34m 46s
Rendered 1883/7176, time remaining: 34m 49s
Rendered 1884/7176, time remaining: 35m 28s
Rendered 1885/7176, time remaining: 35m 28s
Rendered 1886/7176, time remaining: 35m 20s
Rendered 1887/7176, time remaining: 35m 18s
Rendered 1888/7176, time remaining: 35m 6s
Rendered 1889/7176, time remaining: 35m 4s
Rendered 1890/7176, time remaining: 35m 17s
Rendered 1891/7176, time remaining: 35m 38s
Rendered 1892/7176, time remaining: 35m 22s
Rendered 1893/7176, time remaining: 35m 16s
Rendered 1894/7176, time remaining: 35m 4s
Rendered 1895/7176, time remaining: 35m 7s
Rendered 1896/7176, time remaining: 35m 18s
Rendered 1897/7176, time remaining: 35m 36s
Rendered 1898/7176, time remaining: 35m 40s
Rendered 1899/7176, time remaining: 35m 27s
Rendered 1900/7176, time remaining: 35m 24s
Rendered 1901/7176, time remaining: 35m 9s
Rendered 1902/7176, time remaining: 34m 59s
Rendered 1903/7176, time remaining: 35m 13s
Rendered 1904/7176, time remaining: 35m 8s
Rendered 1905/7176, time remaining: 35m 8s
Rendered 1906/7176, time remaining: 35m 0s
Rendered 1907/7176, time remaining: 34m 58s
Rendered 1908/7176, time remaining: 35m 4s
Rendered 1909/7176, time remaining: 34m 36s
Rendered 1910/7176, time remaining: 34m 54s
Rendered 1911/7176, time remaining: 34m 58s
Rendered 1912/7176, time remaining: 35m 4s
Rendered 1913/7176, time remaining: 35m 8s
Rendered 1914/7176, time remaining: 35m 17s
Rendered 1915/7176, time remaining: 34m 29s
Rendered 1916/7176, time remaining: 34m 19s
Rendered 1917/7176, time remaining: 34m 21s
Rendered 1918/7176, time remaining: 34m 22s
Rendered 1919/7176, time remaining: 34m 27s
Rendered 1920/7176, time remaining: 35m 11s
Rendered 1921/7176, time remaining: 35m 1s
Rendered 1922/7176, time remaining: 34m 27s
Rendered 1923/7176, time remaining: 34m 28s
Rendered 1924/7176, time remaining: 34m 26s
Rendered 1925/7176, time remaining: 34m 34s
Rendered 1926/7176, time remaining: 35m 6s
Rendered 1927/7176, time remaining: 35m 4s
Rendered 1928/7176, time remaining: 34m 16s
Rendered 1929/7176, time remaining: 34m 13s
Rendered 1930/7176, time remaining: 34m 2s
Rendered 1931/7176, time remaining: 34m 0s
Rendered 1932/7176, time remaining: 34m 32s
Rendered 1933/7176, time remaining: 34m 43s
Rendered 1934/7176, time remaining: 34m 10s
Rendered 1935/7176, time remaining: 34m 17s
Rendered 1936/7176, time remaining: 34m 20s
Rendered 1937/7176, time remaining: 34m 20s
Rendered 1938/7176, time remaining: 34m 39s
Rendered 1939/7176, time remaining: 34m 49s
Rendered 1940/7176, time remaining: 34m 10s
Rendered 1941/7176, time remaining: 34m 5s
Rendered 1942/7176, time remaining: 34m 2s
Rendered 1943/7176, time remaining: 34m 10s
Rendered 1944/7176, time remaining: 34m 20s
Rendered 1945/7176, time remaining: 34m 19s
Rendered 1946/7176, time remaining: 33m 41s
Rendered 1947/7176, time remaining: 33m 43s
Rendered 1948/7176, time remaining: 33m 45s
Rendered 1949/7176, time remaining: 33m 46s
Rendered 1950/7176, time remaining: 34m 36s
Rendered 1951/7176, time remaining: 34m 36s
Rendered 1952/7176, time remaining: 34m 3s
Rendered 1953/7176, time remaining: 34m 0s
Rendered 1954/7176, time remaining: 34m 1s
Rendered 1955/7176, time remaining: 34m 1s
Rendered 1956/7176, time remaining: 34m 25s
Rendered 1957/7176, time remaining: 34m 21s
Rendered 1958/7176, time remaining: 33m 37s
Rendered 1959/7176, time remaining: 33m 31s
Rendered 1960/7176, time remaining: 33m 30s
Rendered 1961/7176, time remaining: 33m 24s
Rendered 1962/7176, time remaining: 34m 2s
Rendered 1963/7176, time remaining: 34m 9s
Rendered 1964/7176, time remaining: 34m 8s
Rendered 1965/7176, time remaining: 34m 4s
Rendered 1966/7176, time remaining: 33m 47s
Rendered 1967/7176, time remaining: 33m 31s
Rendered 1968/7176, time remaining: 33m 50s
Rendered 1969/7176, time remaining: 33m 47s
Rendered 1970/7176, time remaining: 33m 55s
Rendered 1971/7176, time remaining: 34m 10s
Rendered 1972/7176, time remaining: 33m 47s
Rendered 1973/7176, time remaining: 33m 40s
Rendered 1974/7176, time remaining: 33m 47s
Rendered 1975/7176, time remaining: 33m 50s
Rendered 1976/7176, time remaining: 34m 31s
Rendered 1977/7176, time remaining: 34m 33s
Rendered 1978/7176, time remaining: 34m 12s
Rendered 1979/7176, time remaining: 34m 6s
Rendered 1980/7176, time remaining: 34m 6s
Rendered 1981/7176, time remaining: 34m 7s
Rendered 1982/7176, time remaining: 34m 24s
Rendered 1983/7176, time remaining: 34m 13s
Rendered 1984/7176, time remaining: 33m 41s
Rendered 1985/7176, time remaining: 33m 40s
Rendered 1986/7176, time remaining: 33m 38s
Rendered 1987/7176, time remaining: 33m 52s
Rendered 1988/7176, time remaining: 34m 12s
Rendered 1989/7176, time remaining: 34m 18s
Rendered 1990/7176, time remaining: 34m 3s
Rendered 1991/7176, time remaining: 34m 3s
Rendered 1992/7176, time remaining: 33m 58s
Rendered 1993/7176, time remaining: 33m 49s
Rendered 1994/7176, time remaining: 34m 19s
Rendered 1995/7176, time remaining: 34m 11s
Rendered 1996/7176, time remaining: 33m 50s
Rendered 1997/7176, time remaining: 33m 50s
Rendered 1998/7176, time remaining: 33m 41s
Rendered 1999/7176, time remaining: 33m 35s
Rendered 2000/7176, time remaining: 34m 7s
Rendered 2001/7176, time remaining: 34m 6s
Rendered 2002/7176, time remaining: 34m 0s
Rendered 2003/7176, time remaining: 34m 7s
Rendered 2004/7176, time remaining: 34m 6s
Rendered 2005/7176, time remaining: 34m 0s
Rendered 2006/7176, time remaining: 34m 9s
Rendered 2007/7176, time remaining: 34m 6s
Rendered 2008/7176, time remaining: 34m 1s
Rendered 2009/7176, time remaining: 33m 58s
Rendered 2010/7176, time remaining: 33m 39s
Rendered 2011/7176, time remaining: 33m 25s
Rendered 2012/7176, time remaining: 33m 36s
Rendered 2013/7176, time remaining: 33m 51s
Rendered 2014/7176, time remaining: 33m 56s
Rendered 2015/7176, time remaining: 33m 54s
Rendered 2016/7176, time remaining: 33m 18s
Rendered 2017/7176, time remaining: 33m 31s
Rendered 2018/7176, time remaining: 34m 8s
Rendered 2019/7176, time remaining: 34m 17s
Rendered 2020/7176, time remaining: 34m 20s
Rendered 2021/7176, time remaining: 34m 16s
Rendered 2022/7176, time remaining: 33m 9s
Rendered 2023/7176, time remaining: 33m 7s
Rendered 2024/7176, time remaining: 33m 28s
Rendered 2025/7176, time remaining: 33m 39s
Rendered 2026/7176, time remaining: 33m 38s
Rendered 2027/7176, time remaining: 33m 36s
Rendered 2028/7176, time remaining: 32m 41s
Rendered 2029/7176, time remaining: 32m 47s
Rendered 2030/7176, time remaining: 33m 8s
Rendered 2031/7176, time remaining: 33m 23s
Rendered 2032/7176, time remaining: 33m 21s
Rendered 2033/7176, time remaining: 33m 18s
Rendered 2034/7176, time remaining: 32m 37s
Rendered 2035/7176, time remaining: 32m 40s
Rendered 2036/7176, time remaining: 33m 0s
Rendered 2037/7176, time remaining: 32m 59s
Rendered 2038/7176, time remaining: 33m 6s
Rendered 2039/7176, time remaining: 33m 4s
Rendered 2040/7176, time remaining: 32m 46s
Rendered 2041/7176, time remaining: 32m 25s
Rendered 2042/7176, time remaining: 32m 33s
Rendered 2043/7176, time remaining: 32m 37s
Rendered 2044/7176, time remaining: 32m 39s
Rendered 2045/7176, time remaining: 32m 38s
Rendered 2046/7176, time remaining: 32m 29s
Rendered 2047/7176, time remaining: 32m 17s
Rendered 2048/7176, time remaining: 32m 15s
Rendered 2049/7176, time remaining: 32m 20s
Rendered 2050/7176, time remaining: 32m 24s
Rendered 2051/7176, time remaining: 32m 27s
Rendered 2052/7176, time remaining: 32m 31s
Rendered 2053/7176, time remaining: 32m 14s
Rendered 2054/7176, time remaining: 32m 27s
Rendered 2055/7176, time remaining: 32m 29s
Rendered 2056/7176, time remaining: 32m 34s
Rendered 2057/7176, time remaining: 32m 38s
Rendered 2058/7176, time remaining: 32m 33s
Rendered 2059/7176, time remaining: 32m 27s
Rendered 2060/7176, time remaining: 32m 17s
Rendered 2061/7176, time remaining: 32m 7s
Rendered 2062/7176, time remaining: 32m 11s
Rendered 2063/7176, time remaining: 32m 7s
Rendered 2064/7176, time remaining: 32m 16s
Rendered 2065/7176, time remaining: 32m 15s
Rendered 2066/7176, time remaining: 32m 24s
Rendered 2067/7176, time remaining: 32m 27s
Rendered 2068/7176, time remaining: 32m 36s
Rendered 2069/7176, time remaining: 32m 30s
Rendered 2070/7176, time remaining: 32m 5s
Rendered 2071/7176, time remaining: 32m 4s
Rendered 2072/7176, time remaining: 32m 13s
Rendered 2073/7176, time remaining: 32m 16s
Rendered 2074/7176, time remaining: 32m 32s
Rendered 2075/7176, time remaining: 32m 25s
Rendered 2076/7176, time remaining: 32m 7s
Rendered 2077/7176, time remaining: 32m 9s
Rendered 2078/7176, time remaining: 32m 23s
Rendered 2079/7176, time remaining: 32m 35s
Rendered 2080/7176, time remaining: 32m 51s
Rendered 2081/7176, time remaining: 32m 53s
Rendered 2082/7176, time remaining: 32m 28s
Rendered 2083/7176, time remaining: 32m 21s
Rendered 2084/7176, time remaining: 32m 33s
Rendered 2085/7176, time remaining: 32m 32s
Rendered 2086/7176, time remaining: 32m 35s
Rendered 2087/7176, time remaining: 32m 31s
Rendered 2088/7176, time remaining: 32m 11s
Rendered 2089/7176, time remaining: 32m 18s
Rendered 2090/7176, time remaining: 32m 41s
Rendered 2091/7176, time remaining: 32m 44s
Rendered 2092/7176, time remaining: 32m 48s
Rendered 2093/7176, time remaining: 32m 37s
Rendered 2094/7176, time remaining: 32m 27s
Rendered 2095/7176, time remaining: 32m 48s
Rendered 2096/7176, time remaining: 32m 48s
Rendered 2097/7176, time remaining: 32m 50s
Rendered 2098/7176, time remaining: 32m 46s
Rendered 2099/7176, time remaining: 32m 41s
Rendered 2100/7176, time remaining: 31m 51s
Rendered 2101/7176, time remaining: 31m 54s
Rendered 2102/7176, time remaining: 32m 12s
Rendered 2103/7176, time remaining: 32m 30s
Rendered 2104/7176, time remaining: 32m 30s
Rendered 2105/7176, time remaining: 32m 32s
Rendered 2106/7176, time remaining: 32m 17s
Rendered 2107/7176, time remaining: 32m 22s
Rendered 2108/7176, time remaining: 32m 50s
Rendered 2109/7176, time remaining: 33m 19s
Rendered 2110/7176, time remaining: 33m 22s
Rendered 2111/7176, time remaining: 33m 22s
Rendered 2112/7176, time remaining: 32m 49s
Rendered 2113/7176, time remaining: 32m 47s
Rendered 2114/7176, time remaining: 32m 39s
Rendered 2115/7176, time remaining: 33m 14s
Rendered 2116/7176, time remaining: 33m 19s
Rendered 2117/7176, time remaining: 33m 30s
Rendered 2118/7176, time remaining: 33m 13s
Rendered 2119/7176, time remaining: 33m 14s
Rendered 2120/7176, time remaining: 33m 16s
Rendered 2121/7176, time remaining: 33m 34s
Rendered 2122/7176, time remaining: 33m 40s
Rendered 2123/7176, time remaining: 33m 42s
Rendered 2124/7176, time remaining: 33m 36s
Rendered 2125/7176, time remaining: 33m 36s
Rendered 2126/7176, time remaining: 32m 56s
Rendered 2127/7176, time remaining: 33m 46s
Rendered 2128/7176, time remaining: 33m 50s
Rendered 2129/7176, time remaining: 33m 49s
Rendered 2130/7176, time remaining: 33m 45s
Rendered 2131/7176, time remaining: 33m 43s
Rendered 2132/7176, time remaining: 33m 27s
Rendered 2133/7176, time remaining: 34m 15s
Rendered 2134/7176, time remaining: 34m 16s
Rendered 2135/7176, time remaining: 34m 12s
Rendered 2136/7176, time remaining: 34m 14s
Rendered 2137/7176, time remaining: 34m 0s
Rendered 2138/7176, time remaining: 33m 37s
Rendered 2139/7176, time remaining: 34m 11s
Rendered 2140/7176, time remaining: 34m 11s
Rendered 2141/7176, time remaining: 34m 9s
Rendered 2142/7176, time remaining: 34m 9s
Rendered 2143/7176, time remaining: 34m 4s
Rendered 2144/7176, time remaining: 33m 35s
Rendered 2145/7176, time remaining: 34m 30s
Rendered 2146/7176, time remaining: 34m 37s
Rendered 2147/7176, time remaining: 34m 38s
Rendered 2148/7176, time remaining: 34m 37s
Rendered 2149/7176, time remaining: 34m 39s
Rendered 2150/7176, time remaining: 34m 4s
Rendered 2151/7176, time remaining: 34m 46s
Rendered 2152/7176, time remaining: 34m 49s
Rendered 2153/7176, time remaining: 34m 44s
Rendered 2154/7176, time remaining: 34m 49s
Rendered 2155/7176, time remaining: 34m 47s
Rendered 2156/7176, time remaining: 34m 16s
Rendered 2157/7176, time remaining: 34m 42s
Rendered 2158/7176, time remaining: 34m 37s
Rendered 2159/7176, time remaining: 34m 53s
Rendered 2160/7176, time remaining: 35m 0s
Rendered 2161/7176, time remaining: 35m 18s
Rendered 2162/7176, time remaining: 35m 4s
Rendered 2163/7176, time remaining: 35m 4s
Rendered 2164/7176, time remaining: 34m 58s
Rendered 2165/7176, time remaining: 35m 23s
Rendered 2166/7176, time remaining: 35m 24s
Rendered 2167/7176, time remaining: 35m 18s
Rendered 2168/7176, time remaining: 34m 47s
Rendered 2169/7176, time remaining: 35m 1s
Rendered 2170/7176, time remaining: 35m 1s
Rendered 2171/7176, time remaining: 35m 48s
Rendered 2172/7176, time remaining: 35m 50s
Rendered 2173/7176, time remaining: 35m 50s
Rendered 2174/7176, time remaining: 35m 29s
Rendered 2175/7176, time remaining: 35m 18s
Rendered 2176/7176, time remaining: 35m 19s
Rendered 2177/7176, time remaining: 35m 56s
Rendered 2178/7176, time remaining: 35m 55s
Rendered 2179/7176, time remaining: 35m 44s
Rendered 2180/7176, time remaining: 35m 22s
Rendered 2181/7176, time remaining: 35m 6s
Rendered 2182/7176, time remaining: 35m 3s
Rendered 2183/7176, time remaining: 35m 49s
Rendered 2184/7176, time remaining: 35m 46s
Rendered 2185/7176, time remaining: 35m 43s
Rendered 2186/7176, time remaining: 35m 25s
Rendered 2187/7176, time remaining: 35m 28s
Rendered 2188/7176, time remaining: 35m 23s
Rendered 2189/7176, time remaining: 35m 58s
Rendered 2190/7176, time remaining: 35m 50s
Rendered 2191/7176, time remaining: 35m 40s
Rendered 2192/7176, time remaining: 35m 33s
Rendered 2193/7176, time remaining: 35m 21s
Rendered 2194/7176, time remaining: 35m 15s
Rendered 2195/7176, time remaining: 35m 49s
Rendered 2196/7176, time remaining: 35m 51s
Rendered 2197/7176, time remaining: 35m 47s
Rendered 2198/7176, time remaining: 35m 42s
Rendered 2199/7176, time remaining: 35m 46s
Rendered 2200/7176, time remaining: 35m 43s
Rendered 2201/7176, time remaining: 36m 4s
Rendered 2202/7176, time remaining: 36m 1s
Rendered 2203/7176, time remaining: 36m 2s
Rendered 2204/7176, time remaining: 35m 39s
Rendered 2205/7176, time remaining: 35m 33s
Rendered 2206/7176, time remaining: 35m 27s
Rendered 2207/7176, time remaining: 36m 3s
Rendered 2208/7176, time remaining: 36m 0s
Rendered 2209/7176, time remaining: 35m 58s
Rendered 2210/7176, time remaining: 35m 50s
Rendered 2211/7176, time remaining: 35m 50s
Rendered 2212/7176, time remaining: 35m 40s
Rendered 2213/7176, time remaining: 36m 16s
Rendered 2214/7176, time remaining: 35m 58s
Rendered 2215/7176, time remaining: 36m 4s
Rendered 2216/7176, time remaining: 35m 55s
Rendered 2217/7176, time remaining: 35m 47s
Rendered 2218/7176, time remaining: 35m 37s
Rendered 2219/7176, time remaining: 36m 12s
Rendered 2220/7176, time remaining: 35m 58s
Rendered 2221/7176, time remaining: 36m 1s
Rendered 2222/7176, time remaining: 35m 52s
Rendered 2223/7176, time remaining: 35m 55s
Rendered 2224/7176, time remaining: 35m 43s
Rendered 2225/7176, time remaining: 36m 10s
Rendered 2226/7176, time remaining: 36m 5s
Rendered 2227/7176, time remaining: 36m 2s
Rendered 2228/7176, time remaining: 35m 48s
Rendered 2229/7176, time remaining: 35m 42s
Rendered 2230/7176, time remaining: 35m 25s
Rendered 2231/7176, time remaining: 35m 42s
Rendered 2232/7176, time remaining: 35m 52s
Rendered 2233/7176, time remaining: 35m 47s
Rendered 2234/7176, time remaining: 35m 38s
Rendered 2235/7176, time remaining: 35m 51s
Rendered 2236/7176, time remaining: 35m 58s
Rendered 2237/7176, time remaining: 36m 12s
Rendered 2238/7176, time remaining: 36m 25s
Rendered 2239/7176, time remaining: 36m 9s
Rendered 2240/7176, time remaining: 35m 53s
Rendered 2241/7176, time remaining: 35m 53s
Rendered 2242/7176, time remaining: 35m 48s
Rendered 2243/7176, time remaining: 36m 0s
Rendered 2244/7176, time remaining: 36m 33s
Rendered 2245/7176, time remaining: 36m 12s
Rendered 2246/7176, time remaining: 36m 6s
Rendered 2247/7176, time remaining: 36m 9s
Rendered 2248/7176, time remaining: 36m 12s
Rendered 2249/7176, time remaining: 36m 27s
Rendered 2250/7176, time remaining: 36m 49s
Rendered 2251/7176, time remaining: 36m 45s
Rendered 2252/7176, time remaining: 36m 21s
Rendered 2253/7176, time remaining: 36m 8s
Rendered 2254/7176, time remaining: 36m 3s
Rendered 2255/7176, time remaining: 35m 59s
Rendered 2256/7176, time remaining: 36m 20s
Rendered 2257/7176, time remaining: 36m 21s
Rendered 2258/7176, time remaining: 35m 55s
Rendered 2259/7176, time remaining: 35m 30s
Rendered 2260/7176, time remaining: 35m 30s
Rendered 2261/7176, time remaining: 35m 33s
Rendered 2262/7176, time remaining: 36m 11s
Rendered 2263/7176, time remaining: 36m 7s
Rendered 2264/7176, time remaining: 36m 5s
Rendered 2265/7176, time remaining: 35m 30s
Rendered 2266/7176, time remaining: 35m 22s
Rendered 2267/7176, time remaining: 35m 18s
Rendered 2268/7176, time remaining: 35m 32s
Rendered 2269/7176, time remaining: 35m 39s
Rendered 2270/7176, time remaining: 35m 31s
Rendered 2271/7176, time remaining: 34m 53s
Rendered 2272/7176, time remaining: 34m 54s
Rendered 2273/7176, time remaining: 34m 58s
Rendered 2274/7176, time remaining: 35m 8s
Rendered 2275/7176, time remaining: 35m 29s
Rendered 2276/7176, time remaining: 35m 27s
Rendered 2277/7176, time remaining: 34m 33s
Rendered 2278/7176, time remaining: 34m 26s
Rendered 2279/7176, time remaining: 34m 24s
Rendered 2280/7176, time remaining: 34m 21s
Rendered 2281/7176, time remaining: 34m 52s
Rendered 2282/7176, time remaining: 34m 53s
Rendered 2283/7176, time remaining: 34m 14s
Rendered 2284/7176, time remaining: 34m 15s
Rendered 2285/7176, time remaining: 34m 17s
Rendered 2286/7176, time remaining: 34m 19s
Rendered 2287/7176, time remaining: 34m 52s
Rendered 2288/7176, time remaining: 34m 59s
Rendered 2289/7176, time remaining: 34m 8s
Rendered 2290/7176, time remaining: 34m 6s
Rendered 2291/7176, time remaining: 34m 5s
Rendered 2292/7176, time remaining: 34m 4s
Rendered 2293/7176, time remaining: 34m 12s
Rendered 2294/7176, time remaining: 34m 42s
Rendered 2295/7176, time remaining: 33m 57s
Rendered 2296/7176, time remaining: 33m 54s
Rendered 2297/7176, time remaining: 33m 53s
Rendered 2298/7176, time remaining: 33m 53s
Rendered 2299/7176, time remaining: 33m 51s
Rendered 2300/7176, time remaining: 34m 22s
Rendered 2301/7176, time remaining: 33m 37s
Rendered 2302/7176, time remaining: 33m 29s
Rendered 2303/7176, time remaining: 33m 28s
Rendered 2304/7176, time remaining: 33m 22s
Rendered 2305/7176, time remaining: 33m 22s
Rendered 2306/7176, time remaining: 34m 2s
Rendered 2307/7176, time remaining: 33m 38s
Rendered 2308/7176, time remaining: 33m 38s
Rendered 2309/7176, time remaining: 33m 26s
Rendered 2310/7176, time remaining: 33m 21s
Rendered 2311/7176, time remaining: 33m 6s
Rendered 2312/7176, time remaining: 33m 50s
Rendered 2313/7176, time remaining: 33m 37s
Rendered 2314/7176, time remaining: 33m 38s
Rendered 2315/7176, time remaining: 33m 13s
Rendered 2316/7176, time remaining: 33m 9s
Rendered 2317/7176, time remaining: 33m 6s
Rendered 2318/7176, time remaining: 33m 34s
Rendered 2319/7176, time remaining: 33m 22s
Rendered 2320/7176, time remaining: 33m 28s
Rendered 2321/7176, time remaining: 32m 44s
Rendered 2322/7176, time remaining: 32m 44s
Rendered 2323/7176, time remaining: 32m 48s
Rendered 2324/7176, time remaining: 33m 19s
Rendered 2325/7176, time remaining: 33m 20s
Rendered 2326/7176, time remaining: 33m 24s
Rendered 2327/7176, time remaining: 32m 44s
Rendered 2328/7176, time remaining: 32m 40s
Rendered 2329/7176, time remaining: 32m 38s
Rendered 2330/7176, time remaining: 33m 0s
Rendered 2331/7176, time remaining: 33m 5s
Rendered 2332/7176, time remaining: 33m 5s
Rendered 2333/7176, time remaining: 32m 19s
Rendered 2334/7176, time remaining: 32m 31s
Rendered 2335/7176, time remaining: 32m 42s
Rendered 2336/7176, time remaining: 32m 50s
Rendered 2337/7176, time remaining: 32m 47s
Rendered 2338/7176, time remaining: 32m 48s
Rendered 2339/7176, time remaining: 32m 17s
Rendered 2340/7176, time remaining: 32m 19s
Rendered 2341/7176, time remaining: 32m 26s
Rendered 2342/7176, time remaining: 32m 44s
Rendered 2343/7176, time remaining: 32m 47s
Rendered 2344/7176, time remaining: 33m 2s
Rendered 2345/7176, time remaining: 32m 27s
Rendered 2346/7176, time remaining: 32m 24s
Rendered 2347/7176, time remaining: 32m 27s
Rendered 2348/7176, time remaining: 32m 38s
Rendered 2349/7176, time remaining: 32m 31s
Rendered 2350/7176, time remaining: 32m 29s
Rendered 2351/7176, time remaining: 32m 6s
Rendered 2352/7176, time remaining: 32m 1s
Rendered 2353/7176, time remaining: 32m 19s
Rendered 2354/7176, time remaining: 32m 35s
Rendered 2355/7176, time remaining: 32m 39s
Rendered 2356/7176, time remaining: 32m 47s
Rendered 2357/7176, time remaining: 32m 17s
Rendered 2358/7176, time remaining: 32m 14s
Rendered 2359/7176, time remaining: 32m 19s
Rendered 2360/7176, time remaining: 32m 22s
Rendered 2361/7176, time remaining: 32m 35s
Rendered 2362/7176, time remaining: 32m 36s
Rendered 2363/7176, time remaining: 31m 59s
Rendered 2364/7176, time remaining: 31m 58s
Rendered 2365/7176, time remaining: 31m 53s
Rendered 2366/7176, time remaining: 32m 4s
Rendered 2367/7176, time remaining: 32m 12s
Rendered 2368/7176, time remaining: 32m 51s
Rendered 2369/7176, time remaining: 32m 17s
Rendered 2370/7176, time remaining: 32m 12s
Rendered 2371/7176, time remaining: 32m 9s
Rendered 2372/7176, time remaining: 32m 8s
Rendered 2373/7176, time remaining: 32m 9s
Rendered 2374/7176, time remaining: 32m 22s
Rendered 2375/7176, time remaining: 32m 1s
Rendered 2376/7176, time remaining: 31m 57s
Rendered 2377/7176, time remaining: 32m 1s
Rendered 2378/7176, time remaining: 32m 2s
Rendered 2379/7176, time remaining: 32m 3s
Rendered 2380/7176, time remaining: 32m 15s
Rendered 2381/7176, time remaining: 31m 56s
Rendered 2382/7176, time remaining: 32m 10s
Rendered 2383/7176, time remaining: 32m 10s
Rendered 2384/7176, time remaining: 32m 8s
Rendered 2385/7176, time remaining: 31m 51s
Rendered 2386/7176, time remaining: 31m 40s
Rendered 2387/7176, time remaining: 31m 30s
Rendered 2388/7176, time remaining: 31m 43s
Rendered 2389/7176, time remaining: 31m 48s
Rendered 2390/7176, time remaining: 31m 49s
Rendered 2391/7176, time remaining: 31m 45s
Rendered 2392/7176, time remaining: 31m 48s
Rendered 2393/7176, time remaining: 31m 38s
Rendered 2394/7176, time remaining: 31m 46s
Rendered 2395/7176, time remaining: 31m 44s
Rendered 2396/7176, time remaining: 31m 47s
Rendered 2397/7176, time remaining: 31m 41s
Rendered 2398/7176, time remaining: 31m 40s
Rendered 2399/7176, time remaining: 31m 25s
Rendered 2400/7176, time remaining: 31m 29s
Rendered 2401/7176, time remaining: 31m 37s
Rendered 2402/7176, time remaining: 31m 41s
Rendered 2403/7176, time remaining: 31m 44s
Rendered 2404/7176, time remaining: 31m 55s
Rendered 2405/7176, time remaining: 31m 58s
Rendered 2406/7176, time remaining: 31m 44s
Rendered 2407/7176, time remaining: 31m 50s
Rendered 2408/7176, time remaining: 31m 50s
Rendered 2409/7176, time remaining: 31m 49s
Rendered 2410/7176, time remaining: 31m 49s
Rendered 2411/7176, time remaining: 31m 53s
Rendered 2412/7176, time remaining: 31m 28s
Rendered 2413/7176, time remaining: 31m 33s
Rendered 2414/7176, time remaining: 31m 35s
Rendered 2415/7176, time remaining: 31m 41s
Rendered 2416/7176, time remaining: 31m 43s
Rendered 2417/7176, time remaining: 31m 38s
Rendered 2418/7176, time remaining: 31m 47s
Rendered 2419/7176, time remaining: 31m 42s
Rendered 2420/7176, time remaining: 31m 36s
Rendered 2421/7176, time remaining: 31m 35s
Rendered 2422/7176, time remaining: 31m 37s
Rendered 2423/7176, time remaining: 31m 32s
Rendered 2424/7176, time remaining: 31m 36s
Rendered 2425/7176, time remaining: 31m 22s
Rendered 2426/7176, time remaining: 31m 26s
Rendered 2427/7176, time remaining: 31m 23s
Rendered 2428/7176, time remaining: 31m 29s
Rendered 2429/7176, time remaining: 31m 32s
Rendered 2430/7176, time remaining: 32m 0s
Rendered 2431/7176, time remaining: 31m 34s
Rendered 2432/7176, time remaining: 31m 29s
Rendered 2433/7176, time remaining: 31m 22s
Rendered 2434/7176, time remaining: 31m 22s
Rendered 2435/7176, time remaining: 31m 29s
Rendered 2436/7176, time remaining: 31m 54s
Rendered 2437/7176, time remaining: 31m 23s
Rendered 2438/7176, time remaining: 31m 15s
Rendered 2439/7176, time remaining: 31m 20s
Rendered 2440/7176, time remaining: 31m 21s
Rendered 2441/7176, time remaining: 31m 22s
Rendered 2442/7176, time remaining: 31m 59s
Rendered 2443/7176, time remaining: 31m 49s
Rendered 2444/7176, time remaining: 31m 21s
Rendered 2445/7176, time remaining: 31m 15s
Rendered 2446/7176, time remaining: 31m 12s
Rendered 2447/7176, time remaining: 31m 19s
Rendered 2448/7176, time remaining: 31m 45s
Rendered 2449/7176, time remaining: 31m 46s
Rendered 2450/7176, time remaining: 31m 10s
Rendered 2451/7176, time remaining: 31m 10s
Rendered 2452/7176, time remaining: 31m 9s
Rendered 2453/7176, time remaining: 31m 7s
Rendered 2454/7176, time remaining: 31m 15s
Rendered 2455/7176, time remaining: 31m 57s
Rendered 2456/7176, time remaining: 31m 18s
Rendered 2457/7176, time remaining: 31m 20s
Rendered 2458/7176, time remaining: 31m 20s
Rendered 2459/7176, time remaining: 31m 21s
Rendered 2460/7176, time remaining: 31m 23s
Rendered 2461/7176, time remaining: 31m 54s
Rendered 2462/7176, time remaining: 31m 9s
Rendered 2463/7176, time remaining: 31m 6s
Rendered 2464/7176, time remaining: 31m 9s
Rendered 2465/7176, time remaining: 31m 9s
Rendered 2466/7176, time remaining: 31m 13s
Rendered 2467/7176, time remaining: 32m 2s
Rendered 2468/7176, time remaining: 31m 35s
Rendered 2469/7176, time remaining: 31m 34s
Rendered 2470/7176, time remaining: 31m 27s
Rendered 2471/7176, time remaining: 31m 27s
Rendered 2472/7176, time remaining: 31m 27s
Rendered 2473/7176, time remaining: 31m 55s
Rendered 2474/7176, time remaining: 31m 22s
Rendered 2475/7176, time remaining: 31m 18s
Rendered 2476/7176, time remaining: 31m 11s
Rendered 2477/7176, time remaining: 31m 10s
Rendered 2478/7176, time remaining: 31m 13s
Rendered 2479/7176, time remaining: 32m 4s
Rendered 2480/7176, time remaining: 31m 42s
Rendered 2481/7176, time remaining: 31m 36s
Rendered 2482/7176, time remaining: 31m 39s
Rendered 2483/7176, time remaining: 31m 41s
Rendered 2484/7176, time remaining: 31m 33s
Rendered 2485/7176, time remaining: 31m 52s
Rendered 2486/7176, time remaining: 31m 42s
Rendered 2487/7176, time remaining: 31m 43s
Rendered 2488/7176, time remaining: 31m 37s
Rendered 2489/7176, time remaining: 31m 36s
Rendered 2490/7176, time remaining: 31m 28s
Rendered 2491/7176, time remaining: 32m 15s
Rendered 2492/7176, time remaining: 31m 57s
Rendered 2493/7176, time remaining: 31m 55s
Rendered 2494/7176, time remaining: 31m 41s
Rendered 2495/7176, time remaining: 31m 43s
Rendered 2496/7176, time remaining: 31m 35s
Rendered 2497/7176, time remaining: 32m 0s
Rendered 2498/7176, time remaining: 31m 48s
Rendered 2499/7176, time remaining: 31m 45s
Rendered 2500/7176, time remaining: 31m 44s
Rendered 2501/7176, time remaining: 31m 40s
Rendered 2502/7176, time remaining: 31m 44s
Rendered 2503/7176, time remaining: 32m 2s
Rendered 2504/7176, time remaining: 31m 51s
Rendered 2505/7176, time remaining: 31m 51s
Rendered 2506/7176, time remaining: 31m 40s
Rendered 2507/7176, time remaining: 31m 27s
Rendered 2508/7176, time remaining: 31m 28s
Rendered 2509/7176, time remaining: 31m 55s
Rendered 2510/7176, time remaining: 31m 53s
Rendered 2511/7176, time remaining: 31m 39s
Rendered 2512/7176, time remaining: 31m 37s
Rendered 2513/7176, time remaining: 31m 37s
Rendered 2514/7176, time remaining: 31m 36s
Rendered 2515/7176, time remaining: 32m 14s
Rendered 2516/7176, time remaining: 32m 6s
Rendered 2517/7176, time remaining: 32m 0s
Rendered 2518/7176, time remaining: 31m 23s
Rendered 2519/7176, time remaining: 31m 23s
Rendered 2520/7176, time remaining: 31m 23s
Rendered 2521/7176, time remaining: 32m 0s
Rendered 2522/7176, time remaining: 31m 59s
Rendered 2523/7176, time remaining: 31m 49s
Rendered 2524/7176, time remaining: 31m 33s
Rendered 2525/7176, time remaining: 31m 25s
Rendered 2526/7176, time remaining: 31m 22s
Rendered 2527/7176, time remaining: 31m 47s
Rendered 2528/7176, time remaining: 31m 50s
Rendered 2529/7176, time remaining: 31m 43s
Rendered 2530/7176, time remaining: 31m 34s
Rendered 2531/7176, time remaining: 31m 36s
Rendered 2532/7176, time remaining: 31m 12s
Rendered 2533/7176, time remaining: 32m 1s
Rendered 2534/7176, time remaining: 32m 1s
Rendered 2535/7176, time remaining: 32m 1s
Rendered 2536/7176, time remaining: 32m 0s
Rendered 2537/7176, time remaining: 31m 55s
Rendered 2538/7176, time remaining: 31m 31s
Rendered 2539/7176, time remaining: 31m 57s
Rendered 2540/7176, time remaining: 31m 53s
Rendered 2541/7176, time remaining: 31m 53s
Rendered 2542/7176, time remaining: 31m 52s
Rendered 2543/7176, time remaining: 31m 50s
Rendered 2544/7176, time remaining: 31m 11s
Rendered 2545/7176, time remaining: 31m 45s
Rendered 2546/7176, time remaining: 31m 54s
Rendered 2547/7176, time remaining: 31m 53s
Rendered 2548/7176, time remaining: 31m 55s
Rendered 2549/7176, time remaining: 31m 56s
Rendered 2550/7176, time remaining: 31m 34s
Rendered 2551/7176, time remaining: 31m 42s
Rendered 2552/7176, time remaining: 31m 45s
Rendered 2553/7176, time remaining: 31m 34s
Rendered 2554/7176, time remaining: 31m 27s
Rendered 2555/7176, time remaining: 31m 26s
Rendered 2556/7176, time remaining: 31m 17s
Rendered 2557/7176, time remaining: 31m 36s
Rendered 2558/7176, time remaining: 31m 37s
Rendered 2559/7176, time remaining: 31m 35s
Rendered 2560/7176, time remaining: 31m 34s
Rendered 2561/7176, time remaining: 31m 35s
Rendered 2562/7176, time remaining: 31m 45s
Rendered 2563/7176, time remaining: 31m 36s
Rendered 2564/7176, time remaining: 31m 36s
Rendered 2565/7176, time remaining: 31m 29s
Rendered 2566/7176, time remaining: 31m 28s
Rendered 2567/7176, time remaining: 31m 30s
Rendered 2568/7176, time remaining: 31m 50s
Rendered 2569/7176, time remaining: 31m 47s
Rendered 2570/7176, time remaining: 31m 52s
Rendered 2571/7176, time remaining: 31m 52s
Rendered 2572/7176, time remaining: 31m 46s
Rendered 2573/7176, time remaining: 31m 47s
Rendered 2574/7176, time remaining: 31m 48s
Rendered 2575/7176, time remaining: 31m 47s
Rendered 2576/7176, time remaining: 31m 43s
Rendered 2577/7176, time remaining: 31m 50s
Rendered 2578/7176, time remaining: 31m 44s
Rendered 2579/7176, time remaining: 31m 41s
Rendered 2580/7176, time remaining: 31m 28s
Rendered 2581/7176, time remaining: 31m 46s
Rendered 2582/7176, time remaining: 31m 48s
Rendered 2583/7176, time remaining: 31m 58s
Rendered 2584/7176, time remaining: 31m 55s
Rendered 2585/7176, time remaining: 31m 45s
Rendered 2586/7176, time remaining: 31m 33s
Rendered 2587/7176, time remaining: 31m 38s
Rendered 2588/7176, time remaining: 31m 38s
Rendered 2589/7176, time remaining: 31m 36s
Rendered 2590/7176, time remaining: 31m 41s
Rendered 2591/7176, time remaining: 31m 41s
Rendered 2592/7176, time remaining: 31m 27s
Rendered 2593/7176, time remaining: 31m 34s
Rendered 2594/7176, time remaining: 31m 34s
Rendered 2595/7176, time remaining: 31m 33s
Rendered 2596/7176, time remaining: 31m 32s
Rendered 2597/7176, time remaining: 31m 32s
Rendered 2598/7176, time remaining: 31m 32s
Rendered 2599/7176, time remaining: 31m 34s
Rendered 2600/7176, time remaining: 31m 35s
Rendered 2601/7176, time remaining: 31m 36s
Rendered 2602/7176, time remaining: 31m 38s
Rendered 2603/7176, time remaining: 31m 47s
Rendered 2604/7176, time remaining: 31m 40s
Rendered 2605/7176, time remaining: 31m 44s
Rendered 2606/7176, time remaining: 31m 49s
Rendered 2607/7176, time remaining: 31m 47s
Rendered 2608/7176, time remaining: 31m 46s
Rendered 2609/7176, time remaining: 31m 44s
Rendered 2610/7176, time remaining: 31m 40s
Rendered 2611/7176, time remaining: 32m 0s
Rendered 2612/7176, time remaining: 31m 58s
Rendered 2613/7176, time remaining: 31m 58s
Rendered 2614/7176, time remaining: 31m 52s
Rendered 2615/7176, time remaining: 31m 50s
Rendered 2616/7176, time remaining: 31m 48s
Rendered 2617/7176, time remaining: 31m 23s
Rendered 2618/7176, time remaining: 31m 42s
Rendered 2619/7176, time remaining: 31m 36s
Rendered 2620/7176, time remaining: 31m 38s
Rendered 2621/7176, time remaining: 31m 45s
Rendered 2622/7176, time remaining: 31m 45s
Rendered 2623/7176, time remaining: 31m 19s
Rendered 2624/7176, time remaining: 31m 47s
Rendered 2625/7176, time remaining: 31m 48s
Rendered 2626/7176, time remaining: 31m 47s
Rendered 2627/7176, time remaining: 31m 48s
Rendered 2628/7176, time remaining: 31m 45s
Rendered 2629/7176, time remaining: 30m 56s
Rendered 2630/7176, time remaining: 31m 42s
Rendered 2631/7176, time remaining: 31m 44s
Rendered 2632/7176, time remaining: 31m 43s
Rendered 2633/7176, time remaining: 31m 43s
Rendered 2634/7176, time remaining: 31m 41s
Rendered 2635/7176, time remaining: 31m 18s
Rendered 2636/7176, time remaining: 32m 3s
Rendered 2637/7176, time remaining: 32m 2s
Rendered 2638/7176, time remaining: 32m 2s
Rendered 2639/7176, time remaining: 32m 1s
Rendered 2640/7176, time remaining: 32m 0s
Rendered 2641/7176, time remaining: 31m 7s
Rendered 2642/7176, time remaining: 31m 44s
Rendered 2643/7176, time remaining: 31m 46s
Rendered 2644/7176, time remaining: 31m 48s
Rendered 2645/7176, time remaining: 31m 46s
Rendered 2646/7176, time remaining: 31m 45s
Rendered 2647/7176, time remaining: 31m 17s
Rendered 2648/7176, time remaining: 31m 50s
Rendered 2649/7176, time remaining: 31m 52s
Rendered 2650/7176, time remaining: 32m 0s
Rendered 2651/7176, time remaining: 31m 59s
Rendered 2652/7176, time remaining: 31m 56s
Rendered 2653/7176, time remaining: 31m 20s
Rendered 2654/7176, time remaining: 31m 36s
Rendered 2655/7176, time remaining: 31m 34s
Rendered 2656/7176, time remaining: 31m 34s
Rendered 2657/7176, time remaining: 31m 35s
Rendered 2658/7176, time remaining: 31m 36s
Rendered 2659/7176, time remaining: 31m 6s
Rendered 2660/7176, time remaining: 31m 43s
Rendered 2661/7176, time remaining: 31m 46s
Rendered 2662/7176, time remaining: 31m 48s
Rendered 2663/7176, time remaining: 31m 52s
Rendered 2664/7176, time remaining: 31m 52s
Rendered 2665/7176, time remaining: 31m 13s
Rendered 2666/7176, time remaining: 31m 41s
Rendered 2667/7176, time remaining: 31m 38s
Rendered 2668/7176, time remaining: 31m 39s
Rendered 2669/7176, time remaining: 31m 36s
Rendered 2670/7176, time remaining: 31m 34s
Rendered 2671/7176, time remaining: 31m 8s
Rendered 2672/7176, time remaining: 31m 38s
Rendered 2673/7176, time remaining: 31m 39s
Rendered 2674/7176, time remaining: 31m 46s
Rendered 2675/7176, time remaining: 31m 51s
Rendered 2676/7176, time remaining: 32m 2s
Rendered 2677/7176, time remaining: 31m 38s
Rendered 2678/7176, time remaining: 31m 41s
Rendered 2679/7176, time remaining: 31m 38s
Rendered 2680/7176, time remaining: 31m 55s
Rendered 2681/7176, time remaining: 31m 54s
Rendered 2682/7176, time remaining: 31m 53s
Rendered 2683/7176, time remaining: 31m 8s
Rendered 2684/7176, time remaining: 31m 7s
Rendered 2685/7176, time remaining: 31m 26s
Rendered 2686/7176, time remaining: 31m 44s
Rendered 2687/7176, time remaining: 31m 44s
Rendered 2688/7176, time remaining: 31m 49s
Rendered 2689/7176, time remaining: 31m 18s
Rendered 2690/7176, time remaining: 31m 17s
Rendered 2691/7176, time remaining: 31m 29s
Rendered 2692/7176, time remaining: 31m 35s
Rendered 2693/7176, time remaining: 31m 33s
Rendered 2694/7176, time remaining: 31m 28s
Rendered 2695/7176, time remaining: 30m 53s
Rendered 2696/7176, time remaining: 30m 48s
Rendered 2697/7176, time remaining: 31m 22s
Rendered 2698/7176, time remaining: 31m 20s
Rendered 2699/7176, time remaining: 31m 19s
Rendered 2700/7176, time remaining: 31m 16s
Rendered 2701/7176, time remaining: 31m 3s
Rendered 2702/7176, time remaining: 30m 58s
Rendered 2703/7176, time remaining: 31m 38s
Rendered 2704/7176, time remaining: 31m 35s
Rendered 2705/7176, time remaining: 31m 32s
Rendered 2706/7176, time remaining: 31m 21s
Rendered 2707/7176, time remaining: 30m 49s
Rendered 2708/7176, time remaining: 30m 44s
Rendered 2709/7176, time remaining: 31m 30s
Rendered 2710/7176, time remaining: 31m 32s
Rendered 2711/7176, time remaining: 31m 25s
Rendered 2712/7176, time remaining: 31m 0s
Rendered 2713/7176, time remaining: 31m 1s
Rendered 2714/7176, time remaining: 30m 59s
Rendered 2715/7176, time remaining: 31m 6s
Rendered 2716/7176, time remaining: 31m 32s
Rendered 2717/7176, time remaining: 31m 27s
Rendered 2718/7176, time remaining: 30m 36s
Rendered 2719/7176, time remaining: 30m 32s
Rendered 2720/7176, time remaining: 30m 26s
Rendered 2721/7176, time remaining: 30m 28s
Rendered 2722/7176, time remaining: 30m 57s
Rendered 2723/7176, time remaining: 30m 56s
Rendered 2724/7176, time remaining: 30m 41s
Rendered 2725/7176, time remaining: 30m 34s
Rendered 2726/7176, time remaining: 30m 40s
Rendered 2727/7176, time remaining: 30m 35s
Rendered 2728/7176, time remaining: 31m 15s
Rendered 2729/7176, time remaining: 31m 14s
Rendered 2730/7176, time remaining: 31m 3s
Rendered 2731/7176, time remaining: 30m 40s
Rendered 2732/7176, time remaining: 30m 39s
Rendered 2733/7176, time remaining: 30m 35s
Rendered 2734/7176, time remaining: 30m 57s
Rendered 2735/7176, time remaining: 31m 2s
Rendered 2736/7176, time remaining: 30m 48s
Rendered 2737/7176, time remaining: 30m 42s
Rendered 2738/7176, time remaining: 30m 48s
Rendered 2739/7176, time remaining: 30m 49s
Rendered 2740/7176, time remaining: 31m 14s
Rendered 2741/7176, time remaining: 31m 17s
Rendered 2742/7176, time remaining: 30m 53s
Rendered 2743/7176, time remaining: 30m 47s
Rendered 2744/7176, time remaining: 30m 42s
Rendered 2745/7176, time remaining: 30m 40s
Rendered 2746/7176, time remaining: 30m 58s
Rendered 2747/7176, time remaining: 30m 49s
Rendered 2748/7176, time remaining: 30m 29s
Rendered 2749/7176, time remaining: 30m 25s
Rendered 2750/7176, time remaining: 30m 28s
Rendered 2751/7176, time remaining: 30m 30s
Rendered 2752/7176, time remaining: 31m 5s
Rendered 2753/7176, time remaining: 30m 58s
Rendered 2754/7176, time remaining: 31m 6s
Rendered 2755/7176, time remaining: 30m 22s
Rendered 2756/7176, time remaining: 30m 15s
Rendered 2757/7176, time remaining: 30m 12s
Rendered 2758/7176, time remaining: 30m 28s
Rendered 2759/7176, time remaining: 30m 35s
Rendered 2760/7176, time remaining: 30m 35s
Rendered 2761/7176, time remaining: 29m 56s
Rendered 2762/7176, time remaining: 30m 5s
Rendered 2763/7176, time remaining: 30m 6s
Rendered 2764/7176, time remaining: 30m 23s
Rendered 2765/7176, time remaining: 30m 25s
Rendered 2766/7176, time remaining: 30m 23s
Rendered 2767/7176, time remaining: 30m 25s
Rendered 2768/7176, time remaining: 30m 7s
Rendered 2769/7176, time remaining: 30m 8s
Rendered 2770/7176, time remaining: 30m 5s
Rendered 2771/7176, time remaining: 29m 56s
Rendered 2772/7176, time remaining: 29m 52s
Rendered 2773/7176, time remaining: 30m 11s
Rendered 2774/7176, time remaining: 29m 53s
Rendered 2775/7176, time remaining: 29m 51s
Rendered 2776/7176, time remaining: 29m 53s
Rendered 2777/7176, time remaining: 29m 59s
Rendered 2778/7176, time remaining: 30m 2s
Rendered 2779/7176, time remaining: 30m 25s
Rendered 2780/7176, time remaining: 29m 47s
Rendered 2781/7176, time remaining: 29m 46s
Rendered 2782/7176, time remaining: 29m 50s
Rendered 2783/7176, time remaining: 29m 52s
Rendered 2784/7176, time remaining: 29m 51s
Rendered 2785/7176, time remaining: 29m 52s
Rendered 2786/7176, time remaining: 29m 6s
Rendered 2787/7176, time remaining: 29m 12s
Rendered 2788/7176, time remaining: 29m 11s
Rendered 2789/7176, time remaining: 29m 23s
Rendered 2790/7176, time remaining: 29m 39s
Rendered 2791/7176, time remaining: 29m 45s
Rendered 2792/7176, time remaining: 29m 9s
Rendered 2793/7176, time remaining: 29m 13s
Rendered 2794/7176, time remaining: 29m 11s
Rendered 2795/7176, time remaining: 29m 34s
Rendered 2796/7176, time remaining: 29m 34s
Rendered 2797/7176, time remaining: 29m 32s
Rendered 2798/7176, time remaining: 28m 57s
Rendered 2799/7176, time remaining: 28m 55s
Rendered 2800/7176, time remaining: 28m 45s
Rendered 2801/7176, time remaining: 29m 10s
Rendered 2802/7176, time remaining: 29m 16s
Rendered 2803/7176, time remaining: 29m 18s
Rendered 2804/7176, time remaining: 28m 59s
Rendered 2805/7176, time remaining: 28m 58s
Rendered 2806/7176, time remaining: 28m 58s
Rendered 2807/7176, time remaining: 29m 38s
Rendered 2808/7176, time remaining: 29m 41s
Rendered 2809/7176, time remaining: 29m 42s
Rendered 2810/7176, time remaining: 29m 3s
Rendered 2811/7176, time remaining: 28m 59s
Rendered 2812/7176, time remaining: 29m 6s
Rendered 2813/7176, time remaining: 29m 15s
Rendered 2814/7176, time remaining: 29m 15s
Rendered 2815/7176, time remaining: 29m 26s
Rendered 2816/7176, time remaining: 28m 58s
Rendered 2817/7176, time remaining: 29m 15s
Rendered 2818/7176, time remaining: 29m 27s
Rendered 2819/7176, time remaining: 29m 36s
Rendered 2820/7176, time remaining: 29m 34s
Rendered 2821/7176, time remaining: 29m 33s
Rendered 2822/7176, time remaining: 29m 4s
Rendered 2823/7176, time remaining: 29m 14s
Rendered 2824/7176, time remaining: 29m 8s
Rendered 2825/7176, time remaining: 29m 5s
Rendered 2826/7176, time remaining: 28m 53s
Rendered 2827/7176, time remaining: 28m 52s
Rendered 2828/7176, time remaining: 28m 46s
Rendered 2829/7176, time remaining: 29m 22s
Rendered 2830/7176, time remaining: 29m 9s
Rendered 2831/7176, time remaining: 29m 9s
Rendered 2832/7176, time remaining: 29m 7s
Rendered 2833/7176, time remaining: 29m 3s
Rendered 2834/7176, time remaining: 29m 12s
Rendered 2835/7176, time remaining: 29m 12s
Rendered 2836/7176, time remaining: 28m 56s
Rendered 2837/7176, time remaining: 28m 54s
Rendered 2838/7176, time remaining: 28m 48s
Rendered 2839/7176, time remaining: 28m 46s
Rendered 2840/7176, time remaining: 28m 46s
Rendered 2841/7176, time remaining: 28m 52s
Rendered 2842/7176, time remaining: 28m 54s
Rendered 2843/7176, time remaining: 29m 1s
Rendered 2844/7176, time remaining: 29m 2s
Rendered 2845/7176, time remaining: 29m 3s
Rendered 2846/7176, time remaining: 28m 58s
Rendered 2847/7176, time remaining: 28m 51s
Rendered 2848/7176, time remaining: 28m 50s
Rendered 2849/7176, time remaining: 28m 54s
Rendered 2850/7176, time remaining: 28m 53s
Rendered 2851/7176, time remaining: 28m 49s
Rendered 2852/7176, time remaining: 28m 56s
Rendered 2853/7176, time remaining: 28m 38s
Rendered 2854/7176, time remaining: 28m 41s
Rendered 2855/7176, time remaining: 28m 43s
Rendered 2856/7176, time remaining: 28m 45s
Rendered 2857/7176, time remaining: 28m 51s
Rendered 2858/7176, time remaining: 28m 58s
Rendered 2859/7176, time remaining: 28m 40s
Rendered 2860/7176, time remaining: 28m 38s
Rendered 2861/7176, time remaining: 28m 36s
Rendered 2862/7176, time remaining: 28m 37s
Rendered 2863/7176, time remaining: 28m 35s
Rendered 2864/7176, time remaining: 28m 41s
Rendered 2865/7176, time remaining: 28m 54s
Rendered 2866/7176, time remaining: 28m 29s
Rendered 2867/7176, time remaining: 28m 31s
Rendered 2868/7176, time remaining: 28m 33s
Rendered 2869/7176, time remaining: 28m 41s
Rendered 2870/7176, time remaining: 28m 43s
Rendered 2871/7176, time remaining: 29m 5s
Rendered 2872/7176, time remaining: 28m 39s
Rendered 2873/7176, time remaining: 28m 36s
Rendered 2874/7176, time remaining: 28m 35s
Rendered 2875/7176, time remaining: 28m 39s
Rendered 2876/7176, time remaining: 28m 32s
Rendered 2877/7176, time remaining: 28m 45s
Rendered 2878/7176, time remaining: 28m 8s
Rendered 2879/7176, time remaining: 28m 10s
Rendered 2880/7176, time remaining: 28m 5s
Rendered 2881/7176, time remaining: 28m 5s
Rendered 2882/7176, time remaining: 28m 7s
Rendered 2883/7176, time remaining: 28m 30s
Rendered 2884/7176, time remaining: 28m 18s
Rendered 2885/7176, time remaining: 28m 12s
Rendered 2886/7176, time remaining: 28m 9s
Rendered 2887/7176, time remaining: 28m 5s
Rendered 2888/7176, time remaining: 27m 57s
Rendered 2889/7176, time remaining: 28m 4s
Rendered 2890/7176, time remaining: 27m 55s
Rendered 2891/7176, time remaining: 27m 49s
Rendered 2892/7176, time remaining: 27m 49s
Rendered 2893/7176, time remaining: 27m 47s
Rendered 2894/7176, time remaining: 27m 45s
Rendered 2895/7176, time remaining: 27m 55s
Rendered 2896/7176, time remaining: 28m 31s
Rendered 2897/7176, time remaining: 28m 34s
Rendered 2898/7176, time remaining: 28m 25s
Rendered 2899/7176, time remaining: 28m 24s
Rendered 2900/7176, time remaining: 28m 22s
Rendered 2901/7176, time remaining: 28m 19s
Rendered 2902/7176, time remaining: 28m 14s
Rendered 2903/7176, time remaining: 28m 14s
Rendered 2904/7176, time remaining: 28m 4s
Rendered 2905/7176, time remaining: 28m 5s
Rendered 2906/7176, time remaining: 28m 9s
Rendered 2907/7176, time remaining: 28m 13s
Rendered 2908/7176, time remaining: 28m 22s
Rendered 2909/7176, time remaining: 28m 32s
Rendered 2910/7176, time remaining: 28m 30s
Rendered 2911/7176, time remaining: 28m 20s
Rendered 2912/7176, time remaining: 28m 12s
Rendered 2913/7176, time remaining: 28m 18s
Rendered 2914/7176, time remaining: 28m 13s
Rendered 2915/7176, time remaining: 28m 20s
Rendered 2916/7176, time remaining: 28m 19s
Rendered 2917/7176, time remaining: 27m 59s
Rendered 2918/7176, time remaining: 28m 0s
Rendered 2919/7176, time remaining: 28m 7s
Rendered 2920/7176, time remaining: 28m 19s
Rendered 2921/7176, time remaining: 28m 18s
Rendered 2922/7176, time remaining: 28m 28s
Rendered 2923/7176, time remaining: 27m 59s
Rendered 2924/7176, time remaining: 27m 50s
Rendered 2925/7176, time remaining: 28m 9s
Rendered 2926/7176, time remaining: 28m 28s
Rendered 2927/7176, time remaining: 28m 21s
Rendered 2928/7176, time remaining: 28m 21s
Rendered 2929/7176, time remaining: 28m 4s
Rendered 2930/7176, time remaining: 27m 55s
Rendered 2931/7176, time remaining: 27m 56s
Rendered 2932/7176, time remaining: 28m 38s
Rendered 2933/7176, time remaining: 28m 34s
Rendered 2934/7176, time remaining: 28m 33s
Rendered 2935/7176, time remaining: 28m 25s
Rendered 2936/7176, time remaining: 28m 27s
Rendered 2937/7176, time remaining: 28m 22s
Rendered 2938/7176, time remaining: 28m 53s
Rendered 2939/7176, time remaining: 28m 46s
Rendered 2940/7176, time remaining: 28m 32s
Rendered 2941/7176, time remaining: 28m 30s
Rendered 2942/7176, time remaining: 28m 28s
Rendered 2943/7176, time remaining: 28m 25s
Rendered 2944/7176, time remaining: 29m 2s
Rendered 2945/7176, time remaining: 28m 39s
Rendered 2946/7176, time remaining: 28m 37s
Rendered 2947/7176, time remaining: 28m 40s
Rendered 2948/7176, time remaining: 28m 40s
Rendered 2949/7176, time remaining: 28m 42s
Rendered 2950/7176, time remaining: 29m 16s
Rendered 2951/7176, time remaining: 28m 52s
Rendered 2952/7176, time remaining: 28m 50s
Rendered 2953/7176, time remaining: 28m 49s
Rendered 2954/7176, time remaining: 28m 49s
Rendered 2955/7176, time remaining: 28m 49s
Rendered 2956/7176, time remaining: 29m 22s
Rendered 2957/7176, time remaining: 28m 40s
Rendered 2958/7176, time remaining: 28m 38s
Rendered 2959/7176, time remaining: 28m 36s
Rendered 2960/7176, time remaining: 28m 38s
Rendered 2961/7176, time remaining: 28m 39s
Rendered 2962/7176, time remaining: 29m 0s
Rendered 2963/7176, time remaining: 28m 46s
Rendered 2964/7176, time remaining: 28m 46s
Rendered 2965/7176, time remaining: 28m 41s
Rendered 2966/7176, time remaining: 28m 42s
Rendered 2967/7176, time remaining: 28m 26s
Rendered 2968/7176, time remaining: 28m 37s
Rendered 2969/7176, time remaining: 28m 35s
Rendered 2970/7176, time remaining: 28m 45s
Rendered 2971/7176, time remaining: 28m 36s
Rendered 2972/7176, time remaining: 28m 36s
Rendered 2973/7176, time remaining: 28m 36s
Rendered 2974/7176, time remaining: 28m 54s
Rendered 2975/7176, time remaining: 28m 52s
Rendered 2976/7176, time remaining: 29m 1s
Rendered 2977/7176, time remaining: 28m 59s
Rendered 2978/7176, time remaining: 29m 3s
Rendered 2979/7176, time remaining: 28m 49s
Rendered 2980/7176, time remaining: 28m 52s
Rendered 2981/7176, time remaining: 28m 54s
Rendered 2982/7176, time remaining: 28m 53s
Rendered 2983/7176, time remaining: 28m 54s
Rendered 2984/7176, time remaining: 28m 49s
Rendered 2985/7176, time remaining: 28m 35s
Rendered 2986/7176, time remaining: 28m 38s
Rendered 2987/7176, time remaining: 28m 47s
Rendered 2988/7176, time remaining: 28m 57s
Rendered 2989/7176, time remaining: 28m 59s
Rendered 2990/7176, time remaining: 29m 7s
Rendered 2991/7176, time remaining: 28m 48s
Rendered 2992/7176, time remaining: 28m 50s
Rendered 2993/7176, time remaining: 28m 45s
Rendered 2994/7176, time remaining: 28m 55s
Rendered 2995/7176, time remaining: 29m 5s
Rendered 2996/7176, time remaining: 29m 6s
Rendered 2997/7176, time remaining: 28m 39s
Rendered 2998/7176, time remaining: 28m 42s
Rendered 2999/7176, time remaining: 28m 38s
Rendered 3000/7176, time remaining: 29m 7s
Rendered 3001/7176, time remaining: 29m 11s
Rendered 3002/7176, time remaining: 29m 3s
Rendered 3003/7176, time remaining: 28m 57s
Rendered 3004/7176, time remaining: 28m 48s
Rendered 3005/7176, time remaining: 28m 41s
Rendered 3006/7176, time remaining: 28m 52s
Rendered 3007/7176, time remaining: 29m 11s
Rendered 3008/7176, time remaining: 29m 4s
Rendered 3009/7176, time remaining: 28m 40s
Rendered 3010/7176, time remaining: 28m 36s
Rendered 3011/7176, time remaining: 28m 36s
Rendered 3012/7176, time remaining: 28m 35s
Rendered 3013/7176, time remaining: 29m 8s
Rendered 3014/7176, time remaining: 29m 3s
Rendered 3015/7176, time remaining: 28m 47s
Rendered 3016/7176, time remaining: 28m 47s
Rendered 3017/7176, time remaining: 28m 48s
Rendered 3018/7176, time remaining: 29m 2s
Rendered 3019/7176, time remaining: 29m 12s
Rendered 3020/7176, time remaining: 29m 10s
Rendered 3021/7176, time remaining: 28m 46s
Rendered 3022/7176, time remaining: 28m 38s
Rendered 3023/7176, time remaining: 28m 37s
Rendered 3024/7176, time remaining: 28m 34s
Rendered 3025/7176, time remaining: 29m 1s
Rendered 3026/7176, time remaining: 29m 8s
Rendered 3027/7176, time remaining: 28m 54s
Rendered 3028/7176, time remaining: 28m 53s
Rendered 3029/7176, time remaining: 28m 51s
Rendered 3030/7176, time remaining: 28m 53s
Rendered 3031/7176, time remaining: 29m 26s
Rendered 3032/7176, time remaining: 29m 22s
Rendered 3033/7176, time remaining: 28m 52s
Rendered 3034/7176, time remaining: 28m 41s
Rendered 3035/7176, time remaining: 28m 41s
Rendered 3036/7176, time remaining: 28m 40s
Rendered 3037/7176, time remaining: 29m 16s
Rendered 3038/7176, time remaining: 29m 21s
Rendered 3039/7176, time remaining: 29m 15s
Rendered 3040/7176, time remaining: 28m 57s
Rendered 3041/7176, time remaining: 28m 57s
Rendered 3042/7176, time remaining: 28m 57s
Rendered 3043/7176, time remaining: 29m 27s
Rendered 3044/7176, time remaining: 29m 32s
Rendered 3045/7176, time remaining: 29m 24s
Rendered 3046/7176, time remaining: 28m 32s
Rendered 3047/7176, time remaining: 28m 28s
Rendered 3048/7176, time remaining: 28m 28s
Rendered 3049/7176, time remaining: 29m 9s
Rendered 3050/7176, time remaining: 29m 14s
Rendered 3051/7176, time remaining: 29m 14s
Rendered 3052/7176, time remaining: 28m 44s
Rendered 3053/7176, time remaining: 28m 43s
Rendered 3054/7176, time remaining: 28m 42s
Rendered 3055/7176, time remaining: 29m 11s
Rendered 3056/7176, time remaining: 29m 9s
Rendered 3057/7176, time remaining: 29m 4s
Rendered 3058/7176, time remaining: 28m 37s
Rendered 3059/7176, time remaining: 28m 21s
Rendered 3060/7176, time remaining: 28m 19s
Rendered 3061/7176, time remaining: 28m 45s
Rendered 3062/7176, time remaining: 28m 50s
Rendered 3063/7176, time remaining: 28m 43s
Rendered 3064/7176, time remaining: 28m 31s
Rendered 3065/7176, time remaining: 28m 24s
Rendered 3066/7176, time remaining: 28m 32s
Rendered 3067/7176, time remaining: 28m 54s
Rendered 3068/7176, time remaining: 28m 57s
Rendered 3069/7176, time remaining: 28m 46s
Rendered 3070/7176, time remaining: 28m 33s
Rendered 3071/7176, time remaining: 28m 34s
Rendered 3072/7176, time remaining: 28m 28s
Rendered 3073/7176, time remaining: 28m 54s
Rendered 3074/7176, time remaining: 29m 2s
Rendered 3075/7176, time remaining: 28m 48s
Rendered 3076/7176, time remaining: 28m 30s
Rendered 3077/7176, time remaining: 28m 32s
Rendered 3078/7176, time remaining: 28m 43s
Rendered 3079/7176, time remaining: 28m 54s
Rendered 3080/7176, time remaining: 28m 54s
Rendered 3081/7176, time remaining: 28m 50s
Rendered 3082/7176, time remaining: 28m 2s
Rendered 3083/7176, time remaining: 28m 2s
Rendered 3084/7176, time remaining: 28m 6s
Rendered 3085/7176, time remaining: 28m 28s
Rendered 3086/7176, time remaining: 28m 29s
Rendered 3087/7176, time remaining: 28m 30s
Rendered 3088/7176, time remaining: 28m 1s
Rendered 3089/7176, time remaining: 28m 2s
Rendered 3090/7176, time remaining: 28m 0s
Rendered 3091/7176, time remaining: 28m 19s
Rendered 3092/7176, time remaining: 28m 17s
Rendered 3093/7176, time remaining: 28m 14s
Rendered 3094/7176, time remaining: 27m 36s
Rendered 3095/7176, time remaining: 27m 44s
Rendered 3096/7176, time remaining: 27m 41s
Rendered 3097/7176, time remaining: 28m 2s
Rendered 3098/7176, time remaining: 28m 6s
Rendered 3099/7176, time remaining: 28m 6s
Rendered 3100/7176, time remaining: 27m 35s
Rendered 3101/7176, time remaining: 27m 41s
Rendered 3102/7176, time remaining: 27m 36s
Rendered 3103/7176, time remaining: 28m 1s
Rendered 3104/7176, time remaining: 28m 1s
Rendered 3105/7176, time remaining: 28m 0s
Rendered 3106/7176, time remaining: 27m 26s
Rendered 3107/7176, time remaining: 27m 26s
Rendered 3108/7176, time remaining: 27m 29s
Rendered 3109/7176, time remaining: 27m 46s
Rendered 3110/7176, time remaining: 27m 52s
Rendered 3111/7176, time remaining: 27m 53s
Rendered 3112/7176, time remaining: 27m 25s
Rendered 3113/7176, time remaining: 27m 27s
Rendered 3114/7176, time remaining: 27m 34s
Rendered 3115/7176, time remaining: 27m 54s
Rendered 3116/7176, time remaining: 27m 53s
Rendered 3117/7176, time remaining: 27m 52s
Rendered 3118/7176, time remaining: 27m 26s
Rendered 3119/7176, time remaining: 27m 17s
Rendered 3120/7176, time remaining: 27m 14s
Rendered 3121/7176, time remaining: 27m 34s
Rendered 3122/7176, time remaining: 27m 49s
Rendered 3123/7176, time remaining: 27m 40s
Rendered 3124/7176, time remaining: 27m 30s
Rendered 3125/7176, time remaining: 27m 33s
Rendered 3126/7176, time remaining: 27m 32s
Rendered 3127/7176, time remaining: 27m 45s
Rendered 3128/7176, time remaining: 27m 50s
Rendered 3129/7176, time remaining: 27m 29s
Rendered 3130/7176, time remaining: 27m 21s
Rendered 3131/7176, time remaining: 27m 15s
Rendered 3132/7176, time remaining: 27m 18s
Rendered 3133/7176, time remaining: 27m 30s
Rendered 3134/7176, time remaining: 27m 31s
Rendered 3135/7176, time remaining: 27m 28s
Rendered 3136/7176, time remaining: 27m 25s
Rendered 3137/7176, time remaining: 27m 18s
Rendered 3138/7176, time remaining: 27m 14s
Rendered 3139/7176, time remaining: 27m 40s
Rendered 3140/7176, time remaining: 27m 30s
Rendered 3141/7176, time remaining: 27m 28s
Rendered 3142/7176, time remaining: 27m 16s
Rendered 3143/7176, time remaining: 27m 14s
Rendered 3144/7176, time remaining: 27m 9s
Rendered 3145/7176, time remaining: 27m 9s
Rendered 3146/7176, time remaining: 27m 19s
Rendered 3147/7176, time remaining: 27m 19s
Rendered 3148/7176, time remaining: 27m 16s
Rendered 3149/7176, time remaining: 27m 22s
Rendered 3150/7176, time remaining: 26m 55s
Rendered 3151/7176, time remaining: 27m 21s
Rendered 3152/7176, time remaining: 27m 21s
Rendered 3153/7176, time remaining: 27m 8s
Rendered 3154/7176, time remaining: 27m 12s
Rendered 3155/7176, time remaining: 27m 15s
Rendered 3156/7176, time remaining: 27m 3s
Rendered 3157/7176, time remaining: 27m 10s
Rendered 3158/7176, time remaining: 27m 19s
Rendered 3159/7176, time remaining: 27m 19s
Rendered 3160/7176, time remaining: 27m 20s
Rendered 3161/7176, time remaining: 27m 20s
Rendered 3162/7176, time remaining: 27m 22s
Rendered 3163/7176, time remaining: 27m 23s
Rendered 3164/7176, time remaining: 27m 24s
Rendered 3165/7176, time remaining: 27m 18s
Rendered 3166/7176, time remaining: 27m 15s
Rendered 3167/7176, time remaining: 27m 12s
Rendered 3168/7176, time remaining: 26m 56s
Rendered 3169/7176, time remaining: 27m 4s
Rendered 3170/7176, time remaining: 27m 5s
Rendered 3171/7176, time remaining: 27m 3s
Rendered 3172/7176, time remaining: 27m 4s
Rendered 3173/7176, time remaining: 27m 6s
Rendered 3174/7176, time remaining: 27m 9s
Rendered 3175/7176, time remaining: 27m 21s
Rendered 3176/7176, time remaining: 27m 17s
Rendered 3177/7176, time remaining: 27m 14s
Rendered 3178/7176, time remaining: 27m 12s
Rendered 3179/7176, time remaining: 27m 10s
Rendered 3180/7176, time remaining: 27m 10s
Rendered 3181/7176, time remaining: 27m 8s
Rendered 3182/7176, time remaining: 27m 10s
Rendered 3183/7176, time remaining: 27m 14s
Rendered 3184/7176, time remaining: 27m 13s
Rendered 3185/7176, time remaining: 27m 14s
Rendered 3186/7176, time remaining: 27m 18s
Rendered 3187/7176, time remaining: 27m 16s
Rendered 3188/7176, time remaining: 27m 13s
Rendered 3189/7176, time remaining: 27m 11s
Rendered 3190/7176, time remaining: 27m 10s
Rendered 3191/7176, time remaining: 27m 9s
Rendered 3192/7176, time remaining: 27m 8s
Rendered 3193/7176, time remaining: 26m 59s
Rendered 3194/7176, time remaining: 27m 7s
Rendered 3195/7176, time remaining: 27m 8s
Rendered 3196/7176, time remaining: 27m 12s
Rendered 3197/7176, time remaining: 27m 12s
Rendered 3198/7176, time remaining: 27m 17s
Rendered 3199/7176, time remaining: 26m 55s
Rendered 3200/7176, time remaining: 26m 49s
Rendered 3201/7176, time remaining: 27m 3s
Rendered 3202/7176, time remaining: 27m 5s
Rendered 3203/7176, time remaining: 27m 4s
Rendered 3204/7176, time remaining: 27m 10s
Rendered 3205/7176, time remaining: 26m 50s
Rendered 3206/7176, time remaining: 26m 51s
Rendered 3207/7176, time remaining: 26m 54s
Rendered 3208/7176, time remaining: 26m 53s
Rendered 3209/7176, time remaining: 26m 50s
Rendered 3210/7176, time remaining: 27m 3s
Rendered 3211/7176, time remaining: 27m 7s
Rendered 3212/7176, time remaining: 27m 0s
Rendered 3213/7176, time remaining: 27m 1s
Rendered 3214/7176, time remaining: 27m 2s
Rendered 3215/7176, time remaining: 27m 2s
Rendered 3216/7176, time remaining: 26m 57s
Rendered 3217/7176, time remaining: 26m 56s
Rendered 3218/7176, time remaining: 26m 48s
Rendered 3219/7176, time remaining: 26m 49s
Rendered 3220/7176, time remaining: 26m 50s
Rendered 3221/7176, time remaining: 26m 50s
Rendered 3222/7176, time remaining: 26m 58s
Rendered 3223/7176, time remaining: 26m 55s
Rendered 3224/7176, time remaining: 26m 57s
Rendered 3225/7176, time remaining: 26m 54s
Rendered 3226/7176, time remaining: 26m 54s
Rendered 3227/7176, time remaining: 26m 51s
Rendered 3228/7176, time remaining: 26m 36s
Rendered 3229/7176, time remaining: 26m 48s
Rendered 3230/7176, time remaining: 26m 47s
Rendered 3231/7176, time remaining: 26m 47s
Rendered 3232/7176, time remaining: 26m 47s
Rendered 3233/7176, time remaining: 26m 45s
Rendered 3234/7176, time remaining: 26m 40s
Rendered 3235/7176, time remaining: 26m 51s
Rendered 3236/7176, time remaining: 26m 55s
Rendered 3237/7176, time remaining: 26m 55s
Rendered 3238/7176, time remaining: 26m 53s
Rendered 3239/7176, time remaining: 26m 50s
Rendered 3240/7176, time remaining: 26m 51s
Rendered 3241/7176, time remaining: 26m 44s
Rendered 3242/7176, time remaining: 27m 4s
Rendered 3243/7176, time remaining: 27m 16s
Rendered 3244/7176, time remaining: 27m 18s
Rendered 3245/7176, time remaining: 27m 10s
Rendered 3246/7176, time remaining: 27m 10s
Rendered 3247/7176, time remaining: 26m 50s
Rendered 3248/7176, time remaining: 27m 8s
Rendered 3249/7176, time remaining: 27m 26s
Rendered 3250/7176, time remaining: 27m 26s
Rendered 3251/7176, time remaining: 27m 19s
Rendered 3252/7176, time remaining: 27m 25s
Rendered 3253/7176, time remaining: 27m 16s
Rendered 3254/7176, time remaining: 27m 16s
Rendered 3255/7176, time remaining: 27m 17s
Rendered 3256/7176, time remaining: 27m 15s
Rendered 3257/7176, time remaining: 27m 14s
Rendered 3258/7176, time remaining: 27m 19s
Rendered 3259/7176, time remaining: 27m 7s
Rendered 3260/7176, time remaining: 27m 8s
Rendered 3261/7176, time remaining: 27m 10s
Rendered 3262/7176, time remaining: 27m 14s
Rendered 3263/7176, time remaining: 27m 15s
Rendered 3264/7176, time remaining: 27m 13s
Rendered 3265/7176, time remaining: 26m 58s
Rendered 3266/7176, time remaining: 27m 13s
Rendered 3267/7176, time remaining: 27m 29s
Rendered 3268/7176, time remaining: 27m 34s
Rendered 3269/7176, time remaining: 27m 38s
Rendered 3270/7176, time remaining: 27m 35s
Rendered 3271/7176, time remaining: 27m 12s
Rendered 3272/7176, time remaining: 26m 59s
Rendered 3273/7176, time remaining: 27m 4s
Rendered 3274/7176, time remaining: 26m 58s
Rendered 3275/7176, time remaining: 27m 14s
Rendered 3276/7176, time remaining: 27m 18s
Rendered 3277/7176, time remaining: 27m 7s
Rendered 3278/7176, time remaining: 26m 56s
Rendered 3279/7176, time remaining: 27m 4s
Rendered 3280/7176, time remaining: 27m 4s
Rendered 3281/7176, time remaining: 27m 29s
Rendered 3282/7176, time remaining: 27m 28s
Rendered 3283/7176, time remaining: 27m 12s
Rendered 3284/7176, time remaining: 27m 4s
Rendered 3285/7176, time remaining: 27m 5s
Rendered 3286/7176, time remaining: 27m 3s
Rendered 3287/7176, time remaining: 27m 30s
Rendered 3288/7176, time remaining: 27m 26s
Rendered 3289/7176, time remaining: 27m 3s
Rendered 3290/7176, time remaining: 27m 2s
Rendered 3291/7176, time remaining: 27m 2s
Rendered 3292/7176, time remaining: 27m 4s
Rendered 3293/7176, time remaining: 27m 29s
Rendered 3294/7176, time remaining: 27m 22s
Rendered 3295/7176, time remaining: 27m 12s
Rendered 3296/7176, time remaining: 26m 57s
Rendered 3297/7176, time remaining: 26m 55s
Rendered 3298/7176, time remaining: 27m 1s
Rendered 3299/7176, time remaining: 27m 10s
Rendered 3300/7176, time remaining: 27m 20s
Rendered 3301/7176, time remaining: 26m 56s
Rendered 3302/7176, time remaining: 26m 55s
Rendered 3303/7176, time remaining: 26m 59s
Rendered 3304/7176, time remaining: 27m 4s
Rendered 3305/7176, time remaining: 27m 19s
Rendered 3306/7176, time remaining: 27m 21s
Rendered 3307/7176, time remaining: 26m 52s
Rendered 3308/7176, time remaining: 26m 41s
Rendered 3309/7176, time remaining: 26m 43s
Rendered 3310/7176, time remaining: 26m 42s
Rendered 3311/7176, time remaining: 26m 48s
Rendered 3312/7176, time remaining: 27m 5s
Rendered 3313/7176, time remaining: 26m 34s
Rendered 3314/7176, time remaining: 26m 38s
Rendered 3315/7176, time remaining: 26m 41s
Rendered 3316/7176, time remaining: 26m 43s
Rendered 3317/7176, time remaining: 26m 57s
Rendered 3318/7176, time remaining: 27m 8s
Rendered 3319/7176, time remaining: 26m 50s
Rendered 3320/7176, time remaining: 26m 49s
Rendered 3321/7176, time remaining: 26m 47s
Rendered 3322/7176, time remaining: 26m 46s
Rendered 3323/7176, time remaining: 26m 48s
Rendered 3324/7176, time remaining: 27m 5s
Rendered 3325/7176, time remaining: 26m 29s
Rendered 3326/7176, time remaining: 26m 28s
Rendered 3327/7176, time remaining: 26m 30s
Rendered 3328/7176, time remaining: 26m 31s
Rendered 3329/7176, time remaining: 26m 41s
Rendered 3330/7176, time remaining: 27m 6s
Rendered 3331/7176, time remaining: 26m 36s
Rendered 3332/7176, time remaining: 26m 33s
Rendered 3333/7176, time remaining: 26m 28s
Rendered 3334/7176, time remaining: 26m 28s
Rendered 3335/7176, time remaining: 26m 27s
Rendered 3336/7176, time remaining: 26m 47s
Rendered 3337/7176, time remaining: 26m 18s
Rendered 3338/7176, time remaining: 26m 17s
Rendered 3339/7176, time remaining: 26m 19s
Rendered 3340/7176, time remaining: 26m 22s
Rendered 3341/7176, time remaining: 26m 27s
Rendered 3342/7176, time remaining: 27m 1s
Rendered 3343/7176, time remaining: 26m 44s
Rendered 3344/7176, time remaining: 26m 35s
Rendered 3345/7176, time remaining: 26m 29s
Rendered 3346/7176, time remaining: 26m 21s
Rendered 3347/7176, time remaining: 26m 20s
Rendered 3348/7176, time remaining: 26m 38s
Rendered 3349/7176, time remaining: 26m 16s
Rendered 3350/7176, time remaining: 26m 19s
Rendered 3351/7176, time remaining: 26m 3s
Rendered 3352/7176, time remaining: 26m 3s
Rendered 3353/7176, time remaining: 26m 15s
Rendered 3354/7176, time remaining: 26m 27s
Rendered 3355/7176, time remaining: 26m 20s
Rendered 3356/7176, time remaining: 26m 24s
Rendered 3357/7176, time remaining: 26m 24s
Rendered 3358/7176, time remaining: 26m 24s
Rendered 3359/7176, time remaining: 26m 34s
Rendered 3360/7176, time remaining: 26m 28s
Rendered 3361/7176, time remaining: 25m 59s
Rendered 3362/7176, time remaining: 26m 1s
Rendered 3363/7176, time remaining: 26m 0s
Rendered 3364/7176, time remaining: 26m 0s
Rendered 3365/7176, time remaining: 26m 9s
Rendered 3366/7176, time remaining: 26m 27s
Rendered 3367/7176, time remaining: 26m 9s
Rendered 3368/7176, time remaining: 26m 10s
Rendered 3369/7176, time remaining: 26m 11s
Rendered 3370/7176, time remaining: 26m 15s
Rendered 3371/7176, time remaining: 26m 14s
Rendered 3372/7176, time remaining: 26m 14s
Rendered 3373/7176, time remaining: 26m 2s
Rendered 3374/7176, time remaining: 25m 53s
Rendered 3375/7176, time remaining: 25m 53s
Rendered 3376/7176, time remaining: 25m 49s
Rendered 3377/7176, time remaining: 25m 57s
Rendered 3378/7176, time remaining: 26m 5s
Rendered 3379/7176, time remaining: 25m 57s
Rendered 3380/7176, time remaining: 26m 2s
Rendered 3381/7176, time remaining: 26m 4s
Rendered 3382/7176, time remaining: 26m 5s
Rendered 3383/7176, time remaining: 26m 11s
Rendered 3384/7176, time remaining: 26m 15s
Rendered 3385/7176, time remaining: 25m 44s
Rendered 3386/7176, time remaining: 25m 47s
Rendered 3387/7176, time remaining: 25m 48s
Rendered 3388/7176, time remaining: 25m 45s
Rendered 3389/7176, time remaining: 25m 44s
Rendered 3390/7176, time remaining: 25m 44s
Rendered 3391/7176, time remaining: 25m 44s
Rendered 3392/7176, time remaining: 25m 38s
Rendered 3393/7176, time remaining: 25m 27s
Rendered 3394/7176, time remaining: 25m 33s
Rendered 3395/7176, time remaining: 25m 42s
Rendered 3396/7176, time remaining: 25m 41s
Rendered 3397/7176, time remaining: 25m 43s
Rendered 3398/7176, time remaining: 25m 20s
Rendered 3399/7176, time remaining: 25m 0s
Rendered 3400/7176, time remaining: 25m 4s
Rendered 3401/7176, time remaining: 25m 10s
Rendered 3402/7176, time remaining: 25m 4s
Rendered 3403/7176, time remaining: 24m 54s
Rendered 3404/7176, time remaining: 24m 53s
Rendered 3405/7176, time remaining: 24m 52s
Rendered 3406/7176, time remaining: 25m 18s
Rendered 3407/7176, time remaining: 25m 19s
Rendered 3408/7176, time remaining: 25m 14s
Rendered 3409/7176, time remaining: 25m 7s
Rendered 3410/7176, time remaining: 25m 9s
Rendered 3411/7176, time remaining: 25m 11s
Rendered 3412/7176, time remaining: 25m 8s
Rendered 3413/7176, time remaining: 25m 5s
Rendered 3414/7176, time remaining: 24m 58s
Rendered 3415/7176, time remaining: 24m 50s
Rendered 3416/7176, time remaining: 24m 51s
Rendered 3417/7176, time remaining: 24m 46s
Rendered 3418/7176, time remaining: 24m 54s
Rendered 3419/7176, time remaining: 24m 50s
Rendered 3420/7176, time remaining: 24m 49s
Rendered 3421/7176, time remaining: 24m 54s
Rendered 3422/7176, time remaining: 24m 54s
Rendered 3423/7176, time remaining: 25m 7s
Rendered 3424/7176, time remaining: 25m 6s
Rendered 3425/7176, time remaining: 24m 45s
Rendered 3426/7176, time remaining: 24m 31s
Rendered 3427/7176, time remaining: 24m 27s
Rendered 3428/7176, time remaining: 24m 49s
Rendered 3429/7176, time remaining: 24m 46s
Rendered 3430/7176, time remaining: 24m 48s
Rendered 3431/7176, time remaining: 24m 24s
Rendered 3432/7176, time remaining: 24m 21s
Rendered 3433/7176, time remaining: 24m 35s
Rendered 3434/7176, time remaining: 24m 49s
Rendered 3435/7176, time remaining: 24m 50s
Rendered 3436/7176, time remaining: 24m 49s
Rendered 3437/7176, time remaining: 24m 22s
Rendered 3438/7176, time remaining: 24m 18s
Rendered 3439/7176, time remaining: 24m 17s
Rendered 3440/7176, time remaining: 24m 19s
Rendered 3441/7176, time remaining: 24m 35s
Rendered 3442/7176, time remaining: 24m 37s
Rendered 3443/7176, time remaining: 24m 14s
Rendered 3444/7176, time remaining: 24m 16s
Rendered 3445/7176, time remaining: 24m 22s
Rendered 3446/7176, time remaining: 24m 25s
Rendered 3447/7176, time remaining: 24m 53s
Rendered 3448/7176, time remaining: 24m 48s
Rendered 3449/7176, time remaining: 24m 31s
Rendered 3450/7176, time remaining: 24m 20s
Rendered 3451/7176, time remaining: 24m 14s
Rendered 3452/7176, time remaining: 24m 13s
Rendered 3453/7176, time remaining: 24m 31s
Rendered 3454/7176, time remaining: 24m 25s
Rendered 3455/7176, time remaining: 24m 10s
Rendered 3456/7176, time remaining: 24m 8s
Rendered 3457/7176, time remaining: 24m 9s
Rendered 3458/7176, time remaining: 24m 12s
Rendered 3459/7176, time remaining: 24m 41s
Rendered 3460/7176, time remaining: 24m 40s
Rendered 3461/7176, time remaining: 24m 34s
Rendered 3462/7176, time remaining: 24m 17s
Rendered 3463/7176, time remaining: 24m 16s
Rendered 3464/7176, time remaining: 24m 14s
Rendered 3465/7176, time remaining: 24m 27s
Rendered 3466/7176, time remaining: 24m 26s
Rendered 3467/7176, time remaining: 24m 12s
Rendered 3468/7176, time remaining: 24m 2s
Rendered 3469/7176, time remaining: 23m 56s
Rendered 3470/7176, time remaining: 24m 1s
Rendered 3471/7176, time remaining: 24m 37s
Rendered 3472/7176, time remaining: 24m 39s
Rendered 3473/7176, time remaining: 24m 36s
Rendered 3474/7176, time remaining: 24m 18s
Rendered 3475/7176, time remaining: 24m 12s
Rendered 3476/7176, time remaining: 24m 12s
Rendered 3477/7176, time remaining: 24m 29s
Rendered 3478/7176, time remaining: 24m 27s
Rendered 3479/7176, time remaining: 24m 18s
Rendered 3480/7176, time remaining: 23m 52s
Rendered 3481/7176, time remaining: 23m 50s
Rendered 3482/7176, time remaining: 23m 50s
Rendered 3483/7176, time remaining: 24m 21s
Rendered 3484/7176, time remaining: 24m 24s
Rendered 3485/7176, time remaining: 24m 25s
Rendered 3486/7176, time remaining: 24m 3s
Rendered 3487/7176, time remaining: 24m 1s
Rendered 3488/7176, time remaining: 24m 0s
Rendered 3489/7176, time remaining: 24m 24s
Rendered 3490/7176, time remaining: 24m 20s
Rendered 3491/7176, time remaining: 24m 16s
Rendered 3492/7176, time remaining: 23m 41s
Rendered 3493/7176, time remaining: 23m 38s
Rendered 3494/7176, time remaining: 23m 38s
Rendered 3495/7176, time remaining: 24m 4s
Rendered 3496/7176, time remaining: 24m 12s
Rendered 3497/7176, time remaining: 24m 15s
Rendered 3498/7176, time remaining: 23m 54s
Rendered 3499/7176, time remaining: 24m 2s
Rendered 3500/7176, time remaining: 23m 59s
Rendered 3501/7176, time remaining: 24m 23s
Rendered 3502/7176, time remaining: 24m 20s
Rendered 3503/7176, time remaining: 24m 8s
Rendered 3504/7176, time remaining: 23m 48s
Rendered 3505/7176, time remaining: 23m 45s
Rendered 3506/7176, time remaining: 23m 40s
Rendered 3507/7176, time remaining: 24m 13s
Rendered 3508/7176, time remaining: 24m 15s
Rendered 3509/7176, time remaining: 24m 8s
Rendered 3510/7176, time remaining: 24m 6s
Rendered 3511/7176, time remaining: 24m 7s
Rendered 3512/7176, time remaining: 24m 6s
Rendered 3513/7176, time remaining: 24m 32s
Rendered 3514/7176, time remaining: 24m 28s
Rendered 3515/7176, time remaining: 24m 16s
Rendered 3516/7176, time remaining: 23m 55s
Rendered 3517/7176, time remaining: 23m 52s
Rendered 3518/7176, time remaining: 23m 50s
Rendered 3519/7176, time remaining: 24m 17s
Rendered 3520/7176, time remaining: 24m 13s
Rendered 3521/7176, time remaining: 24m 15s
Rendered 3522/7176, time remaining: 24m 8s
Rendered 3523/7176, time remaining: 24m 5s
Rendered 3524/7176, time remaining: 24m 4s
Rendered 3525/7176, time remaining: 24m 28s
Rendered 3526/7176, time remaining: 24m 29s
Rendered 3527/7176, time remaining: 24m 23s
Rendered 3528/7176, time remaining: 24m 15s
Rendered 3529/7176, time remaining: 23m 57s
Rendered 3530/7176, time remaining: 23m 50s
Rendered 3531/7176, time remaining: 24m 6s
Rendered 3532/7176, time remaining: 24m 4s
Rendered 3533/7176, time remaining: 23m 57s
Rendered 3534/7176, time remaining: 23m 52s
Rendered 3535/7176, time remaining: 23m 51s
Rendered 3536/7176, time remaining: 23m 38s
Rendered 3537/7176, time remaining: 24m 47s
Rendered 3538/7176, time remaining: 24m 48s
Rendered 3539/7176, time remaining: 24m 47s
Rendered 3540/7176, time remaining: 24m 44s
Rendered 3541/7176, time remaining: 24m 30s
Rendered 3542/7176, time remaining: 24m 16s
Rendered 3543/7176, time remaining: 24m 49s
Rendered 3544/7176, time remaining: 24m 45s
Rendered 3545/7176, time remaining: 24m 40s
Rendered 3546/7176, time remaining: 24m 41s
Rendered 3547/7176, time remaining: 24m 36s
Rendered 3548/7176, time remaining: 24m 41s
Rendered 3549/7176, time remaining: 25m 4s
Rendered 3550/7176, time remaining: 25m 0s
Rendered 3551/7176, time remaining: 24m 52s
Rendered 3552/7176, time remaining: 24m 52s
Rendered 3553/7176, time remaining: 24m 45s
Rendered 3554/7176, time remaining: 24m 42s
Rendered 3555/7176, time remaining: 25m 27s
Rendered 3556/7176, time remaining: 25m 6s
Rendered 3557/7176, time remaining: 25m 7s
Rendered 3558/7176, time remaining: 25m 5s
Rendered 3559/7176, time remaining: 25m 6s
Rendered 3560/7176, time remaining: 24m 58s
Rendered 3561/7176, time remaining: 25m 21s
Rendered 3562/7176, time remaining: 25m 17s
Rendered 3563/7176, time remaining: 25m 19s
Rendered 3564/7176, time remaining: 25m 18s
Rendered 3565/7176, time remaining: 25m 17s
Rendered 3566/7176, time remaining: 25m 1s
Rendered 3567/7176, time remaining: 25m 20s
Rendered 3568/7176, time remaining: 25m 19s
Rendered 3569/7176, time remaining: 25m 24s
Rendered 3570/7176, time remaining: 25m 22s
Rendered 3571/7176, time remaining: 25m 19s
Rendered 3572/7176, time remaining: 25m 19s
Rendered 3573/7176, time remaining: 25m 6s
Rendered 3574/7176, time remaining: 25m 23s
Rendered 3575/7176, time remaining: 25m 24s
Rendered 3576/7176, time remaining: 25m 24s
Rendered 3577/7176, time remaining: 25m 24s
Rendered 3578/7176, time remaining: 25m 4s
Rendered 3579/7176, time remaining: 25m 1s
Rendered 3580/7176, time remaining: 25m 32s
Rendered 3581/7176, time remaining: 25m 34s
Rendered 3582/7176, time remaining: 25m 32s
Rendered 3583/7176, time remaining: 25m 19s
Rendered 3584/7176, time remaining: 25m 14s
Rendered 3585/7176, time remaining: 25m 7s
Rendered 3586/7176, time remaining: 25m 12s
Rendered 3587/7176, time remaining: 25m 13s
Rendered 3588/7176, time remaining: 25m 26s
Rendered 3589/7176, time remaining: 25m 22s
Rendered 3590/7176, time remaining: 25m 21s
Rendered 3591/7176, time remaining: 25m 6s
Rendered 3592/7176, time remaining: 25m 8s
Rendered 3593/7176, time remaining: 25m 30s
Rendered 3594/7176, time remaining: 25m 35s
Rendered 3595/7176, time remaining: 25m 27s
Rendered 3596/7176, time remaining: 25m 24s
Rendered 3597/7176, time remaining: 24m 56s
Rendered 3598/7176, time remaining: 24m 59s
Rendered 3599/7176, time remaining: 25m 14s
Rendered 3600/7176, time remaining: 25m 22s
Rendered 3601/7176, time remaining: 25m 21s
Rendered 3602/7176, time remaining: 25m 25s
Rendered 3603/7176, time remaining: 25m 3s
Rendered 3604/7176, time remaining: 25m 7s
Rendered 3605/7176, time remaining: 25m 35s
Rendered 3606/7176, time remaining: 25m 33s
Rendered 3607/7176, time remaining: 25m 33s
Rendered 3608/7176, time remaining: 25m 32s
Rendered 3609/7176, time remaining: 25m 0s
Rendered 3610/7176, time remaining: 25m 6s
Rendered 3611/7176, time remaining: 25m 15s
Rendered 3612/7176, time remaining: 25m 13s
Rendered 3613/7176, time remaining: 25m 18s
Rendered 3614/7176, time remaining: 25m 15s
Rendered 3615/7176, time remaining: 25m 12s
Rendered 3616/7176, time remaining: 25m 14s
Rendered 3617/7176, time remaining: 25m 23s
Rendered 3618/7176, time remaining: 25m 27s
Rendered 3619/7176, time remaining: 25m 32s
Rendered 3620/7176, time remaining: 25m 31s
Rendered 3621/7176, time remaining: 24m 58s
Rendered 3622/7176, time remaining: 24m 58s
Rendered 3623/7176, time remaining: 24m 56s
Rendered 3624/7176, time remaining: 25m 13s
Rendered 3625/7176, time remaining: 25m 14s
Rendered 3626/7176, time remaining: 25m 13s
Rendered 3627/7176, time remaining: 24m 55s
Rendered 3628/7176, time remaining: 25m 1s
Rendered 3629/7176, time remaining: 25m 8s
Rendered 3630/7176, time remaining: 25m 32s
Rendered 3631/7176, time remaining: 25m 36s
Rendered 3632/7176, time remaining: 25m 37s
Rendered 3633/7176, time remaining: 25m 9s
Rendered 3634/7176, time remaining: 25m 7s
Rendered 3635/7176, time remaining: 25m 6s
Rendered 3636/7176, time remaining: 25m 29s
Rendered 3637/7176, time remaining: 25m 29s
Rendered 3638/7176, time remaining: 25m 29s
Rendered 3639/7176, time remaining: 25m 3s
Rendered 3640/7176, time remaining: 25m 7s
Rendered 3641/7176, time remaining: 25m 25s
Rendered 3642/7176, time remaining: 25m 33s
Rendered 3643/7176, time remaining: 25m 38s
Rendered 3644/7176, time remaining: 25m 35s
Rendered 3645/7176, time remaining: 25m 14s
Rendered 3646/7176, time remaining: 25m 11s
Rendered 3647/7176, time remaining: 25m 15s
Rendered 3648/7176, time remaining: 25m 25s
Rendered 3649/7176, time remaining: 25m 17s
Rendered 3650/7176, time remaining: 25m 20s
Rendered 3651/7176, time remaining: 24m 59s
Rendered 3652/7176, time remaining: 25m 0s
Rendered 3653/7176, time remaining: 25m 13s
Rendered 3654/7176, time remaining: 25m 28s
Rendered 3655/7176, time remaining: 25m 30s
Rendered 3656/7176, time remaining: 25m 28s
Rendered 3657/7176, time remaining: 24m 56s
Rendered 3658/7176, time remaining: 24m 54s
Rendered 3659/7176, time remaining: 24m 55s
Rendered 3660/7176, time remaining: 25m 10s
Rendered 3661/7176, time remaining: 25m 8s
Rendered 3662/7176, time remaining: 25m 7s
Rendered 3663/7176, time remaining: 24m 41s
Rendered 3664/7176, time remaining: 24m 43s
Rendered 3665/7176, time remaining: 24m 45s
Rendered 3666/7176, time remaining: 25m 10s
Rendered 3667/7176, time remaining: 25m 7s
Rendered 3668/7176, time remaining: 25m 16s
Rendered 3669/7176, time remaining: 24m 50s
Rendered 3670/7176, time remaining: 24m 48s
Rendered 3671/7176, time remaining: 24m 49s
Rendered 3672/7176, time remaining: 25m 4s
Rendered 3673/7176, time remaining: 25m 5s
Rendered 3674/7176, time remaining: 25m 3s
Rendered 3675/7176, time remaining: 24m 40s
Rendered 3676/7176, time remaining: 24m 40s
Rendered 3677/7176, time remaining: 24m 38s
Rendered 3678/7176, time remaining: 24m 48s
Rendered 3679/7176, time remaining: 25m 2s
Rendered 3680/7176, time remaining: 25m 3s
Rendered 3681/7176, time remaining: 24m 54s
Rendered 3682/7176, time remaining: 24m 54s
Rendered 3683/7176, time remaining: 25m 2s
Rendered 3684/7176, time remaining: 25m 1s
Rendered 3685/7176, time remaining: 25m 10s
Rendered 3686/7176, time remaining: 25m 11s
Rendered 3687/7176, time remaining: 24m 7s
Rendered 3688/7176, time remaining: 24m 6s
Rendered 3689/7176, time remaining: 24m 17s
Rendered 3690/7176, time remaining: 24m 18s
Rendered 3691/7176, time remaining: 24m 31s
Rendered 3692/7176, time remaining: 24m 29s
Rendered 3693/7176, time remaining: 24m 4s
Rendered 3694/7176, time remaining: 24m 1s
Rendered 3695/7176, time remaining: 24m 5s
Rendered 3696/7176, time remaining: 24m 4s
Rendered 3697/7176, time remaining: 24m 11s
Rendered 3698/7176, time remaining: 24m 5s
Rendered 3699/7176, time remaining: 23m 51s
Rendered 3700/7176, time remaining: 23m 57s
Rendered 3701/7176, time remaining: 24m 1s
Rendered 3702/7176, time remaining: 24m 5s
Rendered 3703/7176, time remaining: 24m 11s
Rendered 3704/7176, time remaining: 24m 12s
Rendered 3705/7176, time remaining: 23m 37s
Rendered 3706/7176, time remaining: 23m 49s
Rendered 3707/7176, time remaining: 23m 51s
Rendered 3708/7176, time remaining: 23m 53s
Rendered 3709/7176, time remaining: 23m 53s
Rendered 3710/7176, time remaining: 23m 51s
Rendered 3711/7176, time remaining: 23m 22s
Rendered 3712/7176, time remaining: 23m 31s
Rendered 3713/7176, time remaining: 23m 40s
Rendered 3714/7176, time remaining: 23m 49s
Rendered 3715/7176, time remaining: 23m 48s
Rendered 3716/7176, time remaining: 23m 46s
Rendered 3717/7176, time remaining: 23m 19s
Rendered 3718/7176, time remaining: 23m 15s
Rendered 3719/7176, time remaining: 23m 26s
Rendered 3720/7176, time remaining: 23m 28s
Rendered 3721/7176, time remaining: 23m 28s
Rendered 3722/7176, time remaining: 23m 24s
Rendered 3723/7176, time remaining: 23m 16s
Rendered 3724/7176, time remaining: 23m 0s
Rendered 3725/7176, time remaining: 23m 14s
Rendered 3726/7176, time remaining: 23m 15s
Rendered 3727/7176, time remaining: 23m 26s
Rendered 3728/7176, time remaining: 23m 25s
Rendered 3729/7176, time remaining: 23m 24s
Rendered 3730/7176, time remaining: 22m 58s
Rendered 3731/7176, time remaining: 23m 14s
Rendered 3732/7176, time remaining: 23m 13s
Rendered 3733/7176, time remaining: 23m 15s
Rendered 3734/7176, time remaining: 23m 6s
Rendered 3735/7176, time remaining: 23m 5s
Rendered 3736/7176, time remaining: 23m 2s
Rendered 3737/7176, time remaining: 23m 21s
Rendered 3738/7176, time remaining: 23m 12s
Rendered 3739/7176, time remaining: 23m 14s
Rendered 3740/7176, time remaining: 23m 13s
Rendered 3741/7176, time remaining: 23m 14s
Rendered 3742/7176, time remaining: 23m 9s
Rendered 3743/7176, time remaining: 23m 13s
Rendered 3744/7176, time remaining: 23m 7s
Rendered 3745/7176, time remaining: 23m 7s
Rendered 3746/7176, time remaining: 23m 7s
Rendered 3747/7176, time remaining: 23m 6s
Rendered 3748/7176, time remaining: 23m 4s
Rendered 3749/7176, time remaining: 23m 9s
Rendered 3750/7176, time remaining: 23m 2s
Rendered 3751/7176, time remaining: 23m 4s
Rendered 3752/7176, time remaining: 23m 1s
Rendered 3753/7176, time remaining: 23m 1s
Rendered 3754/7176, time remaining: 22m 59s
Rendered 3755/7176, time remaining: 23m 2s
Rendered 3756/7176, time remaining: 23m 3s
Rendered 3757/7176, time remaining: 23m 1s
Rendered 3758/7176, time remaining: 22m 59s
Rendered 3759/7176, time remaining: 22m 58s
Rendered 3760/7176, time remaining: 22m 51s
Rendered 3761/7176, time remaining: 23m 3s
Rendered 3762/7176, time remaining: 23m 6s
Rendered 3763/7176, time remaining: 23m 0s
Rendered 3764/7176, time remaining: 22m 59s
Rendered 3765/7176, time remaining: 22m 49s
Rendered 3766/7176, time remaining: 22m 50s
Rendered 3767/7176, time remaining: 23m 6s
Rendered 3768/7176, time remaining: 23m 1s
Rendered 3769/7176, time remaining: 22m 56s
Rendered 3770/7176, time remaining: 22m 50s
Rendered 3771/7176, time remaining: 22m 47s
Rendered 3772/7176, time remaining: 22m 45s
Rendered 3773/7176, time remaining: 23m 2s
Rendered 3774/7176, time remaining: 22m 49s
Rendered 3775/7176, time remaining: 22m 47s
Rendered 3776/7176, time remaining: 22m 46s
Rendered 3777/7176, time remaining: 22m 45s
Rendered 3778/7176, time remaining: 22m 46s
Rendered 3779/7176, time remaining: 22m 58s
Rendered 3780/7176, time remaining: 22m 42s
Rendered 3781/7176, time remaining: 22m 46s
Rendered 3782/7176, time remaining: 22m 45s
Rendered 3783/7176, time remaining: 22m 44s
Rendered 3784/7176, time remaining: 22m 47s
Rendered 3785/7176, time remaining: 22m 54s
Rendered 3786/7176, time remaining: 22m 35s
Rendered 3787/7176, time remaining: 22m 40s
Rendered 3788/7176, time remaining: 22m 39s
Rendered 3789/7176, time remaining: 22m 38s
Rendered 3790/7176, time remaining: 22m 41s
Rendered 3791/7176, time remaining: 22m 36s
Rendered 3792/7176, time remaining: 22m 34s
Rendered 3793/7176, time remaining: 22m 34s
Rendered 3794/7176, time remaining: 22m 34s
Rendered 3795/7176, time remaining: 22m 31s
Rendered 3796/7176, time remaining: 22m 31s
Rendered 3797/7176, time remaining: 22m 41s
Rendered 3798/7176, time remaining: 22m 30s
Rendered 3799/7176, time remaining: 22m 32s
Rendered 3800/7176, time remaining: 22m 26s
Rendered 3801/7176, time remaining: 22m 23s
Rendered 3802/7176, time remaining: 22m 22s
Rendered 3803/7176, time remaining: 22m 41s
Rendered 3804/7176, time remaining: 22m 28s
Rendered 3805/7176, time remaining: 22m 29s
Rendered 3806/7176, time remaining: 22m 30s
Rendered 3807/7176, time remaining: 22m 27s
Rendered 3808/7176, time remaining: 22m 29s
Rendered 3809/7176, time remaining: 22m 43s
Rendered 3810/7176, time remaining: 22m 22s
Rendered 3811/7176, time remaining: 22m 22s
Rendered 3812/7176, time remaining: 22m 21s
Rendered 3813/7176, time remaining: 22m 19s
Rendered 3814/7176, time remaining: 22m 21s
Rendered 3815/7176, time remaining: 22m 48s
Rendered 3816/7176, time remaining: 22m 26s
Rendered 3817/7176, time remaining: 22m 27s
Rendered 3818/7176, time remaining: 22m 19s
Rendered 3819/7176, time remaining: 22m 18s
Rendered 3820/7176, time remaining: 22m 18s
Rendered 3821/7176, time remaining: 22m 40s
Rendered 3822/7176, time remaining: 22m 18s
Rendered 3823/7176, time remaining: 22m 13s
Rendered 3824/7176, time remaining: 22m 15s
Rendered 3825/7176, time remaining: 22m 11s
Rendered 3826/7176, time remaining: 22m 10s
Rendered 3827/7176, time remaining: 22m 37s
Rendered 3828/7176, time remaining: 22m 30s
Rendered 3829/7176, time remaining: 22m 17s
Rendered 3830/7176, time remaining: 22m 17s
Rendered 3831/7176, time remaining: 22m 9s
Rendered 3832/7176, time remaining: 22m 8s
Rendered 3833/7176, time remaining: 22m 22s
Rendered 3834/7176, time remaining: 22m 26s
Rendered 3835/7176, time remaining: 22m 15s
Rendered 3836/7176, time remaining: 22m 14s
Rendered 3837/7176, time remaining: 22m 8s
Rendered 3838/7176, time remaining: 22m 11s
Rendered 3839/7176, time remaining: 22m 13s
Rendered 3840/7176, time remaining: 22m 13s
Rendered 3841/7176, time remaining: 22m 2s
Rendered 3842/7176, time remaining: 22m 3s
Rendered 3843/7176, time remaining: 21m 55s
Rendered 3844/7176, time remaining: 22m 5s
Rendered 3845/7176, time remaining: 22m 10s
Rendered 3846/7176, time remaining: 22m 13s
Rendered 3847/7176, time remaining: 22m 6s
Rendered 3848/7176, time remaining: 22m 9s
Rendered 3849/7176, time remaining: 22m 0s
Rendered 3850/7176, time remaining: 22m 4s
Rendered 3851/7176, time remaining: 22m 4s
Rendered 3852/7176, time remaining: 22m 2s
Rendered 3853/7176, time remaining: 21m 54s
Rendered 3854/7176, time remaining: 21m 54s
Rendered 3855/7176, time remaining: 21m 49s
Rendered 3856/7176, time remaining: 21m 39s
Rendered 3857/7176, time remaining: 22m 4s
Rendered 3858/7176, time remaining: 21m 57s
Rendered 3859/7176, time remaining: 21m 55s
Rendered 3860/7176, time remaining: 21m 55s
Rendered 3861/7176, time remaining: 21m 56s
Rendered 3862/7176, time remaining: 21m 48s
Rendered 3863/7176, time remaining: 21m 57s
Rendered 3864/7176, time remaining: 21m 47s
Rendered 3865/7176, time remaining: 21m 47s
Rendered 3866/7176, time remaining: 21m 46s
Rendered 3867/7176, time remaining: 21m 42s
Rendered 3868/7176, time remaining: 21m 34s
Rendered 3869/7176, time remaining: 21m 31s
Rendered 3870/7176, time remaining: 21m 33s
Rendered 3871/7176, time remaining: 21m 48s
Rendered 3872/7176, time remaining: 21m 55s
Rendered 3873/7176, time remaining: 22m 0s
Rendered 3874/7176, time remaining: 22m 4s
Rendered 3875/7176, time remaining: 21m 52s
Rendered 3876/7176, time remaining: 21m 54s
Rendered 3877/7176, time remaining: 21m 54s
Rendered 3878/7176, time remaining: 22m 0s
Rendered 3879/7176, time remaining: 22m 4s
Rendered 3880/7176, time remaining: 21m 56s
Rendered 3881/7176, time remaining: 21m 43s
Rendered 3882/7176, time remaining: 21m 51s
Rendered 3883/7176, time remaining: 21m 52s
Rendered 3884/7176, time remaining: 22m 9s
Rendered 3885/7176, time remaining: 22m 17s
Rendered 3886/7176, time remaining: 22m 16s
Rendered 3887/7176, time remaining: 21m 57s
Rendered 3888/7176, time remaining: 21m 54s
Rendered 3889/7176, time remaining: 21m 55s
Rendered 3890/7176, time remaining: 22m 14s
Rendered 3891/7176, time remaining: 22m 15s
Rendered 3892/7176, time remaining: 22m 14s
Rendered 3893/7176, time remaining: 21m 49s
Rendered 3894/7176, time remaining: 21m 48s
Rendered 3895/7176, time remaining: 21m 50s
Rendered 3896/7176, time remaining: 22m 19s
Rendered 3897/7176, time remaining: 22m 22s
Rendered 3898/7176, time remaining: 22m 19s
Rendered 3899/7176, time remaining: 22m 0s
Rendered 3900/7176, time remaining: 22m 2s
Rendered 3901/7176, time remaining: 21m 59s
Rendered 3902/7176, time remaining: 22m 7s
Rendered 3903/7176, time remaining: 22m 8s
Rendered 3904/7176, time remaining: 22m 5s
Rendered 3905/7176, time remaining: 21m 38s
Rendered 3906/7176, time remaining: 21m 42s
Rendered 3907/7176, time remaining: 21m 58s
Rendered 3908/7176, time remaining: 22m 6s
Rendered 3909/7176, time remaining: 22m 18s
Rendered 3910/7176, time remaining: 22m 20s
Rendered 3911/7176, time remaining: 22m 6s
Rendered 3912/7176, time remaining: 22m 8s
Rendered 3913/7176, time remaining: 22m 8s
Rendered 3914/7176, time remaining: 22m 6s
Rendered 3915/7176, time remaining: 22m 25s
Rendered 3916/7176, time remaining: 22m 20s
Rendered 3917/7176, time remaining: 21m 56s
Rendered 3918/7176, time remaining: 21m 57s
Rendered 3919/7176, time remaining: 21m 59s
Rendered 3920/7176, time remaining: 22m 1s
Rendered 3921/7176, time remaining: 22m 38s
Rendered 3922/7176, time remaining: 22m 37s
Rendered 3923/7176, time remaining: 22m 20s
Rendered 3924/7176, time remaining: 22m 15s
Rendered 3925/7176, time remaining: 22m 16s
Rendered 3926/7176, time remaining: 22m 16s
Rendered 3927/7176, time remaining: 22m 41s
Rendered 3928/7176, time remaining: 22m 37s
Rendered 3929/7176, time remaining: 22m 20s
Rendered 3930/7176, time remaining: 22m 14s
Rendered 3931/7176, time remaining: 22m 7s
Rendered 3932/7176, time remaining: 22m 8s
Rendered 3933/7176, time remaining: 22m 35s
Rendered 3934/7176, time remaining: 22m 31s
Rendered 3935/7176, time remaining: 22m 23s
Rendered 3936/7176, time remaining: 22m 19s
Rendered 3937/7176, time remaining: 22m 13s
Rendered 3938/7176, time remaining: 22m 11s
Rendered 3939/7176, time remaining: 22m 32s
Rendered 3940/7176, time remaining: 22m 27s
Rendered 3941/7176, time remaining: 22m 14s
Rendered 3942/7176, time remaining: 22m 8s
Rendered 3943/7176, time remaining: 22m 5s
Rendered 3944/7176, time remaining: 22m 5s
Rendered 3945/7176, time remaining: 22m 35s
Rendered 3946/7176, time remaining: 22m 30s
Rendered 3947/7176, time remaining: 22m 12s
Rendered 3948/7176, time remaining: 22m 12s
Rendered 3949/7176, time remaining: 22m 13s
Rendered 3950/7176, time remaining: 22m 17s
Rendered 3951/7176, time remaining: 22m 44s
Rendered 3952/7176, time remaining: 22m 43s
Rendered 3953/7176, time remaining: 22m 13s
Rendered 3954/7176, time remaining: 22m 12s
Rendered 3955/7176, time remaining: 22m 9s
Rendered 3956/7176, time remaining: 22m 9s
Rendered 3957/7176, time remaining: 22m 30s
Rendered 3958/7176, time remaining: 22m 36s
Rendered 3959/7176, time remaining: 22m 19s
Rendered 3960/7176, time remaining: 22m 19s
Rendered 3961/7176, time remaining: 22m 19s
Rendered 3962/7176, time remaining: 22m 20s
Rendered 3963/7176, time remaining: 22m 23s
Rendered 3964/7176, time remaining: 22m 41s
Rendered 3965/7176, time remaining: 22m 13s
Rendered 3966/7176, time remaining: 22m 12s
Rendered 3967/7176, time remaining: 22m 15s
Rendered 3968/7176, time remaining: 22m 14s
Rendered 3969/7176, time remaining: 22m 14s
Rendered 3970/7176, time remaining: 22m 41s
Rendered 3971/7176, time remaining: 22m 17s
Rendered 3972/7176, time remaining: 22m 17s
Rendered 3973/7176, time remaining: 22m 18s
Rendered 3974/7176, time remaining: 22m 18s
Rendered 3975/7176, time remaining: 22m 20s
Rendered 3976/7176, time remaining: 22m 43s
Rendered 3977/7176, time remaining: 22m 18s
Rendered 3978/7176, time remaining: 22m 15s
Rendered 3979/7176, time remaining: 22m 14s
Rendered 3980/7176, time remaining: 22m 13s
Rendered 3981/7176, time remaining: 22m 13s
Rendered 3982/7176, time remaining: 22m 35s
Rendered 3983/7176, time remaining: 22m 17s
Rendered 3984/7176, time remaining: 22m 14s
Rendered 3985/7176, time remaining: 22m 15s
Rendered 3986/7176, time remaining: 22m 15s
Rendered 3987/7176, time remaining: 22m 17s
Rendered 3988/7176, time remaining: 22m 33s
Rendered 3989/7176, time remaining: 22m 22s
Rendered 3990/7176, time remaining: 22m 21s
Rendered 3991/7176, time remaining: 22m 23s
Rendered 3992/7176, time remaining: 22m 22s
Rendered 3993/7176, time remaining: 22m 20s
Rendered 3994/7176, time remaining: 22m 21s
Rendered 3995/7176, time remaining: 22m 16s
Rendered 3996/7176, time remaining: 22m 20s
Rendered 3997/7176, time remaining: 22m 26s
Rendered 3998/7176, time remaining: 22m 23s
Rendered 3999/7176, time remaining: 22m 31s
Rendered 4000/7176, time remaining: 22m 19s
Rendered 4001/7176, time remaining: 22m 22s
Rendered 4002/7176, time remaining: 22m 21s
Rendered 4003/7176, time remaining: 22m 34s
Rendered 4004/7176, time remaining: 22m 41s
Rendered 4005/7176, time remaining: 22m 43s
Rendered 4006/7176, time remaining: 22m 38s
Rendered 4007/7176, time remaining: 22m 8s
Rendered 4008/7176, time remaining: 22m 15s
Rendered 4009/7176, time remaining: 22m 26s
Rendered 4010/7176, time remaining: 22m 25s
Rendered 4011/7176, time remaining: 22m 28s
Rendered 4012/7176, time remaining: 22m 33s
Rendered 4013/7176, time remaining: 22m 12s
Rendered 4014/7176, time remaining: 22m 14s
Rendered 4015/7176, time remaining: 22m 17s
Rendered 4016/7176, time remaining: 22m 22s
Rendered 4017/7176, time remaining: 22m 37s
Rendered 4018/7176, time remaining: 22m 43s
Rendered 4019/7176, time remaining: 22m 32s
Rendered 4020/7176, time remaining: 22m 30s
Rendered 4021/7176, time remaining: 22m 14s
Rendered 4022/7176, time remaining: 22m 16s
Rendered 4023/7176, time remaining: 22m 21s
Rendered 4024/7176, time remaining: 22m 18s
Rendered 4025/7176, time remaining: 22m 14s
Rendered 4026/7176, time remaining: 22m 10s
Rendered 4027/7176, time remaining: 22m 4s
Rendered 4028/7176, time remaining: 22m 2s
Rendered 4029/7176, time remaining: 22m 7s
Rendered 4030/7176, time remaining: 22m 15s
Rendered 4031/7176, time remaining: 22m 11s
Rendered 4032/7176, time remaining: 22m 8s
Rendered 4033/7176, time remaining: 22m 4s
Rendered 4034/7176, time remaining: 21m 57s
Rendered 4035/7176, time remaining: 21m 54s
Rendered 4036/7176, time remaining: 21m 55s
Rendered 4037/7176, time remaining: 21m 56s
Rendered 4038/7176, time remaining: 22m 0s
Rendered 4039/7176, time remaining: 21m 57s
Rendered 4040/7176, time remaining: 21m 47s
Rendered 4041/7176, time remaining: 21m 45s
Rendered 4042/7176, time remaining: 21m 54s
Rendered 4043/7176, time remaining: 21m 52s
Rendered 4044/7176, time remaining: 22m 2s
Rendered 4045/7176, time remaining: 22m 1s
Rendered 4046/7176, time remaining: 21m 40s
Rendered 4047/7176, time remaining: 21m 37s
Rendered 4048/7176, time remaining: 21m 44s
Rendered 4049/7176, time remaining: 21m 48s
Rendered 4050/7176, time remaining: 21m 47s
Rendered 4051/7176, time remaining: 21m 48s
Rendered 4052/7176, time remaining: 21m 43s
Rendered 4053/7176, time remaining: 21m 43s
Rendered 4054/7176, time remaining: 21m 47s
Rendered 4055/7176, time remaining: 21m 54s
Rendered 4056/7176, time remaining: 22m 0s
Rendered 4057/7176, time remaining: 21m 47s
Rendered 4058/7176, time remaining: 21m 40s
Rendered 4059/7176, time remaining: 21m 29s
Rendered 4060/7176, time remaining: 21m 34s
Rendered 4061/7176, time remaining: 21m 27s
Rendered 4062/7176, time remaining: 21m 23s
Rendered 4063/7176, time remaining: 21m 21s
Rendered 4064/7176, time remaining: 21m 28s
Rendered 4065/7176, time remaining: 21m 21s
Rendered 4066/7176, time remaining: 21m 26s
Rendered 4067/7176, time remaining: 21m 28s
Rendered 4068/7176, time remaining: 21m 27s
Rendered 4069/7176, time remaining: 21m 34s
Rendered 4070/7176, time remaining: 21m 32s
Rendered 4071/7176, time remaining: 21m 7s
Rendered 4072/7176, time remaining: 21m 16s
Rendered 4073/7176, time remaining: 21m 16s
Rendered 4074/7176, time remaining: 21m 14s
Rendered 4075/7176, time remaining: 21m 18s
Rendered 4076/7176, time remaining: 21m 20s
Rendered 4077/7176, time remaining: 21m 15s
Rendered 4078/7176, time remaining: 21m 18s
Rendered 4079/7176, time remaining: 21m 19s
Rendered 4080/7176, time remaining: 21m 17s
Rendered 4081/7176, time remaining: 21m 20s
Rendered 4082/7176, time remaining: 21m 28s
Rendered 4083/7176, time remaining: 21m 5s
Rendered 4084/7176, time remaining: 21m 6s
Rendered 4085/7176, time remaining: 21m 4s
Rendered 4086/7176, time remaining: 21m 2s
Rendered 4087/7176, time remaining: 21m 6s
Rendered 4088/7176, time remaining: 21m 11s
Rendered 4089/7176, time remaining: 21m 2s
Rendered 4090/7176, time remaining: 21m 2s
Rendered 4091/7176, time remaining: 21m 11s
Rendered 4092/7176, time remaining: 21m 15s
Rendered 4093/7176, time remaining: 21m 20s
Rendered 4094/7176, time remaining: 21m 22s
Rendered 4095/7176, time remaining: 20m 57s
Rendered 4096/7176, time remaining: 20m 56s
Rendered 4097/7176, time remaining: 21m 8s
Rendered 4098/7176, time remaining: 21m 7s
Rendered 4099/7176, time remaining: 21m 6s
Rendered 4100/7176, time remaining: 21m 2s
Rendered 4101/7176, time remaining: 20m 35s
Rendered 4102/7176, time remaining: 20m 36s
Rendered 4103/7176, time remaining: 21m 7s
Rendered 4104/7176, time remaining: 21m 9s
Rendered 4105/7176, time remaining: 21m 7s
Rendered 4106/7176, time remaining: 21m 6s
Rendered 4107/7176, time remaining: 20m 50s
Rendered 4108/7176, time remaining: 20m 40s
Rendered 4109/7176, time remaining: 20m 54s
Rendered 4110/7176, time remaining: 20m 54s
Rendered 4111/7176, time remaining: 20m 54s
Rendered 4112/7176, time remaining: 20m 52s
Rendered 4113/7176, time remaining: 20m 50s
Rendered 4114/7176, time remaining: 20m 36s
Rendered 4115/7176, time remaining: 20m 57s
Rendered 4116/7176, time remaining: 21m 0s
Rendered 4117/7176, time remaining: 20m 56s
Rendered 4118/7176, time remaining: 20m 56s
Rendered 4119/7176, time remaining: 20m 54s
Rendered 4120/7176, time remaining: 20m 36s
Rendered 4121/7176, time remaining: 20m 46s
Rendered 4122/7176, time remaining: 20m 48s
Rendered 4123/7176, time remaining: 20m 47s
Rendered 4124/7176, time remaining: 20m 46s
Rendered 4125/7176, time remaining: 20m 44s
Rendered 4126/7176, time remaining: 20m 31s
Rendered 4127/7176, time remaining: 20m 38s
Rendered 4128/7176, time remaining: 20m 44s
Rendered 4129/7176, time remaining: 20m 44s
Rendered 4130/7176, time remaining: 20m 46s
Rendered 4131/7176, time remaining: 20m 45s
Rendered 4132/7176, time remaining: 20m 27s
Rendered 4133/7176, time remaining: 20m 41s
Rendered 4134/7176, time remaining: 20m 42s
Rendered 4135/7176, time remaining: 20m 41s
Rendered 4136/7176, time remaining: 20m 41s
Rendered 4137/7176, time remaining: 20m 39s
Rendered 4138/7176, time remaining: 20m 21s
Rendered 4139/7176, time remaining: 20m 32s
Rendered 4140/7176, time remaining: 20m 37s
Rendered 4141/7176, time remaining: 20m 33s
Rendered 4142/7176, time remaining: 20m 36s
Rendered 4143/7176, time remaining: 20m 41s
Rendered 4144/7176, time remaining: 20m 29s
Rendered 4145/7176, time remaining: 20m 45s
Rendered 4146/7176, time remaining: 20m 43s
Rendered 4147/7176, time remaining: 20m 35s
Rendered 4148/7176, time remaining: 20m 34s
Rendered 4149/7176, time remaining: 20m 30s
Rendered 4150/7176, time remaining: 20m 28s
Rendered 4151/7176, time remaining: 20m 46s
Rendered 4152/7176, time remaining: 20m 47s
Rendered 4153/7176, time remaining: 20m 37s
Rendered 4154/7176, time remaining: 20m 28s
Rendered 4155/7176, time remaining: 20m 23s
Rendered 4156/7176, time remaining: 20m 22s
Rendered 4157/7176, time remaining: 20m 44s
Rendered 4158/7176, time remaining: 20m 36s
Rendered 4159/7176, time remaining: 20m 23s
Rendered 4160/7176, time remaining: 20m 22s
Rendered 4161/7176, time remaining: 20m 17s
Rendered 4162/7176, time remaining: 20m 11s
Rendered 4163/7176, time remaining: 20m 36s
Rendered 4164/7176, time remaining: 20m 34s
Rendered 4165/7176, time remaining: 20m 31s
Rendered 4166/7176, time remaining: 20m 30s
Rendered 4167/7176, time remaining: 20m 17s
Rendered 4168/7176, time remaining: 20m 20s
Rendered 4169/7176, time remaining: 20m 32s
Rendered 4170/7176, time remaining: 20m 31s
Rendered 4171/7176, time remaining: 20m 32s
Rendered 4172/7176, time remaining: 20m 23s
Rendered 4173/7176, time remaining: 20m 15s
Rendered 4174/7176, time remaining: 20m 11s
Rendered 4175/7176, time remaining: 20m 41s
Rendered 4176/7176, time remaining: 20m 45s
Rendered 4177/7176, time remaining: 20m 40s
Rendered 4178/7176, time remaining: 20m 37s
Rendered 4179/7176, time remaining: 20m 27s
Rendered 4180/7176, time remaining: 20m 19s
Rendered 4181/7176, time remaining: 20m 35s
Rendered 4182/7176, time remaining: 20m 34s
Rendered 4183/7176, time remaining: 20m 38s
Rendered 4184/7176, time remaining: 20m 29s
Rendered 4185/7176, time remaining: 20m 24s
Rendered 4186/7176, time remaining: 20m 21s
Rendered 4187/7176, time remaining: 20m 20s
Rendered 4188/7176, time remaining: 20m 32s
Rendered 4189/7176, time remaining: 20m 35s
Rendered 4190/7176, time remaining: 20m 26s
Rendered 4191/7176, time remaining: 20m 31s
Rendered 4192/7176, time remaining: 20m 20s
Rendered 4193/7176, time remaining: 20m 22s
Rendered 4194/7176, time remaining: 20m 25s
Rendered 4195/7176, time remaining: 20m 28s
Rendered 4196/7176, time remaining: 20m 21s
Rendered 4197/7176, time remaining: 20m 23s
Rendered 4198/7176, time remaining: 20m 15s
Rendered 4199/7176, time remaining: 20m 27s
Rendered 4200/7176, time remaining: 20m 32s
Rendered 4201/7176, time remaining: 20m 36s
Rendered 4202/7176, time remaining: 20m 35s
Rendered 4203/7176, time remaining: 20m 33s
Rendered 4204/7176, time remaining: 20m 34s
Rendered 4205/7176, time remaining: 20m 30s
Rendered 4206/7176, time remaining: 20m 29s
Rendered 4207/7176, time remaining: 20m 25s
Rendered 4208/7176, time remaining: 20m 24s
Rendered 4209/7176, time remaining: 20m 23s
Rendered 4210/7176, time remaining: 20m 19s
Rendered 4211/7176, time remaining: 20m 25s
Rendered 4212/7176, time remaining: 20m 30s
Rendered 4213/7176, time remaining: 20m 31s
Rendered 4214/7176, time remaining: 20m 24s
Rendered 4215/7176, time remaining: 20m 22s
Rendered 4216/7176, time remaining: 20m 17s
Rendered 4217/7176, time remaining: 20m 14s
Rendered 4218/7176, time remaining: 20m 42s
Rendered 4219/7176, time remaining: 20m 34s
Rendered 4220/7176, time remaining: 20m 33s
Rendered 4221/7176, time remaining: 20m 22s
Rendered 4222/7176, time remaining: 20m 13s
Rendered 4223/7176, time remaining: 20m 13s
Rendered 4224/7176, time remaining: 20m 24s
Rendered 4225/7176, time remaining: 20m 19s
Rendered 4226/7176, time remaining: 20m 19s
Rendered 4227/7176, time remaining: 19m 59s
Rendered 4228/7176, time remaining: 19m 55s
Rendered 4229/7176, time remaining: 19m 53s
Rendered 4230/7176, time remaining: 20m 21s
Rendered 4231/7176, time remaining: 20m 18s
Rendered 4232/7176, time remaining: 20m 10s
Rendered 4233/7176, time remaining: 20m 6s
Rendered 4234/7176, time remaining: 20m 3s
Rendered 4235/7176, time remaining: 20m 4s
Rendered 4236/7176, time remaining: 20m 19s
Rendered 4237/7176, time remaining: 20m 14s
Rendered 4238/7176, time remaining: 20m 10s
Rendered 4239/7176, time remaining: 19m 58s
Rendered 4240/7176, time remaining: 19m 56s
Rendered 4241/7176, time remaining: 19m 49s
Rendered 4242/7176, time remaining: 20m 13s
Rendered 4243/7176, time remaining: 20m 7s
Rendered 4244/7176, time remaining: 20m 4s
Rendered 4245/7176, time remaining: 20m 1s
Rendered 4246/7176, time remaining: 20m 2s
Rendered 4247/7176, time remaining: 19m 49s
Rendered 4248/7176, time remaining: 20m 6s
Rendered 4249/7176, time remaining: 20m 6s
Rendered 4250/7176, time remaining: 20m 5s
Rendered 4251/7176, time remaining: 20m 4s
Rendered 4252/7176, time remaining: 20m 3s
Rendered 4253/7176, time remaining: 19m 34s
Rendered 4254/7176, time remaining: 20m 1s
Rendered 4255/7176, time remaining: 20m 1s
Rendered 4256/7176, time remaining: 19m 59s
Rendered 4257/7176, time remaining: 19m 54s
Rendered 4258/7176, time remaining: 19m 55s
Rendered 4259/7176, time remaining: 19m 41s
Rendered 4260/7176, time remaining: 20m 1s
Rendered 4261/7176, time remaining: 19m 58s
Rendered 4262/7176, time remaining: 19m 57s
Rendered 4263/7176, time remaining: 19m 56s
Rendered 4264/7176, time remaining: 19m 49s
Rendered 4265/7176, time remaining: 19m 28s
Rendered 4266/7176, time remaining: 19m 47s
Rendered 4267/7176, time remaining: 19m 47s
Rendered 4268/7176, time remaining: 19m 50s
Rendered 4269/7176, time remaining: 19m 50s
Rendered 4270/7176, time remaining: 19m 42s
Rendered 4271/7176, time remaining: 19m 32s
Rendered 4272/7176, time remaining: 19m 38s
Rendered 4273/7176, time remaining: 19m 48s
Rendered 4274/7176, time remaining: 19m 49s
Rendered 4275/7176, time remaining: 19m 50s
Rendered 4276/7176, time remaining: 19m 42s
Rendered 4277/7176, time remaining: 19m 32s
Rendered 4278/7176, time remaining: 19m 27s
Rendered 4279/7176, time remaining: 19m 28s
Rendered 4280/7176, time remaining: 19m 39s
Rendered 4281/7176, time remaining: 19m 46s
Rendered 4282/7176, time remaining: 19m 46s
Rendered 4283/7176, time remaining: 19m 30s
Rendered 4284/7176, time remaining: 19m 29s
Rendered 4285/7176, time remaining: 19m 29s
Rendered 4286/7176, time remaining: 19m 46s
Rendered 4287/7176, time remaining: 19m 48s
Rendered 4288/7176, time remaining: 19m 46s
Rendered 4289/7176, time remaining: 19m 32s
Rendered 4290/7176, time remaining: 19m 24s
Rendered 4291/7176, time remaining: 19m 21s
Rendered 4292/7176, time remaining: 19m 24s
Rendered 4293/7176, time remaining: 19m 42s
Rendered 4294/7176, time remaining: 19m 47s
Rendered 4295/7176, time remaining: 19m 23s
Rendered 4296/7176, time remaining: 19m 21s
Rendered 4297/7176, time remaining: 19m 23s
Rendered 4298/7176, time remaining: 19m 26s
Rendered 4299/7176, time remaining: 19m 39s
Rendered 4300/7176, time remaining: 19m 41s
Rendered 4301/7176, time remaining: 19m 16s
Rendered 4302/7176, time remaining: 19m 14s
Rendered 4303/7176, time remaining: 19m 11s
Rendered 4304/7176, time remaining: 19m 18s
Rendered 4305/7176, time remaining: 19m 26s
Rendered 4306/7176, time remaining: 19m 26s
Rendered 4307/7176, time remaining: 19m 5s
Rendered 4308/7176, time remaining: 19m 11s
Rendered 4309/7176, time remaining: 19m 12s
Rendered 4310/7176, time remaining: 19m 29s
Rendered 4311/7176, time remaining: 19m 33s
Rendered 4312/7176, time remaining: 19m 32s
Rendered 4313/7176, time remaining: 19m 8s
Rendered 4314/7176, time remaining: 19m 6s
Rendered 4315/7176, time remaining: 19m 3s
Rendered 4316/7176, time remaining: 19m 14s
Rendered 4317/7176, time remaining: 19m 14s
Rendered 4318/7176, time remaining: 19m 5s
Rendered 4319/7176, time remaining: 18m 53s
Rendered 4320/7176, time remaining: 18m 54s
Rendered 4321/7176, time remaining: 18m 53s
Rendered 4322/7176, time remaining: 19m 16s
Rendered 4323/7176, time remaining: 19m 16s
Rendered 4324/7176, time remaining: 19m 16s
Rendered 4325/7176, time remaining: 18m 49s
Rendered 4326/7176, time remaining: 18m 44s
Rendered 4327/7176, time remaining: 18m 43s
Rendered 4328/7176, time remaining: 18m 54s
Rendered 4329/7176, time remaining: 18m 59s
Rendered 4330/7176, time remaining: 18m 56s
Rendered 4331/7176, time remaining: 18m 39s
Rendered 4332/7176, time remaining: 18m 33s
Rendered 4333/7176, time remaining: 18m 35s
Rendered 4334/7176, time remaining: 18m 39s
Rendered 4335/7176, time remaining: 19m 1s
Rendered 4336/7176, time remaining: 19m 2s
Rendered 4337/7176, time remaining: 18m 59s
Rendered 4338/7176, time remaining: 18m 43s
Rendered 4339/7176, time remaining: 18m 40s
Rendered 4340/7176, time remaining: 18m 38s
Rendered 4341/7176, time remaining: 18m 47s
Rendered 4342/7176, time remaining: 18m 49s
Rendered 4343/7176, time remaining: 18m 46s
Rendered 4344/7176, time remaining: 18m 31s
Rendered 4345/7176, time remaining: 18m 30s
Rendered 4346/7176, time remaining: 18m 31s
Rendered 4347/7176, time remaining: 18m 51s
Rendered 4348/7176, time remaining: 18m 50s
Rendered 4349/7176, time remaining: 18m 37s
Rendered 4350/7176, time remaining: 18m 30s
Rendered 4351/7176, time remaining: 18m 26s
Rendered 4352/7176, time remaining: 18m 27s
Rendered 4353/7176, time remaining: 18m 34s
Rendered 4354/7176, time remaining: 18m 28s
Rendered 4355/7176, time remaining: 18m 25s
Rendered 4356/7176, time remaining: 18m 14s
Rendered 4357/7176, time remaining: 18m 13s
Rendered 4358/7176, time remaining: 18m 13s
Rendered 4359/7176, time remaining: 18m 39s
Rendered 4360/7176, time remaining: 18m 41s
Rendered 4361/7176, time remaining: 18m 34s
Rendered 4362/7176, time remaining: 18m 27s
Rendered 4363/7176, time remaining: 18m 26s
Rendered 4364/7176, time remaining: 18m 28s
Rendered 4365/7176, time remaining: 18m 31s
Rendered 4366/7176, time remaining: 18m 29s
Rendered 4367/7176, time remaining: 18m 27s
Rendered 4368/7176, time remaining: 17m 59s
Rendered 4369/7176, time remaining: 17m 58s
Rendered 4370/7176, time remaining: 17m 57s
Rendered 4371/7176, time remaining: 18m 2s
Rendered 4372/7176, time remaining: 18m 26s
Rendered 4373/7176, time remaining: 18m 27s
Rendered 4374/7176, time remaining: 18m 17s
Rendered 4375/7176, time remaining: 18m 16s
Rendered 4376/7176, time remaining: 18m 14s
Rendered 4377/7176, time remaining: 18m 20s
Rendered 4378/7176, time remaining: 18m 35s
Rendered 4379/7176, time remaining: 18m 34s
Rendered 4380/7176, time remaining: 18m 5s
Rendered 4381/7176, time remaining: 18m 2s
Rendered 4382/7176, time remaining: 18m 0s
Rendered 4383/7176, time remaining: 18m 4s
Rendered 4384/7176, time remaining: 18m 24s
Rendered 4385/7176, time remaining: 18m 27s
Rendered 4386/7176, time remaining: 18m 14s
Rendered 4387/7176, time remaining: 18m 15s
Rendered 4388/7176, time remaining: 18m 15s
Rendered 4389/7176, time remaining: 18m 17s
Rendered 4390/7176, time remaining: 18m 36s
Rendered 4391/7176, time remaining: 18m 39s
Rendered 4392/7176, time remaining: 18m 11s
Rendered 4393/7176, time remaining: 18m 11s
Rendered 4394/7176, time remaining: 18m 9s
Rendered 4395/7176, time remaining: 18m 8s
Rendered 4396/7176, time remaining: 18m 16s
Rendered 4397/7176, time remaining: 18m 25s
Rendered 4398/7176, time remaining: 18m 14s
Rendered 4399/7176, time remaining: 18m 14s
Rendered 4400/7176, time remaining: 18m 20s
Rendered 4401/7176, time remaining: 18m 21s
Rendered 4402/7176, time remaining: 18m 35s
Rendered 4403/7176, time remaining: 18m 33s
Rendered 4404/7176, time remaining: 18m 7s
Rendered 4405/7176, time remaining: 18m 6s
Rendered 4406/7176, time remaining: 18m 6s
Rendered 4407/7176, time remaining: 18m 9s
Rendered 4408/7176, time remaining: 18m 12s
Rendered 4409/7176, time remaining: 18m 17s
Rendered 4410/7176, time remaining: 18m 4s
Rendered 4411/7176, time remaining: 18m 12s
Rendered 4412/7176, time remaining: 18m 14s
Rendered 4413/7176, time remaining: 18m 15s
Rendered 4414/7176, time remaining: 18m 16s
Rendered 4415/7176, time remaining: 18m 15s
Rendered 4416/7176, time remaining: 18m 1s
Rendered 4417/7176, time remaining: 17m 59s
Rendered 4418/7176, time remaining: 18m 3s
Rendered 4419/7176, time remaining: 18m 3s
Rendered 4420/7176, time remaining: 18m 11s
Rendered 4421/7176, time remaining: 18m 14s
Rendered 4422/7176, time remaining: 18m 10s
Rendered 4423/7176, time remaining: 18m 7s
Rendered 4424/7176, time remaining: 18m 15s
Rendered 4425/7176, time remaining: 18m 19s
Rendered 4426/7176, time remaining: 18m 22s
Rendered 4427/7176, time remaining: 18m 26s
Rendered 4428/7176, time remaining: 18m 23s
Rendered 4429/7176, time remaining: 18m 24s
Rendered 4430/7176, time remaining: 18m 26s
Rendered 4431/7176, time remaining: 18m 19s
Rendered 4432/7176, time remaining: 18m 14s
Rendered 4433/7176, time remaining: 18m 14s
Rendered 4434/7176, time remaining: 18m 14s
Rendered 4435/7176, time remaining: 18m 15s
Rendered 4436/7176, time remaining: 18m 27s
Rendered 4437/7176, time remaining: 18m 27s
Rendered 4438/7176, time remaining: 18m 29s
Rendered 4439/7176, time remaining: 18m 30s
Rendered 4440/7176, time remaining: 18m 31s
Rendered 4441/7176, time remaining: 18m 32s
Rendered 4442/7176, time remaining: 18m 33s
Rendered 4443/7176, time remaining: 18m 27s
Rendered 4444/7176, time remaining: 18m 22s
Rendered 4445/7176, time remaining: 18m 23s
Rendered 4446/7176, time remaining: 18m 28s
Rendered 4447/7176, time remaining: 18m 28s
Rendered 4448/7176, time remaining: 18m 30s
Rendered 4449/7176, time remaining: 18m 35s
Rendered 4450/7176, time remaining: 18m 33s
Rendered 4451/7176, time remaining: 18m 33s
Rendered 4452/7176, time remaining: 18m 31s
Rendered 4453/7176, time remaining: 18m 31s
Rendered 4454/7176, time remaining: 18m 28s
Rendered 4455/7176, time remaining: 18m 30s
Rendered 4456/7176, time remaining: 18m 30s
Rendered 4457/7176, time remaining: 18m 32s
Rendered 4458/7176, time remaining: 18m 28s
Rendered 4459/7176, time remaining: 18m 28s
Rendered 4460/7176, time remaining: 18m 15s
Rendered 4461/7176, time remaining: 18m 34s
Rendered 4462/7176, time remaining: 18m 35s
Rendered 4463/7176, time remaining: 18m 34s
Rendered 4464/7176, time remaining: 18m 35s
Rendered 4465/7176, time remaining: 18m 34s
Rendered 4466/7176, time remaining: 18m 23s
Rendered 4467/7176, time remaining: 18m 38s
Rendered 4468/7176, time remaining: 18m 38s
Rendered 4469/7176, time remaining: 18m 37s
Rendered 4470/7176, time remaining: 18m 34s
Rendered 4471/7176, time remaining: 18m 34s
Rendered 4472/7176, time remaining: 18m 11s
Rendered 4473/7176, time remaining: 18m 34s
Rendered 4474/7176, time remaining: 18m 36s
Rendered 4475/7176, time remaining: 18m 37s
Rendered 4476/7176, time remaining: 18m 38s
Rendered 4477/7176, time remaining: 18m 37s
Rendered 4478/7176, time remaining: 18m 24s
Rendered 4479/7176, time remaining: 18m 30s
Rendered 4480/7176, time remaining: 18m 29s
Rendered 4481/7176, time remaining: 18m 33s
Rendered 4482/7176, time remaining: 18m 34s
Rendered 4483/7176, time remaining: 18m 28s
Rendered 4484/7176, time remaining: 18m 37s
Rendered 4485/7176, time remaining: 18m 26s
Rendered 4486/7176, time remaining: 18m 26s
Rendered 4487/7176, time remaining: 18m 29s
Rendered 4488/7176, time remaining: 18m 29s
Rendered 4489/7176, time remaining: 18m 28s
Rendered 4490/7176, time remaining: 18m 41s
Rendered 4491/7176, time remaining: 18m 28s
Rendered 4492/7176, time remaining: 18m 27s
Rendered 4493/7176, time remaining: 18m 28s
Rendered 4494/7176, time remaining: 18m 29s
Rendered 4495/7176, time remaining: 18m 27s
Rendered 4496/7176, time remaining: 18m 36s
Rendered 4497/7176, time remaining: 18m 21s
Rendered 4498/7176, time remaining: 18m 26s
Rendered 4499/7176, time remaining: 18m 25s
Rendered 4500/7176, time remaining: 18m 28s
Rendered 4501/7176, time remaining: 18m 28s
Rendered 4502/7176, time remaining: 18m 28s
Rendered 4503/7176, time remaining: 18m 23s
Rendered 4504/7176, time remaining: 18m 26s
Rendered 4505/7176, time remaining: 18m 27s
Rendered 4506/7176, time remaining: 18m 27s
Rendered 4507/7176, time remaining: 18m 28s
Rendered 4508/7176, time remaining: 18m 36s
Rendered 4509/7176, time remaining: 18m 16s
Rendered 4510/7176, time remaining: 18m 18s
Rendered 4511/7176, time remaining: 18m 17s
Rendered 4512/7176, time remaining: 18m 18s
Rendered 4513/7176, time remaining: 18m 20s
Rendered 4514/7176, time remaining: 18m 47s
Rendered 4515/7176, time remaining: 18m 34s
Rendered 4516/7176, time remaining: 18m 32s
Rendered 4517/7176, time remaining: 18m 32s
Rendered 4518/7176, time remaining: 18m 32s
Rendered 4519/7176, time remaining: 18m 35s
Rendered 4520/7176, time remaining: 18m 50s
Rendered 4521/7176, time remaining: 18m 56s
Rendered 4522/7176, time remaining: 18m 33s
Rendered 4523/7176, time remaining: 18m 33s
Rendered 4524/7176, time remaining: 18m 32s
Rendered 4525/7176, time remaining: 18m 33s
Rendered 4526/7176, time remaining: 18m 45s
Rendered 4527/7176, time remaining: 18m 51s
Rendered 4528/7176, time remaining: 18m 35s
Rendered 4529/7176, time remaining: 18m 37s
Rendered 4530/7176, time remaining: 18m 38s
Rendered 4531/7176, time remaining: 18m 39s
Rendered 4532/7176, time remaining: 18m 46s
Rendered 4533/7176, time remaining: 18m 51s
Rendered 4534/7176, time remaining: 18m 30s
Rendered 4535/7176, time remaining: 18m 30s
Rendered 4536/7176, time remaining: 18m 29s
Rendered 4537/7176, time remaining: 18m 29s
Rendered 4538/7176, time remaining: 18m 36s
Rendered 4539/7176, time remaining: 18m 49s
Rendered 4540/7176, time remaining: 18m 31s
Rendered 4541/7176, time remaining: 18m 24s
Rendered 4542/7176, time remaining: 18m 24s
Rendered 4543/7176, time remaining: 18m 25s
Rendered 4544/7176, time remaining: 18m 25s
Rendered 4545/7176, time remaining: 18m 32s
Rendered 4546/7176, time remaining: 18m 31s
Rendered 4547/7176, time remaining: 18m 26s
Rendered 4548/7176, time remaining: 18m 23s
Rendered 4549/7176, time remaining: 18m 28s
Rendered 4550/7176, time remaining: 18m 26s
Rendered 4551/7176, time remaining: 18m 42s
Rendered 4552/7176, time remaining: 18m 38s
Rendered 4553/7176, time remaining: 18m 38s
Rendered 4554/7176, time remaining: 18m 35s
Rendered 4555/7176, time remaining: 18m 36s
Rendered 4556/7176, time remaining: 18m 35s
Rendered 4557/7176, time remaining: 18m 40s
Rendered 4558/7176, time remaining: 18m 43s
Rendered 4559/7176, time remaining: 18m 39s
Rendered 4560/7176, time remaining: 18m 34s
Rendered 4561/7176, time remaining: 18m 30s
Rendered 4562/7176, time remaining: 18m 31s
Rendered 4563/7176, time remaining: 18m 37s
Rendered 4564/7176, time remaining: 18m 49s
Rendered 4565/7176, time remaining: 18m 50s
Rendered 4566/7176, time remaining: 18m 42s
Rendered 4567/7176, time remaining: 18m 43s
Rendered 4568/7176, time remaining: 18m 35s
Rendered 4569/7176, time remaining: 18m 34s
Rendered 4570/7176, time remaining: 18m 40s
Rendered 4571/7176, time remaining: 18m 36s
Rendered 4572/7176, time remaining: 18m 30s
Rendered 4573/7176, time remaining: 18m 24s
Rendered 4574/7176, time remaining: 18m 12s
Rendered 4575/7176, time remaining: 18m 9s
Rendered 4576/7176, time remaining: 18m 21s
Rendered 4577/7176, time remaining: 18m 25s
Rendered 4578/7176, time remaining: 18m 24s
Rendered 4579/7176, time remaining: 18m 21s
Rendered 4580/7176, time remaining: 18m 6s
Rendered 4581/7176, time remaining: 18m 11s
Rendered 4582/7176, time remaining: 18m 25s
Rendered 4583/7176, time remaining: 18m 25s
Rendered 4584/7176, time remaining: 18m 22s
Rendered 4585/7176, time remaining: 18m 21s
Rendered 4586/7176, time remaining: 17m 55s
Rendered 4587/7176, time remaining: 17m 56s
Rendered 4588/7176, time remaining: 18m 19s
Rendered 4589/7176, time remaining: 18m 20s
Rendered 4590/7176, time remaining: 18m 19s
Rendered 4591/7176, time remaining: 18m 19s
Rendered 4592/7176, time remaining: 18m 12s
Rendered 4593/7176, time remaining: 17m 57s
Rendered 4594/7176, time remaining: 18m 13s
Rendered 4595/7176, time remaining: 18m 9s
Rendered 4596/7176, time remaining: 18m 1s
Rendered 4597/7176, time remaining: 17m 59s
Rendered 4598/7176, time remaining: 17m 53s
Rendered 4599/7176, time remaining: 17m 34s
Rendered 4600/7176, time remaining: 18m 0s
Rendered 4601/7176, time remaining: 18m 0s
Rendered 4602/7176, time remaining: 18m 2s
Rendered 4603/7176, time remaining: 18m 2s
Rendered 4604/7176, time remaining: 17m 57s
Rendered 4605/7176, time remaining: 17m 46s
Rendered 4606/7176, time remaining: 17m 59s
Rendered 4607/7176, time remaining: 17m 56s
Rendered 4608/7176, time remaining: 17m 54s
Rendered 4609/7176, time remaining: 17m 52s
Rendered 4610/7176, time remaining: 17m 46s
Rendered 4611/7176, time remaining: 17m 27s
Rendered 4612/7176, time remaining: 17m 34s
Rendered 4613/7176, time remaining: 17m 47s
Rendered 4614/7176, time remaining: 17m 52s
Rendered 4615/7176, time remaining: 17m 53s
Rendered 4616/7176, time remaining: 17m 49s
Rendered 4617/7176, time remaining: 17m 33s
Rendered 4618/7176, time remaining: 17m 37s
Rendered 4619/7176, time remaining: 17m 46s
Rendered 4620/7176, time remaining: 17m 47s
Rendered 4621/7176, time remaining: 17m 44s
Rendered 4622/7176, time remaining: 17m 43s
Rendered 4623/7176, time remaining: 17m 19s
Rendered 4624/7176, time remaining: 17m 34s
Rendered 4625/7176, time remaining: 17m 34s
Rendered 4626/7176, time remaining: 17m 48s
Rendered 4627/7176, time remaining: 17m 50s
Rendered 4628/7176, time remaining: 17m 50s
Rendered 4629/7176, time remaining: 17m 40s
Rendered 4630/7176, time remaining: 17m 41s
Rendered 4631/7176, time remaining: 17m 36s
Rendered 4632/7176, time remaining: 17m 49s
Rendered 4633/7176, time remaining: 17m 48s
Rendered 4634/7176, time remaining: 17m 35s
Rendered 4635/7176, time remaining: 17m 25s
Rendered 4636/7176, time remaining: 17m 24s
Rendered 4637/7176, time remaining: 17m 21s
Rendered 4638/7176, time remaining: 17m 44s
Rendered 4639/7176, time remaining: 17m 43s
Rendered 4640/7176, time remaining: 17m 30s
Rendered 4641/7176, time remaining: 17m 28s
Rendered 4642/7176, time remaining: 17m 27s
Rendered 4643/7176, time remaining: 17m 26s
Rendered 4644/7176, time remaining: 17m 39s
Rendered 4645/7176, time remaining: 17m 36s
Rendered 4646/7176, time remaining: 17m 26s
Rendered 4647/7176, time remaining: 17m 18s
Rendered 4648/7176, time remaining: 17m 12s
Rendered 4649/7176, time remaining: 17m 11s
Rendered 4650/7176, time remaining: 17m 28s
Rendered 4651/7176, time remaining: 17m 34s
Rendered 4652/7176, time remaining: 17m 27s
Rendered 4653/7176, time remaining: 17m 23s
Rendered 4654/7176, time remaining: 17m 20s
Rendered 4655/7176, time remaining: 17m 20s
Rendered 4656/7176, time remaining: 17m 27s
Rendered 4657/7176, time remaining: 17m 32s
Rendered 4658/7176, time remaining: 17m 22s
Rendered 4659/7176, time remaining: 17m 20s
Rendered 4660/7176, time remaining: 17m 19s
Rendered 4661/7176, time remaining: 17m 22s
Rendered 4662/7176, time remaining: 17m 22s
Rendered 4663/7176, time remaining: 17m 31s
Rendered 4664/7176, time remaining: 17m 10s
Rendered 4665/7176, time remaining: 17m 17s
Rendered 4666/7176, time remaining: 17m 20s
Rendered 4667/7176, time remaining: 17m 22s
Rendered 4668/7176, time remaining: 17m 26s
Rendered 4669/7176, time remaining: 17m 24s
Rendered 4670/7176, time remaining: 17m 9s
Rendered 4671/7176, time remaining: 17m 4s
Rendered 4672/7176, time remaining: 17m 5s
Rendered 4673/7176, time remaining: 17m 5s
Rendered 4674/7176, time remaining: 17m 6s
Rendered 4675/7176, time remaining: 17m 9s
Rendered 4676/7176, time remaining: 16m 59s
Rendered 4677/7176, time remaining: 16m 51s
Rendered 4678/7176, time remaining: 16m 52s
Rendered 4679/7176, time remaining: 16m 52s
Rendered 4680/7176, time remaining: 17m 12s
Rendered 4681/7176, time remaining: 17m 10s
Rendered 4682/7176, time remaining: 17m 3s
Rendered 4683/7176, time remaining: 16m 53s
Rendered 4684/7176, time remaining: 16m 52s
Rendered 4685/7176, time remaining: 16m 50s
Rendered 4686/7176, time remaining: 17m 7s
Rendered 4687/7176, time remaining: 17m 6s
Rendered 4688/7176, time remaining: 16m 59s
Rendered 4689/7176, time remaining: 16m 47s
Rendered 4690/7176, time remaining: 16m 46s
Rendered 4691/7176, time remaining: 16m 48s
Rendered 4692/7176, time remaining: 17m 8s
Rendered 4693/7176, time remaining: 17m 5s
Rendered 4694/7176, time remaining: 17m 4s
Rendered 4695/7176, time remaining: 16m 56s
Rendered 4696/7176, time remaining: 16m 47s
Rendered 4697/7176, time remaining: 16m 45s
Rendered 4698/7176, time remaining: 16m 44s
Rendered 4699/7176, time remaining: 16m 53s
Rendered 4700/7176, time remaining: 16m 49s
Rendered 4701/7176, time remaining: 16m 31s
Rendered 4702/7176, time remaining: 16m 20s
Rendered 4703/7176, time remaining: 16m 19s
Rendered 4704/7176, time remaining: 16m 19s
Rendered 4705/7176, time remaining: 16m 36s
Rendered 4706/7176, time remaining: 16m 36s
Rendered 4707/7176, time remaining: 16m 29s
Rendered 4708/7176, time remaining: 16m 21s
Rendered 4709/7176, time remaining: 16m 21s
Rendered 4710/7176, time remaining: 16m 21s
Rendered 4711/7176, time remaining: 16m 44s
Rendered 4712/7176, time remaining: 16m 47s
Rendered 4713/7176, time remaining: 16m 40s
Rendered 4714/7176, time remaining: 16m 26s
Rendered 4715/7176, time remaining: 16m 25s
Rendered 4716/7176, time remaining: 16m 24s
Rendered 4717/7176, time remaining: 16m 32s
Rendered 4718/7176, time remaining: 16m 38s
Rendered 4719/7176, time remaining: 16m 42s
Rendered 4720/7176, time remaining: 16m 32s
Rendered 4721/7176, time remaining: 16m 33s
Rendered 4722/7176, time remaining: 16m 34s
Rendered 4723/7176, time remaining: 16m 35s
Rendered 4724/7176, time remaining: 16m 39s
Rendered 4725/7176, time remaining: 16m 55s
Rendered 4726/7176, time remaining: 16m 41s
Rendered 4727/7176, time remaining: 16m 33s
Rendered 4728/7176, time remaining: 16m 32s
Rendered 4729/7176, time remaining: 16m 31s
Rendered 4730/7176, time remaining: 16m 32s
Rendered 4731/7176, time remaining: 16m 49s
Rendered 4732/7176, time remaining: 16m 36s
Rendered 4733/7176, time remaining: 16m 36s
Rendered 4734/7176, time remaining: 16m 36s
Rendered 4735/7176, time remaining: 16m 36s
Rendered 4736/7176, time remaining: 16m 36s
Rendered 4737/7176, time remaining: 16m 52s
Rendered 4738/7176, time remaining: 16m 31s
Rendered 4739/7176, time remaining: 16m 28s
Rendered 4740/7176, time remaining: 16m 27s
Rendered 4741/7176, time remaining: 16m 28s
Rendered 4742/7176, time remaining: 16m 27s
Rendered 4743/7176, time remaining: 16m 34s
Rendered 4744/7176, time remaining: 16m 21s
Rendered 4745/7176, time remaining: 16m 21s
Rendered 4746/7176, time remaining: 16m 22s
Rendered 4747/7176, time remaining: 16m 29s
Rendered 4748/7176, time remaining: 16m 40s
Rendered 4749/7176, time remaining: 16m 44s
Rendered 4750/7176, time remaining: 16m 17s
Rendered 4751/7176, time remaining: 16m 18s
Rendered 4752/7176, time remaining: 16m 19s
Rendered 4753/7176, time remaining: 16m 26s
Rendered 4754/7176, time remaining: 16m 28s
Rendered 4755/7176, time remaining: 16m 28s
Rendered 4756/7176, time remaining: 16m 14s
Rendered 4757/7176, time remaining: 16m 14s
Rendered 4758/7176, time remaining: 16m 17s
Rendered 4759/7176, time remaining: 16m 32s
Rendered 4760/7176, time remaining: 16m 37s
Rendered 4761/7176, time remaining: 16m 36s
Rendered 4762/7176, time remaining: 16m 31s
Rendered 4763/7176, time remaining: 16m 18s
Rendered 4764/7176, time remaining: 16m 14s
Rendered 4765/7176, time remaining: 16m 20s
Rendered 4766/7176, time remaining: 16m 23s
Rendered 4767/7176, time remaining: 16m 23s
Rendered 4768/7176, time remaining: 16m 19s
Rendered 4769/7176, time remaining: 16m 15s
Rendered 4770/7176, time remaining: 16m 22s
Rendered 4771/7176, time remaining: 16m 30s
Rendered 4772/7176, time remaining: 16m 35s
Rendered 4773/7176, time remaining: 16m 35s
Rendered 4774/7176, time remaining: 16m 18s
Rendered 4775/7176, time remaining: 16m 19s
Rendered 4776/7176, time remaining: 16m 4s
Rendered 4777/7176, time remaining: 16m 13s
Rendered 4778/7176, time remaining: 16m 13s
Rendered 4779/7176, time remaining: 16m 13s
Rendered 4780/7176, time remaining: 16m 13s
Rendered 4781/7176, time remaining: 16m 17s
Rendered 4782/7176, time remaining: 16m 2s
Rendered 4783/7176, time remaining: 16m 14s
Rendered 4784/7176, time remaining: 16m 14s
Rendered 4785/7176, time remaining: 16m 14s
Rendered 4786/7176, time remaining: 16m 19s
Rendered 4787/7176, time remaining: 16m 28s
Rendered 4788/7176, time remaining: 16m 8s
Rendered 4789/7176, time remaining: 16m 8s
Rendered 4790/7176, time remaining: 16m 6s
Rendered 4791/7176, time remaining: 16m 5s
Rendered 4792/7176, time remaining: 16m 4s
Rendered 4793/7176, time remaining: 16m 19s
Rendered 4794/7176, time remaining: 16m 9s
Rendered 4795/7176, time remaining: 16m 9s
Rendered 4796/7176, time remaining: 16m 10s
Rendered 4797/7176, time remaining: 16m 14s
Rendered 4798/7176, time remaining: 16m 15s
Rendered 4799/7176, time remaining: 16m 30s
Rendered 4800/7176, time remaining: 16m 11s
Rendered 4801/7176, time remaining: 16m 4s
Rendered 4802/7176, time remaining: 16m 4s
Rendered 4803/7176, time remaining: 16m 5s
Rendered 4804/7176, time remaining: 16m 4s
Rendered 4805/7176, time remaining: 16m 11s
Rendered 4806/7176, time remaining: 16m 16s
Rendered 4807/7176, time remaining: 16m 11s
Rendered 4808/7176, time remaining: 16m 12s
Rendered 4809/7176, time remaining: 16m 13s
Rendered 4810/7176, time remaining: 16m 9s
Rendered 4811/7176, time remaining: 16m 5s
Rendered 4812/7176, time remaining: 16m 22s
Rendered 4813/7176, time remaining: 16m 10s
Rendered 4814/7176, time remaining: 16m 2s
Rendered 4815/7176, time remaining: 15m 54s
Rendered 4816/7176, time remaining: 15m 50s
Rendered 4817/7176, time remaining: 15m 49s
Rendered 4818/7176, time remaining: 16m 0s
Rendered 4819/7176, time remaining: 16m 3s
Rendered 4820/7176, time remaining: 16m 3s
Rendered 4821/7176, time remaining: 15m 57s
Rendered 4822/7176, time remaining: 15m 54s
Rendered 4823/7176, time remaining: 15m 53s
Rendered 4824/7176, time remaining: 15m 56s
Rendered 4825/7176, time remaining: 16m 7s
Rendered 4826/7176, time remaining: 16m 3s
Rendered 4827/7176, time remaining: 15m 59s
Rendered 4828/7176, time remaining: 15m 57s
Rendered 4829/7176, time remaining: 15m 54s
Rendered 4830/7176, time remaining: 15m 36s
Rendered 4831/7176, time remaining: 15m 50s
Rendered 4832/7176, time remaining: 15m 50s
Rendered 4833/7176, time remaining: 15m 52s
Rendered 4834/7176, time remaining: 15m 53s
Rendered 4835/7176, time remaining: 15m 51s
Rendered 4836/7176, time remaining: 15m 34s
Rendered 4837/7176, time remaining: 15m 51s
Rendered 4838/7176, time remaining: 15m 52s
Rendered 4839/7176, time remaining: 15m 50s
Rendered 4840/7176, time remaining: 15m 47s
Rendered 4841/7176, time remaining: 15m 44s
Rendered 4842/7176, time remaining: 15m 28s
Rendered 4843/7176, time remaining: 15m 42s
Rendered 4844/7176, time remaining: 15m 46s
Rendered 4845/7176, time remaining: 15m 48s
Rendered 4846/7176, time remaining: 15m 48s
Rendered 4847/7176, time remaining: 15m 47s
Rendered 4848/7176, time remaining: 15m 53s
Rendered 4849/7176, time remaining: 15m 47s
Rendered 4850/7176, time remaining: 15m 49s
Rendered 4851/7176, time remaining: 15m 51s
Rendered 4852/7176, time remaining: 15m 53s
Rendered 4853/7176, time remaining: 15m 53s
Rendered 4854/7176, time remaining: 15m 57s
Rendered 4855/7176, time remaining: 15m 40s
Rendered 4856/7176, time remaining: 15m 44s
Rendered 4857/7176, time remaining: 15m 49s
Rendered 4858/7176, time remaining: 15m 52s
Rendered 4859/7176, time remaining: 15m 51s
Rendered 4860/7176, time remaining: 15m 56s
Rendered 4861/7176, time remaining: 15m 31s
Rendered 4862/7176, time remaining: 15m 31s
Rendered 4863/7176, time remaining: 15m 32s
Rendered 4864/7176, time remaining: 15m 35s
Rendered 4865/7176, time remaining: 15m 34s
Rendered 4866/7176, time remaining: 15m 38s
Rendered 4867/7176, time remaining: 15m 34s
Rendered 4868/7176, time remaining: 15m 30s
Rendered 4869/7176, time remaining: 15m 29s
Rendered 4870/7176, time remaining: 15m 25s
Rendered 4871/7176, time remaining: 15m 24s
Rendered 4872/7176, time remaining: 15m 39s
Rendered 4873/7176, time remaining: 15m 39s
Rendered 4874/7176, time remaining: 15m 34s
Rendered 4875/7176, time remaining: 15m 17s
Rendered 4876/7176, time remaining: 15m 19s
Rendered 4877/7176, time remaining: 15m 18s
Rendered 4878/7176, time remaining: 15m 26s
Rendered 4879/7176, time remaining: 15m 26s
Rendered 4880/7176, time remaining: 15m 34s
Rendered 4881/7176, time remaining: 15m 13s
Rendered 4882/7176, time remaining: 15m 18s
Rendered 4883/7176, time remaining: 15m 18s
Rendered 4884/7176, time remaining: 15m 31s
Rendered 4885/7176, time remaining: 15m 29s
Rendered 4886/7176, time remaining: 15m 31s
Rendered 4887/7176, time remaining: 15m 10s
Rendered 4888/7176, time remaining: 15m 8s
Rendered 4889/7176, time remaining: 15m 10s
Rendered 4890/7176, time remaining: 15m 23s
Rendered 4891/7176, time remaining: 15m 21s
Rendered 4892/7176, time remaining: 15m 22s
Rendered 4893/7176, time remaining: 15m 13s
Rendered 4894/7176, time remaining: 15m 10s
Rendered 4895/7176, time remaining: 15m 10s
Rendered 4896/7176, time remaining: 15m 29s
Rendered 4897/7176, time remaining: 15m 23s
Rendered 4898/7176, time remaining: 15m 12s
Rendered 4899/7176, time remaining: 15m 7s
Rendered 4900/7176, time remaining: 15m 10s
Rendered 4901/7176, time remaining: 15m 10s
Rendered 4902/7176, time remaining: 15m 19s
Rendered 4903/7176, time remaining: 15m 14s
Rendered 4904/7176, time remaining: 15m 10s
Rendered 4905/7176, time remaining: 15m 9s
Rendered 4906/7176, time remaining: 15m 9s
Rendered 4907/7176, time remaining: 15m 13s
Rendered 4908/7176, time remaining: 15m 27s
Rendered 4909/7176, time remaining: 15m 13s
Rendered 4910/7176, time remaining: 15m 8s
Rendered 4911/7176, time remaining: 15m 7s
Rendered 4912/7176, time remaining: 15m 7s
Rendered 4913/7176, time remaining: 15m 7s
Rendered 4914/7176, time remaining: 15m 18s
Rendered 4915/7176, time remaining: 15m 11s
Rendered 4916/7176, time remaining: 15m 9s
Rendered 4917/7176, time remaining: 15m 10s
Rendered 4918/7176, time remaining: 15m 10s
Rendered 4919/7176, time remaining: 15m 5s
Rendered 4920/7176, time remaining: 15m 14s
Rendered 4921/7176, time remaining: 15m 7s
Rendered 4922/7176, time remaining: 15m 2s
Rendered 4923/7176, time remaining: 15m 0s
Rendered 4924/7176, time remaining: 15m 1s
Rendered 4925/7176, time remaining: 14m 58s
Rendered 4926/7176, time remaining: 15m 13s
Rendered 4927/7176, time remaining: 15m 6s
Rendered 4928/7176, time remaining: 15m 4s
Rendered 4929/7176, time remaining: 15m 3s
Rendered 4930/7176, time remaining: 15m 3s
Rendered 4931/7176, time remaining: 14m 58s
Rendered 4932/7176, time remaining: 15m 4s
Rendered 4933/7176, time remaining: 15m 8s
Rendered 4934/7176, time remaining: 15m 9s
Rendered 4935/7176, time remaining: 15m 9s
Rendered 4936/7176, time remaining: 15m 2s
Rendered 4937/7176, time remaining: 14m 54s
Rendered 4938/7176, time remaining: 14m 54s
Rendered 4939/7176, time remaining: 15m 3s
Rendered 4940/7176, time remaining: 15m 6s
Rendered 4941/7176, time remaining: 15m 5s
Rendered 4942/7176, time remaining: 15m 5s
Rendered 4943/7176, time remaining: 14m 49s
Rendered 4944/7176, time remaining: 14m 49s
Rendered 4945/7176, time remaining: 15m 5s
Rendered 4946/7176, time remaining: 15m 6s
Rendered 4947/7176, time remaining: 15m 3s
Rendered 4948/7176, time remaining: 15m 1s
Rendered 4949/7176, time remaining: 14m 47s
Rendered 4950/7176, time remaining: 14m 46s
Rendered 4951/7176, time remaining: 14m 57s
Rendered 4952/7176, time remaining: 14m 57s
Rendered 4953/7176, time remaining: 14m 56s
Rendered 4954/7176, time remaining: 14m 56s
Rendered 4955/7176, time remaining: 14m 48s
Rendered 4956/7176, time remaining: 14m 42s
Rendered 4957/7176, time remaining: 14m 56s
Rendered 4958/7176, time remaining: 14m 58s
Rendered 4959/7176, time remaining: 14m 55s
Rendered 4960/7176, time remaining: 14m 55s
Rendered 4961/7176, time remaining: 14m 59s
Rendered 4962/7176, time remaining: 14m 43s
Rendered 4963/7176, time remaining: 14m 49s
Rendered 4964/7176, time remaining: 14m 51s
Rendered 4965/7176, time remaining: 14m 50s
Rendered 4966/7176, time remaining: 14m 52s
Rendered 4967/7176, time remaining: 14m 50s
Rendered 4968/7176, time remaining: 14m 43s
Rendered 4969/7176, time remaining: 14m 50s
Rendered 4970/7176, time remaining: 14m 51s
Rendered 4971/7176, time remaining: 14m 52s
Rendered 4972/7176, time remaining: 14m 54s
Rendered 4973/7176, time remaining: 14m 59s
Rendered 4974/7176, time remaining: 14m 55s
Rendered 4975/7176, time remaining: 14m 42s
Rendered 4976/7176, time remaining: 14m 44s
Rendered 4977/7176, time remaining: 14m 45s
Rendered 4978/7176, time remaining: 14m 46s
Rendered 4979/7176, time remaining: 14m 47s
Rendered 4980/7176, time remaining: 14m 45s
Rendered 4981/7176, time remaining: 14m 47s
Rendered 4982/7176, time remaining: 14m 47s
Rendered 4983/7176, time remaining: 14m 44s
Rendered 4984/7176, time remaining: 14m 48s
Rendered 4985/7176, time remaining: 14m 54s
Rendered 4986/7176, time remaining: 14m 54s
Rendered 4987/7176, time remaining: 14m 39s
Rendered 4988/7176, time remaining: 14m 36s
Rendered 4989/7176, time remaining: 14m 39s
Rendered 4990/7176, time remaining: 14m 40s
Rendered 4991/7176, time remaining: 14m 42s
Rendered 4992/7176, time remaining: 14m 44s
Rendered 4993/7176, time remaining: 14m 31s
Rendered 4994/7176, time remaining: 14m 36s
Rendered 4995/7176, time remaining: 14m 44s
Rendered 4996/7176, time remaining: 14m 44s
Rendered 4997/7176, time remaining: 14m 45s
Rendered 4998/7176, time remaining: 14m 39s
Rendered 4999/7176, time remaining: 14m 35s
Rendered 5000/7176, time remaining: 14m 37s
Rendered 5001/7176, time remaining: 14m 36s
Rendered 5002/7176, time remaining: 14m 34s
Rendered 5003/7176, time remaining: 14m 34s
Rendered 5004/7176, time remaining: 14m 32s
Rendered 5005/7176, time remaining: 14m 29s
Rendered 5006/7176, time remaining: 14m 34s
Rendered 5007/7176, time remaining: 14m 31s
Rendered 5008/7176, time remaining: 14m 33s
Rendered 5009/7176, time remaining: 14m 38s
Rendered 5010/7176, time remaining: 14m 37s
Rendered 5011/7176, time remaining: 14m 37s
Rendered 5012/7176, time remaining: 14m 32s
Rendered 5013/7176, time remaining: 14m 31s
Rendered 5014/7176, time remaining: 14m 27s
Rendered 5015/7176, time remaining: 14m 33s
Rendered 5016/7176, time remaining: 14m 32s
Rendered 5017/7176, time remaining: 14m 28s
Rendered 5018/7176, time remaining: 14m 27s
Rendered 5019/7176, time remaining: 14m 26s
Rendered 5020/7176, time remaining: 14m 26s
Rendered 5021/7176, time remaining: 14m 38s
Rendered 5022/7176, time remaining: 14m 22s
Rendered 5023/7176, time remaining: 14m 22s
Rendered 5024/7176, time remaining: 14m 26s
Rendered 5025/7176, time remaining: 14m 32s
Rendered 5026/7176, time remaining: 14m 31s
Rendered 5027/7176, time remaining: 14m 31s
Rendered 5028/7176, time remaining: 14m 25s
Rendered 5029/7176, time remaining: 14m 24s
Rendered 5030/7176, time remaining: 14m 14s
Rendered 5031/7176, time remaining: 14m 21s
Rendered 5032/7176, time remaining: 14m 23s
Rendered 5033/7176, time remaining: 14m 28s
Rendered 5034/7176, time remaining: 14m 15s
Rendered 5035/7176, time remaining: 14m 18s
Rendered 5036/7176, time remaining: 14m 16s
Rendered 5037/7176, time remaining: 14m 19s
Rendered 5038/7176, time remaining: 14m 23s
Rendered 5039/7176, time remaining: 14m 25s
Rendered 5040/7176, time remaining: 14m 14s
Rendered 5041/7176, time remaining: 14m 12s
Rendered 5042/7176, time remaining: 14m 13s
Rendered 5043/7176, time remaining: 14m 12s
Rendered 5044/7176, time remaining: 14m 12s
Rendered 5045/7176, time remaining: 14m 24s
Rendered 5046/7176, time remaining: 14m 11s
Rendered 5047/7176, time remaining: 14m 11s
Rendered 5048/7176, time remaining: 14m 14s
Rendered 5049/7176, time remaining: 14m 13s
Rendered 5050/7176, time remaining: 14m 10s
Rendered 5051/7176, time remaining: 14m 10s
Rendered 5052/7176, time remaining: 14m 8s
Rendered 5053/7176, time remaining: 14m 6s
Rendered 5054/7176, time remaining: 14m 8s
Rendered 5055/7176, time remaining: 14m 6s
Rendered 5056/7176, time remaining: 14m 5s
Rendered 5057/7176, time remaining: 14m 9s
Rendered 5058/7176, time remaining: 13m 55s
Rendered 5059/7176, time remaining: 13m 57s
Rendered 5060/7176, time remaining: 13m 56s
Rendered 5061/7176, time remaining: 13m 56s
Rendered 5062/7176, time remaining: 13m 58s
Rendered 5063/7176, time remaining: 14m 7s
Rendered 5064/7176, time remaining: 13m 57s
Rendered 5065/7176, time remaining: 13m 57s
Rendered 5066/7176, time remaining: 13m 56s
Rendered 5067/7176, time remaining: 13m 55s
Rendered 5068/7176, time remaining: 13m 54s
Rendered 5069/7176, time remaining: 13m 58s
Rendered 5070/7176, time remaining: 13m 42s
Rendered 5071/7176, time remaining: 13m 49s
Rendered 5072/7176, time remaining: 13m 53s
Rendered 5073/7176, time remaining: 13m 54s
Rendered 5074/7176, time remaining: 13m 54s
Rendered 5075/7176, time remaining: 13m 56s
Rendered 5076/7176, time remaining: 13m 43s
Rendered 5077/7176, time remaining: 13m 48s
Rendered 5078/7176, time remaining: 13m 53s
Rendered 5079/7176, time remaining: 13m 51s
Rendered 5080/7176, time remaining: 13m 50s
Rendered 5081/7176, time remaining: 13m 51s
Rendered 5082/7176, time remaining: 13m 47s
Rendered 5083/7176, time remaining: 13m 43s
Rendered 5084/7176, time remaining: 13m 43s
Rendered 5085/7176, time remaining: 13m 43s
Rendered 5086/7176, time remaining: 13m 42s
Rendered 5087/7176, time remaining: 13m 42s
Rendered 5088/7176, time remaining: 13m 40s
Rendered 5089/7176, time remaining: 13m 48s
Rendered 5090/7176, time remaining: 13m 48s
Rendered 5091/7176, time remaining: 13m 49s
Rendered 5092/7176, time remaining: 13m 49s
Rendered 5093/7176, time remaining: 13m 48s
Rendered 5094/7176, time remaining: 13m 44s
Rendered 5095/7176, time remaining: 13m 41s
Rendered 5096/7176, time remaining: 13m 39s
Rendered 5097/7176, time remaining: 13m 37s
Rendered 5098/7176, time remaining: 13m 36s
Rendered 5099/7176, time remaining: 13m 37s
Rendered 5100/7176, time remaining: 13m 36s
Rendered 5101/7176, time remaining: 13m 48s
Rendered 5102/7176, time remaining: 13m 47s
Rendered 5103/7176, time remaining: 13m 47s
Rendered 5104/7176, time remaining: 13m 47s
Rendered 5105/7176, time remaining: 13m 46s
Rendered 5106/7176, time remaining: 13m 41s
Rendered 5107/7176, time remaining: 13m 40s
Rendered 5108/7176, time remaining: 13m 35s
Rendered 5109/7176, time remaining: 13m 34s
Rendered 5110/7176, time remaining: 13m 32s
Rendered 5111/7176, time remaining: 13m 26s
Rendered 5112/7176, time remaining: 13m 23s
Rendered 5113/7176, time remaining: 13m 29s
Rendered 5114/7176, time remaining: 13m 33s
Rendered 5115/7176, time remaining: 13m 32s
Rendered 5116/7176, time remaining: 13m 32s
Rendered 5117/7176, time remaining: 13m 33s
Rendered 5118/7176, time remaining: 13m 27s
Rendered 5119/7176, time remaining: 13m 35s
Rendered 5120/7176, time remaining: 13m 32s
Rendered 5121/7176, time remaining: 13m 29s
Rendered 5122/7176, time remaining: 13m 27s
Rendered 5123/7176, time remaining: 13m 20s
Rendered 5124/7176, time remaining: 13m 19s
Rendered 5125/7176, time remaining: 13m 31s
Rendered 5126/7176, time remaining: 13m 34s
Rendered 5127/7176, time remaining: 13m 33s
Rendered 5128/7176, time remaining: 13m 32s
Rendered 5129/7176, time remaining: 13m 31s
Rendered 5130/7176, time remaining: 13m 32s
Rendered 5131/7176, time remaining: 13m 31s
Rendered 5132/7176, time remaining: 13m 32s
Rendered 5133/7176, time remaining: 13m 31s
Rendered 5134/7176, time remaining: 13m 26s
Rendered 5135/7176, time remaining: 13m 19s
Rendered 5136/7176, time remaining: 13m 18s
Rendered 5137/7176, time remaining: 13m 32s
Rendered 5138/7176, time remaining: 13m 35s
Rendered 5139/7176, time remaining: 13m 32s
Rendered 5140/7176, time remaining: 13m 32s
Rendered 5141/7176, time remaining: 13m 30s
Rendered 5142/7176, time remaining: 13m 25s
Rendered 5143/7176, time remaining: 13m 28s
Rendered 5144/7176, time remaining: 13m 35s
Rendered 5145/7176, time remaining: 13m 25s
Rendered 5146/7176, time remaining: 13m 24s
Rendered 5147/7176, time remaining: 13m 22s
Rendered 5148/7176, time remaining: 13m 18s
Rendered 5149/7176, time remaining: 13m 14s
Rendered 5150/7176, time remaining: 13m 27s
Rendered 5151/7176, time remaining: 13m 27s
Rendered 5152/7176, time remaining: 13m 28s
Rendered 5153/7176, time remaining: 13m 28s
Rendered 5154/7176, time remaining: 13m 25s
Rendered 5155/7176, time remaining: 13m 30s
Rendered 5156/7176, time remaining: 13m 30s
Rendered 5157/7176, time remaining: 13m 27s
Rendered 5158/7176, time remaining: 13m 20s
Rendered 5159/7176, time remaining: 13m 15s
Rendered 5160/7176, time remaining: 13m 8s
Rendered 5161/7176, time remaining: 13m 12s
Rendered 5162/7176, time remaining: 13m 26s
Rendered 5163/7176, time remaining: 13m 26s
Rendered 5164/7176, time remaining: 13m 28s
Rendered 5165/7176, time remaining: 13m 23s
Rendered 5166/7176, time remaining: 13m 20s
Rendered 5167/7176, time remaining: 13m 25s
Rendered 5168/7176, time remaining: 13m 32s
Rendered 5169/7176, time remaining: 13m 28s
Rendered 5170/7176, time remaining: 13m 27s
Rendered 5171/7176, time remaining: 13m 18s
Rendered 5172/7176, time remaining: 13m 24s
Rendered 5173/7176, time remaining: 13m 22s
Rendered 5174/7176, time remaining: 13m 21s
Rendered 5175/7176, time remaining: 13m 16s
Rendered 5176/7176, time remaining: 13m 12s
Rendered 5177/7176, time remaining: 13m 18s
Rendered 5178/7176, time remaining: 13m 30s
Rendered 5179/7176, time remaining: 13m 31s
Rendered 5180/7176, time remaining: 13m 35s
Rendered 5181/7176, time remaining: 13m 28s
Rendered 5182/7176, time remaining: 13m 21s
Rendered 5183/7176, time remaining: 13m 19s
Rendered 5184/7176, time remaining: 13m 23s
Rendered 5185/7176, time remaining: 13m 22s
Rendered 5186/7176, time remaining: 13m 21s
Rendered 5187/7176, time remaining: 13m 18s
Rendered 5188/7176, time remaining: 13m 14s
Rendered 5189/7176, time remaining: 13m 10s
Rendered 5190/7176, time remaining: 13m 20s
Rendered 5191/7176, time remaining: 13m 27s
Rendered 5192/7176, time remaining: 13m 35s
Rendered 5193/7176, time remaining: 13m 35s
Rendered 5194/7176, time remaining: 13m 38s
Rendered 5195/7176, time remaining: 13m 26s
Rendered 5196/7176, time remaining: 13m 22s
Rendered 5197/7176, time remaining: 13m 24s
Rendered 5198/7176, time remaining: 13m 24s
Rendered 5199/7176, time remaining: 13m 25s
Rendered 5200/7176, time remaining: 13m 29s
Rendered 5201/7176, time remaining: 13m 25s
Rendered 5202/7176, time remaining: 13m 20s
Rendered 5203/7176, time remaining: 13m 27s
Rendered 5204/7176, time remaining: 13m 27s
Rendered 5205/7176, time remaining: 13m 34s
Rendered 5206/7176, time remaining: 13m 34s
Rendered 5207/7176, time remaining: 13m 29s
Rendered 5208/7176, time remaining: 13m 29s
Rendered 5209/7176, time remaining: 13m 31s
Rendered 5210/7176, time remaining: 13m 34s
Rendered 5211/7176, time remaining: 13m 34s
Rendered 5212/7176, time remaining: 13m 27s
Rendered 5213/7176, time remaining: 13m 20s
Rendered 5214/7176, time remaining: 13m 16s
Rendered 5215/7176, time remaining: 13m 29s
Rendered 5216/7176, time remaining: 13m 30s
Rendered 5217/7176, time remaining: 13m 30s
Rendered 5218/7176, time remaining: 13m 30s
Rendered 5219/7176, time remaining: 13m 25s
Rendered 5220/7176, time remaining: 13m 25s
Rendered 5221/7176, time remaining: 13m 30s
Rendered 5222/7176, time remaining: 13m 27s
Rendered 5223/7176, time remaining: 13m 25s
Rendered 5224/7176, time remaining: 13m 26s
Rendered 5225/7176, time remaining: 13m 22s
Rendered 5226/7176, time remaining: 13m 20s
Rendered 5227/7176, time remaining: 13m 23s
Rendered 5228/7176, time remaining: 13m 22s
Rendered 5229/7176, time remaining: 13m 25s
Rendered 5230/7176, time remaining: 13m 26s
Rendered 5231/7176, time remaining: 13m 26s
Rendered 5232/7176, time remaining: 13m 24s
Rendered 5233/7176, time remaining: 13m 19s
Rendered 5234/7176, time remaining: 13m 23s
Rendered 5235/7176, time remaining: 13m 24s
Rendered 5236/7176, time remaining: 13m 22s
Rendered 5237/7176, time remaining: 13m 20s
Rendered 5238/7176, time remaining: 13m 22s
Rendered 5239/7176, time remaining: 13m 9s
Rendered 5240/7176, time remaining: 13m 10s
Rendered 5241/7176, time remaining: 13m 11s
Rendered 5242/7176, time remaining: 13m 11s
Rendered 5243/7176, time remaining: 13m 11s
Rendered 5244/7176, time remaining: 13m 22s
Rendered 5245/7176, time remaining: 13m 15s
Rendered 5246/7176, time remaining: 13m 15s
Rendered 5247/7176, time remaining: 13m 14s
Rendered 5248/7176, time remaining: 13m 13s
Rendered 5249/7176, time remaining: 13m 13s
Rendered 5250/7176, time remaining: 13m 22s
Rendered 5251/7176, time remaining: 13m 0s
Rendered 5252/7176, time remaining: 13m 0s
Rendered 5253/7176, time remaining: 13m 0s
Rendered 5254/7176, time remaining: 12m 59s
Rendered 5255/7176, time remaining: 12m 59s
Rendered 5256/7176, time remaining: 13m 19s
Rendered 5257/7176, time remaining: 13m 6s
Rendered 5258/7176, time remaining: 13m 5s
Rendered 5259/7176, time remaining: 13m 6s
Rendered 5260/7176, time remaining: 13m 6s
Rendered 5261/7176, time remaining: 13m 6s
Rendered 5262/7176, time remaining: 13m 18s
Rendered 5263/7176, time remaining: 13m 6s
Rendered 5264/7176, time remaining: 13m 0s
Rendered 5265/7176, time remaining: 13m 1s
Rendered 5266/7176, time remaining: 12m 59s
Rendered 5267/7176, time remaining: 12m 58s
Rendered 5268/7176, time remaining: 13m 16s
Rendered 5269/7176, time remaining: 13m 0s
Rendered 5270/7176, time remaining: 13m 0s
Rendered 5271/7176, time remaining: 12m 59s
Rendered 5272/7176, time remaining: 12m 59s
Rendered 5273/7176, time remaining: 12m 59s
Rendered 5274/7176, time remaining: 13m 9s
Rendered 5275/7176, time remaining: 12m 55s
Rendered 5276/7176, time remaining: 12m 50s
Rendered 5277/7176, time remaining: 12m 48s
Rendered 5278/7176, time remaining: 12m 46s
Rendered 5279/7176, time remaining: 12m 45s
Rendered 5280/7176, time remaining: 13m 2s
Rendered 5281/7176, time remaining: 12m 50s
Rendered 5282/7176, time remaining: 12m 48s
Rendered 5283/7176, time remaining: 12m 48s
Rendered 5284/7176, time remaining: 12m 48s
Rendered 5285/7176, time remaining: 12m 50s
Rendered 5286/7176, time remaining: 12m 58s
Rendered 5287/7176, time remaining: 12m 44s
Rendered 5288/7176, time remaining: 12m 40s
Rendered 5289/7176, time remaining: 12m 39s
Rendered 5290/7176, time remaining: 12m 38s
Rendered 5291/7176, time remaining: 12m 39s
Rendered 5292/7176, time remaining: 12m 48s
Rendered 5293/7176, time remaining: 12m 50s
Rendered 5294/7176, time remaining: 12m 37s
Rendered 5295/7176, time remaining: 12m 38s
Rendered 5296/7176, time remaining: 12m 37s
Rendered 5297/7176, time remaining: 12m 39s
Rendered 5298/7176, time remaining: 12m 52s
Rendered 5299/7176, time remaining: 12m 53s
Rendered 5300/7176, time remaining: 12m 35s
Rendered 5301/7176, time remaining: 12m 34s
Rendered 5302/7176, time remaining: 12m 32s
Rendered 5303/7176, time remaining: 12m 31s
Rendered 5304/7176, time remaining: 12m 36s
Rendered 5305/7176, time remaining: 12m 41s
Rendered 5306/7176, time remaining: 12m 35s
Rendered 5307/7176, time remaining: 12m 36s
Rendered 5308/7176, time remaining: 12m 36s
Rendered 5309/7176, time remaining: 12m 35s
Rendered 5310/7176, time remaining: 12m 40s
Rendered 5311/7176, time remaining: 12m 44s
Rendered 5312/7176, time remaining: 12m 28s
Rendered 5313/7176, time remaining: 12m 28s
Rendered 5314/7176, time remaining: 12m 24s
Rendered 5315/7176, time remaining: 12m 23s
Rendered 5316/7176, time remaining: 12m 21s
Rendered 5317/7176, time remaining: 12m 29s
Rendered 5318/7176, time remaining: 12m 22s
Rendered 5319/7176, time remaining: 12m 23s
Rendered 5320/7176, time remaining: 12m 24s
Rendered 5321/7176, time remaining: 12m 21s
Rendered 5322/7176, time remaining: 12m 15s
Rendered 5323/7176, time remaining: 12m 26s
Rendered 5324/7176, time remaining: 12m 23s
Rendered 5325/7176, time remaining: 12m 21s
Rendered 5326/7176, time remaining: 12m 20s
Rendered 5327/7176, time remaining: 12m 14s
Rendered 5328/7176, time remaining: 12m 0s
Rendered 5329/7176, time remaining: 12m 13s
Rendered 5330/7176, time remaining: 12m 10s
Rendered 5331/7176, time remaining: 12m 10s
Rendered 5332/7176, time remaining: 12m 8s
Rendered 5333/7176, time remaining: 12m 7s
Rendered 5334/7176, time remaining: 12m 2s
Rendered 5335/7176, time remaining: 12m 17s
Rendered 5336/7176, time remaining: 12m 17s
Rendered 5337/7176, time remaining: 12m 15s
Rendered 5338/7176, time remaining: 12m 14s
Rendered 5339/7176, time remaining: 12m 14s
Rendered 5340/7176, time remaining: 12m 2s
Rendered 5341/7176, time remaining: 12m 5s
Rendered 5342/7176, time remaining: 11m 57s
Rendered 5343/7176, time remaining: 11m 55s
Rendered 5344/7176, time remaining: 11m 52s
Rendered 5345/7176, time remaining: 11m 51s
Rendered 5346/7176, time remaining: 11m 49s
Rendered 5347/7176, time remaining: 12m 0s
Rendered 5348/7176, time remaining: 11m 58s
Rendered 5349/7176, time remaining: 11m 56s
Rendered 5350/7176, time remaining: 11m 54s
Rendered 5351/7176, time remaining: 11m 55s
Rendered 5352/7176, time remaining: 11m 50s
Rendered 5353/7176, time remaining: 11m 52s
Rendered 5354/7176, time remaining: 11m 50s
Rendered 5355/7176, time remaining: 11m 44s
Rendered 5356/7176, time remaining: 11m 43s
Rendered 5357/7176, time remaining: 11m 42s
Rendered 5358/7176, time remaining: 11m 39s
Rendered 5359/7176, time remaining: 11m 44s
Rendered 5360/7176, time remaining: 11m 41s
Rendered 5361/7176, time remaining: 11m 45s
Rendered 5362/7176, time remaining: 11m 45s
Rendered 5363/7176, time remaining: 11m 44s
Rendered 5364/7176, time remaining: 11m 45s
Rendered 5365/7176, time remaining: 11m 38s
Rendered 5366/7176, time remaining: 11m 40s
Rendered 5367/7176, time remaining: 11m 41s
Rendered 5368/7176, time remaining: 11m 39s
Rendered 5369/7176, time remaining: 11m 37s
Rendered 5370/7176, time remaining: 11m 37s
Rendered 5371/7176, time remaining: 11m 27s
Rendered 5372/7176, time remaining: 11m 41s
Rendered 5373/7176, time remaining: 11m 42s
Rendered 5374/7176, time remaining: 11m 40s
Rendered 5375/7176, time remaining: 11m 40s
Rendered 5376/7176, time remaining: 11m 40s
Rendered 5377/7176, time remaining: 11m 29s
Rendered 5378/7176, time remaining: 11m 40s
Rendered 5379/7176, time remaining: 11m 37s
Rendered 5380/7176, time remaining: 11m 35s
Rendered 5381/7176, time remaining: 11m 33s
Rendered 5382/7176, time remaining: 11m 32s
Rendered 5383/7176, time remaining: 11m 28s
Rendered 5384/7176, time remaining: 11m 41s
Rendered 5385/7176, time remaining: 11m 39s
Rendered 5386/7176, time remaining: 11m 40s
Rendered 5387/7176, time remaining: 11m 39s
Rendered 5388/7176, time remaining: 11m 37s
Rendered 5389/7176, time remaining: 11m 33s
Rendered 5390/7176, time remaining: 11m 42s
Rendered 5391/7176, time remaining: 11m 40s
Rendered 5392/7176, time remaining: 11m 38s
Rendered 5393/7176, time remaining: 11m 36s
Rendered 5394/7176, time remaining: 11m 25s
Rendered 5395/7176, time remaining: 11m 20s
Rendered 5396/7176, time remaining: 11m 33s
Rendered 5397/7176, time remaining: 11m 34s
Rendered 5398/7176, time remaining: 11m 34s
Rendered 5399/7176, time remaining: 11m 33s
Rendered 5400/7176, time remaining: 11m 25s
Rendered 5401/7176, time remaining: 11m 25s
Rendered 5402/7176, time remaining: 11m 39s
Rendered 5403/7176, time remaining: 11m 38s
Rendered 5404/7176, time remaining: 11m 36s
Rendered 5405/7176, time remaining: 11m 35s
Rendered 5406/7176, time remaining: 11m 17s
Rendered 5407/7176, time remaining: 11m 17s
Rendered 5408/7176, time remaining: 11m 30s
Rendered 5409/7176, time remaining: 11m 32s
Rendered 5410/7176, time remaining: 11m 31s
Rendered 5411/7176, time remaining: 11m 31s
Rendered 5412/7176, time remaining: 11m 21s
Rendered 5413/7176, time remaining: 11m 24s
Rendered 5414/7176, time remaining: 11m 35s
Rendered 5415/7176, time remaining: 11m 35s
Rendered 5416/7176, time remaining: 11m 34s
Rendered 5417/7176, time remaining: 11m 32s
Rendered 5418/7176, time remaining: 11m 14s
Rendered 5419/7176, time remaining: 11m 13s
Rendered 5420/7176, time remaining: 11m 24s
Rendered 5421/7176, time remaining: 11m 26s
Rendered 5422/7176, time remaining: 11m 26s
Rendered 5423/7176, time remaining: 11m 26s
Rendered 5424/7176, time remaining: 11m 17s
Rendered 5425/7176, time remaining: 11m 18s
Rendered 5426/7176, time remaining: 11m 30s
Rendered 5427/7176, time remaining: 11m 31s
Rendered 5428/7176, time remaining: 11m 32s
Rendered 5429/7176, time remaining: 11m 32s
Rendered 5430/7176, time remaining: 11m 16s
Rendered 5431/7176, time remaining: 11m 15s
Rendered 5432/7176, time remaining: 11m 24s
Rendered 5433/7176, time remaining: 11m 24s
Rendered 5434/7176, time remaining: 11m 24s
Rendered 5435/7176, time remaining: 11m 22s
Rendered 5436/7176, time remaining: 11m 14s
Rendered 5437/7176, time remaining: 11m 12s
Rendered 5438/7176, time remaining: 11m 27s
Rendered 5439/7176, time remaining: 11m 31s
Rendered 5440/7176, time remaining: 11m 34s
Rendered 5441/7176, time remaining: 11m 32s
Rendered 5442/7176, time remaining: 11m 23s
Rendered 5443/7176, time remaining: 11m 16s
Rendered 5444/7176, time remaining: 11m 22s
Rendered 5445/7176, time remaining: 11m 22s
Rendered 5446/7176, time remaining: 11m 21s
Rendered 5447/7176, time remaining: 11m 20s
Rendered 5448/7176, time remaining: 11m 7s
Rendered 5449/7176, time remaining: 11m 7s
Rendered 5450/7176, time remaining: 11m 16s
Rendered 5451/7176, time remaining: 11m 22s
Rendered 5452/7176, time remaining: 11m 23s
Rendered 5453/7176, time remaining: 11m 24s
Rendered 5454/7176, time remaining: 11m 19s
Rendered 5455/7176, time remaining: 11m 10s
Rendered 5456/7176, time remaining: 11m 8s
Rendered 5457/7176, time remaining: 11m 15s
Rendered 5458/7176, time remaining: 11m 14s
Rendered 5459/7176, time remaining: 11m 14s
Rendered 5460/7176, time remaining: 11m 8s
Rendered 5461/7176, time remaining: 10m 59s
Rendered 5462/7176, time remaining: 11m 1s
Rendered 5463/7176, time remaining: 11m 8s
Rendered 5464/7176, time remaining: 11m 20s
Rendered 5465/7176, time remaining: 11m 20s
Rendered 5466/7176, time remaining: 11m 19s
Rendered 5467/7176, time remaining: 11m 8s
Rendered 5468/7176, time remaining: 11m 8s
Rendered 5469/7176, time remaining: 11m 7s
Rendered 5470/7176, time remaining: 11m 15s
Rendered 5471/7176, time remaining: 11m 15s
Rendered 5472/7176, time remaining: 11m 15s
Rendered 5473/7176, time remaining: 11m 3s
Rendered 5474/7176, time remaining: 11m 2s
Rendered 5475/7176, time remaining: 11m 2s
Rendered 5476/7176, time remaining: 11m 19s
Rendered 5477/7176, time remaining: 11m 20s
Rendered 5478/7176, time remaining: 11m 20s
Rendered 5479/7176, time remaining: 11m 7s
Rendered 5480/7176, time remaining: 11m 5s
Rendered 5481/7176, time remaining: 11m 5s
Rendered 5482/7176, time remaining: 11m 16s
Rendered 5483/7176, time remaining: 11m 15s
Rendered 5484/7176, time remaining: 11m 14s
Rendered 5485/7176, time remaining: 10m 57s
Rendered 5486/7176, time remaining: 10m 56s
Rendered 5487/7176, time remaining: 10m 56s
Rendered 5488/7176, time remaining: 11m 12s
Rendered 5489/7176, time remaining: 11m 13s
Rendered 5490/7176, time remaining: 11m 13s
Rendered 5491/7176, time remaining: 11m 4s
Rendered 5492/7176, time remaining: 11m 4s
Rendered 5493/7176, time remaining: 11m 3s
Rendered 5494/7176, time remaining: 11m 14s
Rendered 5495/7176, time remaining: 11m 13s
Rendered 5496/7176, time remaining: 11m 13s
Rendered 5497/7176, time remaining: 11m 0s
Rendered 5498/7176, time remaining: 10m 56s
Rendered 5499/7176, time remaining: 10m 55s
Rendered 5500/7176, time remaining: 11m 5s
Rendered 5501/7176, time remaining: 11m 7s
Rendered 5502/7176, time remaining: 11m 7s
Rendered 5503/7176, time remaining: 11m 2s
Rendered 5504/7176, time remaining: 11m 2s
Rendered 5505/7176, time remaining: 11m 1s
Rendered 5506/7176, time remaining: 11m 5s
Rendered 5507/7176, time remaining: 11m 9s
Rendered 5508/7176, time remaining: 11m 9s
Rendered 5509/7176, time remaining: 11m 0s
Rendered 5510/7176, time remaining: 10m 59s
Rendered 5511/7176, time remaining: 10m 55s
Rendered 5512/7176, time remaining: 10m 57s
Rendered 5513/7176, time remaining: 11m 3s
Rendered 5514/7176, time remaining: 11m 6s
Rendered 5515/7176, time remaining: 11m 0s
Rendered 5516/7176, time remaining: 10m 58s
Rendered 5517/7176, time remaining: 10m 57s
Rendered 5518/7176, time remaining: 10m 59s
Rendered 5519/7176, time remaining: 11m 3s
Rendered 5520/7176, time remaining: 11m 7s
Rendered 5521/7176, time remaining: 11m 5s
Rendered 5522/7176, time remaining: 10m 50s
Rendered 5523/7176, time remaining: 10m 49s
Rendered 5524/7176, time remaining: 10m 50s
Rendered 5525/7176, time remaining: 10m 53s
Rendered 5526/7176, time remaining: 10m 52s
Rendered 5527/7176, time remaining: 10m 54s
Rendered 5528/7176, time remaining: 10m 45s
Rendered 5529/7176, time remaining: 10m 51s
Rendered 5530/7176, time remaining: 10m 52s
Rendered 5531/7176, time remaining: 10m 52s
Rendered 5532/7176, time remaining: 10m 55s
Rendered 5533/7176, time remaining: 10m 54s
Rendered 5534/7176, time remaining: 10m 40s
Rendered 5535/7176, time remaining: 10m 42s
Rendered 5536/7176, time remaining: 10m 42s
Rendered 5537/7176, time remaining: 10m 41s
Rendered 5538/7176, time remaining: 10m 43s
Rendered 5539/7176, time remaining: 10m 41s
Rendered 5540/7176, time remaining: 10m 35s
Rendered 5541/7176, time remaining: 10m 38s
Rendered 5542/7176, time remaining: 10m 39s
Rendered 5543/7176, time remaining: 10m 43s
Rendered 5544/7176, time remaining: 10m 47s
Rendered 5545/7176, time remaining: 10m 48s
Rendered 5546/7176, time remaining: 10m 39s
Rendered 5547/7176, time remaining: 10m 38s
Rendered 5548/7176, time remaining: 10m 37s
Rendered 5549/7176, time remaining: 10m 40s
Rendered 5550/7176, time remaining: 10m 42s
Rendered 5551/7176, time remaining: 10m 41s
Rendered 5552/7176, time remaining: 10m 28s
Rendered 5553/7176, time remaining: 10m 28s
Rendered 5554/7176, time remaining: 10m 29s
Rendered 5555/7176, time remaining: 10m 41s
Rendered 5556/7176, time remaining: 10m 42s
Rendered 5557/7176, time remaining: 10m 45s
Rendered 5558/7176, time remaining: 10m 34s
Rendered 5559/7176, time remaining: 10m 33s
Rendered 5560/7176, time remaining: 10m 32s
Rendered 5561/7176, time remaining: 10m 40s
Rendered 5562/7176, time remaining: 10m 39s
Rendered 5563/7176, time remaining: 10m 36s
Rendered 5564/7176, time remaining: 10m 25s
Rendered 5565/7176, time remaining: 10m 26s
Rendered 5566/7176, time remaining: 10m 29s
Rendered 5567/7176, time remaining: 10m 38s
Rendered 5568/7176, time remaining: 10m 40s
Rendered 5569/7176, time remaining: 10m 40s
Rendered 5570/7176, time remaining: 10m 30s
Rendered 5571/7176, time remaining: 10m 32s
Rendered 5572/7176, time remaining: 10m 32s
Rendered 5573/7176, time remaining: 10m 33s
Rendered 5574/7176, time remaining: 10m 34s
Rendered 5575/7176, time remaining: 10m 33s
Rendered 5576/7176, time remaining: 10m 21s
Rendered 5577/7176, time remaining: 10m 22s
Rendered 5578/7176, time remaining: 10m 23s
Rendered 5579/7176, time remaining: 10m 26s
Rendered 5580/7176, time remaining: 10m 28s
Rendered 5581/7176, time remaining: 10m 31s
Rendered 5582/7176, time remaining: 10m 25s
Rendered 5583/7176, time remaining: 10m 27s
Rendered 5584/7176, time remaining: 10m 28s
Rendered 5585/7176, time remaining: 10m 29s
Rendered 5586/7176, time remaining: 10m 29s
Rendered 5587/7176, time remaining: 10m 28s
Rendered 5588/7176, time remaining: 10m 20s
Rendered 5589/7176, time remaining: 10m 16s
Rendered 5590/7176, time remaining: 10m 14s
Rendered 5591/7176, time remaining: 10m 13s
Rendered 5592/7176, time remaining: 10m 14s
Rendered 5593/7176, time remaining: 10m 14s
Rendered 5594/7176, time remaining: 10m 22s
Rendered 5595/7176, time remaining: 10m 21s
Rendered 5596/7176, time remaining: 10m 22s
Rendered 5597/7176, time remaining: 10m 21s
Rendered 5598/7176, time remaining: 10m 23s
Rendered 5599/7176, time remaining: 10m 21s
Rendered 5600/7176, time remaining: 10m 19s
Rendered 5601/7176, time remaining: 10m 14s
Rendered 5602/7176, time remaining: 10m 11s
Rendered 5603/7176, time remaining: 10m 10s
Rendered 5604/7176, time remaining: 10m 9s
Rendered 5605/7176, time remaining: 10m 8s
Rendered 5606/7176, time remaining: 10m 20s
Rendered 5607/7176, time remaining: 10m 12s
Rendered 5608/7176, time remaining: 10m 12s
Rendered 5609/7176, time remaining: 10m 12s
Rendered 5610/7176, time remaining: 10m 12s
Rendered 5611/7176, time remaining: 10m 13s
Rendered 5612/7176, time remaining: 10m 22s
Rendered 5613/7176, time remaining: 10m 15s
Rendered 5614/7176, time remaining: 10m 3s
Rendered 5615/7176, time remaining: 10m 3s
Rendered 5616/7176, time remaining: 10m 2s
Rendered 5617/7176, time remaining: 9m 59s
Rendered 5618/7176, time remaining: 10m 2s
Rendered 5619/7176, time remaining: 10m 8s
Rendered 5620/7176, time remaining: 10m 0s
Rendered 5621/7176, time remaining: 10m 1s
Rendered 5622/7176, time remaining: 10m 3s
Rendered 5623/7176, time remaining: 10m 4s
Rendered 5624/7176, time remaining: 10m 14s
Rendered 5625/7176, time remaining: 10m 14s
Rendered 5626/7176, time remaining: 9m 57s
Rendered 5627/7176, time remaining: 9m 56s
Rendered 5628/7176, time remaining: 9m 56s
Rendered 5629/7176, time remaining: 9m 55s
Rendered 5630/7176, time remaining: 9m 59s
Rendered 5631/7176, time remaining: 9m 59s
Rendered 5632/7176, time remaining: 9m 48s
Rendered 5633/7176, time remaining: 9m 47s
Rendered 5634/7176, time remaining: 9m 48s
Rendered 5635/7176, time remaining: 9m 58s
Rendered 5636/7176, time remaining: 10m 2s
Rendered 5637/7176, time remaining: 10m 2s
Rendered 5638/7176, time remaining: 9m 47s
Rendered 5639/7176, time remaining: 9m 48s
Rendered 5640/7176, time remaining: 9m 48s
Rendered 5641/7176, time remaining: 9m 53s
Rendered 5642/7176, time remaining: 9m 54s
Rendered 5643/7176, time remaining: 9m 54s
Rendered 5644/7176, time remaining: 9m 42s
Rendered 5645/7176, time remaining: 9m 45s
Rendered 5646/7176, time remaining: 9m 44s
Rendered 5647/7176, time remaining: 9m 52s
Rendered 5648/7176, time remaining: 9m 53s
Rendered 5649/7176, time remaining: 9m 57s
Rendered 5650/7176, time remaining: 9m 46s
Rendered 5651/7176, time remaining: 9m 48s
Rendered 5652/7176, time remaining: 9m 51s
Rendered 5653/7176, time remaining: 9m 49s
Rendered 5654/7176, time remaining: 9m 49s
Rendered 5655/7176, time remaining: 9m 49s
Rendered 5656/7176, time remaining: 9m 45s
Rendered 5657/7176, time remaining: 9m 40s
Rendered 5658/7176, time remaining: 9m 46s
Rendered 5659/7176, time remaining: 9m 48s
Rendered 5660/7176, time remaining: 9m 48s
Rendered 5661/7176, time remaining: 9m 48s
Rendered 5662/7176, time remaining: 9m 46s
Rendered 5663/7176, time remaining: 9m 40s
Rendered 5664/7176, time remaining: 9m 46s
Rendered 5665/7176, time remaining: 9m 49s
Rendered 5666/7176, time remaining: 9m 48s
Rendered 5667/7176, time remaining: 9m 48s
Rendered 5668/7176, time remaining: 9m 45s
Rendered 5669/7176, time remaining: 9m 43s
Rendered 5670/7176, time remaining: 9m 49s
Rendered 5671/7176, time remaining: 9m 49s
Rendered 5672/7176, time remaining: 9m 50s
Rendered 5673/7176, time remaining: 9m 49s
Rendered 5674/7176, time remaining: 9m 48s
Rendered 5675/7176, time remaining: 9m 48s
Rendered 5676/7176, time remaining: 10m 0s
Rendered 5677/7176, time remaining: 9m 58s
Rendered 5678/7176, time remaining: 9m 52s
Rendered 5679/7176, time remaining: 9m 46s
Rendered 5680/7176, time remaining: 9m 45s
Rendered 5681/7176, time remaining: 9m 45s
Rendered 5682/7176, time remaining: 9m 52s
Rendered 5683/7176, time remaining: 9m 52s
Rendered 5684/7176, time remaining: 9m 48s
Rendered 5685/7176, time remaining: 9m 46s
Rendered 5686/7176, time remaining: 9m 45s
Rendered 5687/7176, time remaining: 9m 46s
Rendered 5688/7176, time remaining: 9m 57s
Rendered 5689/7176, time remaining: 9m 58s
Rendered 5690/7176, time remaining: 9m 56s
Rendered 5691/7176, time remaining: 9m 52s
Rendered 5692/7176, time remaining: 9m 50s
Rendered 5693/7176, time remaining: 9m 49s
Rendered 5694/7176, time remaining: 9m 50s
Rendered 5695/7176, time remaining: 9m 49s
Rendered 5696/7176, time remaining: 9m 46s
Rendered 5697/7176, time remaining: 9m 47s
Rendered 5698/7176, time remaining: 9m 47s
Rendered 5699/7176, time remaining: 9m 53s
Rendered 5700/7176, time remaining: 9m 54s
Rendered 5701/7176, time remaining: 9m 54s
Rendered 5702/7176, time remaining: 9m 54s
Rendered 5703/7176, time remaining: 9m 55s
Rendered 5704/7176, time remaining: 9m 54s
Rendered 5705/7176, time remaining: 9m 47s
Rendered 5706/7176, time remaining: 9m 46s
Rendered 5707/7176, time remaining: 9m 41s
Rendered 5708/7176, time remaining: 9m 42s
Rendered 5709/7176, time remaining: 9m 42s
Rendered 5710/7176, time remaining: 9m 41s
Rendered 5711/7176, time remaining: 9m 41s
Rendered 5712/7176, time remaining: 9m 42s
Rendered 5713/7176, time remaining: 9m 45s
Rendered 5714/7176, time remaining: 9m 45s
Rendered 5715/7176, time remaining: 9m 47s
Rendered 5716/7176, time remaining: 9m 44s
Rendered 5717/7176, time remaining: 9m 40s
Rendered 5718/7176, time remaining: 9m 38s
Rendered 5719/7176, time remaining: 9m 39s
Rendered 5720/7176, time remaining: 9m 38s
Rendered 5721/7176, time remaining: 9m 37s
Rendered 5722/7176, time remaining: 9m 40s
Rendered 5723/7176, time remaining: 9m 41s
Rendered 5724/7176, time remaining: 9m 40s
Rendered 5725/7176, time remaining: 9m 42s
Rendered 5726/7176, time remaining: 9m 43s
Rendered 5727/7176, time remaining: 9m 42s
Rendered 5728/7176, time remaining: 9m 46s
Rendered 5729/7176, time remaining: 9m 50s
Rendered 5730/7176, time remaining: 9m 46s
Rendered 5731/7176, time remaining: 9m 43s
Rendered 5732/7176, time remaining: 9m 41s
Rendered 5733/7176, time remaining: 9m 38s
Rendered 5734/7176, time remaining: 9m 35s
Rendered 5735/7176, time remaining: 9m 39s
Rendered 5736/7176, time remaining: 9m 39s
Rendered 5737/7176, time remaining: 9m 37s
Rendered 5738/7176, time remaining: 9m 31s
Rendered 5739/7176, time remaining: 9m 31s
Rendered 5740/7176, time remaining: 9m 30s
Rendered 5741/7176, time remaining: 9m 45s
Rendered 5742/7176, time remaining: 9m 47s
Rendered 5743/7176, time remaining: 9m 46s
Rendered 5744/7176, time remaining: 9m 34s
Rendered 5745/7176, time remaining: 9m 36s
Rendered 5746/7176, time remaining: 9m 35s
Rendered 5747/7176, time remaining: 9m 39s
Rendered 5748/7176, time remaining: 9m 42s
Rendered 5749/7176, time remaining: 9m 41s
Rendered 5750/7176, time remaining: 9m 34s
Rendered 5751/7176, time remaining: 9m 36s
Rendered 5752/7176, time remaining: 9m 36s
Rendered 5753/7176, time remaining: 9m 47s
Rendered 5754/7176, time remaining: 9m 49s
Rendered 5755/7176, time remaining: 9m 49s
Rendered 5756/7176, time remaining: 9m 39s
Rendered 5757/7176, time remaining: 9m 38s
Rendered 5758/7176, time remaining: 9m 39s
Rendered 5759/7176, time remaining: 9m 46s
Rendered 5760/7176, time remaining: 9m 45s
Rendered 5761/7176, time remaining: 9m 45s
Rendered 5762/7176, time remaining: 9m 34s
Rendered 5763/7176, time remaining: 9m 35s
Rendered 5764/7176, time remaining: 9m 35s
Rendered 5765/7176, time remaining: 9m 41s
Rendered 5766/7176, time remaining: 9m 44s
Rendered 5767/7176, time remaining: 9m 45s
Rendered 5768/7176, time remaining: 9m 42s
Rendered 5769/7176, time remaining: 9m 35s
Rendered 5770/7176, time remaining: 9m 34s
Rendered 5771/7176, time remaining: 9m 33s
Rendered 5772/7176, time remaining: 9m 31s
Rendered 5773/7176, time remaining: 9m 41s
Rendered 5774/7176, time remaining: 9m 31s
Rendered 5775/7176, time remaining: 9m 29s
Rendered 5776/7176, time remaining: 9m 30s
Rendered 5777/7176, time remaining: 9m 30s
Rendered 5778/7176, time remaining: 9m 30s
Rendered 5779/7176, time remaining: 9m 46s
Rendered 5780/7176, time remaining: 9m 43s
Rendered 5781/7176, time remaining: 9m 42s
Rendered 5782/7176, time remaining: 9m 43s
Rendered 5783/7176, time remaining: 9m 43s
Rendered 5784/7176, time remaining: 9m 42s
Rendered 5785/7176, time remaining: 9m 42s
Rendered 5786/7176, time remaining: 9m 38s
Rendered 5787/7176, time remaining: 9m 37s
Rendered 5788/7176, time remaining: 9m 37s
Rendered 5789/7176, time remaining: 9m 35s
Rendered 5790/7176, time remaining: 9m 35s
Rendered 5791/7176, time remaining: 9m 45s
Rendered 5792/7176, time remaining: 9m 44s
Rendered 5793/7176, time remaining: 9m 44s
Rendered 5794/7176, time remaining: 9m 45s
Rendered 5795/7176, time remaining: 9m 42s
Rendered 5796/7176, time remaining: 9m 42s
Rendered 5797/7176, time remaining: 9m 42s
Rendered 5798/7176, time remaining: 9m 42s
Rendered 5799/7176, time remaining: 9m 38s
Rendered 5800/7176, time remaining: 9m 37s
Rendered 5801/7176, time remaining: 9m 33s
Rendered 5802/7176, time remaining: 9m 33s
Rendered 5803/7176, time remaining: 9m 39s
Rendered 5804/7176, time remaining: 9m 44s
Rendered 5805/7176, time remaining: 9m 42s
Rendered 5806/7176, time remaining: 9m 42s
Rendered 5807/7176, time remaining: 9m 43s
Rendered 5808/7176, time remaining: 9m 36s
Rendered 5809/7176, time remaining: 9m 38s
Rendered 5810/7176, time remaining: 9m 39s
Rendered 5811/7176, time remaining: 9m 40s
Rendered 5812/7176, time remaining: 9m 40s
Rendered 5813/7176, time remaining: 9m 39s
Rendered 5814/7176, time remaining: 9m 28s
Rendered 5815/7176, time remaining: 9m 27s
Rendered 5816/7176, time remaining: 9m 37s
Rendered 5817/7176, time remaining: 9m 37s
Rendered 5818/7176, time remaining: 9m 37s
Rendered 5819/7176, time remaining: 9m 36s
Rendered 5820/7176, time remaining: 9m 26s
Rendered 5821/7176, time remaining: 9m 25s
Rendered 5822/7176, time remaining: 9m 30s
Rendered 5823/7176, time remaining: 9m 31s
Rendered 5824/7176, time remaining: 9m 30s
Rendered 5825/7176, time remaining: 9m 28s
Rendered 5826/7176, time remaining: 9m 17s
Rendered 5827/7176, time remaining: 9m 17s
Rendered 5828/7176, time remaining: 9m 26s
Rendered 5829/7176, time remaining: 9m 28s
Rendered 5830/7176, time remaining: 9m 30s
Rendered 5831/7176, time remaining: 9m 29s
Rendered 5832/7176, time remaining: 9m 20s
Rendered 5833/7176, time remaining: 9m 19s
Rendered 5834/7176, time remaining: 9m 21s
Rendered 5835/7176, time remaining: 9m 24s
Rendered 5836/7176, time remaining: 9m 25s
Rendered 5837/7176, time remaining: 9m 23s
Rendered 5838/7176, time remaining: 9m 10s
Rendered 5839/7176, time remaining: 9m 9s
Rendered 5840/7176, time remaining: 9m 9s
Rendered 5841/7176, time remaining: 9m 20s
Rendered 5842/7176, time remaining: 9m 20s
Rendered 5843/7176, time remaining: 9m 17s
Rendered 5844/7176, time remaining: 9m 11s
Rendered 5845/7176, time remaining: 9m 11s
Rendered 5846/7176, time remaining: 9m 12s
Rendered 5847/7176, time remaining: 9m 19s
Rendered 5848/7176, time remaining: 9m 21s
Rendered 5849/7176, time remaining: 9m 10s
Rendered 5850/7176, time remaining: 9m 6s
Rendered 5851/7176, time remaining: 9m 5s
Rendered 5852/7176, time remaining: 9m 3s
Rendered 5853/7176, time remaining: 9m 13s
Rendered 5854/7176, time remaining: 9m 14s
Rendered 5855/7176, time remaining: 9m 11s
Rendered 5856/7176, time remaining: 9m 10s
Rendered 5857/7176, time remaining: 9m 10s
Rendered 5858/7176, time remaining: 9m 8s
Rendered 5859/7176, time remaining: 9m 10s
Rendered 5860/7176, time remaining: 9m 10s
Rendered 5861/7176, time remaining: 9m 11s
Rendered 5862/7176, time remaining: 9m 10s
Rendered 5863/7176, time remaining: 9m 6s
Rendered 5864/7176, time remaining: 9m 5s
Rendered 5865/7176, time remaining: 9m 0s
Rendered 5866/7176, time remaining: 9m 0s
Rendered 5867/7176, time remaining: 9m 9s
Rendered 5868/7176, time remaining: 9m 9s
Rendered 5869/7176, time remaining: 9m 7s
Rendered 5870/7176, time remaining: 9m 6s
Rendered 5871/7176, time remaining: 9m 3s
Rendered 5872/7176, time remaining: 8m 59s
Rendered 5873/7176, time remaining: 8m 59s
Rendered 5874/7176, time remaining: 9m 3s
Rendered 5875/7176, time remaining: 8m 59s
Rendered 5876/7176, time remaining: 8m 57s
Rendered 5877/7176, time remaining: 8m 55s
Rendered 5878/7176, time remaining: 8m 49s
Rendered 5879/7176, time remaining: 8m 43s
Rendered 5880/7176, time remaining: 8m 56s
Rendered 5881/7176, time remaining: 8m 57s
Rendered 5882/7176, time remaining: 8m 56s
Rendered 5883/7176, time remaining: 8m 55s
Rendered 5884/7176, time remaining: 8m 56s
Rendered 5885/7176, time remaining: 8m 51s
Rendered 5886/7176, time remaining: 8m 56s
Rendered 5887/7176, time remaining: 8m 58s
Rendered 5888/7176, time remaining: 8m 57s
Rendered 5889/7176, time remaining: 8m 57s
Rendered 5890/7176, time remaining: 8m 56s
Rendered 5891/7176, time remaining: 8m 42s
Rendered 5892/7176, time remaining: 8m 51s
Rendered 5893/7176, time remaining: 8m 51s
Rendered 5894/7176, time remaining: 8m 49s
Rendered 5895/7176, time remaining: 8m 46s
Rendered 5896/7176, time remaining: 8m 46s
Rendered 5897/7176, time remaining: 8m 42s
Rendered 5898/7176, time remaining: 8m 45s
Rendered 5899/7176, time remaining: 8m 45s
Rendered 5900/7176, time remaining: 8m 47s
Rendered 5901/7176, time remaining: 8m 44s
Rendered 5902/7176, time remaining: 8m 43s
Rendered 5903/7176, time remaining: 8m 33s
Rendered 5904/7176, time remaining: 8m 38s
Rendered 5905/7176, time remaining: 8m 38s
Rendered 5906/7176, time remaining: 8m 38s
Rendered 5907/7176, time remaining: 8m 37s
Rendered 5908/7176, time remaining: 8m 36s
Rendered 5909/7176, time remaining: 8m 30s
Rendered 5910/7176, time remaining: 8m 41s
Rendered 5911/7176, time remaining: 8m 39s
Rendered 5912/7176, time remaining: 8m 38s
Rendered 5913/7176, time remaining: 8m 37s
Rendered 5914/7176, time remaining: 8m 37s
Rendered 5915/7176, time remaining: 8m 31s
Rendered 5916/7176, time remaining: 8m 35s
Rendered 5917/7176, time remaining: 8m 34s
Rendered 5918/7176, time remaining: 8m 34s
Rendered 5919/7176, time remaining: 8m 34s
Rendered 5920/7176, time remaining: 8m 36s
Rendered 5921/7176, time remaining: 8m 37s
Rendered 5922/7176, time remaining: 8m 41s
Rendered 5923/7176, time remaining: 8m 33s
Rendered 5924/7176, time remaining: 8m 33s
Rendered 5925/7176, time remaining: 8m 34s
Rendered 5926/7176, time remaining: 8m 34s
Rendered 5927/7176, time remaining: 8m 34s
Rendered 5928/7176, time remaining: 8m 33s
Rendered 5929/7176, time remaining: 8m 19s
Rendered 5930/7176, time remaining: 8m 27s
Rendered 5931/7176, time remaining: 8m 27s
Rendered 5932/7176, time remaining: 8m 27s
Rendered 5933/7176, time remaining: 8m 26s
Rendered 5934/7176, time remaining: 8m 28s
Rendered 5935/7176, time remaining: 8m 20s
Rendered 5936/7176, time remaining: 8m 26s
Rendered 5937/7176, time remaining: 8m 26s
Rendered 5938/7176, time remaining: 8m 26s
Rendered 5939/7176, time remaining: 8m 25s
Rendered 5940/7176, time remaining: 8m 24s
Rendered 5941/7176, time remaining: 8m 10s
Rendered 5942/7176, time remaining: 8m 16s
Rendered 5943/7176, time remaining: 8m 16s
Rendered 5944/7176, time remaining: 8m 15s
Rendered 5945/7176, time remaining: 8m 15s
Rendered 5946/7176, time remaining: 8m 15s
Rendered 5947/7176, time remaining: 8m 8s
Rendered 5948/7176, time remaining: 8m 16s
Rendered 5949/7176, time remaining: 8m 17s
Rendered 5950/7176, time remaining: 8m 17s
Rendered 5951/7176, time remaining: 8m 16s
Rendered 5952/7176, time remaining: 8m 12s
Rendered 5953/7176, time remaining: 8m 4s
Rendered 5954/7176, time remaining: 8m 4s
Rendered 5955/7176, time remaining: 8m 7s
Rendered 5956/7176, time remaining: 8m 8s
Rendered 5957/7176, time remaining: 8m 6s
Rendered 5958/7176, time remaining: 8m 6s
Rendered 5959/7176, time remaining: 8m 2s
Rendered 5960/7176, time remaining: 8m 3s
Rendered 5961/7176, time remaining: 8m 7s
Rendered 5962/7176, time remaining: 8m 6s
Rendered 5963/7176, time remaining: 8m 6s
Rendered 5964/7176, time remaining: 8m 6s
Rendered 5965/7176, time remaining: 8m 4s
Rendered 5966/7176, time remaining: 7m 53s
Rendered 5967/7176, time remaining: 7m 59s
Rendered 5968/7176, time remaining: 7m 57s
Rendered 5969/7176, time remaining: 7m 57s
Rendered 5970/7176, time remaining: 7m 56s
Rendered 5971/7176, time remaining: 7m 57s
Rendered 5972/7176, time remaining: 7m 51s
Rendered 5973/7176, time remaining: 8m 1s
Rendered 5974/7176, time remaining: 8m 1s
Rendered 5975/7176, time remaining: 8m 2s
Rendered 5976/7176, time remaining: 8m 1s
Rendered 5977/7176, time remaining: 8m 3s
Rendered 5978/7176, time remaining: 7m 52s
Rendered 5979/7176, time remaining: 7m 56s
Rendered 5980/7176, time remaining: 7m 53s
Rendered 5981/7176, time remaining: 7m 54s
Rendered 5982/7176, time remaining: 7m 52s
Rendered 5983/7176, time remaining: 7m 51s
Rendered 5984/7176, time remaining: 7m 50s
Rendered 5985/7176, time remaining: 7m 56s
Rendered 5986/7176, time remaining: 7m 55s
Rendered 5987/7176, time remaining: 7m 56s
Rendered 5988/7176, time remaining: 7m 56s
Rendered 5989/7176, time remaining: 7m 56s
Rendered 5990/7176, time remaining: 7m 55s
Rendered 5991/7176, time remaining: 7m 48s
Rendered 5992/7176, time remaining: 7m 48s
Rendered 5993/7176, time remaining: 7m 48s
Rendered 5994/7176, time remaining: 7m 47s
Rendered 5995/7176, time remaining: 7m 47s
Rendered 5996/7176, time remaining: 7m 46s
Rendered 5997/7176, time remaining: 7m 46s
Rendered 5998/7176, time remaining: 7m 45s
Rendered 5999/7176, time remaining: 7m 46s
Rendered 6000/7176, time remaining: 7m 47s
Rendered 6001/7176, time remaining: 7m 47s
Rendered 6002/7176, time remaining: 7m 49s
Rendered 6003/7176, time remaining: 7m 47s
Rendered 6004/7176, time remaining: 7m 44s
Rendered 6005/7176, time remaining: 7m 43s
Rendered 6006/7176, time remaining: 7m 43s
Rendered 6007/7176, time remaining: 7m 42s
Rendered 6008/7176, time remaining: 7m 42s
Rendered 6009/7176, time remaining: 7m 48s
Rendered 6010/7176, time remaining: 7m 49s
Rendered 6011/7176, time remaining: 7m 41s
Rendered 6012/7176, time remaining: 7m 41s
Rendered 6013/7176, time remaining: 7m 42s
Rendered 6014/7176, time remaining: 7m 42s
Rendered 6015/7176, time remaining: 7m 44s
Rendered 6016/7176, time remaining: 7m 46s
Rendered 6017/7176, time remaining: 7m 35s
Rendered 6018/7176, time remaining: 7m 34s
Rendered 6019/7176, time remaining: 7m 34s
Rendered 6020/7176, time remaining: 7m 34s
Rendered 6021/7176, time remaining: 7m 38s
Rendered 6022/7176, time remaining: 7m 41s
Rendered 6023/7176, time remaining: 7m 37s
Rendered 6024/7176, time remaining: 7m 33s
Rendered 6025/7176, time remaining: 7m 33s
Rendered 6026/7176, time remaining: 7m 34s
Rendered 6027/7176, time remaining: 7m 42s
Rendered 6028/7176, time remaining: 7m 43s
Rendered 6029/7176, time remaining: 7m 42s
Rendered 6030/7176, time remaining: 7m 29s
Rendered 6031/7176, time remaining: 7m 28s
Rendered 6032/7176, time remaining: 7m 28s
Rendered 6033/7176, time remaining: 7m 28s
Rendered 6034/7176, time remaining: 7m 33s
Rendered 6035/7176, time remaining: 7m 35s
Rendered 6036/7176, time remaining: 7m 29s
Rendered 6037/7176, time remaining: 7m 29s
Rendered 6038/7176, time remaining: 7m 29s
Rendered 6039/7176, time remaining: 7m 31s
Rendered 6040/7176, time remaining: 7m 33s
Rendered 6041/7176, time remaining: 7m 34s
Rendered 6042/7176, time remaining: 7m 25s
Rendered 6043/7176, time remaining: 7m 25s
Rendered 6044/7176, time remaining: 7m 25s
Rendered 6045/7176, time remaining: 7m 26s
Rendered 6046/7176, time remaining: 7m 28s
Rendered 6047/7176, time remaining: 7m 28s
Rendered 6048/7176, time remaining: 7m 23s
Rendered 6049/7176, time remaining: 7m 27s
Rendered 6050/7176, time remaining: 7m 25s
Rendered 6051/7176, time remaining: 7m 27s
Rendered 6052/7176, time remaining: 7m 29s
Rendered 6053/7176, time remaining: 7m 27s
Rendered 6054/7176, time remaining: 7m 23s
Rendered 6055/7176, time remaining: 7m 21s
Rendered 6056/7176, time remaining: 7m 22s
Rendered 6057/7176, time remaining: 7m 23s
Rendered 6058/7176, time remaining: 7m 23s
Rendered 6059/7176, time remaining: 7m 24s
Rendered 6060/7176, time remaining: 7m 15s
Rendered 6061/7176, time remaining: 7m 16s
Rendered 6062/7176, time remaining: 7m 20s
Rendered 6063/7176, time remaining: 7m 23s
Rendered 6064/7176, time remaining: 7m 25s
Rendered 6065/7176, time remaining: 7m 25s
Rendered 6066/7176, time remaining: 7m 19s
Rendered 6067/7176, time remaining: 7m 18s
Rendered 6068/7176, time remaining: 7m 16s
Rendered 6069/7176, time remaining: 7m 17s
Rendered 6070/7176, time remaining: 7m 18s
Rendered 6071/7176, time remaining: 7m 19s
Rendered 6072/7176, time remaining: 7m 15s
Rendered 6073/7176, time remaining: 7m 13s
Rendered 6074/7176, time remaining: 7m 13s
Rendered 6075/7176, time remaining: 7m 13s
Rendered 6076/7176, time remaining: 7m 19s
Rendered 6077/7176, time remaining: 7m 18s
Rendered 6078/7176, time remaining: 7m 17s
Rendered 6079/7176, time remaining: 7m 17s
Rendered 6080/7176, time remaining: 7m 7s
Rendered 6081/7176, time remaining: 7m 7s
Rendered 6082/7176, time remaining: 7m 16s
Rendered 6083/7176, time remaining: 7m 16s
Rendered 6084/7176, time remaining: 7m 14s
Rendered 6085/7176, time remaining: 7m 13s
Rendered 6086/7176, time remaining: 7m 7s
Rendered 6087/7176, time remaining: 7m 7s
Rendered 6088/7176, time remaining: 7m 14s
Rendered 6089/7176, time remaining: 7m 14s
Rendered 6090/7176, time remaining: 7m 13s
Rendered 6091/7176, time remaining: 7m 13s
Rendered 6092/7176, time remaining: 7m 5s
Rendered 6093/7176, time remaining: 7m 4s
Rendered 6094/7176, time remaining: 7m 11s
Rendered 6095/7176, time remaining: 7m 13s
Rendered 6096/7176, time remaining: 7m 12s
Rendered 6097/7176, time remaining: 7m 13s
Rendered 6098/7176, time remaining: 7m 5s
Rendered 6099/7176, time remaining: 7m 4s
Rendered 6100/7176, time remaining: 7m 8s
Rendered 6101/7176, time remaining: 7m 9s
Rendered 6102/7176, time remaining: 7m 10s
Rendered 6103/7176, time remaining: 7m 11s
Rendered 6104/7176, time remaining: 7m 5s
Rendered 6105/7176, time remaining: 7m 5s
Rendered 6106/7176, time remaining: 7m 4s
Rendered 6107/7176, time remaining: 7m 6s
Rendered 6108/7176, time remaining: 7m 7s
Rendered 6109/7176, time remaining: 7m 10s
Rendered 6110/7176, time remaining: 7m 8s
Rendered 6111/7176, time remaining: 7m 2s
Rendered 6112/7176, time remaining: 7m 3s
Rendered 6113/7176, time remaining: 7m 5s
Rendered 6114/7176, time remaining: 7m 6s
Rendered 6115/7176, time remaining: 7m 5s
Rendered 6116/7176, time remaining: 7m 6s
Rendered 6117/7176, time remaining: 6m 59s
Rendered 6118/7176, time remaining: 7m 0s
Rendered 6119/7176, time remaining: 7m 7s
Rendered 6120/7176, time remaining: 7m 8s
Rendered 6121/7176, time remaining: 7m 7s
Rendered 6122/7176, time remaining: 7m 6s
Rendered 6123/7176, time remaining: 6m 57s
Rendered 6124/7176, time remaining: 6m 57s
Rendered 6125/7176, time remaining: 6m 58s
Rendered 6126/7176, time remaining: 7m 0s
Rendered 6127/7176, time remaining: 6m 58s
Rendered 6128/7176, time remaining: 6m 58s
Rendered 6129/7176, time remaining: 6m 52s
Rendered 6130/7176, time remaining: 6m 53s
Rendered 6131/7176, time remaining: 6m 52s
Rendered 6132/7176, time remaining: 7m 1s
Rendered 6133/7176, time remaining: 7m 2s
Rendered 6134/7176, time remaining: 7m 2s
Rendered 6135/7176, time remaining: 6m 52s
Rendered 6136/7176, time remaining: 6m 52s
Rendered 6137/7176, time remaining: 6m 54s
Rendered 6138/7176, time remaining: 6m 56s
Rendered 6139/7176, time remaining: 6m 56s
Rendered 6140/7176, time remaining: 6m 54s
Rendered 6141/7176, time remaining: 6m 50s
Rendered 6142/7176, time remaining: 6m 50s
Rendered 6143/7176, time remaining: 6m 53s
Rendered 6144/7176, time remaining: 6m 57s
Rendered 6145/7176, time remaining: 6m 58s
Rendered 6146/7176, time remaining: 6m 57s
Rendered 6147/7176, time remaining: 6m 51s
Rendered 6148/7176, time remaining: 6m 49s
Rendered 6149/7176, time remaining: 6m 51s
Rendered 6150/7176, time remaining: 6m 53s
Rendered 6151/7176, time remaining: 6m 52s
Rendered 6152/7176, time remaining: 6m 51s
Rendered 6153/7176, time remaining: 6m 45s
Rendered 6154/7176, time remaining: 6m 47s
Rendered 6155/7176, time remaining: 6m 46s
Rendered 6156/7176, time remaining: 6m 49s
Rendered 6157/7176, time remaining: 6m 51s
Rendered 6158/7176, time remaining: 6m 53s
Rendered 6159/7176, time remaining: 6m 46s
Rendered 6160/7176, time remaining: 6m 43s
Rendered 6161/7176, time remaining: 6m 44s
Rendered 6162/7176, time remaining: 6m 45s
Rendered 6163/7176, time remaining: 6m 46s
Rendered 6164/7176, time remaining: 6m 47s
Rendered 6165/7176, time remaining: 6m 45s
Rendered 6166/7176, time remaining: 6m 42s
Rendered 6167/7176, time remaining: 6m 42s
Rendered 6168/7176, time remaining: 6m 42s
Rendered 6169/7176, time remaining: 6m 47s
Rendered 6170/7176, time remaining: 6m 50s
Rendered 6171/7176, time remaining: 6m 46s
Rendered 6172/7176, time remaining: 6m 42s
Rendered 6173/7176, time remaining: 6m 44s
Rendered 6174/7176, time remaining: 6m 44s
Rendered 6175/7176, time remaining: 6m 44s
Rendered 6176/7176, time remaining: 6m 45s
Rendered 6177/7176, time remaining: 6m 38s
Rendered 6178/7176, time remaining: 6m 38s
Rendered 6179/7176, time remaining: 6m 38s
Rendered 6180/7176, time remaining: 6m 38s
Rendered 6181/7176, time remaining: 6m 45s
Rendered 6182/7176, time remaining: 6m 45s
Rendered 6183/7176, time remaining: 6m 45s
Rendered 6184/7176, time remaining: 6m 39s
Rendered 6185/7176, time remaining: 6m 37s
Rendered 6186/7176, time remaining: 6m 37s
Rendered 6187/7176, time remaining: 6m 41s
Rendered 6188/7176, time remaining: 6m 41s
Rendered 6189/7176, time remaining: 6m 39s
Rendered 6190/7176, time remaining: 6m 36s
Rendered 6191/7176, time remaining: 6m 34s
Rendered 6192/7176, time remaining: 6m 33s
Rendered 6193/7176, time remaining: 6m 41s
Rendered 6194/7176, time remaining: 6m 41s
Rendered 6195/7176, time remaining: 6m 39s
Rendered 6196/7176, time remaining: 6m 36s
Rendered 6197/7176, time remaining: 6m 35s
Rendered 6198/7176, time remaining: 6m 34s
Rendered 6199/7176, time remaining: 6m 34s
Rendered 6200/7176, time remaining: 6m 35s
Rendered 6201/7176, time remaining: 6m 33s
Rendered 6202/7176, time remaining: 6m 30s
Rendered 6203/7176, time remaining: 6m 30s
Rendered 6204/7176, time remaining: 6m 29s
Rendered 6205/7176, time remaining: 6m 36s
Rendered 6206/7176, time remaining: 6m 35s
Rendered 6207/7176, time remaining: 6m 33s
Rendered 6208/7176, time remaining: 6m 32s
Rendered 6209/7176, time remaining: 6m 31s
Rendered 6210/7176, time remaining: 6m 32s
Rendered 6211/7176, time remaining: 6m 34s
Rendered 6212/7176, time remaining: 6m 30s
Rendered 6213/7176, time remaining: 6m 27s
Rendered 6214/7176, time remaining: 6m 25s
Rendered 6215/7176, time remaining: 6m 24s
Rendered 6216/7176, time remaining: 6m 23s
Rendered 6217/7176, time remaining: 6m 32s
Rendered 6218/7176, time remaining: 6m 32s
Rendered 6219/7176, time remaining: 6m 30s
Rendered 6220/7176, time remaining: 6m 27s
Rendered 6221/7176, time remaining: 6m 24s
Rendered 6222/7176, time remaining: 6m 23s
Rendered 6223/7176, time remaining: 6m 28s
Rendered 6224/7176, time remaining: 6m 28s
Rendered 6225/7176, time remaining: 6m 26s
Rendered 6226/7176, time remaining: 6m 20s
Rendered 6227/7176, time remaining: 6m 20s
Rendered 6228/7176, time remaining: 6m 19s
Rendered 6229/7176, time remaining: 6m 30s
Rendered 6230/7176, time remaining: 6m 30s
Rendered 6231/7176, time remaining: 6m 29s
Rendered 6232/7176, time remaining: 6m 19s
Rendered 6233/7176, time remaining: 6m 18s
Rendered 6234/7176, time remaining: 6m 18s
Rendered 6235/7176, time remaining: 6m 21s
Rendered 6236/7176, time remaining: 6m 22s
Rendered 6237/7176, time remaining: 6m 22s
Rendered 6238/7176, time remaining: 6m 14s
Rendered 6239/7176, time remaining: 6m 14s
Rendered 6240/7176, time remaining: 6m 15s
Rendered 6241/7176, time remaining: 6m 21s
Rendered 6242/7176, time remaining: 6m 23s
Rendered 6243/7176, time remaining: 6m 22s
Rendered 6244/7176, time remaining: 6m 15s
Rendered 6245/7176, time remaining: 6m 13s
Rendered 6246/7176, time remaining: 6m 14s
Rendered 6247/7176, time remaining: 6m 17s
Rendered 6248/7176, time remaining: 6m 16s
Rendered 6249/7176, time remaining: 6m 15s
Rendered 6250/7176, time remaining: 6m 11s
Rendered 6251/7176, time remaining: 6m 10s
Rendered 6252/7176, time remaining: 6m 12s
Rendered 6253/7176, time remaining: 6m 16s
Rendered 6254/7176, time remaining: 6m 16s
Rendered 6255/7176, time remaining: 6m 14s
Rendered 6256/7176, time remaining: 6m 13s
Rendered 6257/7176, time remaining: 6m 11s
Rendered 6258/7176, time remaining: 6m 11s
Rendered 6259/7176, time remaining: 6m 10s
Rendered 6260/7176, time remaining: 6m 11s
Rendered 6261/7176, time remaining: 6m 10s
Rendered 6262/7176, time remaining: 6m 8s
Rendered 6263/7176, time remaining: 6m 6s
Rendered 6264/7176, time remaining: 6m 4s
Rendered 6265/7176, time remaining: 6m 8s
Rendered 6266/7176, time remaining: 6m 11s
Rendered 6267/7176, time remaining: 6m 12s
Rendered 6268/7176, time remaining: 6m 11s
Rendered 6269/7176, time remaining: 6m 4s
Rendered 6270/7176, time remaining: 6m 3s
Rendered 6271/7176, time remaining: 6m 6s
Rendered 6272/7176, time remaining: 6m 7s
Rendered 6273/7176, time remaining: 6m 5s
Rendered 6274/7176, time remaining: 6m 5s
Rendered 6275/7176, time remaining: 6m 1s
Rendered 6276/7176, time remaining: 6m 0s
Rendered 6277/7176, time remaining: 6m 6s
Rendered 6278/7176, time remaining: 6m 6s
Rendered 6279/7176, time remaining: 6m 6s
Rendered 6280/7176, time remaining: 6m 5s
Rendered 6281/7176, time remaining: 6m 4s
Rendered 6282/7176, time remaining: 5m 57s
Rendered 6283/7176, time remaining: 6m 2s
Rendered 6284/7176, time remaining: 6m 1s
Rendered 6285/7176, time remaining: 6m 0s
Rendered 6286/7176, time remaining: 5m 59s
Rendered 6287/7176, time remaining: 5m 56s
Rendered 6288/7176, time remaining: 5m 54s
Rendered 6289/7176, time remaining: 6m 0s
Rendered 6290/7176, time remaining: 6m 0s
Rendered 6291/7176, time remaining: 6m 0s
Rendered 6292/7176, time remaining: 5m 59s
Rendered 6293/7176, time remaining: 5m 56s
Rendered 6294/7176, time remaining: 5m 53s
Rendered 6295/7176, time remaining: 5m 57s
Rendered 6296/7176, time remaining: 5m 57s
Rendered 6297/7176, time remaining: 5m 56s
Rendered 6298/7176, time remaining: 5m 56s
Rendered 6299/7176, time remaining: 5m 53s
Rendered 6300/7176, time remaining: 5m 51s
Rendered 6301/7176, time remaining: 5m 55s
Rendered 6302/7176, time remaining: 5m 55s
Rendered 6303/7176, time remaining: 5m 54s
Rendered 6304/7176, time remaining: 5m 53s
Rendered 6305/7176, time remaining: 5m 52s
Rendered 6306/7176, time remaining: 5m 49s
Rendered 6307/7176, time remaining: 5m 54s
Rendered 6308/7176, time remaining: 5m 51s
Rendered 6309/7176, time remaining: 5m 49s
Rendered 6310/7176, time remaining: 5m 49s
Rendered 6311/7176, time remaining: 5m 47s
Rendered 6312/7176, time remaining: 5m 45s
Rendered 6313/7176, time remaining: 5m 48s
Rendered 6314/7176, time remaining: 5m 47s
Rendered 6315/7176, time remaining: 5m 47s
Rendered 6316/7176, time remaining: 5m 46s
Rendered 6317/7176, time remaining: 5m 45s
Rendered 6318/7176, time remaining: 5m 44s
Rendered 6319/7176, time remaining: 5m 47s
Rendered 6320/7176, time remaining: 5m 44s
Rendered 6321/7176, time remaining: 5m 43s
Rendered 6322/7176, time remaining: 5m 43s
Rendered 6323/7176, time remaining: 5m 40s
Rendered 6324/7176, time remaining: 5m 39s
Rendered 6325/7176, time remaining: 5m 43s
Rendered 6326/7176, time remaining: 5m 42s
Rendered 6327/7176, time remaining: 5m 41s
Rendered 6328/7176, time remaining: 5m 40s
Rendered 6329/7176, time remaining: 5m 39s
Rendered 6330/7176, time remaining: 5m 39s
Rendered 6331/7176, time remaining: 5m 39s
Rendered 6332/7176, time remaining: 5m 38s
Rendered 6333/7176, time remaining: 5m 37s
Rendered 6334/7176, time remaining: 5m 37s
Rendered 6335/7176, time remaining: 5m 37s
Rendered 6336/7176, time remaining: 5m 36s
Rendered 6337/7176, time remaining: 5m 34s
Rendered 6338/7176, time remaining: 5m 34s
Rendered 6339/7176, time remaining: 5m 34s
Rendered 6340/7176, time remaining: 5m 34s
Rendered 6341/7176, time remaining: 5m 34s
Rendered 6342/7176, time remaining: 5m 33s
Rendered 6343/7176, time remaining: 5m 33s
Rendered 6344/7176, time remaining: 5m 32s
Rendered 6345/7176, time remaining: 5m 32s
Rendered 6346/7176, time remaining: 5m 31s
Rendered 6347/7176, time remaining: 5m 31s
Rendered 6348/7176, time remaining: 5m 29s
Rendered 6349/7176, time remaining: 5m 30s
Rendered 6350/7176, time remaining: 5m 29s
Rendered 6351/7176, time remaining: 5m 28s
Rendered 6352/7176, time remaining: 5m 28s
Rendered 6353/7176, time remaining: 5m 28s
Rendered 6354/7176, time remaining: 5m 28s
Rendered 6355/7176, time remaining: 5m 21s
Rendered 6356/7176, time remaining: 5m 27s
Rendered 6357/7176, time remaining: 5m 27s
Rendered 6358/7176, time remaining: 5m 27s
Rendered 6359/7176, time remaining: 5m 26s
Rendered 6360/7176, time remaining: 5m 25s
Rendered 6361/7176, time remaining: 5m 21s
Rendered 6362/7176, time remaining: 5m 25s
Rendered 6363/7176, time remaining: 5m 24s
Rendered 6364/7176, time remaining: 5m 24s
Rendered 6365/7176, time remaining: 5m 23s
Rendered 6366/7176, time remaining: 5m 23s
Rendered 6367/7176, time remaining: 5m 18s
Rendered 6368/7176, time remaining: 5m 23s
Rendered 6369/7176, time remaining: 5m 22s
Rendered 6370/7176, time remaining: 5m 22s
Rendered 6371/7176, time remaining: 5m 22s
Rendered 6372/7176, time remaining: 5m 21s
Rendered 6373/7176, time remaining: 5m 19s
Rendered 6374/7176, time remaining: 5m 19s
Rendered 6375/7176, time remaining: 5m 18s
Rendered 6376/7176, time remaining: 5m 18s
Rendered 6377/7176, time remaining: 5m 17s
Rendered 6378/7176, time remaining: 5m 18s
Rendered 6379/7176, time remaining: 5m 12s
Rendered 6380/7176, time remaining: 5m 14s
Rendered 6381/7176, time remaining: 5m 14s
Rendered 6382/7176, time remaining: 5m 15s
Rendered 6383/7176, time remaining: 5m 14s
Rendered 6384/7176, time remaining: 5m 13s
Rendered 6385/7176, time remaining: 5m 14s
Rendered 6386/7176, time remaining: 5m 13s
Rendered 6387/7176, time remaining: 5m 13s
Rendered 6388/7176, time remaining: 5m 12s
Rendered 6389/7176, time remaining: 5m 13s
Rendered 6390/7176, time remaining: 5m 13s
Rendered 6391/7176, time remaining: 5m 7s
Rendered 6392/7176, time remaining: 5m 6s
Rendered 6393/7176, time remaining: 5m 7s
Rendered 6394/7176, time remaining: 5m 9s
Rendered 6395/7176, time remaining: 5m 10s
Rendered 6396/7176, time remaining: 5m 9s
Rendered 6397/7176, time remaining: 5m 5s
Rendered 6398/7176, time remaining: 5m 6s
Rendered 6399/7176, time remaining: 5m 6s
Rendered 6400/7176, time remaining: 5m 6s
Rendered 6401/7176, time remaining: 5m 6s
Rendered 6402/7176, time remaining: 5m 8s
Rendered 6403/7176, time remaining: 5m 3s
Rendered 6404/7176, time remaining: 5m 3s
Rendered 6405/7176, time remaining: 5m 2s
Rendered 6406/7176, time remaining: 5m 2s
Rendered 6407/7176, time remaining: 5m 1s
Rendered 6408/7176, time remaining: 5m 6s
Rendered 6409/7176, time remaining: 5m 3s
Rendered 6410/7176, time remaining: 5m 2s
Rendered 6411/7176, time remaining: 5m 1s
Rendered 6412/7176, time remaining: 5m 1s
Rendered 6413/7176, time remaining: 5m 0s
Rendered 6414/7176, time remaining: 5m 3s
Rendered 6415/7176, time remaining: 5m 0s
Rendered 6416/7176, time remaining: 4m 57s
Rendered 6417/7176, time remaining: 4m 55s
Rendered 6418/7176, time remaining: 4m 55s
Rendered 6419/7176, time remaining: 4m 55s
Rendered 6420/7176, time remaining: 4m 54s
Rendered 6421/7176, time remaining: 4m 58s
Rendered 6422/7176, time remaining: 4m 56s
Rendered 6423/7176, time remaining: 4m 55s
Rendered 6424/7176, time remaining: 4m 55s
Rendered 6425/7176, time remaining: 4m 55s
Rendered 6426/7176, time remaining: 4m 55s
Rendered 6427/7176, time remaining: 4m 52s
Rendered 6428/7176, time remaining: 4m 51s
Rendered 6429/7176, time remaining: 4m 51s
Rendered 6430/7176, time remaining: 4m 51s
Rendered 6431/7176, time remaining: 4m 50s
Rendered 6432/7176, time remaining: 4m 52s
Rendered 6433/7176, time remaining: 4m 52s
Rendered 6434/7176, time remaining: 4m 52s
Rendered 6435/7176, time remaining: 4m 52s
Rendered 6436/7176, time remaining: 4m 52s
Rendered 6437/7176, time remaining: 4m 52s
Rendered 6438/7176, time remaining: 4m 52s
Rendered 6439/7176, time remaining: 4m 52s
Rendered 6440/7176, time remaining: 4m 51s
Rendered 6441/7176, time remaining: 4m 50s
Rendered 6442/7176, time remaining: 4m 49s
Rendered 6443/7176, time remaining: 4m 49s
Rendered 6444/7176, time remaining: 4m 48s
Rendered 6445/7176, time remaining: 4m 49s
Rendered 6446/7176, time remaining: 4m 49s
Rendered 6447/7176, time remaining: 4m 49s
Rendered 6448/7176, time remaining: 4m 48s
Rendered 6449/7176, time remaining: 4m 47s
Rendered 6450/7176, time remaining: 4m 47s
Rendered 6451/7176, time remaining: 4m 48s
Rendered 6452/7176, time remaining: 4m 47s
Rendered 6453/7176, time remaining: 4m 46s
Rendered 6454/7176, time remaining: 4m 45s
Rendered 6455/7176, time remaining: 4m 44s
Rendered 6456/7176, time remaining: 4m 43s
Rendered 6457/7176, time remaining: 4m 38s
Rendered 6458/7176, time remaining: 4m 43s
Rendered 6459/7176, time remaining: 4m 42s
Rendered 6460/7176, time remaining: 4m 42s
Rendered 6461/7176, time remaining: 4m 43s
Rendered 6462/7176, time remaining: 4m 43s
Rendered 6463/7176, time remaining: 4m 38s
Rendered 6464/7176, time remaining: 4m 44s
Rendered 6465/7176, time remaining: 4m 43s
Rendered 6466/7176, time remaining: 4m 43s
Rendered 6467/7176, time remaining: 4m 42s
Rendered 6468/7176, time remaining: 4m 41s
Rendered 6469/7176, time remaining: 4m 35s
Rendered 6470/7176, time remaining: 4m 41s
Rendered 6471/7176, time remaining: 4m 42s
Rendered 6472/7176, time remaining: 4m 42s
Rendered 6473/7176, time remaining: 4m 42s
Rendered 6474/7176, time remaining: 4m 42s
Rendered 6475/7176, time remaining: 4m 37s
Rendered 6476/7176, time remaining: 4m 42s
Rendered 6477/7176, time remaining: 4m 42s
Rendered 6478/7176, time remaining: 4m 41s
Rendered 6479/7176, time remaining: 4m 41s
Rendered 6480/7176, time remaining: 4m 39s
Rendered 6481/7176, time remaining: 4m 33s
Rendered 6482/7176, time remaining: 4m 35s
Rendered 6483/7176, time remaining: 4m 42s
Rendered 6484/7176, time remaining: 4m 41s
Rendered 6485/7176, time remaining: 4m 41s
Rendered 6486/7176, time remaining: 4m 41s
Rendered 6487/7176, time remaining: 4m 37s
Rendered 6488/7176, time remaining: 4m 37s
Rendered 6489/7176, time remaining: 4m 41s
Rendered 6490/7176, time remaining: 4m 41s
Rendered 6491/7176, time remaining: 4m 41s
Rendered 6492/7176, time remaining: 4m 41s
Rendered 6493/7176, time remaining: 4m 36s
Rendered 6494/7176, time remaining: 4m 35s
Rendered 6495/7176, time remaining: 4m 37s
Rendered 6496/7176, time remaining: 4m 37s
Rendered 6497/7176, time remaining: 4m 43s
Rendered 6498/7176, time remaining: 4m 43s
Rendered 6499/7176, time remaining: 4m 40s
Rendered 6500/7176, time remaining: 4m 38s
Rendered 6501/7176, time remaining: 4m 38s
Rendered 6502/7176, time remaining: 4m 40s
Rendered 6503/7176, time remaining: 4m 42s
Rendered 6504/7176, time remaining: 4m 42s
Rendered 6505/7176, time remaining: 4m 42s
Rendered 6506/7176, time remaining: 4m 37s
Rendered 6507/7176, time remaining: 4m 36s
Rendered 6508/7176, time remaining: 4m 37s
Rendered 6509/7176, time remaining: 4m 41s
Rendered 6510/7176, time remaining: 4m 40s
Rendered 6511/7176, time remaining: 4m 39s
Rendered 6512/7176, time remaining: 4m 36s
Rendered 6513/7176, time remaining: 4m 35s
Rendered 6514/7176, time remaining: 4m 35s
Rendered 6515/7176, time remaining: 4m 39s
Rendered 6516/7176, time remaining: 4m 39s
Rendered 6517/7176, time remaining: 4m 37s
Rendered 6518/7176, time remaining: 4m 32s
Rendered 6519/7176, time remaining: 4m 31s
Rendered 6520/7176, time remaining: 4m 31s
Rendered 6521/7176, time remaining: 4m 36s
Rendered 6522/7176, time remaining: 4m 39s
Rendered 6523/7176, time remaining: 4m 37s
Rendered 6524/7176, time remaining: 4m 35s
Rendered 6525/7176, time remaining: 4m 35s
Rendered 6526/7176, time remaining: 4m 36s
Rendered 6527/7176, time remaining: 4m 36s
Rendered 6528/7176, time remaining: 4m 39s
Rendered 6529/7176, time remaining: 4m 36s
Rendered 6530/7176, time remaining: 4m 33s
Rendered 6531/7176, time remaining: 4m 33s
Rendered 6532/7176, time remaining: 4m 32s
Rendered 6533/7176, time remaining: 4m 34s
Rendered 6534/7176, time remaining: 4m 35s
Rendered 6535/7176, time remaining: 4m 31s
Rendered 6536/7176, time remaining: 4m 32s
Rendered 6537/7176, time remaining: 4m 33s
Rendered 6538/7176, time remaining: 4m 33s
Rendered 6539/7176, time remaining: 4m 32s
Rendered 6540/7176, time remaining: 4m 30s
Rendered 6541/7176, time remaining: 4m 31s
Rendered 6542/7176, time remaining: 4m 31s
Rendered 6543/7176, time remaining: 4m 32s
Rendered 6544/7176, time remaining: 4m 32s
Rendered 6545/7176, time remaining: 4m 30s
Rendered 6546/7176, time remaining: 4m 29s
Rendered 6547/7176, time remaining: 4m 29s
Rendered 6548/7176, time remaining: 4m 29s
Rendered 6549/7176, time remaining: 4m 29s
Rendered 6550/7176, time remaining: 4m 29s
Rendered 6551/7176, time remaining: 4m 28s
Rendered 6552/7176, time remaining: 4m 24s
Rendered 6553/7176, time remaining: 4m 24s
Rendered 6554/7176, time remaining: 4m 26s
Rendered 6555/7176, time remaining: 4m 29s
Rendered 6556/7176, time remaining: 4m 29s
Rendered 6557/7176, time remaining: 4m 29s
Rendered 6558/7176, time remaining: 4m 23s
Rendered 6559/7176, time remaining: 4m 23s
Rendered 6560/7176, time remaining: 4m 23s
Rendered 6561/7176, time remaining: 4m 25s
Rendered 6562/7176, time remaining: 4m 25s
Rendered 6563/7176, time remaining: 4m 24s
Rendered 6564/7176, time remaining: 4m 21s
Rendered 6565/7176, time remaining: 4m 20s
Rendered 6566/7176, time remaining: 4m 20s
Rendered 6567/7176, time remaining: 4m 25s
Rendered 6568/7176, time remaining: 4m 25s
Rendered 6569/7176, time remaining: 4m 25s
Rendered 6570/7176, time remaining: 4m 23s
Rendered 6571/7176, time remaining: 4m 18s
Rendered 6572/7176, time remaining: 4m 18s
Rendered 6573/7176, time remaining: 4m 21s
Rendered 6574/7176, time remaining: 4m 21s
Rendered 6575/7176, time remaining: 4m 20s
Rendered 6576/7176, time remaining: 4m 18s
Rendered 6577/7176, time remaining: 4m 15s
Rendered 6578/7176, time remaining: 4m 15s
Rendered 6579/7176, time remaining: 4m 20s
Rendered 6580/7176, time remaining: 4m 20s
Rendered 6581/7176, time remaining: 4m 20s
Rendered 6582/7176, time remaining: 4m 17s
Rendered 6583/7176, time remaining: 4m 13s
Rendered 6584/7176, time remaining: 4m 12s
Rendered 6585/7176, time remaining: 4m 15s
Rendered 6586/7176, time remaining: 4m 15s
Rendered 6587/7176, time remaining: 4m 14s
Rendered 6588/7176, time remaining: 4m 13s
Rendered 6589/7176, time remaining: 4m 8s
Rendered 6590/7176, time remaining: 4m 7s
Rendered 6591/7176, time remaining: 4m 13s
Rendered 6592/7176, time remaining: 4m 12s
Rendered 6593/7176, time remaining: 4m 12s
Rendered 6594/7176, time remaining: 4m 12s
Rendered 6595/7176, time remaining: 4m 7s
Rendered 6596/7176, time remaining: 4m 6s
Rendered 6597/7176, time remaining: 4m 10s
Rendered 6598/7176, time remaining: 4m 10s
Rendered 6599/7176, time remaining: 4m 9s
Rendered 6600/7176, time remaining: 4m 9s
Rendered 6601/7176, time remaining: 4m 5s
Rendered 6602/7176, time remaining: 4m 3s
Rendered 6603/7176, time remaining: 4m 7s
Rendered 6604/7176, time remaining: 4m 7s
Rendered 6605/7176, time remaining: 4m 7s
Rendered 6606/7176, time remaining: 4m 7s
Rendered 6607/7176, time remaining: 4m 6s
Rendered 6608/7176, time remaining: 4m 1s
Rendered 6609/7176, time remaining: 4m 6s
Rendered 6610/7176, time remaining: 4m 6s
Rendered 6611/7176, time remaining: 4m 4s
Rendered 6612/7176, time remaining: 4m 4s
Rendered 6613/7176, time remaining: 4m 3s
Rendered 6614/7176, time remaining: 3m 57s
Rendered 6615/7176, time remaining: 4m 0s
Rendered 6616/7176, time remaining: 4m 0s
Rendered 6617/7176, time remaining: 4m 0s
Rendered 6618/7176, time remaining: 4m 0s
Rendered 6619/7176, time remaining: 3m 59s
Rendered 6620/7176, time remaining: 3m 54s
Rendered 6621/7176, time remaining: 3m 57s
Rendered 6622/7176, time remaining: 3m 57s
Rendered 6623/7176, time remaining: 3m 57s
Rendered 6624/7176, time remaining: 3m 56s
Rendered 6625/7176, time remaining: 3m 55s
Rendered 6626/7176, time remaining: 3m 50s
Rendered 6627/7176, time remaining: 3m 52s
Rendered 6628/7176, time remaining: 3m 53s
Rendered 6629/7176, time remaining: 3m 53s
Rendered 6630/7176, time remaining: 3m 54s
Rendered 6631/7176, time remaining: 3m 53s
Rendered 6632/7176, time remaining: 3m 52s
Rendered 6633/7176, time remaining: 3m 48s
Rendered 6634/7176, time remaining: 3m 50s
Rendered 6635/7176, time remaining: 3m 50s
Rendered 6636/7176, time remaining: 3m 49s
Rendered 6637/7176, time remaining: 3m 48s
Rendered 6638/7176, time remaining: 3m 48s
Rendered 6639/7176, time remaining: 3m 44s
Rendered 6640/7176, time remaining: 3m 46s
Rendered 6641/7176, time remaining: 3m 45s
Rendered 6642/7176, time remaining: 3m 45s
Rendered 6643/7176, time remaining: 3m 43s
Rendered 6644/7176, time remaining: 3m 42s
Rendered 6645/7176, time remaining: 3m 40s
Rendered 6646/7176, time remaining: 3m 44s
Rendered 6647/7176, time remaining: 3m 40s
Rendered 6648/7176, time remaining: 3m 39s
Rendered 6649/7176, time remaining: 3m 39s
Rendered 6650/7176, time remaining: 3m 38s
Rendered 6651/7176, time remaining: 3m 39s
Rendered 6652/7176, time remaining: 3m 38s
Rendered 6653/7176, time remaining: 3m 35s
Rendered 6654/7176, time remaining: 3m 34s
Rendered 6655/7176, time remaining: 3m 33s
Rendered 6656/7176, time remaining: 3m 33s
Rendered 6657/7176, time remaining: 3m 32s
Rendered 6658/7176, time remaining: 3m 34s
Rendered 6659/7176, time remaining: 3m 31s
Rendered 6660/7176, time remaining: 3m 30s
Rendered 6661/7176, time remaining: 3m 30s
Rendered 6662/7176, time remaining: 3m 30s
Rendered 6663/7176, time remaining: 3m 30s
Rendered 6664/7176, time remaining: 3m 33s
Rendered 6665/7176, time remaining: 3m 29s
Rendered 6666/7176, time remaining: 3m 28s
Rendered 6667/7176, time remaining: 3m 28s
Rendered 6668/7176, time remaining: 3m 27s
Rendered 6669/7176, time remaining: 3m 27s
Rendered 6670/7176, time remaining: 3m 32s
Rendered 6671/7176, time remaining: 3m 27s
Rendered 6672/7176, time remaining: 3m 24s
Rendered 6673/7176, time remaining: 3m 24s
Rendered 6674/7176, time remaining: 3m 24s
Rendered 6675/7176, time remaining: 3m 24s
Rendered 6676/7176, time remaining: 3m 26s
Rendered 6677/7176, time remaining: 3m 24s
Rendered 6678/7176, time remaining: 3m 20s
Rendered 6679/7176, time remaining: 3m 20s
Rendered 6680/7176, time remaining: 3m 19s
Rendered 6681/7176, time remaining: 3m 18s
Rendered 6682/7176, time remaining: 3m 22s
Rendered 6683/7176, time remaining: 3m 20s
Rendered 6684/7176, time remaining: 3m 20s
Rendered 6685/7176, time remaining: 3m 19s
Rendered 6686/7176, time remaining: 3m 17s
Rendered 6687/7176, time remaining: 3m 16s
Rendered 6688/7176, time remaining: 3m 16s
Rendered 6689/7176, time remaining: 3m 16s
Rendered 6690/7176, time remaining: 3m 16s
Rendered 6691/7176, time remaining: 3m 15s
Rendered 6692/7176, time remaining: 3m 15s
Rendered 6693/7176, time remaining: 3m 13s
Rendered 6694/7176, time remaining: 3m 12s
Rendered 6695/7176, time remaining: 3m 12s
Rendered 6696/7176, time remaining: 3m 13s
Rendered 6697/7176, time remaining: 3m 12s
Rendered 6698/7176, time remaining: 3m 14s
Rendered 6699/7176, time remaining: 3m 13s
Rendered 6700/7176, time remaining: 3m 12s
Rendered 6701/7176, time remaining: 3m 12s
Rendered 6702/7176, time remaining: 3m 11s
Rendered 6703/7176, time remaining: 3m 11s
Rendered 6704/7176, time remaining: 3m 10s
Rendered 6705/7176, time remaining: 3m 8s
Rendered 6706/7176, time remaining: 3m 7s
Rendered 6707/7176, time remaining: 3m 6s
Rendered 6708/7176, time remaining: 3m 6s
Rendered 6709/7176, time remaining: 3m 8s
Rendered 6710/7176, time remaining: 3m 8s
Rendered 6711/7176, time remaining: 3m 6s
Rendered 6712/7176, time remaining: 3m 6s
Rendered 6713/7176, time remaining: 3m 6s
Rendered 6714/7176, time remaining: 3m 5s
Rendered 6715/7176, time remaining: 3m 6s
Rendered 6716/7176, time remaining: 3m 6s
Rendered 6717/7176, time remaining: 3m 2s
Rendered 6718/7176, time remaining: 3m 1s
Rendered 6719/7176, time remaining: 3m 1s
Rendered 6720/7176, time remaining: 3m 1s
Rendered 6721/7176, time remaining: 3m 3s
Rendered 6722/7176, time remaining: 3m 3s
Rendered 6723/7176, time remaining: 3m 0s
Rendered 6724/7176, time remaining: 3m 0s
Rendered 6725/7176, time remaining: 3m 0s
Rendered 6726/7176, time remaining: 3m 0s
Rendered 6727/7176, time remaining: 3m 2s
Rendered 6728/7176, time remaining: 3m 2s
Rendered 6729/7176, time remaining: 2m 57s
Rendered 6730/7176, time remaining: 2m 56s
Rendered 6731/7176, time remaining: 2m 55s
Rendered 6732/7176, time remaining: 2m 56s
Rendered 6733/7176, time remaining: 2m 57s
Rendered 6734/7176, time remaining: 2m 58s
Rendered 6735/7176, time remaining: 2m 55s
Rendered 6736/7176, time remaining: 2m 55s
Rendered 6737/7176, time remaining: 2m 55s
Rendered 6738/7176, time remaining: 2m 55s
Rendered 6739/7176, time remaining: 2m 57s
Rendered 6740/7176, time remaining: 2m 57s
Rendered 6741/7176, time remaining: 2m 52s
Rendered 6742/7176, time remaining: 2m 52s
Rendered 6743/7176, time remaining: 2m 51s
Rendered 6744/7176, time remaining: 2m 51s
Rendered 6745/7176, time remaining: 2m 52s
Rendered 6746/7176, time remaining: 2m 54s
Rendered 6747/7176, time remaining: 2m 51s
Rendered 6748/7176, time remaining: 2m 50s
Rendered 6749/7176, time remaining: 2m 50s
Rendered 6750/7176, time remaining: 2m 49s
Rendered 6751/7176, time remaining: 2m 50s
Rendered 6752/7176, time remaining: 2m 52s
Rendered 6753/7176, time remaining: 2m 48s
Rendered 6754/7176, time remaining: 2m 47s
Rendered 6755/7176, time remaining: 2m 47s
Rendered 6756/7176, time remaining: 2m 46s
Rendered 6757/7176, time remaining: 2m 46s
Rendered 6758/7176, time remaining: 2m 49s
Rendered 6759/7176, time remaining: 2m 45s
Rendered 6760/7176, time remaining: 2m 45s
Rendered 6761/7176, time remaining: 2m 45s
Rendered 6762/7176, time remaining: 2m 44s
Rendered 6763/7176, time remaining: 2m 44s
Rendered 6764/7176, time remaining: 2m 46s
Rendered 6765/7176, time remaining: 2m 44s
Rendered 6766/7176, time remaining: 2m 43s
Rendered 6767/7176, time remaining: 2m 42s
Rendered 6768/7176, time remaining: 2m 42s
Rendered 6769/7176, time remaining: 2m 41s
Rendered 6770/7176, time remaining: 2m 44s
Rendered 6771/7176, time remaining: 2m 41s
Rendered 6772/7176, time remaining: 2m 41s
Rendered 6773/7176, time remaining: 2m 40s
Rendered 6774/7176, time remaining: 2m 40s
Rendered 6775/7176, time remaining: 2m 40s
Rendered 6776/7176, time remaining: 2m 42s
Rendered 6777/7176, time remaining: 2m 40s
Rendered 6778/7176, time remaining: 2m 38s
Rendered 6779/7176, time remaining: 2m 38s
Rendered 6780/7176, time remaining: 2m 37s
Rendered 6781/7176, time remaining: 2m 36s
Rendered 6782/7176, time remaining: 2m 39s
Rendered 6783/7176, time remaining: 2m 37s
Rendered 6784/7176, time remaining: 2m 35s
Rendered 6785/7176, time remaining: 2m 35s
Rendered 6786/7176, time remaining: 2m 34s
Rendered 6787/7176, time remaining: 2m 34s
Rendered 6788/7176, time remaining: 2m 36s
Rendered 6789/7176, time remaining: 2m 36s
Rendered 6790/7176, time remaining: 2m 33s
Rendered 6791/7176, time remaining: 2m 33s
Rendered 6792/7176, time remaining: 2m 32s
Rendered 6793/7176, time remaining: 2m 31s
Rendered 6794/7176, time remaining: 2m 34s
Rendered 6795/7176, time remaining: 2m 34s
Rendered 6796/7176, time remaining: 2m 30s
Rendered 6797/7176, time remaining: 2m 30s
Rendered 6798/7176, time remaining: 2m 30s
Rendered 6799/7176, time remaining: 2m 29s
Rendered 6800/7176, time remaining: 2m 31s
Rendered 6801/7176, time remaining: 2m 30s
Rendered 6802/7176, time remaining: 2m 29s
Rendered 6803/7176, time remaining: 2m 28s
Rendered 6804/7176, time remaining: 2m 27s
Rendered 6805/7176, time remaining: 2m 27s
Rendered 6806/7176, time remaining: 2m 28s
Rendered 6807/7176, time remaining: 2m 30s
Rendered 6808/7176, time remaining: 2m 26s
Rendered 6809/7176, time remaining: 2m 26s
Rendered 6810/7176, time remaining: 2m 26s
Rendered 6811/7176, time remaining: 2m 26s
Rendered 6812/7176, time remaining: 2m 27s
Rendered 6813/7176, time remaining: 2m 27s
Rendered 6814/7176, time remaining: 2m 24s
Rendered 6815/7176, time remaining: 2m 23s
Rendered 6816/7176, time remaining: 2m 23s
Rendered 6817/7176, time remaining: 2m 23s
Rendered 6818/7176, time remaining: 2m 26s
Rendered 6819/7176, time remaining: 2m 25s
Rendered 6820/7176, time remaining: 2m 21s
Rendered 6821/7176, time remaining: 2m 21s
Rendered 6822/7176, time remaining: 2m 21s
Rendered 6823/7176, time remaining: 2m 21s
Rendered 6824/7176, time remaining: 2m 23s
Rendered 6825/7176, time remaining: 2m 22s
Rendered 6826/7176, time remaining: 2m 19s
Rendered 6827/7176, time remaining: 2m 19s
Rendered 6828/7176, time remaining: 2m 18s
Rendered 6829/7176, time remaining: 2m 18s
Rendered 6830/7176, time remaining: 2m 20s
Rendered 6831/7176, time remaining: 2m 21s
Rendered 6832/7176, time remaining: 2m 17s
Rendered 6833/7176, time remaining: 2m 17s
Rendered 6834/7176, time remaining: 2m 16s
Rendered 6835/7176, time remaining: 2m 16s
Rendered 6836/7176, time remaining: 2m 17s
Rendered 6837/7176, time remaining: 2m 17s
Rendered 6838/7176, time remaining: 2m 16s
Rendered 6839/7176, time remaining: 2m 15s
Rendered 6840/7176, time remaining: 2m 14s
Rendered 6841/7176, time remaining: 2m 14s
Rendered 6842/7176, time remaining: 2m 15s
Rendered 6843/7176, time remaining: 2m 16s
Rendered 6844/7176, time remaining: 2m 14s
Rendered 6845/7176, time remaining: 2m 14s
Rendered 6846/7176, time remaining: 2m 13s
Rendered 6847/7176, time remaining: 2m 12s
Rendered 6848/7176, time remaining: 2m 11s
Rendered 6849/7176, time remaining: 2m 11s
Rendered 6850/7176, time remaining: 2m 11s
Rendered 6851/7176, time remaining: 2m 10s
Rendered 6852/7176, time remaining: 2m 10s
Rendered 6853/7176, time remaining: 2m 9s
Rendered 6854/7176, time remaining: 2m 8s
Rendered 6855/7176, time remaining: 2m 9s
Rendered 6856/7176, time remaining: 2m 10s
Rendered 6857/7176, time remaining: 2m 10s
Rendered 6858/7176, time remaining: 2m 9s
Rendered 6859/7176, time remaining: 2m 7s
Rendered 6860/7176, time remaining: 2m 6s
Rendered 6861/7176, time remaining: 2m 6s
Rendered 6862/7176, time remaining: 2m 7s
Rendered 6863/7176, time remaining: 2m 6s
Rendered 6864/7176, time remaining: 2m 6s
Rendered 6865/7176, time remaining: 2m 4s
Rendered 6866/7176, time remaining: 2m 3s
Rendered 6867/7176, time remaining: 2m 3s
Rendered 6868/7176, time remaining: 2m 6s
Rendered 6869/7176, time remaining: 2m 5s
Rendered 6870/7176, time remaining: 2m 4s
Rendered 6871/7176, time remaining: 2m 3s
Rendered 6872/7176, time remaining: 2m 2s
Rendered 6873/7176, time remaining: 2m 2s
Rendered 6874/7176, time remaining: 2m 3s
Rendered 6875/7176, time remaining: 2m 2s
Rendered 6876/7176, time remaining: 2m 1s
Rendered 6877/7176, time remaining: 1m 59s
Rendered 6878/7176, time remaining: 1m 59s
Rendered 6879/7176, time remaining: 1m 58s
Rendered 6880/7176, time remaining: 2m 1s
Rendered 6881/7176, time remaining: 2m 1s
Rendered 6882/7176, time remaining: 2m 0s
Rendered 6883/7176, time remaining: 1m 58s
Rendered 6884/7176, time remaining: 1m 57s
Rendered 6885/7176, time remaining: 1m 56s
Rendered 6886/7176, time remaining: 1m 58s
Rendered 6887/7176, time remaining: 1m 57s
Rendered 6888/7176, time remaining: 1m 56s
Rendered 6889/7176, time remaining: 1m 54s
Rendered 6890/7176, time remaining: 1m 54s
Rendered 6891/7176, time remaining: 1m 53s
Rendered 6892/7176, time remaining: 1m 56s
Rendered 6893/7176, time remaining: 1m 55s
Rendered 6894/7176, time remaining: 1m 56s
Rendered 6895/7176, time remaining: 1m 54s
Rendered 6896/7176, time remaining: 1m 53s
Rendered 6897/7176, time remaining: 1m 52s
Rendered 6898/7176, time remaining: 1m 53s
Rendered 6899/7176, time remaining: 1m 52s
Rendered 6900/7176, time remaining: 1m 52s
Rendered 6901/7176, time remaining: 1m 51s
Rendered 6902/7176, time remaining: 1m 50s
Rendered 6903/7176, time remaining: 1m 49s
Rendered 6904/7176, time remaining: 1m 49s
Rendered 6905/7176, time remaining: 1m 49s
Rendered 6906/7176, time remaining: 1m 51s
Rendered 6907/7176, time remaining: 1m 51s
Rendered 6908/7176, time remaining: 1m 48s
Rendered 6909/7176, time remaining: 1m 47s
Rendered 6910/7176, time remaining: 1m 47s
Rendered 6911/7176, time remaining: 1m 47s
Rendered 6912/7176, time remaining: 1m 48s
Rendered 6913/7176, time remaining: 1m 48s
Rendered 6914/7176, time remaining: 1m 45s
Rendered 6915/7176, time remaining: 1m 45s
Rendered 6916/7176, time remaining: 1m 44s
Rendered 6917/7176, time remaining: 1m 44s
Rendered 6918/7176, time remaining: 1m 46s
Rendered 6919/7176, time remaining: 1m 46s
Rendered 6920/7176, time remaining: 1m 44s
Rendered 6921/7176, time remaining: 1m 43s
Rendered 6922/7176, time remaining: 1m 42s
Rendered 6923/7176, time remaining: 1m 42s
Rendered 6924/7176, time remaining: 1m 43s
Rendered 6925/7176, time remaining: 1m 43s
Rendered 6926/7176, time remaining: 1m 40s
Rendered 6927/7176, time remaining: 1m 40s
Rendered 6928/7176, time remaining: 1m 40s
Rendered 6929/7176, time remaining: 1m 39s
Rendered 6930/7176, time remaining: 1m 41s
Rendered 6931/7176, time remaining: 1m 41s
Rendered 6932/7176, time remaining: 1m 39s
Rendered 6933/7176, time remaining: 1m 38s
Rendered 6934/7176, time remaining: 1m 38s
Rendered 6935/7176, time remaining: 1m 38s
Rendered 6936/7176, time remaining: 1m 39s
Rendered 6937/7176, time remaining: 1m 38s
Rendered 6938/7176, time remaining: 1m 36s
Rendered 6939/7176, time remaining: 1m 36s
Rendered 6940/7176, time remaining: 1m 36s
Rendered 6941/7176, time remaining: 1m 35s
Rendered 6942/7176, time remaining: 1m 36s
Rendered 6943/7176, time remaining: 1m 36s
Rendered 6944/7176, time remaining: 1m 34s
Rendered 6945/7176, time remaining: 1m 33s
Rendered 6946/7176, time remaining: 1m 33s
Rendered 6947/7176, time remaining: 1m 33s
Rendered 6948/7176, time remaining: 1m 34s
Rendered 6949/7176, time remaining: 1m 33s
Rendered 6950/7176, time remaining: 1m 31s
Rendered 6951/7176, time remaining: 1m 31s
Rendered 6952/7176, time remaining: 1m 31s
Rendered 6953/7176, time remaining: 1m 30s
Rendered 6954/7176, time remaining: 1m 31s
Rendered 6955/7176, time remaining: 1m 31s
Rendered 6956/7176, time remaining: 1m 30s
Rendered 6957/7176, time remaining: 1m 28s
Rendered 6958/7176, time remaining: 1m 28s
Rendered 6959/7176, time remaining: 1m 28s
Rendered 6960/7176, time remaining: 1m 28s
Rendered 6961/7176, time remaining: 1m 28s
Rendered 6962/7176, time remaining: 1m 27s
Rendered 6963/7176, time remaining: 1m 26s
Rendered 6964/7176, time remaining: 1m 26s
Rendered 6965/7176, time remaining: 1m 26s
Rendered 6966/7176, time remaining: 1m 27s
Rendered 6967/7176, time remaining: 1m 26s
Rendered 6968/7176, time remaining: 1m 24s
Rendered 6969/7176, time remaining: 1m 24s
Rendered 6970/7176, time remaining: 1m 23s
Rendered 6971/7176, time remaining: 1m 23s
Rendered 6972/7176, time remaining: 1m 24s
Rendered 6973/7176, time remaining: 1m 23s
Rendered 6974/7176, time remaining: 1m 21s
Rendered 6975/7176, time remaining: 1m 21s
Rendered 6976/7176, time remaining: 1m 21s
Rendered 6977/7176, time remaining: 1m 21s
Rendered 6978/7176, time remaining: 1m 21s
Rendered 6979/7176, time remaining: 1m 20s
Rendered 6980/7176, time remaining: 1m 18s
Rendered 6981/7176, time remaining: 1m 18s
Rendered 6982/7176, time remaining: 1m 19s
Rendered 6983/7176, time remaining: 1m 19s
Rendered 6984/7176, time remaining: 1m 18s
Rendered 6985/7176, time remaining: 1m 18s
Rendered 6986/7176, time remaining: 1m 16s
Rendered 6987/7176, time remaining: 1m 16s
Rendered 6988/7176, time remaining: 1m 17s
Rendered 6989/7176, time remaining: 1m 16s
Rendered 6990/7176, time remaining: 1m 16s
Rendered 6991/7176, time remaining: 1m 15s
Rendered 6992/7176, time remaining: 1m 13s
Rendered 6993/7176, time remaining: 1m 13s
Rendered 6994/7176, time remaining: 1m 14s
Rendered 6995/7176, time remaining: 1m 14s
Rendered 6996/7176, time remaining: 1m 13s
Rendered 6997/7176, time remaining: 1m 13s
Rendered 6998/7176, time remaining: 1m 12s
Rendered 6999/7176, time remaining: 1m 11s
Rendered 7000/7176, time remaining: 1m 11s
Rendered 7001/7176, time remaining: 1m 11s
Rendered 7002/7176, time remaining: 1m 11s
Rendered 7003/7176, time remaining: 1m 10s
Rendered 7004/7176, time remaining: 1m 10s
Rendered 7005/7176, time remaining: 1m 8s
Rendered 7006/7176, time remaining: 1m 8s
Rendered 7007/7176, time remaining: 1m 8s
Rendered 7008/7176, time remaining: 1m 8s
Rendered 7009/7176, time remaining: 1m 8s
Rendered 7010/7176, time remaining: 1m 7s
Rendered 7011/7176, time remaining: 1m 6s
Rendered 7012/7176, time remaining: 1m 6s
Rendered 7013/7176, time remaining: 1m 6s
Rendered 7014/7176, time remaining: 1m 6s
Rendered 7015/7176, time remaining: 1m 5s
Rendered 7016/7176, time remaining: 1m 5s
Rendered 7017/7176, time remaining: 1m 4s
Rendered 7018/7176, time remaining: 1m 3s
Rendered 7019/7176, time remaining: 1m 3s
Rendered 7020/7176, time remaining: 1m 3s
Rendered 7021/7176, time remaining: 1m 3s
Rendered 7022/7176, time remaining: 1m 2s
Rendered 7023/7176, time remaining: 1m 1s
Rendered 7024/7176, time remaining: 1m 1s
Rendered 7025/7176, time remaining: 1m 1s
Rendered 7026/7176, time remaining: 1m 1s
Rendered 7027/7176, time remaining: 1m 0s
Rendered 7028/7176, time remaining: 1m 0s
Rendered 7029/7176, time remaining: 1m 0s
Rendered 7030/7176, time remaining: 58s
Rendered 7031/7176, time remaining: 57s
Rendered 7032/7176, time remaining: 58s
Rendered 7033/7176, time remaining: 58s
Rendered 7034/7176, time remaining: 57s
Rendered 7035/7176, time remaining: 57s
Rendered 7036/7176, time remaining: 56s
Rendered 7037/7176, time remaining: 55s
Rendered 7038/7176, time remaining: 56s
Rendered 7039/7176, time remaining: 56s
Rendered 7040/7176, time remaining: 55s
Rendered 7041/7176, time remaining: 55s
Rendered 7042/7176, time remaining: 53s
Rendered 7043/7176, time remaining: 53s
Rendered 7044/7176, time remaining: 53s
Rendered 7045/7176, time remaining: 52s
Rendered 7046/7176, time remaining: 52s
Rendered 7047/7176, time remaining: 52s
Rendered 7048/7176, time remaining: 51s
Rendered 7049/7176, time remaining: 51s
Rendered 7050/7176, time remaining: 50s
Rendered 7051/7176, time remaining: 50s
Rendered 7052/7176, time remaining: 50s
Rendered 7053/7176, time remaining: 50s
Rendered 7054/7176, time remaining: 49s
Rendered 7055/7176, time remaining: 49s
Rendered 7056/7176, time remaining: 48s
Rendered 7057/7176, time remaining: 47s
Rendered 7058/7176, time remaining: 47s
Rendered 7059/7176, time remaining: 47s
Rendered 7060/7176, time remaining: 47s
Rendered 7061/7176, time remaining: 47s
Rendered 7062/7176, time remaining: 45s
Rendered 7063/7176, time remaining: 45s
Rendered 7064/7176, time remaining: 45s
Rendered 7065/7176, time remaining: 44s
Rendered 7066/7176, time remaining: 44s
Rendered 7067/7176, time remaining: 44s
Rendered 7068/7176, time remaining: 42s
Rendered 7069/7176, time remaining: 42s
Rendered 7070/7176, time remaining: 42s
Rendered 7071/7176, time remaining: 41s
Rendered 7072/7176, time remaining: 41s
Rendered 7073/7176, time remaining: 41s
Rendered 7074/7176, time remaining: 40s
Rendered 7075/7176, time remaining: 40s
Rendered 7076/7176, time remaining: 39s
Rendered 7077/7176, time remaining: 39s
Rendered 7078/7176, time remaining: 39s
Rendered 7079/7176, time remaining: 39s
Rendered 7080/7176, time remaining: 38s
Rendered 7081/7176, time remaining: 37s
Rendered 7082/7176, time remaining: 37s
Rendered 7083/7176, time remaining: 36s
Rendered 7084/7176, time remaining: 37s
Rendered 7085/7176, time remaining: 36s
Rendered 7086/7176, time remaining: 35s
Rendered 7087/7176, time remaining: 35s
Rendered 7088/7176, time remaining: 35s
Rendered 7089/7176, time remaining: 34s
Rendered 7090/7176, time remaining: 34s
Rendered 7091/7176, time remaining: 34s
Rendered 7092/7176, time remaining: 33s
Rendered 7093/7176, time remaining: 33s
Rendered 7094/7176, time remaining: 32s
Rendered 7095/7176, time remaining: 32s
Rendered 7096/7176, time remaining: 32s
Rendered 7097/7176, time remaining: 31s
Rendered 7098/7176, time remaining: 30s
Rendered 7099/7176, time remaining: 30s
Rendered 7100/7176, time remaining: 30s
Rendered 7101/7176, time remaining: 30s
Rendered 7102/7176, time remaining: 29s
Rendered 7103/7176, time remaining: 29s
Rendered 7104/7176, time remaining: 28s
Rendered 7105/7176, time remaining: 28s
Rendered 7106/7176, time remaining: 27s
Rendered 7107/7176, time remaining: 27s
Rendered 7108/7176, time remaining: 27s
Rendered 7109/7176, time remaining: 26s
Rendered 7110/7176, time remaining: 26s
Rendered 7111/7176, time remaining: 25s
Rendered 7112/7176, time remaining: 25s
Rendered 7113/7176, time remaining: 24s
Rendered 7114/7176, time remaining: 24s
Rendered 7115/7176, time remaining: 24s
Rendered 7116/7176, time remaining: 23s
Rendered 7117/7176, time remaining: 23s
Rendered 7118/7176, time remaining: 22s
Rendered 7119/7176, time remaining: 22s
Rendered 7120/7176, time remaining: 22s
Rendered 7121/7176, time remaining: 22s
Rendered 7122/7176, time remaining: 21s
Rendered 7123/7176, time remaining: 20s
Rendered 7124/7176, time remaining: 20s
Rendered 7125/7176, time remaining: 20s
Rendered 7126/7176, time remaining: 19s
Rendered 7127/7176, time remaining: 19s
Rendered 7128/7176, time remaining: 19s
Rendered 7129/7176, time remaining: 18s
Rendered 7130/7176, time remaining: 18s
Rendered 7131/7176, time remaining: 17s
Rendered 7132/7176, time remaining: 17s
Rendered 7133/7176, time remaining: 16s
Rendered 7134/7176, time remaining: 16s
Rendered 7135/7176, time remaining: 16s
Rendered 7136/7176, time remaining: 16s
Rendered 7137/7176, time remaining: 15s
Rendered 7138/7176, time remaining: 15s
Rendered 7139/7176, time remaining: 14s
Rendered 7140/7176, time remaining: 14s
Rendered 7141/7176, time remaining: 14s
Rendered 7142/7176, time remaining: 13s
Rendered 7143/7176, time remaining: 13s
Rendered 7144/7176, time remaining: 12s
Rendered 7145/7176, time remaining: 12s
Rendered 7146/7176, time remaining: 11s
Rendered 7147/7176, time remaining: 11s
Rendered 7148/7176, time remaining: 11s
Rendered 7149/7176, time remaining: 10s
Rendered 7150/7176, time remaining: 10s
Rendered 7151/7176, time remaining: 9s
Rendered 7152/7176, time remaining: 9s
Rendered 7153/7176, time remaining: 9s
Rendered 7154/7176, time remaining: 8s
Rendered 7155/7176, time remaining: 8s
Rendered 7156/7176, time remaining: 7s
Rendered 7157/7176, time remaining: 7s
Rendered 7158/7176, time remaining: 7s
Rendered 7159/7176, time remaining: 6s
Rendered 7160/7176, time remaining: 6s
Rendered 7161/7176, time remaining: 6s
Rendered 7162/7176, time remaining: 5s
Rendered 7163/7176, time remaining: 5s
Rendered 7164/7176, time remaining: 4s
Rendered 7165/7176, time remaining: 4s
Rendered 7166/7176, time remaining: 4s
Rendered 7167/7176, time remaining: 3s
Rendered 7168/7176, time remaining: 3s
Rendered 7169/7176, time remaining: 2s
Rendered 7170/7176, time remaining: 2s
Rendered 7171/7176, time remaining: 2s
Rendered 7172/7176, time remaining: 1s
Rendered 7173/7176, time remaining: 1s
Rendered 7174/7176, time remaining: 0s
Rendered 7175/7176, time remaining: 0s
Rendered 7176/7176
Encoded 2/7176
Encoded 5/7176
Encoded 18/7176
Encoded 24/7176
Encoded 25/7176
Encoded 38/7176
Encoded 47/7176
Encoded 54/7176
Encoded 66/7176
Encoded 76/7176
Encoded 80/7176
Encoded 90/7176
Encoded 102/7176
Encoded 114/7176
Encoded 122/7176
Encoded 130/7176
Encoded 140/7176
Encoded 150/7176
Encoded 162/7176
Encoded 170/7176
Encoded 174/7176
Encoded 186/7176
Encoded 194/7176
Encoded 204/7176
Encoded 214/7176
Encoded 222/7176
Encoded 234/7176
Encoded 242/7176
Encoded 255/7176
Encoded 261/7176
Encoded 271/7176
Encoded 279/7176
Encoded 291/7176
Encoded 303/7176
Encoded 312/7176
Encoded 319/7176
Encoded 329/7176
Encoded 339/7176
Encoded 347/7176
Encoded 355/7176
Encoded 367/7176
Encoded 375/7176
Encoded 384/7176
Encoded 391/7176
Encoded 403/7176
Encoded 413/7176
Encoded 423/7176
Encoded 429/7176
Encoded 443/7176
Encoded 452/7176
Encoded 463/7176
Encoded 475/7176
Encoded 487/7176
Encoded 496/7176
Encoded 509/7176
Encoded 521/7176
Encoded 525/7176
Encoded 537/7176
Encoded 541/7176
Encoded 553/7176
Encoded 563/7176
Encoded 573/7176
Encoded 581/7176
Encoded 591/7176
Encoded 601/7176
Encoded 613/7176
Encoded 621/7176
Encoded 626/7176
Encoded 640/7176
Encoded 654/7176
Encoded 662/7176
Encoded 675/7176
Encoded 687/7176
Encoded 699/7176
Encoded 714/7176
Encoded 730/7176
Encoded 742/7176
Encoded 763/7176
Encoded 778/7176
Encoded 791/7176
Encoded 805/7176
Encoded 819/7176
Encoded 835/7176
Encoded 850/7176
Encoded 866/7176
Encoded 879/7176
Encoded 895/7176
Encoded 910/7176
Encoded 922/7176
Encoded 935/7176
Encoded 949/7176
Encoded 963/7176
Encoded 976/7176
Encoded 988/7176
Encoded 1001/7176
Encoded 1015/7176
Encoded 1027/7176
Encoded 1041/7176
Encoded 1059/7176
Encoded 1075/7176
Encoded 1087/7176
Encoded 1104/7176
Encoded 1121/7176
Encoded 1138/7176
Encoded 1154/7176
Encoded 1170/7176
Encoded 1185/7176
Encoded 1199/7176
Encoded 1215/7176
Encoded 1231/7176
Encoded 1243/7176
Encoded 1255/7176
Encoded 1265/7176
Encoded 1279/7176
Encoded 1294/7176
Encoded 1307/7176
Encoded 1315/7176
Encoded 1323/7176
Encoded 1340/7176
Encoded 1344/7176
Encoded 1349/7176
Encoded 1361/7176
Encoded 1368/7176
Encoded 1377/7176
Encoded 1385/7176
Encoded 1394/7176
Encoded 1401/7176
Encoded 1413/7176
Encoded 1421/7176
Encoded 1429/7176
Encoded 1440/7176
Encoded 1452/7176
Encoded 1464/7176
Encoded 1473/7176
Encoded 1481/7176
Encoded 1489/7176
Encoded 1505/7176
Encoded 1517/7176
Encoded 1529/7176
Encoded 1534/7176
Encoded 1541/7176
Encoded 1553/7176
Encoded 1561/7176
Encoded 1569/7176
Encoded 1581/7176
Encoded 1589/7176
Encoded 1598/7176
Encoded 1609/7176
Encoded 1617/7176
Encoded 1629/7176
Encoded 1638/7176
Encoded 1645/7176
Encoded 1653/7176
Encoded 1665/7176
Encoded 1674/7176
Encoded 1682/7176
Encoded 1690/7176
Encoded 1701/7176
Encoded 1713/7176
Encoded 1721/7176
Encoded 1729/7176
Encoded 1738/7176
Encoded 1742/7176
Encoded 1755/7176
Encoded 1764/7176
Encoded 1771/7176
Encoded 1783/7176
Encoded 1792/7176
Encoded 1795/7176
Encoded 1807/7176
Encoded 1817/7176
Encoded 1820/7176
Encoded 1831/7176
Encoded 1843/7176
Encoded 1851/7176
Encoded 1856/7176
Encoded 1867/7176
Encoded 1879/7176
Encoded 1883/7176
Encoded 1895/7176
Encoded 1901/7176
Encoded 1911/7176
Encoded 1919/7176
Encoded 1931/7176
Encoded 1939/7176
Encoded 1949/7176
Encoded 1959/7176
Encoded 1969/7176
Encoded 1979/7176
Encoded 1988/7176
Encoded 1995/7176
Encoded 2009/7176
Encoded 2021/7176
Encoded 2029/7176
Encoded 2041/7176
Encoded 2047/7176
Encoded 2057/7176
Encoded 2069/7176
Encoded 2073/7176
Encoded 2082/7176
Encoded 2094/7176
Encoded 2102/7176
Encoded 2106/7176
Encoded 2114/7176
Encoded 2125/7176
Encoded 2134/7176
Encoded 2145/7176
Encoded 2159/7176
Encoded 2171/7176
Encoded 2183/7176
Encoded 2195/7176
Encoded 2207/7176
Encoded 2223/7176
Encoded 2235/7176
Encoded 2253/7176
Encoded 2265/7176
Encoded 2276/7176
Encoded 2291/7176
Encoded 2303/7176
Encoded 2316/7176
Encoded 2325/7176
Encoded 2336/7176
Encoded 2345/7176
Encoded 2356/7176
Encoded 2361/7176
Encoded 2375/7176
Encoded 2387/7176
Encoded 2399/7176
Encoded 2412/7176
Encoded 2425/7176
Encoded 2438/7176
Encoded 2449/7176
Encoded 2462/7176
Encoded 2472/7176
Encoded 2481/7176
Encoded 2493/7176
Encoded 2502/7176
Encoded 2520/7176
Encoded 2533/7176
Encoded 2544/7176
Encoded 2558/7176
Encoded 2572/7176
Encoded 2585/7176
Encoded 2598/7176
Encoded 2610/7176
Encoded 2625/7176
Encoded 2638/7176
Encoded 2650/7176
Encoded 2665/7176
Encoded 2680/7176
Encoded 2683/7176
Encoded 2695/7176
Encoded 2707/7176
Encoded 2720/7176
Encoded 2735/7176
Encoded 2747/7176
Encoded 2760/7176
Encoded 2772/7176
Encoded 2774/7176
Encoded 2783/7176
Encoded 2787/7176
Encoded 2798/7176
Encoded 2812/7176
Encoded 2822/7176
Encoded 2836/7176
Encoded 2845/7176
Encoded 2854/7176
Encoded 2869/7176
Encoded 2877/7176
Encoded 2891/7176
Encoded 2895/7176
Encoded 2904/7176
Encoded 2920/7176
Encoded 2924/7176
Encoded 2930/7176
Encoded 2936/7176
Encoded 2947/7176
Encoded 2958/7176
Encoded 2970/7176
Encoded 2976/7176
Encoded 2985/7176
Encoded 3000/7176
Encoded 3013/7176
Encoded 3025/7176
Encoded 3037/7176
Encoded 3049/7176
Encoded 3061/7176
Encoded 3072/7176
Encoded 3083/7176
Encoded 3097/7176
Encoded 3109/7176
Encoded 3118/7176
Encoded 3130/7176
Encoded 3138/7176
Encoded 3151/7176
Encoded 3166/7176
Encoded 3180/7176
Encoded 3190/7176
Encoded 3201/7176
Encoded 3213/7176
Encoded 3225/7176
Encoded 3237/7176
Encoded 3250/7176
Encoded 3263/7176
Encoded 3273/7176
Encoded 3287/7176
Encoded 3296/7176
Encoded 3308/7176
Encoded 3322/7176
Encoded 3335/7176
Encoded 3344/7176
Encoded 3355/7176
Encoded 3367/7176
Encoded 3379/7176
Encoded 3391/7176
Encoded 3403/7176
Encoded 3417/7176
Encoded 3431/7176
Encoded 3438/7176
Encoded 3449/7176
Encoded 3460/7176
Encoded 3471/7176
Encoded 3483/7176
Encoded 3494/7176
Encoded 3505/7176
Encoded 3507/7176
Encoded 3515/7176
Encoded 3530/7176
Encoded 3536/7176
Encoded 3541/7176
Encoded 3553/7176
Encoded 3559/7176
Encoded 3571/7176
Encoded 3590/7176
Encoded 3602/7176
Encoded 3618/7176
Encoded 3634/7176
Encoded 3651/7176
Encoded 3663/7176
Encoded 3677/7176
Encoded 3692/7176
Encoded 3710/7176
Encoded 3724/7176
Encoded 3736/7176
Encoded 3749/7176
Encoded 3762/7176
Encoded 3777/7176
Encoded 3792/7176
Encoded 3806/7176
Encoded 3820/7176
Encoded 3834/7176
Encoded 3850/7176
Encoded 3868/7176
Encoded 3886/7176
Encoded 3897/7176
Encoded 3910/7176
Encoded 3927/7176
Encoded 3941/7176
Encoded 3954/7176
Encoded 3966/7176
Encoded 3979/7176
Encoded 3992/7176
Encoded 4008/7176
Encoded 4022/7176
Encoded 4036/7176
Encoded 4051/7176
Encoded 4066/7176
Encoded 4083/7176
Encoded 4097/7176
Encoded 4112/7176
Encoded 4129/7176
Encoded 4144/7176
Encoded 4156/7176
Encoded 4167/7176
Encoded 4178/7176
Encoded 4192/7176
Encoded 4204/7176
Encoded 4219/7176
Encoded 4231/7176
Encoded 4248/7176
Encoded 4260/7176
Encoded 4273/7176
Encoded 4286/7176
Encoded 4299/7176
Encoded 4314/7176
Encoded 4328/7176
Encoded 4341/7176
Encoded 4354/7176
Encoded 4367/7176
Encoded 4379/7176
Encoded 4387/7176
Encoded 4391/7176
Encoded 4409/7176
Encoded 4419/7176
Encoded 4434/7176
Encoded 4447/7176
Encoded 4457/7176
Encoded 4471/7176
Encoded 4489/7176
Encoded 4507/7176
Encoded 4523/7176
Encoded 4542/7176
Encoded 4558/7176
Encoded 4573/7176
Encoded 4589/7176
Encoded 4607/7176
Encoded 4627/7176
Encoded 4645/7176
Encoded 4659/7176
Encoded 4677/7176
Encoded 4696/7176
Encoded 4710/7176
Encoded 4726/7176
Encoded 4741/7176
Encoded 4760/7176
Encoded 4776/7176
Encoded 4794/7176
Encoded 4815/7176
Encoded 4838/7176
Encoded 4857/7176
Encoded 4872/7176
Encoded 4890/7176
Encoded 4909/7176
Encoded 4927/7176
Encoded 4944/7176
Encoded 4962/7176
Encoded 4979/7176
Encoded 4994/7176
Encoded 5009/7176
Encoded 5027/7176
Encoded 5046/7176
Encoded 5064/7176
Encoded 5083/7176
Encoded 5086/7176
Encoded 5093/7176
Encoded 5110/7176
Encoded 5116/7176
Encoded 5121/7176
Encoded 5135/7176
Encoded 5138/7176
Encoded 5147/7176
Encoded 5150/7176
Encoded 5164/7176
Encoded 5172/7176
Encoded 5184/7176
Encoded 5196/7176
Encoded 5208/7176
Encoded 5220/7176
Encoded 5232/7176
Encoded 5244/7176
Encoded 5256/7176
Encoded 5271/7176
Encoded 5283/7176
Encoded 5295/7176
Encoded 5307/7176
Encoded 5319/7176
Encoded 5331/7176
Encoded 5343/7176
Encoded 5355/7176
Encoded 5367/7176
Encoded 5379/7176
Encoded 5391/7176
Encoded 5408/7176
Encoded 5421/7176
Encoded 5431/7176
Encoded 5445/7176
Encoded 5459/7176
Encoded 5471/7176
Encoded 5487/7176
Encoded 5505/7176
Encoded 5517/7176
Encoded 5530/7176
Encoded 5545/7176
Encoded 5557/7176
Encoded 5569/7176
Encoded 5583/7176
Encoded 5597/7176
Encoded 5609/7176
Encoded 5622/7176
Encoded 5636/7176
Encoded 5647/7176
Encoded 5661/7176
Encoded 5673/7176
Encoded 5682/7176
Encoded 5694/7176
Encoded 5701/7176
Encoded 5717/7176
Encoded 5730/7176
Encoded 5741/7176
Encoded 5741/7176
Encoded 5753/7176
Encoded 5772/7176
Encoded 5774/7176
Encoded 5782/7176
Encoded 5791/7176
Encoded 5795/7176
Encoded 5807/7176
Encoded 5819/7176
Encoded 5829/7176
Encoded 5843/7176
Encoded 5860/7176
Encoded 5872/7176
Encoded 5883/7176
Encoded 5895/7176
Encoded 5907/7176
Encoded 5919/7176
Encoded 5939/7176
Encoded 5955/7176
Encoded 5967/7176
Encoded 5984/7176
Encoded 5995/7176
Encoded 6007/7176
Encoded 6022/7176
Encoded 6037/7176
Encoded 6051/7176
Encoded 6068/7176
Encoded 6082/7176
Encoded 6094/7176
Encoded 6113/7176
Encoded 6126/7176
Encoded 6137/7176
Encoded 6151/7176
Encoded 6166/7176
Encoded 6180/7176
Encoded 6196/7176
Encoded 6211/7176
Encoded 6224/7176
Encoded 6238/7176
Encoded 6253/7176
Encoded 6266/7176
Encoded 6282/7176
Encoded 6297/7176
Encoded 6310/7176
Encoded 6323/7176
Encoded 6336/7176
Encoded 6352/7176
Encoded 6364/7176
Encoded 6379/7176
Encoded 6383/7176
Encoded 6394/7176
Encoded 6405/7176
Encoded 6418/7176
Encoded 6429/7176
Encoded 6433/7176
Encoded 6443/7176
Encoded 6460/7176
Encoded 6463/7176
Encoded 6466/7176
Encoded 6477/7176
Encoded 6482/7176
Encoded 6490/7176
Encoded 6496/7176
Encoded 6509/7176
Encoded 6521/7176
Encoded 6533/7176
Encoded 6545/7176
Encoded 6557/7176
Encoded 6568/7176
Encoded 6581/7176
Encoded 6589/7176
Encoded 6597/7176
Encoded 6609/7176
Encoded 6621/7176
Encoded 6634/7176
Encoded 6648/7176
Encoded 6663/7176
Encoded 6673/7176
Encoded 6685/7176
Encoded 6698/7176
Encoded 6711/7176
Encoded 6722/7176
Encoded 6733/7176
Encoded 6741/7176
Encoded 6755/7176
Encoded 6768/7176
Encoded 6779/7176
Encoded 6791/7176
Encoded 6801/7176
Encoded 6812/7176
Encoded 6822/7176
Encoded 6835/7176
Encoded 6847/7176
Encoded 6860/7176
Encoded 6871/7176
Encoded 6883/7176
Encoded 6894/7176
Encoded 6907/7176
Encoded 6918/7176
Encoded 6925/7176
Encoded 6936/7176
Encoded 6950/7176
Encoded 6961/7176
Encoded 6973/7176
Encoded 6986/7176
Encoded 6997/7176
Encoded 7008/7176
Encoded 7020/7176
Encoded 7034/7176
Encoded 7049/7176
Encoded 7063/7176
Encoded 7076/7176
Encoded 7087/7176
Encoded 7097/7176
Encoded 7109/7176
Encoded 7124/7176
Encoded 7137/7176
Encoded 7147/7176
Encoded 7153/7176
Encoded 7176/7176
[34m+                    out/spermidin-evidence-deepdive-dynamisch-final.mp4[39m [90m80.8 MB[39m
